"MonthOfTravel","DayOfTravel","OverSeasPort","customs_port_code","passenger_type_code","direction_code","clnpr_code","overseas_state_code","main_country_visited_code","AgeAtTravelRange","sex_code","losa_range","travel_purpose_code","occupation_code","ta_code","TotalPassengerMovements"
202207,"unavailable","CAN","AKL","P","A","CN","unavailable","unavailable","19 - 24 years","M","","N","unavailable","unavailable",108
202207,"unavailable","CAN","AKL","P","A","CN","unavailable","unavailable","19 - 24 years","F","","N","unavailable","unavailable",105
202207,"unavailable","CAN","AKL","P","A","CN","unavailable","unavailable","25 - 34 years","F","","N","unavailable","unavailable",102
202207,"unavailable","SIN","AKL","P","A","IN","unavailable","unavailable","25 - 34 years","F","","N","unavailable","unavailable",99
202207,"unavailable","CAN","AKL","P","A","CN","unavailable","unavailable","25 - 34 years","M","","N","unavailable","unavailable",75
202207,"unavailable","SIN","AKL","P","A","IN","unavailable","unavailable","25 - 34 years","M","","N","unavailable","unavailable",69
202207,"unavailable","CAN","AKL","P","A","CN","unavailable","unavailable","12 - 18 years","M","","N","unavailable","unavailable",57
202207,"unavailable","CAN","AKL","P","A","CN","unavailable","unavailable","35 - 44 years","M","","N","unavailable","unavailable",57
202207,"unavailable","CAN","AKL","P","A","CN","unavailable","unavailable","35 - 44 years","F","","N","unavailable","unavailable",54
202207,"unavailable","KUL","AKL","P","A","IN","unavailable","unavailable","25 - 34 years","F","","N","unavailable","unavailable",51
202207,"unavailable","CAN","AKL","P","A","CN","unavailable","unavailable","12 - 18 years","F","","N","unavailable","unavailable",45
202207,"unavailable","SIN","CHC","P","A","IN","unavailable","unavailable","25 - 34 years","F","","N","unavailable","unavailable",42
202207,"unavailable","CAN","AKL","P","A","CN","unavailable","unavailable","01 - 11 years","M","","N","unavailable","unavailable",39
202207,"unavailable","CAN","AKL","P","A","CN","unavailable","unavailable","01 - 11 years","F","","N","unavailable","unavailable",39
202207,"unavailable","SYD","AKL","P","A","AU","unavailable","unavailable","25 - 34 years","M","","N","unavailable","unavailable",39
202207,"unavailable","KUL","AKL","P","A","IN","unavailable","unavailable","25 - 34 years","M","","N","unavailable","unavailable",33
202207,"unavailable","SIN","AKL","P","A","IN","unavailable","unavailable","35 - 44 years","F","","N","unavailable","unavailable",33
202207,"unavailable","MEL","AKL","P","A","AU","unavailable","unavailable","25 - 34 years","M","","N","unavailable","unavailable",33
202207,"unavailable","SHA","AKL","P","A","CN","unavailable","unavailable","19 - 24 years","M","","N","unavailable","unavailable",33
202207,"unavailable","NAN","AKL","P","A","FJ","unavailable","unavailable","25 - 34 years","F","","N","unavailable","unavailable",33
202207,"unavailable","SIN","AKL","P","A","IN","unavailable","unavailable","01 - 11 years","F","","N","unavailable","unavailable",30
202207,"unavailable","SIN","AKL","P","A","IN","unavailable","unavailable","19 - 24 years","M","","N","unavailable","unavailable",30
202207,"unavailable","KUL","AKL","P","A","IN","unavailable","unavailable","35 - 44 years","M","","N","unavailable","unavailable",27
202207,"unavailable","SIN","AKL","P","A","IN","unavailable","unavailable","35 - 44 years","M","","N","unavailable","unavailable",27
202207,"unavailable","HKG","AKL","P","A","HK","unavailable","unavailable","12 - 18 years","M","","N","unavailable","unavailable",27
202207,"unavailable","MEL","AKL","P","A","AU","unavailable","unavailable","25 - 34 years","F","","N","unavailable","unavailable",27
202207,"unavailable","SYD","AKL","P","A","AU","unavailable","unavailable","01 - 11 years","F","","N","unavailable","unavailable",27
202207,"unavailable","SYD","AKL","P","A","PH","unavailable","unavailable","25 - 34 years","M","","N","unavailable","unavailable",27
202207,"unavailable","SIN","AKL","P","A","IN","unavailable","unavailable","19 - 24 years","F","","N","unavailable","unavailable",27
202207,"unavailable","HKG","AKL","P","A","PH","unavailable","unavailable","25 - 34 years","M","","N","unavailable","unavailable",27
202207,"unavailable","SHA","AKL","P","A","CN","unavailable","unavailable","25 - 34 years","F","","N","unavailable","unavailable",27
202207,"unavailable","SHA","AKL","P","A","CN","unavailable","unavailable","35 - 44 years","F","","N","unavailable","unavailable",27
202207,"unavailable","SIN","CHC","P","A","IN","unavailable","unavailable","25 - 34 years","M","","N","unavailable","unavailable",27
202207,"unavailable","KUL","AKL","P","A","IN","unavailable","unavailable","01 - 11 years","F","","N","unavailable","unavailable",24
202207,"unavailable","SYD","AKL","P","A","PH","unavailable","unavailable","25 - 34 years","F","","N","unavailable","unavailable",24
202207,"unavailable","NAN","AKL","P","A","FJ","unavailable","unavailable","25 - 34 years","M","","N","unavailable","unavailable",24
202207,"unavailable","SIN","AKL","P","A","SG","unavailable","unavailable","25 - 34 years","F","","N","unavailable","unavailable",24
202207,"unavailable","SIN","AKL","P","A","IN","unavailable","unavailable","01 - 11 years","M","","N","unavailable","unavailable",24
202207,"unavailable","NAN","AKL","P","A","FJ","unavailable","unavailable","35 - 44 years","M","","N","unavailable","unavailable",24
202207,"unavailable","SYD","AKL","P","A","AU","unavailable","unavailable","25 - 34 years","F","","N","unavailable","unavailable",24
202207,"unavailable","KUL","AKL","P","A","XX","unavailable","unavailable","01 - 11 years","M","","N","unavailable","unavailable",24
202207,"unavailable","SIN","AKL","P","A","SG","unavailable","unavailable","35 - 44 years","F","","N","unavailable","unavailable",24
202207,"unavailable","NRT","AKL","P","A","JP","unavailable","unavailable","25 - 34 years","F","","N","unavailable","unavailable",21
202207,"unavailable","SHA","AKL","P","A","CN","unavailable","unavailable","19 - 24 years","F","","N","unavailable","unavailable",21
202207,"unavailable","SHA","AKL","P","A","CN","unavailable","unavailable","12 - 18 years","M","","N","unavailable","unavailable",21
202207,"unavailable","SHA","AKL","P","A","CN","unavailable","unavailable","35 - 44 years","M","","N","unavailable","unavailable",21
202207,"unavailable","KUL","AKL","P","A","IN","unavailable","unavailable","19 - 24 years","F","","N","unavailable","unavailable",21
202207,"unavailable","BNE","AKL","P","A","AU","unavailable","unavailable","25 - 34 years","F","","N","unavailable","unavailable",21
202207,"unavailable","BNE","AKL","P","A","AU","unavailable","unavailable","25 - 34 years","M","","N","unavailable","unavailable",21
202207,"unavailable","KUL","AKL","P","A","MY","unavailable","unavailable","19 - 24 years","F","","N","unavailable","unavailable",21
202207,"unavailable","SIN","AKL","P","A","SG","unavailable","unavailable","35 - 44 years","M","","N","unavailable","unavailable",21
202207,"unavailable","SYD","AKL","P","A","PH","unavailable","unavailable","12 - 18 years","M","","N","unavailable","unavailable",21
202207,"unavailable","SIN","CHC","P","A","DE","unavailable","unavailable","12 - 18 years","F","","N","unavailable","unavailable",21
202207,"unavailable","SIN","AKL","P","A","ZA","unavailable","unavailable","01 - 11 years","M","","N","unavailable","unavailable",21
202207,"unavailable","CAN","AKL","P","A","CN","unavailable","unavailable","45 - 54 years","F","","N","unavailable","unavailable",21
202207,"unavailable","SEL","AKL","P","A","KR","unavailable","unavailable","25 - 34 years","F","","N","unavailable","unavailable",21
202207,"unavailable","MEL","AKL","P","A","AU","unavailable","unavailable","35 - 44 years","M","","N","unavailable","unavailable",21
202207,"unavailable","SHA","AKL","P","A","CN","unavailable","unavailable","25 - 34 years","M","","N","unavailable","unavailable",21
202207,"unavailable","SIN","AKL","P","A","LK","unavailable","unavailable","25 - 34 years","F","","N","unavailable","unavailable",21
202207,"unavailable","SIN","AKL","P","A","ZA","unavailable","unavailable","25 - 34 years","M","","N","unavailable","unavailable",18
202207,"unavailable","MEL","AKL","P","A","AU","unavailable","unavailable","01 - 11 years","M","","N","unavailable","unavailable",18
202207,"unavailable","SIN","AKL","P","A","LK","unavailable","unavailable","01 - 11 years","M","","N","unavailable","unavailable",18
202207,"unavailable","SYD","AKL","P","A","PH","unavailable","unavailable","01 - 11 years","F","","N","unavailable","unavailable",18
202207,"unavailable","SIN","AKL","P","A","ZA","unavailable","unavailable","35 - 44 years","M","","N","unavailable","unavailable",18
202207,"unavailable","SHA","AKL","P","A","CN","unavailable","unavailable","01 - 11 years","M","","N","unavailable","unavailable",18
202207,"unavailable","SYD","AKL","P","A","AU","unavailable","unavailable","35 - 44 years","M","","N","unavailable","unavailable",18
202207,"unavailable","SIN","CHC","P","A","IN","unavailable","unavailable","01 - 11 years","M","","N","unavailable","unavailable",18
202207,"unavailable","SYD","AKL","P","A","PH","unavailable","unavailable","19 - 24 years","M","","N","unavailable","unavailable",18
202207,"unavailable","NRT","AKL","P","A","JP","unavailable","unavailable","12 - 18 years","F","","N","unavailable","unavailable",18
202207,"unavailable","HKG","AKL","P","A","PH","unavailable","unavailable","25 - 34 years","F","","N","unavailable","unavailable",18
202207,"unavailable","SIN","AKL","P","A","LK","unavailable","unavailable","35 - 44 years","F","","N","unavailable","unavailable",18
202207,"unavailable","SIN","AKL","P","A","ZA","unavailable","unavailable","25 - 34 years","F","","N","unavailable","unavailable",18
202207,"unavailable","SCL","AKL","P","A","AR","unavailable","unavailable","25 - 34 years","M","","N","unavailable","unavailable",18
202207,"unavailable","SIN","AKL","P","A","PH","unavailable","unavailable","25 - 34 years","M","","N","unavailable","unavailable",18
202207,"unavailable","NRT","AKL","P","A","JP","unavailable","unavailable","19 - 24 years","F","","N","unavailable","unavailable",18
202207,"unavailable","SYD","AKL","P","A","PH","unavailable","unavailable","19 - 24 years","F","","N","unavailable","unavailable",18
202207,"unavailable","SYD","AKL","P","A","AU","unavailable","unavailable","01 - 11 years","M","","N","unavailable","unavailable",18
202207,"unavailable","SHA","AKL","P","A","CN","unavailable","unavailable","12 - 18 years","F","","N","unavailable","unavailable",18
202207,"unavailable","NAN","AKL","P","A","FJ","unavailable","unavailable","35 - 44 years","F","","N","unavailable","unavailable",18
202207,"unavailable","CAN","AKL","P","A","CN","unavailable","unavailable","45 - 54 years","M","","N","unavailable","unavailable",18
202207,"unavailable","SHA","AKL","P","A","CN","unavailable","unavailable","45 - 54 years","F","","N","unavailable","unavailable",18
202207,"unavailable","SIN","AKL","P","A","LK","unavailable","unavailable","01 - 11 years","F","","N","unavailable","unavailable",18
202207,"unavailable","SYD","AKL","P","A","ZA","unavailable","unavailable","01 - 11 years","F","","N","unavailable","unavailable",18
202207,"unavailable","SYD","AKL","P","A","AU","unavailable","unavailable","55 - 64 years","F","","N","unavailable","unavailable",18
202207,"unavailable","SCL","AKL","P","A","CL","unavailable","unavailable","25 - 34 years","F","","N","unavailable","unavailable",18
202207,"unavailable","SYD","AKL","P","A","GB","unavailable","unavailable","25 - 34 years","M","","N","unavailable","unavailable",18
202207,"unavailable","SCL","AKL","P","A","CL","unavailable","unavailable","25 - 34 years","M","","N","unavailable","unavailable",18
202207,"unavailable","SIN","AKL","P","A","PH","unavailable","unavailable","25 - 34 years","F","","N","unavailable","unavailable",18
202207,"unavailable","BNE","AKL","P","A","AU","unavailable","unavailable","01 - 11 years","M","","N","unavailable","unavailable",15
202207,"unavailable","KUL","AKL","P","A","IN","unavailable","unavailable","19 - 24 years","M","","N","unavailable","unavailable",15
202207,"unavailable","HKG","AKL","P","A","HK","unavailable","unavailable","12 - 18 years","F","","N","unavailable","unavailable",15
202207,"unavailable","SYD","AKL","P","A","ZA","unavailable","unavailable","35 - 44 years","M","","N","unavailable","unavailable",15
202207,"unavailable","HKG","AKL","P","A","PH","unavailable","unavailable","35 - 44 years","M","","N","unavailable","unavailable",15
202207,"unavailable","CAN","AKL","P","A","CN","unavailable","unavailable","65 - 74 years","F","","N","unavailable","unavailable",15
202207,"unavailable","SYD","AKL","P","A","AU","unavailable","unavailable","45 - 54 years","M","","N","unavailable","unavailable",15
202207,"unavailable","KUL","AKL","P","A","MY","unavailable","unavailable","01 - 11 years","M","","N","unavailable","unavailable",15
202207,"unavailable","KUL","AKL","P","A","GB","unavailable","unavailable","25 - 34 years","F","","N","unavailable","unavailable",15
202207,"unavailable","SIN","AKL","P","A","SG","unavailable","unavailable","25 - 34 years","M","","N","unavailable","unavailable",15
202207,"unavailable","MEL","AKL","P","A","AU","unavailable","unavailable","35 - 44 years","F","","N","unavailable","unavailable",15
202207,"unavailable","KUL","AKL","P","A","MY","unavailable","unavailable","25 - 34 years","F","","N","unavailable","unavailable",15
202207,"unavailable","SYD","AKL","P","A","PH","unavailable","unavailable","01 - 11 years","M","","N","unavailable","unavailable",15
202207,"unavailable","SIN","CHC","P","A","IN","unavailable","unavailable","19 - 24 years","M","","N","unavailable","unavailable",15
202207,"unavailable","KUL","AKL","P","A","MY","unavailable","unavailable","19 - 24 years","M","","N","unavailable","unavailable",15
202207,"unavailable","HKG","AKL","P","A","IN","unavailable","unavailable","25 - 34 years","F","","N","unavailable","unavailable",15
202207,"unavailable","MEL","AKL","P","A","AU","unavailable","unavailable","01 - 11 years","F","","N","unavailable","unavailable",15
202207,"unavailable","BNE","AKL","P","A","AU","unavailable","unavailable","01 - 11 years","F","","N","unavailable","unavailable",15
202207,"unavailable","BNE","AKL","P","A","AU","unavailable","unavailable","35 - 44 years","M","","N","unavailable","unavailable",15
202207,"unavailable","SYD","AKL","P","A","ZA","unavailable","unavailable","01 - 11 years","M","","N","unavailable","unavailable",15
202207,"unavailable","SIN","AKL","P","A","PH","unavailable","unavailable","35 - 44 years","M","","N","unavailable","unavailable",15
202207,"unavailable","KUL","AKL","P","A","IN","unavailable","unavailable","01 - 11 years","M","","N","unavailable","unavailable",15
202207,"unavailable","SYD","AKL","P","A","ZA","unavailable","unavailable","25 - 34 years","F","","N","unavailable","unavailable",15
202207,"unavailable","SIN","CHC","P","A","IN","unavailable","unavailable","35 - 44 years","M","","N","unavailable","unavailable",15
202207,"unavailable","SIN","AKL","P","A","ZA","unavailable","unavailable","35 - 44 years","F","","N","unavailable","unavailable",15
202207,"unavailable","HKG","AKL","P","A","IN","unavailable","unavailable","25 - 34 years","M","","N","unavailable","unavailable",15
202207,"unavailable","SYD","AKL","P","A","AU","unavailable","unavailable","35 - 44 years","F","","N","unavailable","unavailable",15
202207,"unavailable","SIN","AKL","P","A","SG","unavailable","unavailable","01 - 11 years","F","","N","unavailable","unavailable",15
202207,"unavailable","KUL","AKL","P","A","IN","unavailable","unavailable","35 - 44 years","F","","N","unavailable","unavailable",15
202207,"unavailable","ADL","AKL","P","A","ZA","unavailable","unavailable","35 - 44 years","M","","N","unavailable","unavailable",15
202207,"unavailable","SIN","AKL","P","A","ZA","unavailable","unavailable","01 - 11 years","F","","N","unavailable","unavailable",15
202207,"unavailable","CAN","AKL","P","A","CN","unavailable","unavailable","55 - 64 years","F","","N","unavailable","unavailable",12
202207,"unavailable","SIN","AKL","P","A","PH","unavailable","unavailable","35 - 44 years","F","","N","unavailable","unavailable",12
202207,"unavailable","SIN","AKL","P","A","PH","unavailable","unavailable","01 - 11 years","F","","N","unavailable","unavailable",12
202207,"unavailable","SYD","AKL","P","A","ZA","unavailable","unavailable","35 - 44 years","F","","N","unavailable","unavailable",12
202207,"unavailable","SYD","AKL","P","A","GB","unavailable","unavailable","25 - 34 years","F","","N","unavailable","unavailable",12
202207,"unavailable","SIN","AKL","P","A","ZA","unavailable","unavailable","45 - 54 years","M","","N","unavailable","unavailable",12
202207,"unavailable","NRT","AKL","P","A","JP","unavailable","unavailable","01 - 11 years","M","","N","unavailable","unavailable",12
202207,"unavailable","KUL","AKL","P","A","XX","unavailable","unavailable","12 - 18 years","F","","N","unavailable","unavailable",12
202207,"unavailable","SYD","AKL","P","A","AU","unavailable","unavailable","12 - 18 years","M","","N","unavailable","unavailable",12
202207,"unavailable","KUL","AKL","P","A","ZA","unavailable","unavailable","35 - 44 years","M","","N","unavailable","unavailable",12
202207,"unavailable","KUL","AKL","P","A","LK","unavailable","unavailable","01 - 11 years","F","","N","unavailable","unavailable",12
202207,"unavailable","CAN","AKL","P","A","CN","unavailable","unavailable","55 - 64 years","M","","N","unavailable","unavailable",12
202207,"unavailable","SIN","CHC","P","A","IN","unavailable","unavailable","01 - 11 years","F","","N","unavailable","unavailable",12
202207,"unavailable","KUL","AKL","P","A","XX","unavailable","unavailable","25 - 34 years","M","","N","unavailable","unavailable",12
202207,"unavailable","SIN","AKL","P","A","IN","unavailable","unavailable","12 - 18 years","M","","N","unavailable","unavailable",12
202207,"unavailable","SYD","AKL","P","A","PH","unavailable","unavailable","45 - 54 years","F","","N","unavailable","unavailable",12
202207,"unavailable","SYD","AKL","P","A","AU","unavailable","unavailable","19 - 24 years","M","","N","unavailable","unavailable",12
202207,"unavailable","SEL","AKL","P","A","KR","unavailable","unavailable","01 - 11 years","F","","N","unavailable","unavailable",12
202207,"unavailable","KUL","AKL","P","A","ZA","unavailable","unavailable","25 - 34 years","F","","N","unavailable","unavailable",12
202207,"unavailable","PER","AKL","P","A","AU","unavailable","unavailable","25 - 34 years","M","","N","unavailable","unavailable",12
202207,"unavailable","APW","AKL","P","A","WS","unavailable","unavailable","19 - 24 years","M","","N","unavailable","unavailable",12
202207,"unavailable","KUL","AKL","P","A","LK","unavailable","unavailable","35 - 44 years","F","","N","unavailable","unavailable",12
202207,"unavailable","KUL","AKL","P","A","ZA","unavailable","unavailable","35 - 44 years","F","","N","unavailable","unavailable",12
202207,"unavailable","SIN","CHC","P","A","IN","unavailable","unavailable","35 - 44 years","F","","N","unavailable","unavailable",12
202207,"unavailable","ADL","AKL","P","A","ZA","unavailable","unavailable","01 - 11 years","F","","N","unavailable","unavailable",12
202207,"unavailable","YVR","AKL","P","A","CA","unavailable","unavailable","25 - 34 years","F","","N","unavailable","unavailable",12
202207,"unavailable","SIN","CHC","P","A","MY","unavailable","unavailable","19 - 24 years","F","","N","unavailable","unavailable",12
202207,"unavailable","SYD","AKL","P","A","PH","unavailable","unavailable","35 - 44 years","M","","N","unavailable","unavailable",12
202207,"unavailable","SCL","AKL","P","A","AR","unavailable","unavailable","25 - 34 years","F","","N","unavailable","unavailable",12
202207,"unavailable","MEL","AKL","P","A","AU","unavailable","unavailable","45 - 54 years","M","","N","unavailable","unavailable",12
202207,"unavailable","HNL","AKL","P","A","US","unavailable","unavailable","19 - 24 years","M","","N","unavailable","unavailable",12
202207,"unavailable","NRT","AKL","P","A","JP","unavailable","unavailable","25 - 34 years","M","","N","unavailable","unavailable",12
202207,"unavailable","SIN","AKL","P","A","TH","unavailable","unavailable","12 - 18 years","F","","N","unavailable","unavailable",12
202207,"unavailable","SYD","AKL","P","A","PH","unavailable","unavailable","12 - 18 years","F","","N","unavailable","unavailable",12
202207,"unavailable","HKG","AKL","P","A","CN","unavailable","unavailable","19 - 24 years","F","","N","unavailable","unavailable",12
202207,"unavailable","MEL","AKL","P","A","AU","unavailable","unavailable","12 - 18 years","F","","N","unavailable","unavailable",12
202207,"unavailable","KUL","AKL","P","A","XX","unavailable","unavailable","25 - 34 years","F","","N","unavailable","unavailable",12
202207,"unavailable","YVR","AKL","P","A","CA","unavailable","unavailable","25 - 34 years","M","","N","unavailable","unavailable",12
202207,"unavailable","KUL","AKL","P","A","ZA","unavailable","unavailable","25 - 34 years","M","","N","unavailable","unavailable",12
202207,"unavailable","SIN","AKL","P","A","DE","unavailable","unavailable","12 - 18 years","F","","N","unavailable","unavailable",12
202207,"unavailable","KUL","AKL","P","A","DE","unavailable","unavailable","12 - 18 years","F","","N","unavailable","unavailable",12
202207,"unavailable","SEL","AKL","P","A","KR","unavailable","unavailable","19 - 24 years","F","","N","unavailable","unavailable",12
202207,"unavailable","SHA","AKL","P","A","CN","unavailable","unavailable","01 - 11 years","F","","N","unavailable","unavailable",12
202207,"unavailable","MEL","AKL","P","A","AU","unavailable","unavailable","55 - 64 years","F","","N","unavailable","unavailable",12
202207,"unavailable","MEL","AKL","P","A","AU","unavailable","unavailable","45 - 54 years","F","","N","unavailable","unavailable",12
202207,"unavailable","HNL","AKL","P","A","US","unavailable","unavailable","01 - 11 years","F","","N","unavailable","unavailable",12
202207,"unavailable","HKG","AKL","P","A","CN","unavailable","unavailable","25 - 34 years","M","","N","unavailable","unavailable",12
202207,"unavailable","HKG","AKL","P","A","PH","unavailable","unavailable","12 - 18 years","M","","N","unavailable","unavailable",12
202207,"unavailable","SYD","AKL","P","A","ZA","unavailable","unavailable","45 - 54 years","M","","N","unavailable","unavailable",12
202207,"unavailable","SIN","AKL","P","A","LK","unavailable","unavailable","25 - 34 years","M","","N","unavailable","unavailable",12
202207,"unavailable","HKG","AKL","P","A","CN","unavailable","unavailable","35 - 44 years","F","","N","unavailable","unavailable",12
202207,"unavailable","SIN","CHC","P","A","PH","unavailable","unavailable","35 - 44 years","M","","N","unavailable","unavailable",12
202207,"unavailable","SYD","AKL","P","A","PH","unavailable","unavailable","35 - 44 years","F","","N","unavailable","unavailable",12
202207,"unavailable","HKG","AKL","P","A","PH","unavailable","unavailable","35 - 44 years","F","","N","unavailable","unavailable",12
202207,"unavailable","ADL","AKL","P","A","ZA","unavailable","unavailable","35 - 44 years","F","","N","unavailable","unavailable",12
202207,"unavailable","ADL","AKL","P","A","GB","unavailable","unavailable","25 - 34 years","F","","N","unavailable","unavailable",12
202207,"unavailable","CAN","AKL","P","A","CN","unavailable","unavailable","65 - 74 years","M","","N","unavailable","unavailable",12
202207,"unavailable","NAN","AKL","P","A","FJ","unavailable","unavailable","01 - 11 years","F","","N","unavailable","unavailable",12
202207,"unavailable","SIN","CHC","P","A","IN","unavailable","unavailable","19 - 24 years","F","","N","unavailable","unavailable",12
202207,"unavailable","SEL","AKL","P","A","KR","unavailable","unavailable","12 - 18 years","M","","N","unavailable","unavailable",12
202207,"unavailable","SIN","AKL","P","A","PH","unavailable","unavailable","01 - 11 years","M","","N","unavailable","unavailable",9
202207,"unavailable","SYD","AKL","P","A","AU","unavailable","unavailable","55 - 64 years","M","","N","unavailable","unavailable",9
202207,"unavailable","BNE","AKL","P","A","AU","unavailable","unavailable","55 - 64 years","F","","N","unavailable","unavailable",9
202207,"unavailable","SYD","WLG","P","A","AU","unavailable","unavailable","25 - 34 years","M","","N","unavailable","unavailable",9
202207,"unavailable","SIN","AKL","P","A","LK","unavailable","unavailable","35 - 44 years","M","","N","unavailable","unavailable",9
202207,"unavailable","HKG","AKL","P","A","CN","unavailable","unavailable","45 - 54 years","F","","N","unavailable","unavailable",9
202207,"unavailable","SIN","AKL","P","A","IN","unavailable","unavailable","12 - 18 years","F","","N","unavailable","unavailable",9
202207,"unavailable","SIN","CHC","P","A","PH","unavailable","unavailable","25 - 34 years","F","","N","unavailable","unavailable",9
202207,"unavailable","SIN","CHC","P","A","ZA","unavailable","unavailable","01 - 11 years","M","","N","unavailable","unavailable",9
202207,"unavailable","SIN","CHC","P","A","ZA","unavailable","unavailable","35 - 44 years","M","","N","unavailable","unavailable",9
202207,"unavailable","APW","AKL","P","A","WS","unavailable","unavailable","19 - 24 years","F","","N","unavailable","unavailable",9
202207,"unavailable","KUL","AKL","P","A","MY","unavailable","unavailable","35 - 44 years","F","","N","unavailable","unavailable",9
202207,"unavailable","KUL","AKL","P","A","MY","unavailable","unavailable","35 - 44 years","M","","N","unavailable","unavailable",9
202207,"unavailable","MEL","WLG","P","A","AU","unavailable","unavailable","35 - 44 years","M","","N","unavailable","unavailable",9
202207,"unavailable","SIN","AKL","P","A","VN","unavailable","unavailable","12 - 18 years","M","","N","unavailable","unavailable",9
202207,"unavailable","MEL","AKL","P","A","AU","unavailable","unavailable","19 - 24 years","M","","N","unavailable","unavailable",9
202207,"unavailable","YVR","AKL","P","A","CA","unavailable","unavailable","19 - 24 years","F","","N","unavailable","unavailable",9
202207,"unavailable","SHA","AKL","P","A","CN","unavailable","unavailable","55 - 64 years","F","","N","unavailable","unavailable",9
202207,"unavailable","SEL","AKL","P","A","KR","unavailable","unavailable","01 - 11 years","M","","N","unavailable","unavailable",9
202207,"unavailable","SIN","AKL","P","A","SG","unavailable","unavailable","01 - 11 years","M","","N","unavailable","unavailable",9
202207,"unavailable","SIN","AKL","P","A","GB","unavailable","unavailable","25 - 34 years","F","","N","unavailable","unavailable",9
202207,"unavailable","BNE","AKL","P","A","AU","unavailable","unavailable","19 - 24 years","F","","N","unavailable","unavailable",9
202207,"unavailable","PER","AKL","P","A","AU","unavailable","unavailable","35 - 44 years","M","","N","unavailable","unavailable",9
202207,"unavailable","MEL","AKL","P","A","GB","unavailable","unavailable","25 - 34 years","M","","N","unavailable","unavailable",9
202207,"unavailable","BNE","AKL","P","A","AU","unavailable","unavailable","65 - 74 years","M","","N","unavailable","unavailable",9
202207,"unavailable","HKG","AKL","P","A","HK","unavailable","unavailable","45 - 54 years","F","","N","unavailable","unavailable",9
202207,"unavailable","SIN","AKL","P","A","GB","unavailable","unavailable","25 - 34 years","M","","N","unavailable","unavailable",9
202207,"unavailable","MEL","CHC","P","A","AU","unavailable","unavailable","25 - 34 years","F","","N","unavailable","unavailable",9
202207,"unavailable","SIN","CHC","P","A","VN","unavailable","unavailable","19 - 24 years","F","","N","unavailable","unavailable",9
202207,"unavailable","SEL","AKL","P","A","KR","unavailable","unavailable","19 - 24 years","M","","N","unavailable","unavailable",9
202207,"unavailable","LAX","AKL","P","A","US","unavailable","unavailable","45 - 54 years","M","","N","unavailable","unavailable",9
202207,"unavailable","SIN","AKL","P","A","IN","unavailable","unavailable","45 - 54 years","M","","N","unavailable","unavailable",9
202207,"unavailable","HKG","AKL","P","A","CN","unavailable","unavailable","12 - 18 years","M","","N","unavailable","unavailable",9
202207,"unavailable","APW","AKL","P","A","WS","unavailable","unavailable","12 - 18 years","F","","N","unavailable","unavailable",9
202207,"unavailable","ADL","AKL","P","A","ZA","unavailable","unavailable","25 - 34 years","F","","N","unavailable","unavailable",9
202207,"unavailable","SYD","AKL","P","A","ZA","unavailable","unavailable","25 - 34 years","M","","N","unavailable","unavailable",9
202207,"unavailable","PER","AKL","P","A","AU","unavailable","unavailable","01 - 11 years","M","","N","unavailable","unavailable",9
202207,"unavailable","MEL","AKL","P","A","AU","unavailable","unavailable","12 - 18 years","M","","N","unavailable","unavailable",9
202207,"unavailable","NRT","AKL","P","A","JP","unavailable","unavailable","12 - 18 years","M","","N","unavailable","unavailable",9
202207,"unavailable","RAR","AKL","P","A","CK","unavailable","unavailable","35 - 44 years","F","","N","unavailable","unavailable",9
202207,"unavailable","NAN","AKL","P","A","CA","unavailable","unavailable","19 - 24 years","F","","N","unavailable","unavailable",9
202207,"unavailable","HKG","AKL","P","A","CN","unavailable","unavailable","12 - 18 years","F","","N","unavailable","unavailable",9
202207,"unavailable","MEL","WLG","P","A","AU","unavailable","unavailable","25 - 34 years","M","","N","unavailable","unavailable",9
202207,"unavailable","ADL","AKL","P","A","DE","unavailable","unavailable","12 - 18 years","F","","N","unavailable","unavailable",9
202207,"unavailable","PER","AKL","P","A","AU","unavailable","unavailable","25 - 34 years","F","","N","unavailable","unavailable",9
202207,"unavailable","ADL","AKL","P","A","GB","unavailable","unavailable","25 - 34 years","M","","N","unavailable","unavailable",9
202207,"unavailable","KUL","AKL","P","A","LK","unavailable","unavailable","01 - 11 years","M","","N","unavailable","unavailable",9
202207,"unavailable","SYD","AKL","P","A","AU","unavailable","unavailable","19 - 24 years","F","","N","unavailable","unavailable",9
202207,"unavailable","KUL","AKL","P","A","ZA","unavailable","unavailable","45 - 54 years","F","","N","unavailable","unavailable",9
202207,"unavailable","SIN","CHC","P","A","PH","unavailable","unavailable","25 - 34 years","M","","N","unavailable","unavailable",9
202207,"unavailable","SCL","AKL","P","A","AR","unavailable","unavailable","35 - 44 years","M","","N","unavailable","unavailable",9
202207,"unavailable","KUL","AKL","P","A","AE","unavailable","unavailable","35 - 44 years","M","","N","unavailable","unavailable",9
202207,"unavailable","MEL","AKL","P","A","GB","unavailable","unavailable","25 - 34 years","F","","N","unavailable","unavailable",9
202207,"unavailable","KUL","AKL","P","A","AE","unavailable","unavailable","25 - 34 years","M","","N","unavailable","unavailable",9
202207,"unavailable","SYD","AKL","P","A","CA","unavailable","unavailable","25 - 34 years","F","","N","unavailable","unavailable",9
202207,"unavailable","KUL","AKL","P","A","ZA","unavailable","unavailable","45 - 54 years","M","","N","unavailable","unavailable",9
202207,"unavailable","HNL","AKL","P","A","US","unavailable","unavailable","35 - 44 years","F","","N","unavailable","unavailable",9
202207,"unavailable","SYD","AKL","P","A","ZA","unavailable","unavailable","45 - 54 years","F","","N","unavailable","unavailable",9
202207,"unavailable","LAX","AKL","P","A","US","unavailable","unavailable","35 - 44 years","F","","N","unavailable","unavailable",9
202207,"unavailable","KUL","AKL","P","A","GB","unavailable","unavailable","25 - 34 years","M","","N","unavailable","unavailable",9
202207,"unavailable","SYD","AKL","P","A","CA","unavailable","unavailable","19 - 24 years","M","","N","unavailable","unavailable",9
202207,"unavailable","NAN","AKL","P","A","FJ","unavailable","unavailable","12 - 18 years","F","","N","unavailable","unavailable",9
202207,"unavailable","SYD","AKL","P","A","AU","unavailable","unavailable","65 - 74 years","M","","N","unavailable","unavailable",9
202207,"unavailable","ADL","AKL","P","A","ZA","unavailable","unavailable","01 - 11 years","M","","N","unavailable","unavailable",9
202207,"unavailable","HKG","AKL","P","A","CN","unavailable","unavailable","25 - 34 years","F","","N","unavailable","unavailable",9
202207,"unavailable","HNL","AKL","P","A","US","unavailable","unavailable","01 - 11 years","M","","N","unavailable","unavailable",9
202207,"unavailable","HKG","AKL","P","A","CN","unavailable","unavailable","19 - 24 years","M","","N","unavailable","unavailable",9
202207,"unavailable","NAN","AKL","P","A","FJ","unavailable","unavailable","01 - 11 years","M","","N","unavailable","unavailable",9
202207,"unavailable","TPE","AKL","P","A","TW","unavailable","unavailable","25 - 34 years","F","","N","unavailable","unavailable",9
202207,"unavailable","KUL","AKL","P","A","XX","unavailable","unavailable","01 - 11 years","F","","N","unavailable","unavailable",9
202207,"unavailable","SIN","AKL","P","A","GB","unavailable","unavailable","35 - 44 years","M","","N","unavailable","unavailable",9
202207,"unavailable","PER","AKL","P","A","AU","unavailable","unavailable","01 - 11 years","F","","N","unavailable","unavailable",9
202207,"unavailable","BNE","AKL","P","A","AU","unavailable","unavailable","19 - 24 years","M","","N","unavailable","unavailable",9
202207,"unavailable","KUL","AKL","P","A","XX","unavailable","unavailable","35 - 44 years","M","","N","unavailable","unavailable",9
202207,"unavailable","MEL","AKL","P","A","AU","unavailable","unavailable","55 - 64 years","M","","N","unavailable","unavailable",9
202207,"unavailable","HKG","AKL","P","A","HK","unavailable","unavailable","35 - 44 years","M","","N","unavailable","unavailable",9
202207,"unavailable","SYD","AKL","P","A","AU","unavailable","unavailable","45 - 54 years","F","","N","unavailable","unavailable",9
202207,"unavailable","SHA","AKL","P","A","CN","unavailable","unavailable","65 - 74 years","F","","N","unavailable","unavailable",9
202207,"unavailable","SEL","AKL","P","A","KR","unavailable","unavailable","12 - 18 years","F","","N","unavailable","unavailable",9
202207,"unavailable","HKG","AKL","P","A","PH","unavailable","unavailable","19 - 24 years","F","","N","unavailable","unavailable",6
202207,"unavailable","SIN","AKL","P","A","GB","unavailable","unavailable","45 - 54 years","M","","N","unavailable","unavailable",6
202207,"unavailable","SIN","CHC","P","A","ZA","unavailable","unavailable","35 - 44 years","F","","N","unavailable","unavailable",6
202207,"unavailable","SIN","CHC","P","A","SG","unavailable","unavailable","01 - 11 years","F","","N","unavailable","unavailable",6
202207,"unavailable","HKG","AKL","P","A","HK","unavailable","unavailable","01 - 11 years","F","","N","unavailable","unavailable",6
202207,"unavailable","NAN","CHC","P","A","KI","unavailable","unavailable","01 - 11 years","F","","N","unavailable","unavailable",6
202207,"unavailable","KUL","AKL","P","A","IN","unavailable","unavailable","12 - 18 years","F","","N","unavailable","unavailable",6
202207,"unavailable","NRT","AKL","P","A","JP","unavailable","unavailable","45 - 54 years","F","","N","unavailable","unavailable",6
202207,"unavailable","SIN","AKL","P","A","MY","unavailable","unavailable","25 - 34 years","M","","N","unavailable","unavailable",6
202207,"unavailable","HKG","AKL","P","A","VN","unavailable","unavailable","12 - 18 years","M","","N","unavailable","unavailable",6
202207,"unavailable","KUL","AKL","P","A","RW","unavailable","unavailable","01 - 11 years","M","","N","unavailable","unavailable",6
202207,"unavailable","HKG","AKL","P","A","IN","unavailable","unavailable","01 - 11 years","M","","N","unavailable","unavailable",6
202207,"unavailable","KUL","AKL","P","A","MY","unavailable","unavailable","25 - 34 years","M","","N","unavailable","unavailable",6
202207,"unavailable","KUL","AKL","P","A","ZA","unavailable","unavailable","19 - 24 years","F","","N","unavailable","unavailable",6
202207,"unavailable","SIN","CHC","P","A","DE","unavailable","unavailable","12 - 18 years","M","","N","unavailable","unavailable",6
202207,"unavailable","MEL","AKL","P","A","GB","unavailable","unavailable","19 - 24 years","F","","N","unavailable","unavailable",6
202207,"unavailable","SFO","AKL","P","A","US","unavailable","unavailable","35 - 44 years","F","","N","unavailable","unavailable",6
202207,"unavailable","OOL","AKL","P","A","AU","unavailable","unavailable","01 - 11 years","F","","N","unavailable","unavailable",6
202207,"unavailable","CNS","AKL","P","A","AU","unavailable","unavailable","01 - 11 years","M","","N","unavailable","unavailable",6
202207,"unavailable","KUL","AKL","P","A","XX","unavailable","unavailable","45 - 54 years","M","","N","unavailable","unavailable",6
202207,"unavailable","SYD","WLG","P","A","GB","unavailable","unavailable","12 - 18 years","F","","N","unavailable","unavailable",6
202207,"unavailable","MEL","WLG","P","A","AU","unavailable","unavailable","55 - 64 years","F","","N","unavailable","unavailable",6
202207,"unavailable","KUL","AKL","P","A","XX","unavailable","unavailable","12 - 18 years","M","","N","unavailable","unavailable",6
202207,"unavailable","LAX","AKL","P","A","GB","unavailable","unavailable","25 - 34 years","F","","N","unavailable","unavailable",6
202207,"unavailable","SIN","CHC","P","A","AE","unavailable","unavailable","01 - 11 years","F","","N","unavailable","unavailable",6
202207,"unavailable","SYD","WLG","P","A","GB","unavailable","unavailable","25 - 34 years","M","","N","unavailable","unavailable",6
202207,"unavailable","MEL","AKL","P","A","GB","unavailable","unavailable","01 - 11 years","F","","N","unavailable","unavailable",6
202207,"unavailable","HNL","AKL","P","A","US","unavailable","unavailable","12 - 18 years","F","","N","unavailable","unavailable",6
202207,"unavailable","KUL","AKL","P","A","LK","unavailable","unavailable","45 - 54 years","M","","N","unavailable","unavailable",6
202207,"unavailable","SYD","WLG","P","A","AU","unavailable","unavailable","55 - 64 years","F","","N","unavailable","unavailable",6
202207,"unavailable","SIN","AKL","P","A","ZA","unavailable","unavailable","55 - 64 years","M","","N","unavailable","unavailable",6
202207,"unavailable","NAN","AKL","P","A","FJ","unavailable","unavailable","65 - 74 years","F","","N","unavailable","unavailable",6
202207,"unavailable","ADL","AKL","P","A","NO","unavailable","unavailable","12 - 18 years","F","","N","unavailable","unavailable",6
202207,"unavailable","SIN","AKL","P","A","XX","unavailable","unavailable","35 - 44 years","F","","N","unavailable","unavailable",6
202207,"unavailable","NAN","AKL","P","A","FJ","unavailable","unavailable","45 - 54 years","M","","N","unavailable","unavailable",6
202207,"unavailable","SIN","AKL","P","A","TH","unavailable","unavailable","12 - 18 years","M","","N","unavailable","unavailable",6
202207,"unavailable","MEL","AKL","P","A","GB","unavailable","unavailable","19 - 24 years","M","","N","unavailable","unavailable",6
202207,"unavailable","KUL","AKL","P","A","LK","unavailable","unavailable","45 - 54 years","F","","N","unavailable","unavailable",6
202207,"unavailable","ADL","AKL","P","A","ZA","unavailable","unavailable","25 - 34 years","M","","N","unavailable","unavailable",6
202207,"unavailable","RAR","AKL","P","A","CK","unavailable","unavailable","45 - 54 years","M","","N","unavailable","unavailable",6
202207,"unavailable","SIN","CHC","P","A","CN","unavailable","unavailable","19 - 24 years","M","","N","unavailable","unavailable",6
202207,"unavailable","SIN","AKL","P","A","MY","unavailable","unavailable","25 - 34 years","F","","N","unavailable","unavailable",6
202207,"unavailable","BNE","AKL","P","A","AU","unavailable","unavailable","55 - 64 years","M","","N","unavailable","unavailable",6
202207,"unavailable","MEL","WLG","P","A","AU","unavailable","unavailable","35 - 44 years","F","","N","unavailable","unavailable",6
202207,"unavailable","SFO","AKL","P","A","US","unavailable","unavailable","01 - 11 years","F","","N","unavailable","unavailable",6
202207,"unavailable","KUL","AKL","P","A","AE","unavailable","unavailable","35 - 44 years","F","","N","unavailable","unavailable",6
202207,"unavailable","ADL","AKL","P","A","ZA","unavailable","unavailable","12 - 18 years","M","","N","unavailable","unavailable",6
202207,"unavailable","HNL","AKL","P","A","US","unavailable","unavailable","45 - 54 years","M","","N","unavailable","unavailable",6
202207,"unavailable","SIN","AKL","P","A","AE","unavailable","unavailable","25 - 34 years","F","","N","unavailable","unavailable",6
202207,"unavailable","MEL","CHC","P","A","AU","unavailable","unavailable","55 - 64 years","M","","N","unavailable","unavailable",6
202207,"unavailable","SYD","AKL","P","A","GB","unavailable","unavailable","35 - 44 years","M","","N","unavailable","unavailable",6
202207,"unavailable","SIN","AKL","P","A","SG","unavailable","unavailable","12 - 18 years","F","","N","unavailable","unavailable",6
202207,"unavailable","SYD","WLG","P","A","PH","unavailable","unavailable","25 - 34 years","F","","N","unavailable","unavailable",6
202207,"unavailable","SIN","AKL","P","A","XX","unavailable","unavailable","25 - 34 years","M","","N","unavailable","unavailable",6
202207,"unavailable","SIN","AKL","P","A","SG","unavailable","unavailable","19 - 24 years","F","","N","unavailable","unavailable",6
202207,"unavailable","SIN","CHC","P","A","SG","unavailable","unavailable","35 - 44 years","F","","N","unavailable","unavailable",6
202207,"unavailable","TPE","AKL","P","A","TW","unavailable","unavailable","35 - 44 years","M","","N","unavailable","unavailable",6
202207,"unavailable","HKG","AKL","P","A","PH","unavailable","unavailable","01 - 11 years","F","","N","unavailable","unavailable",6
202207,"unavailable","SIN","CHC","P","A","LK","unavailable","unavailable","25 - 34 years","M","","N","unavailable","unavailable",6
202207,"unavailable","SIN","CHC","P","A","SG","unavailable","unavailable","35 - 44 years","M","","N","unavailable","unavailable",6
202207,"unavailable","BNE","AKL","P","A","AU","unavailable","unavailable","12 - 18 years","M","","N","unavailable","unavailable",6
202207,"unavailable","TPE","AKL","P","A","TW","unavailable","unavailable","55 - 64 years","F","","N","unavailable","unavailable",6
202207,"unavailable","SCL","AKL","P","A","AR","unavailable","unavailable","35 - 44 years","F","","N","unavailable","unavailable",6
202207,"unavailable","OOL","AKL","P","A","AU","unavailable","unavailable","01 - 11 years","M","","N","unavailable","unavailable",6
202207,"unavailable","SYD","WLG","P","A","AU","unavailable","unavailable","45 - 54 years","M","","N","unavailable","unavailable",6
202207,"unavailable","KUL","AKL","P","A","MY","unavailable","unavailable","01 - 11 years","F","","N","unavailable","unavailable",6
202207,"unavailable","KUL","AKL","P","A","ZA","unavailable","unavailable","01 - 11 years","F","","N","unavailable","unavailable",6
202207,"unavailable","LAX","AKL","P","A","US","unavailable","unavailable","12 - 18 years","M","","N","unavailable","unavailable",6
202207,"unavailable","SYD","CHC","P","A","AU","unavailable","unavailable","55 - 64 years","M","","N","unavailable","unavailable",6
202207,"unavailable","HKG","AKL","P","A","IN","unavailable","unavailable","35 - 44 years","M","","N","unavailable","unavailable",6
202207,"unavailable","LAX","AKL","P","A","US","unavailable","unavailable","35 - 44 years","M","","N","unavailable","unavailable",6
202207,"unavailable","SYD","AKL","P","A","GB","unavailable","unavailable","35 - 44 years","F","","N","unavailable","unavailable",6
202207,"unavailable","KUL","AKL","P","A","ZA","unavailable","unavailable","12 - 18 years","F","","N","unavailable","unavailable",6
202207,"unavailable","OOL","AKL","P","A","AU","unavailable","unavailable","12 - 18 years","F","","N","unavailable","unavailable",6
202207,"unavailable","SYD","WLG","P","A","PH","unavailable","unavailable","35 - 44 years","M","","N","unavailable","unavailable",6
202207,"unavailable","BNE","WLG","P","A","AU","unavailable","unavailable","25 - 34 years","F","","N","unavailable","unavailable",6
202207,"unavailable","SIN","AKL","P","A","IN","unavailable","unavailable","45 - 54 years","F","","N","unavailable","unavailable",6
202207,"unavailable","BNE","CHC","P","A","AU","unavailable","unavailable","35 - 44 years","F","","N","unavailable","unavailable",6
202207,"unavailable","SYD","WLG","P","A","GB","unavailable","unavailable","25 - 34 years","F","","N","unavailable","unavailable",6
202207,"unavailable","SYD","AKL","P","A","ZA","unavailable","unavailable","12 - 18 years","M","","N","unavailable","unavailable",6
202207,"unavailable","PER","AKL","P","A","AU","unavailable","unavailable","19 - 24 years","F","","N","unavailable","unavailable",6
202207,"unavailable","SYD","AKL","P","A","XX","unavailable","unavailable","01 - 11 years","M","","N","unavailable","unavailable",6
202207,"unavailable","BNE","AKL","P","A","AU","unavailable","unavailable","45 - 54 years","F","","N","unavailable","unavailable",6
202207,"unavailable","BNE","CHC","P","A","AU","unavailable","unavailable","01 - 11 years","F","","N","unavailable","unavailable",6
202207,"unavailable","KUL","AKL","P","A","RW","unavailable","unavailable","35 - 44 years","M","","N","unavailable","unavailable",6
202207,"unavailable","SYD","AKL","P","A","AU","unavailable","unavailable","12 - 18 years","F","","N","unavailable","unavailable",6
202207,"unavailable","HKG","AKL","P","A","HK","unavailable","unavailable","25 - 34 years","F","","N","unavailable","unavailable",6
202207,"unavailable","LAX","AKL","P","A","US","unavailable","unavailable","25 - 34 years","F","","N","unavailable","unavailable",6
202207,"unavailable","NAN","WLG","P","A","FJ","unavailable","unavailable","25 - 34 years","F","","N","unavailable","unavailable",6
202207,"unavailable","HKG","AKL","P","A","PH","unavailable","unavailable","45 - 54 years","M","","N","unavailable","unavailable",6
202207,"unavailable","PER","AKL","P","A","AU","unavailable","unavailable","65 - 74 years","M","","N","unavailable","unavailable",6
202207,"unavailable","KUL","AKL","P","A","LK","unavailable","unavailable","25 - 34 years","M","","N","unavailable","unavailable",6
202207,"unavailable","SEL","AKL","P","A","KR","unavailable","unavailable","35 - 44 years","M","","N","unavailable","unavailable",6
202207,"unavailable","KUL","AKL","P","A","AE","unavailable","unavailable","01 - 11 years","F","","N","unavailable","unavailable",6
202207,"unavailable","SHA","AKL","P","A","CN","unavailable","unavailable","45 - 54 years","M","","N","unavailable","unavailable",6
202207,"unavailable","NRT","AKL","P","A","JP","unavailable","unavailable","35 - 44 years","F","","N","unavailable","unavailable",6
202207,"unavailable","SFO","AKL","P","A","US","unavailable","unavailable","45 - 54 years","M","","N","unavailable","unavailable",6
202207,"unavailable","SYD","WLG","P","A","ID","unavailable","unavailable","19 - 24 years","M","","N","unavailable","unavailable",6
202207,"unavailable","SYD","WLG","P","A","AU","unavailable","unavailable","19 - 24 years","F","","N","unavailable","unavailable",6
202207,"unavailable","IAH","AKL","P","A","US","unavailable","unavailable","35 - 44 years","F","","N","unavailable","unavailable",6
202207,"unavailable","SIN","CHC","P","A","GB","unavailable","unavailable","25 - 34 years","F","","N","unavailable","unavailable",6
202207,"unavailable","SFO","AKL","P","A","US","unavailable","unavailable","01 - 11 years","M","","N","unavailable","unavailable",6
202207,"unavailable","YVR","AKL","P","A","CA","unavailable","unavailable","12 - 18 years","F","","N","unavailable","unavailable",6
202207,"unavailable","KUL","AKL","P","A","LK","unavailable","unavailable","25 - 34 years","F","","N","unavailable","unavailable",6
202207,"unavailable","KUL","AKL","P","A","MY","unavailable","unavailable","12 - 18 years","M","","N","unavailable","unavailable",6
202207,"unavailable","SEL","AKL","P","A","KR","unavailable","unavailable","25 - 34 years","M","","N","unavailable","unavailable",6
202207,"unavailable","TPE","AKL","P","A","TW","unavailable","unavailable","12 - 18 years","F","","N","unavailable","unavailable",6
202207,"unavailable","SCL","AKL","P","A","CL","unavailable","unavailable","35 - 44 years","M","","N","unavailable","unavailable",6
202207,"unavailable","HNL","AKL","P","A","US","unavailable","unavailable","35 - 44 years","M","","N","unavailable","unavailable",6
202207,"unavailable","HKG","AKL","P","A","VN","unavailable","unavailable","12 - 18 years","F","","N","unavailable","unavailable",6
202207,"unavailable","SIN","AKL","P","A","ZA","unavailable","unavailable","45 - 54 years","F","","N","unavailable","unavailable",6
202207,"unavailable","NAN","AKL","P","A","FJ","unavailable","unavailable","19 - 24 years","F","","N","unavailable","unavailable",6
202207,"unavailable","SIN","AKL","P","A","SG","unavailable","unavailable","45 - 54 years","M","","N","unavailable","unavailable",6
202207,"unavailable","LAX","AKL","P","A","US","unavailable","unavailable","55 - 64 years","F","","N","unavailable","unavailable",6
202207,"unavailable","LAX","AKL","P","A","US","unavailable","unavailable","01 - 11 years","F","","N","unavailable","unavailable",6
202207,"unavailable","SYD","WLG","P","A","AU","unavailable","unavailable","12 - 18 years","F","","N","unavailable","unavailable",6
202207,"unavailable","SIN","CHC","P","A","IN","unavailable","unavailable","12 - 18 years","F","","N","unavailable","unavailable",6
202207,"unavailable","HNL","AKL","P","A","US","unavailable","unavailable","19 - 24 years","F","","N","unavailable","unavailable",6
202207,"unavailable","KUL","AKL","P","A","PH","unavailable","unavailable","25 - 34 years","M","","N","unavailable","unavailable",6
202207,"unavailable","OOL","AKL","P","A","AU","unavailable","unavailable","35 - 44 years","M","","N","unavailable","unavailable",6
202207,"unavailable","TPE","AKL","P","A","TW","unavailable","unavailable","25 - 34 years","M","","N","unavailable","unavailable",6
202207,"unavailable","RAR","AKL","P","A","CK","unavailable","unavailable","25 - 34 years","F","","N","unavailable","unavailable",6
202207,"unavailable","SYD","WLG","P","A","AU","unavailable","unavailable","01 - 11 years","M","","N","unavailable","unavailable",6
202207,"unavailable","BNE","AKL","P","A","AU","unavailable","unavailable","45 - 54 years","M","","N","unavailable","unavailable",6
202207,"unavailable","SYD","WLG","P","A","AU","unavailable","unavailable","35 - 44 years","M","","N","unavailable","unavailable",6
202207,"unavailable","OOL","AKL","P","A","AU","unavailable","unavailable","25 - 34 years","M","","N","unavailable","unavailable",6
202207,"unavailable","SYD","ZQN","P","A","GB","unavailable","unavailable","25 - 34 years","M","","N","unavailable","unavailable",6
202207,"unavailable","HKG","AKL","P","A","PH","unavailable","unavailable","12 - 18 years","F","","N","unavailable","unavailable",6
202207,"unavailable","SIN","CHC","P","A","LK","unavailable","unavailable","01 - 11 years","M","","N","unavailable","unavailable",6
202207,"unavailable","ADL","AKL","P","A","ZA","unavailable","unavailable","12 - 18 years","F","","N","unavailable","unavailable",6
202207,"unavailable","HNL","AKL","P","A","US","unavailable","unavailable","25 - 34 years","M","","N","unavailable","unavailable",6
202207,"unavailable","SIN","CHC","P","A","PH","unavailable","unavailable","01 - 11 years","F","","N","unavailable","unavailable",6
202207,"unavailable","HKG","AKL","P","A","CN","unavailable","unavailable","35 - 44 years","M","","N","unavailable","unavailable",6
202207,"unavailable","OOL","AKL","P","A","AU","unavailable","unavailable","45 - 54 years","F","","N","unavailable","unavailable",6
202207,"unavailable","SYD","WLG","P","A","PH","unavailable","unavailable","19 - 24 years","M","","N","unavailable","unavailable",6
202207,"unavailable","LAX","AKL","P","A","US","unavailable","unavailable","45 - 54 years","F","","N","unavailable","unavailable",6
202207,"unavailable","HNL","AKL","P","A","US","unavailable","unavailable","45 - 54 years","F","","N","unavailable","unavailable",6
202207,"unavailable","SYD","AKL","P","A","CA","unavailable","unavailable","19 - 24 years","F","","N","unavailable","unavailable",6
202207,"unavailable","SIN","AKL","P","A","ID","unavailable","unavailable","19 - 24 years","M","","N","unavailable","unavailable",6
202207,"unavailable","LAX","AKL","P","A","US","unavailable","unavailable","01 - 11 years","M","","N","unavailable","unavailable",6
202207,"unavailable","MEL","CHC","P","A","AU","unavailable","unavailable","35 - 44 years","M","","N","unavailable","unavailable",6
202207,"unavailable","HKG","AKL","P","A","PH","unavailable","unavailable","19 - 24 years","M","","N","unavailable","unavailable",6
202207,"unavailable","SIN","AKL","P","A","GB","unavailable","unavailable","12 - 18 years","M","","N","unavailable","unavailable",6
202207,"unavailable","HKG","AKL","P","A","PH","unavailable","unavailable","45 - 54 years","F","","N","unavailable","unavailable",6
202207,"unavailable","SYD","WLG","P","A","PH","unavailable","unavailable","01 - 11 years","M","","N","unavailable","unavailable",6
202207,"unavailable","SYD","WLG","P","A","AU","unavailable","unavailable","01 - 11 years","F","","N","unavailable","unavailable",6
202207,"unavailable","SYD","WLG","P","A","PH","unavailable","unavailable","35 - 44 years","F","","N","unavailable","unavailable",6
202207,"unavailable","KUL","AKL","P","A","GB","unavailable","unavailable","35 - 44 years","M","","N","unavailable","unavailable",6
202207,"unavailable","KUL","AKL","P","A","ZA","unavailable","unavailable","01 - 11 years","M","","N","unavailable","unavailable",6
202207,"unavailable","KUL","AKL","P","A","RW","unavailable","unavailable","01 - 11 years","F","","N","unavailable","unavailable",6
202207,"unavailable","SIN","CHC","P","A","PH","unavailable","unavailable","19 - 24 years","F","","N","unavailable","unavailable",6
202207,"unavailable","KUL","AKL","P","A","LK","unavailable","unavailable","12 - 18 years","F","","N","unavailable","unavailable",6
202207,"unavailable","SIN","CHC","P","A","ZA","unavailable","unavailable","25 - 34 years","F","","N","unavailable","unavailable",6
202207,"unavailable","PER","AKL","P","A","AU","unavailable","unavailable","55 - 64 years","M","","N","unavailable","unavailable",6
202207,"unavailable","BNE","AKL","P","A","AU","unavailable","unavailable","35 - 44 years","F","","N","unavailable","unavailable",6
202207,"unavailable","SIN","AKL","P","A","PH","unavailable","unavailable","19 - 24 years","F","","N","unavailable","unavailable",6
202207,"unavailable","SIN","AKL","P","A","ZA","unavailable","unavailable","12 - 18 years","F","","N","unavailable","unavailable",6
202207,"unavailable","TPE","AKL","P","A","TW","unavailable","unavailable","12 - 18 years","M","","N","unavailable","unavailable",6
202207,"unavailable","SIN","CHC","P","A","SG","unavailable","unavailable","25 - 34 years","F","","N","unavailable","unavailable",6
202207,"unavailable","OOL","AKL","P","A","AU","unavailable","unavailable","25 - 34 years","F","","N","unavailable","unavailable",6
202207,"unavailable","TPE","AKL","P","A","TW","unavailable","unavailable","01 - 11 years","F","","N","unavailable","unavailable",6
202207,"unavailable","SIN","AKL","P","A","SG","unavailable","unavailable","45 - 54 years","F","","N","unavailable","unavailable",6
202207,"unavailable","MEL","CHC","P","A","AU","unavailable","unavailable","35 - 44 years","F","","N","unavailable","unavailable",6
202207,"unavailable","HKG","AKL","P","A","HK","unavailable","unavailable","65 - 74 years","M","","N","unavailable","unavailable",6
202207,"unavailable","SYD","WLG","P","A","AU","unavailable","unavailable","25 - 34 years","F","","N","unavailable","unavailable",6
202207,"unavailable","RAR","AKL","P","A","CK","unavailable","unavailable","25 - 34 years","M","","N","unavailable","unavailable",6
202207,"unavailable","TBU","AKL","P","A","TO","unavailable","unavailable","01 - 11 years","F","","N","unavailable","unavailable",6
202207,"unavailable","ADL","AKL","P","A","AU","unavailable","unavailable","25 - 34 years","M","","N","unavailable","unavailable",6
202207,"unavailable","ADL","AKL","P","A","GB","unavailable","unavailable","35 - 44 years","M","","N","unavailable","unavailable",6
202207,"unavailable","SIN","AKL","P","A","PH","unavailable","unavailable","12 - 18 years","F","","N","unavailable","unavailable",6
202207,"unavailable","SYD","AKL","P","A","US","unavailable","unavailable","25 - 34 years","F","","N","unavailable","unavailable",6
202207,"unavailable","MEL","AKL","P","A","AU","unavailable","unavailable","19 - 24 years","F","","N","unavailable","unavailable",6
202207,"unavailable","ADL","AKL","P","A","GB","unavailable","unavailable","12 - 18 years","F","","N","unavailable","unavailable",6
202207,"unavailable","ADL","AKL","P","A","ZA","unavailable","unavailable","45 - 54 years","M","","N","unavailable","unavailable",6
202207,"unavailable","LAX","AKL","P","A","US","unavailable","unavailable","19 - 24 years","M","","N","unavailable","unavailable",6
202207,"unavailable","APW","AKL","P","A","WS","unavailable","unavailable","12 - 18 years","M","","N","unavailable","unavailable",6
202207,"unavailable","SHA","AKL","P","A","CN","unavailable","unavailable","65 - 74 years","M","","N","unavailable","unavailable",6
202207,"unavailable","PER","AKL","P","A","AU","unavailable","unavailable","45 - 54 years","M","","N","unavailable","unavailable",6
202207,"unavailable","OOL","AKL","P","A","AU","unavailable","unavailable","19 - 24 years","F","","N","unavailable","unavailable",6
202207,"unavailable","SIN","CHC","P","A","LK","unavailable","unavailable","35 - 44 years","F","","N","unavailable","unavailable",6
202207,"unavailable","KUL","AKL","P","A","DE","unavailable","unavailable","12 - 18 years","M","","N","unavailable","unavailable",6
202207,"unavailable","MEL","AKL","P","A","AU","unavailable","unavailable","Less than 1 year","F","","N","unavailable","unavailable",6
202207,"unavailable","TPE","AKL","P","A","TW","unavailable","unavailable","35 - 44 years","F","","N","unavailable","unavailable",6
202207,"unavailable","MEL","AKL","P","A","AU","unavailable","unavailable","65 - 74 years","M","","N","unavailable","unavailable",6
202207,"unavailable","ADL","AKL","P","A","GB","unavailable","unavailable","12 - 18 years","M","","N","unavailable","unavailable",6
202207,"unavailable","SYD","AKL","P","A","GB","unavailable","unavailable","01 - 11 years","M","","N","unavailable","unavailable",6
202207,"unavailable","SIN","AKL","P","A","IN","unavailable","unavailable","65 - 74 years","F","","N","unavailable","unavailable",6
202207,"unavailable","HKG","AKL","P","A","HK","unavailable","unavailable","45 - 54 years","M","","N","unavailable","unavailable",6
202207,"unavailable","SIN","AKL","P","A","GB","unavailable","unavailable","01 - 11 years","M","","N","unavailable","unavailable",6
202207,"unavailable","PPT","AKL","P","A","US","unavailable","unavailable","25 - 34 years","F","","N","unavailable","unavailable",6
202207,"unavailable","SIN","AKL","P","A","LK","unavailable","unavailable","12 - 18 years","M","","N","unavailable","unavailable",6
202207,"unavailable","MEL","AKL","P","A","AE","unavailable","unavailable","35 - 44 years","M","","N","unavailable","unavailable",6
202207,"unavailable","SYD","AKL","P","A","GB","unavailable","unavailable","01 - 11 years","F","","N","unavailable","unavailable",6
202207,"unavailable","MEL","CHC","P","A","AU","unavailable","unavailable","45 - 54 years","F","","N","unavailable","unavailable",6
202207,"unavailable","SIN","AKL","P","A","VN","unavailable","unavailable","12 - 18 years","F","","N","unavailable","unavailable",6
202207,"unavailable","YVR","AKL","P","A","CA","unavailable","unavailable","35 - 44 years","M","","N","unavailable","unavailable",6
202207,"unavailable","SIN","CHC","P","A","ZA","unavailable","unavailable","45 - 54 years","M","","N","unavailable","unavailable",6
202207,"unavailable","KUL","AKL","P","A","LK","unavailable","unavailable","35 - 44 years","M","","N","unavailable","unavailable",3
202207,"unavailable","KUL","AKL","P","A","IT","unavailable","unavailable","25 - 34 years","M","","N","unavailable","unavailable",3
202207,"unavailable","SYD","AKL","P","A","CA","unavailable","unavailable","25 - 34 years","M","","N","unavailable","unavailable",3
202207,"unavailable","MEL","CHC","P","A","AU","unavailable","unavailable","Less than 1 year","F","","N","unavailable","unavailable",3
202207,"unavailable","KUL","AKL","P","A","XX","unavailable","unavailable","19 - 24 years","M","","N","unavailable","unavailable",3
202207,"unavailable","KUL","AKL","P","A","JO","unavailable","unavailable","12 - 18 years","F","","N","unavailable","unavailable",3
202207,"unavailable","NAN","AKL","P","A","MH","unavailable","unavailable","35 - 44 years","F","","N","unavailable","unavailable",3
202207,"unavailable","ADL","AKL","P","A","BR","unavailable","unavailable","35 - 44 years","F","","N","unavailable","unavailable",3
202207,"unavailable","MEL","WLG","P","A","IN","unavailable","unavailable","25 - 34 years","M","","N","unavailable","unavailable",3
202207,"unavailable","SIN","AKL","P","A","IN","unavailable","unavailable","55 - 64 years","F","","N","unavailable","unavailable",3
202207,"unavailable","SIN","CHC","P","A","SG","unavailable","unavailable","19 - 24 years","F","","N","unavailable","unavailable",3
202207,"unavailable","HKG","AKL","P","A","BR","unavailable","unavailable","01 - 11 years","M","","N","unavailable","unavailable",3
202207,"unavailable","SYD","WLG","P","A","SG","unavailable","unavailable","25 - 34 years","F","","N","unavailable","unavailable",3
202207,"unavailable","IAH","AKL","P","A","US","unavailable","unavailable","65 - 74 years","F","","N","unavailable","unavailable",3
202207,"unavailable","BNE","WLG","P","A","AU","unavailable","unavailable","35 - 44 years","M","","N","unavailable","unavailable",3
202207,"unavailable","KUL","AKL","P","A","GB","unavailable","unavailable","35 - 44 years","F","","N","unavailable","unavailable",3
202207,"unavailable","SIN","CHC","P","A","GB","unavailable","unavailable","25 - 34 years","M","","N","unavailable","unavailable",3
202207,"unavailable","SIN","CHC","P","A","KR","unavailable","unavailable","25 - 34 years","M","","N","unavailable","unavailable",3
202207,"unavailable","APW","AKL","P","A","WS","unavailable","unavailable","35 - 44 years","F","","N","unavailable","unavailable",3
202207,"unavailable","HKG","AKL","P","A","TW","unavailable","unavailable","35 - 44 years","M","","N","unavailable","unavailable",3
202207,"unavailable","MEL","AKL","P","A","PH","unavailable","unavailable","01 - 11 years","F","","N","unavailable","unavailable",3
202207,"unavailable","KUL","AKL","P","A","BR","unavailable","unavailable","45 - 54 years","M","","N","unavailable","unavailable",3
202207,"unavailable","KUL","AKL","P","A","LB","unavailable","unavailable","01 - 11 years","M","","N","unavailable","unavailable",3
202207,"unavailable","SYD","WLG","P","A","DE","unavailable","unavailable","01 - 11 years","F","","N","unavailable","unavailable",3
202207,"unavailable","MEL","WLG","P","A","ID","unavailable","unavailable","25 - 34 years","M","","N","unavailable","unavailable",3
202207,"unavailable","ADL","AKL","P","A","BR","unavailable","unavailable","45 - 54 years","M","","N","unavailable","unavailable",3
202207,"unavailable","SIN","CHC","P","A","ZA","unavailable","unavailable","45 - 54 years","F","","N","unavailable","unavailable",3
202207,"unavailable","KUL","AKL","P","A","MY","unavailable","unavailable","65 - 74 years","F","","N","unavailable","unavailable",3
202207,"unavailable","BNE","WLG","P","A","XX","unavailable","unavailable","65 - 74 years","F","","N","unavailable","unavailable",3
202207,"unavailable","SYD","ZQN","P","A","PH","unavailable","unavailable","19 - 24 years","F","","N","unavailable","unavailable",3
202207,"unavailable","KUL","AKL","P","A","XX","unavailable","unavailable","55 - 64 years","M","","N","unavailable","unavailable",3
202207,"unavailable","HKG","AKL","P","A","PH","unavailable","unavailable","55 - 64 years","M","","N","unavailable","unavailable",3
202207,"unavailable","APW","AKL","P","A","TK","unavailable","unavailable","19 - 24 years","F","","N","unavailable","unavailable",3
202207,"unavailable","SCL","AKL","P","A","UY","unavailable","unavailable","45 - 54 years","M","","N","unavailable","unavailable",3
202207,"unavailable","BNE","ZQN","P","A","AU","unavailable","unavailable","12 - 18 years","M","","N","unavailable","unavailable",3
202207,"unavailable","ADL","AKL","P","A","RS","unavailable","unavailable","55 - 64 years","M","","N","unavailable","unavailable",3
202207,"unavailable","KUL","AKL","P","A","XX","unavailable","unavailable","12 - 18 years","F","","E","unavailable","unavailable",3
202207,"unavailable","SIN","CHC","P","A","AE","unavailable","unavailable","35 - 44 years","F","","N","unavailable","unavailable",3
202207,"unavailable","SYD","AKL","P","A","ID","unavailable","unavailable","55 - 64 years","F","","N","unavailable","unavailable",3
202207,"unavailable","SIN","AKL","P","A","VN","unavailable","unavailable","25 - 34 years","F","","N","unavailable","unavailable",3
202207,"unavailable","LAX","AKL","P","A","CA","unavailable","unavailable","25 - 34 years","M","","N","unavailable","unavailable",3
202207,"unavailable","YVR","AKL","P","A","DE","unavailable","unavailable","12 - 18 years","F","","N","unavailable","unavailable",3
202207,"unavailable","IAH","AKL","P","A","US","unavailable","unavailable","25 - 34 years","M","","N","unavailable","unavailable",3
202207,"unavailable","SIN","CHC","P","A","LK","unavailable","unavailable","45 - 54 years","F","","N","unavailable","unavailable",3
202207,"unavailable","SYD","ZQN","P","A","ZA","unavailable","unavailable","25 - 34 years","M","","N","unavailable","unavailable",3
202207,"unavailable","MEL","CHC","P","A","GB","unavailable","unavailable","35 - 44 years","M","","N","unavailable","unavailable",3
202207,"unavailable","SYD","AKL","P","A","XX","unavailable","unavailable","19 - 24 years","F","","N","unavailable","unavailable",3
202207,"unavailable","SIN","CHC","P","A","MY","unavailable","unavailable","25 - 34 years","F","","N","unavailable","unavailable",3
202207,"unavailable","NAN","AKL","P","A","GB","unavailable","unavailable","25 - 34 years","F","","N","unavailable","unavailable",3
202207,"unavailable","OOL","AKL","P","A","AU","unavailable","unavailable","12 - 18 years","M","","N","unavailable","unavailable",3
202207,"unavailable","KUL","AKL","P","A","XX","unavailable","unavailable","65 - 74 years","F","","N","unavailable","unavailable",3
202207,"unavailable","HKG","AKL","P","A","HK","unavailable","unavailable","55 - 64 years","M","","N","unavailable","unavailable",3
202207,"unavailable","KUL","AKL","P","A","TH","unavailable","unavailable","45 - 54 years","F","","N","unavailable","unavailable",3
202207,"unavailable","MEL","AKL","P","A","PH","unavailable","unavailable","25 - 34 years","M","","N","unavailable","unavailable",3
202207,"unavailable","NAN","WLG","P","A","TV","unavailable","unavailable","01 - 11 years","M","","N","unavailable","unavailable",3
202207,"unavailable","SYD","CHC","P","A","AU","unavailable","unavailable","45 - 54 years","F","","N","unavailable","unavailable",3
202207,"unavailable","SIN","CHC","P","A","KW","unavailable","unavailable","25 - 34 years","F","","N","unavailable","unavailable",3
202207,"unavailable","SYD","AKL","P","A","ID","unavailable","unavailable","45 - 54 years","M","","N","unavailable","unavailable",3
202207,"unavailable","KUL","AKL","P","A","PL","unavailable","unavailable","65 - 74 years","F","","N","unavailable","unavailable",3
202207,"unavailable","NAN","AKL","P","A","IE","unavailable","unavailable","25 - 34 years","F","","N","unavailable","unavailable",3
202207,"unavailable","MEL","CHC","P","A","AU","unavailable","unavailable","25 - 34 years","M","","N","unavailable","unavailable",3
202207,"unavailable","CAN","AKL","P","A","XX","unavailable","unavailable","19 - 24 years","M","","N","unavailable","unavailable",3
202207,"unavailable","SIN","CHC","P","A","XX","unavailable","unavailable","55 - 64 years","M","","N","unavailable","unavailable",3
202207,"unavailable","MEL","WLG","P","A","IN","unavailable","unavailable","01 - 11 years","F","","N","unavailable","unavailable",3
202207,"unavailable","SIN","AKL","P","A","VN","unavailable","unavailable","19 - 24 years","F","","N","unavailable","unavailable",3
202207,"unavailable","SYD","WLG","P","A","AU","unavailable","unavailable","75+","F","","N","unavailable","unavailable",3
202207,"unavailable","SIN","AKL","P","A","AE","unavailable","unavailable","35 - 44 years","M","","N","unavailable","unavailable",3
202207,"unavailable","SIN","CHC","P","A","ID","unavailable","unavailable","19 - 24 years","F","","N","unavailable","unavailable",3
202207,"unavailable","TBU","AKL","P","A","TO","unavailable","unavailable","19 - 24 years","F","","N","unavailable","unavailable",3
202207,"unavailable","YVR","AKL","P","A","CA","unavailable","unavailable","55 - 64 years","M","","N","unavailable","unavailable",3
202207,"unavailable","SCL","AKL","P","A","CO","unavailable","unavailable","25 - 34 years","M","","N","unavailable","unavailable",3
202207,"unavailable","SIN","AKL","P","A","CN","unavailable","unavailable","19 - 24 years","M","","N","unavailable","unavailable",3
202207,"unavailable","SYD","ZQN","P","A","ZA","unavailable","unavailable","19 - 24 years","M","","N","unavailable","unavailable",3
202207,"unavailable","NAN","AKL","P","A","FJ","unavailable","unavailable","45 - 54 years","F","","N","unavailable","unavailable",3
202207,"unavailable","SIN","CHC","P","A","PH","unavailable","unavailable","35 - 44 years","F","","N","unavailable","unavailable",3
202207,"unavailable","PPT","AKL","P","A","CO","unavailable","unavailable","25 - 34 years","M","","N","unavailable","unavailable",3
202207,"unavailable","SYD","AKL","P","A","GB","unavailable","unavailable","19 - 24 years","F","","N","unavailable","unavailable",3
202207,"unavailable","SFO","AKL","P","A","KY","unavailable","unavailable","35 - 44 years","F","","N","unavailable","unavailable",3
202207,"unavailable","SIN","AKL","P","A","ZW","unavailable","unavailable","25 - 34 years","F","","N","unavailable","unavailable",3
202207,"unavailable","SIN","AKL","P","A","XX","unavailable","unavailable","01 - 11 years","M","","N","unavailable","unavailable",3
202207,"unavailable","SYD","ZQN","P","A","AT","unavailable","unavailable","25 - 34 years","F","","N","unavailable","unavailable",3
202207,"unavailable","SIN","CHC","P","A","CN","unavailable","unavailable","25 - 34 years","M","","N","unavailable","unavailable",3
202207,"unavailable","KUL","AKL","P","A","GB","unavailable","unavailable","12 - 18 years","F","","N","unavailable","unavailable",3
202207,"unavailable","PPT","AKL","P","A","XX","unavailable","unavailable","19 - 24 years","F","","N","unavailable","unavailable",3
202207,"unavailable","KUL","AKL","P","A","IE","unavailable","unavailable","35 - 44 years","M","","N","unavailable","unavailable",3
202207,"unavailable","NRT","AKL","P","A","JP","unavailable","unavailable","01 - 11 years","F","","N","unavailable","unavailable",3
202207,"unavailable","KUL","AKL","P","A","TH","unavailable","unavailable","25 - 34 years","M","","N","unavailable","unavailable",3
202207,"unavailable","SIN","AKL","P","A","PK","unavailable","unavailable","01 - 11 years","M","","N","unavailable","unavailable",3
202207,"unavailable","SIN","AKL","P","A","DE","unavailable","unavailable","35 - 44 years","M","","N","unavailable","unavailable",3
202207,"unavailable","SYD","ZQN","P","A","PH","unavailable","unavailable","12 - 18 years","M","","N","unavailable","unavailable",3
202207,"unavailable","OOL","AKL","P","A","AU","unavailable","unavailable","19 - 24 years","M","","N","unavailable","unavailable",3
202207,"unavailable","SYD","AKL","P","A","IE","unavailable","unavailable","25 - 34 years","M","","N","unavailable","unavailable",3
202207,"unavailable","SYD","WLG","P","A","GB","unavailable","unavailable","35 - 44 years","F","","N","unavailable","unavailable",3
202207,"unavailable","SFO","AKL","P","A","US","unavailable","unavailable","19 - 24 years","M","","N","unavailable","unavailable",3
202207,"unavailable","ADL","AKL","P","A","ZA","unavailable","unavailable","19 - 24 years","M","","N","unavailable","unavailable",3
202207,"unavailable","ADL","AKL","P","A","XX","unavailable","unavailable","19 - 24 years","M","","N","unavailable","unavailable",3
202207,"unavailable","ADL","AKL","P","A","GB","unavailable","unavailable","55 - 64 years","M","","N","unavailable","unavailable",3
202207,"unavailable","BNE","AKL","P","A","PG","unavailable","unavailable","01 - 11 years","F","","N","unavailable","unavailable",3
202207,"unavailable","SIN","AKL","P","A","GB","unavailable","unavailable","01 - 11 years","F","","N","unavailable","unavailable",3
202207,"unavailable","KUL","AKL","P","A","ZA","unavailable","unavailable","19 - 24 years","M","","N","unavailable","unavailable",3
202207,"unavailable","ADL","AKL","P","A","DK","unavailable","unavailable","19 - 24 years","F","","N","unavailable","unavailable",3
202207,"unavailable","SIN","AKL","P","A","SA","unavailable","unavailable","35 - 44 years","M","","N","unavailable","unavailable",3
202207,"unavailable","SIN","AKL","P","A","KR","unavailable","unavailable","25 - 34 years","F","","N","unavailable","unavailable",3
202207,"unavailable","BNE","AKL","P","A","PG","unavailable","unavailable","25 - 34 years","M","","N","unavailable","unavailable",3
202207,"unavailable","SIN","AKL","P","A","HK","unavailable","unavailable","45 - 54 years","M","","N","unavailable","unavailable",3
202207,"unavailable","KUL","AKL","P","A","AE","unavailable","unavailable","12 - 18 years","F","","N","unavailable","unavailable",3
202207,"unavailable","SIN","AKL","P","A","IE","unavailable","unavailable","12 - 18 years","F","","N","unavailable","unavailable",3
202207,"unavailable","SIN","AKL","P","A","KR","unavailable","unavailable","45 - 54 years","F","","N","unavailable","unavailable",3
202207,"unavailable","SIN","AKL","P","A","IT","unavailable","unavailable","01 - 11 years","F","","N","unavailable","unavailable",3
202207,"unavailable","SIN","AKL","P","A","VN","unavailable","unavailable","45 - 54 years","M","","N","unavailable","unavailable",3
202207,"unavailable","SIN","CHC","P","A","SG","unavailable","unavailable","12 - 18 years","M","","N","unavailable","unavailable",3
202207,"unavailable","SIN","AKL","P","A","SE","unavailable","unavailable","25 - 34 years","F","","N","unavailable","unavailable",3
202207,"unavailable","BNE","AKL","P","A","AU","unavailable","unavailable","65 - 74 years","F","","N","unavailable","unavailable",3
202207,"unavailable","MEL","CHC","P","A","IE","unavailable","unavailable","25 - 34 years","F","","N","unavailable","unavailable",3
202207,"unavailable","KUL","AKL","P","A","TR","unavailable","unavailable","35 - 44 years","M","","N","unavailable","unavailable",3
202207,"unavailable","SIN","CHC","P","A","ZA","unavailable","unavailable","12 - 18 years","M","","N","unavailable","unavailable",3
202207,"unavailable","SIN","AKL","P","A","FR","unavailable","unavailable","25 - 34 years","F","","N","unavailable","unavailable",3
202207,"unavailable","KUL","AKL","P","A","GB","unavailable","unavailable","55 - 64 years","M","","N","unavailable","unavailable",3
202207,"unavailable","MEL","AKL","P","A","PK","unavailable","unavailable","25 - 34 years","M","","N","unavailable","unavailable",3
202207,"unavailable","HBA","AKL","P","A","AU","unavailable","unavailable","45 - 54 years","M","","N","unavailable","unavailable",3
202207,"unavailable","LAX","AKL","P","A","GB","unavailable","unavailable","19 - 24 years","F","","N","unavailable","unavailable",3
202207,"unavailable","SYD","AKL","P","A","IE","unavailable","unavailable","25 - 34 years","F","","N","unavailable","unavailable",3
202207,"unavailable","SIN","AKL","P","A","LK","unavailable","unavailable","45 - 54 years","M","","N","unavailable","unavailable",3
202207,"unavailable","ADL","AKL","P","A","SA","unavailable","unavailable","35 - 44 years","M","","N","unavailable","unavailable",3
202207,"unavailable","SIN","AKL","P","A","KE","unavailable","unavailable","55 - 64 years","M","","N","unavailable","unavailable",3
202207,"unavailable","NAN","AKL","P","A","GB","unavailable","unavailable","01 - 11 years","M","","N","unavailable","unavailable",3
202207,"unavailable","KUL","AKL","P","A","RU","unavailable","unavailable","25 - 34 years","F","","N","unavailable","unavailable",3
202207,"unavailable","PER","AKL","P","A","AU","unavailable","unavailable","35 - 44 years","F","","N","unavailable","unavailable",3
202207,"unavailable","BNE","CHC","P","A","XX","unavailable","unavailable","45 - 54 years","F","","N","unavailable","unavailable",3
202207,"unavailable","ADL","AKL","P","A","GB","unavailable","unavailable","01 - 11 years","F","","N","unavailable","unavailable",3
202207,"unavailable","MEL","CHC","P","A","AU","unavailable","unavailable","01 - 11 years","F","","N","unavailable","unavailable",3
202207,"unavailable","MEL","AKL","P","A","PT","unavailable","unavailable","35 - 44 years","M","","N","unavailable","unavailable",3
202207,"unavailable","SIN","AKL","P","A","TH","unavailable","unavailable","19 - 24 years","F","","N","unavailable","unavailable",3
202207,"unavailable","BNE","ZQN","P","A","AU","unavailable","unavailable","55 - 64 years","M","","N","unavailable","unavailable",3
202207,"unavailable","NAN","AKL","P","A","US","unavailable","unavailable","25 - 34 years","M","","N","unavailable","unavailable",3
202207,"unavailable","KUL","AKL","P","A","BE","unavailable","unavailable","25 - 34 years","M","","N","unavailable","unavailable",3
202207,"unavailable","KUL","AKL","P","A","XX","unavailable","unavailable","35 - 44 years","F","","N","unavailable","unavailable",3
202207,"unavailable","ADL","AKL","P","A","CL","unavailable","unavailable","25 - 34 years","M","","N","unavailable","unavailable",3
202207,"unavailable","SYD","WLG","P","A","PH","unavailable","unavailable","25 - 34 years","M","","N","unavailable","unavailable",3
202207,"unavailable","SYD","WLG","P","A","ZA","unavailable","unavailable","35 - 44 years","F","","N","unavailable","unavailable",3
202207,"unavailable","SIN","CHC","P","A","VN","unavailable","unavailable","25 - 34 years","F","","N","unavailable","unavailable",3
202207,"unavailable","MCY","AKL","P","A","AU","unavailable","unavailable","55 - 64 years","F","","N","unavailable","unavailable",3
202207,"unavailable","MEL","WLG","P","A","AE","unavailable","unavailable","35 - 44 years","M","","N","unavailable","unavailable",3
202207,"unavailable","MEL","AKL","P","A","PT","unavailable","unavailable","35 - 44 years","F","","N","unavailable","unavailable",3
202207,"unavailable","NAN","AKL","P","A","US","unavailable","unavailable","65 - 74 years","F","","N","unavailable","unavailable",3
202207,"unavailable","SIN","CHC","P","A","NP","unavailable","unavailable","19 - 24 years","F","","N","unavailable","unavailable",3
202207,"unavailable","ADL","AKL","P","A","NL","unavailable","unavailable","19 - 24 years","F","","N","unavailable","unavailable",3
202207,"unavailable","APW","AKL","P","A","AS","unavailable","unavailable","25 - 34 years","M","","N","unavailable","unavailable",3
202207,"unavailable","OOL","WLG","P","A","AU","unavailable","unavailable","19 - 24 years","M","","N","unavailable","unavailable",3
202207,"unavailable","SIN","AKL","P","A","JP","unavailable","unavailable","19 - 24 years","F","","N","unavailable","unavailable",3
202207,"unavailable","BNE","CHC","P","A","AU","unavailable","unavailable","45 - 54 years","M","","N","unavailable","unavailable",3
202207,"unavailable","MEL","CHC","P","A","GB","unavailable","unavailable","19 - 24 years","M","","N","unavailable","unavailable",3
202207,"unavailable","PER","AKL","P","A","AU","unavailable","unavailable","55 - 64 years","F","","N","unavailable","unavailable",3
202207,"unavailable","SYD","AKL","P","A","ZA","unavailable","unavailable","65 - 74 years","M","","N","unavailable","unavailable",3
202207,"unavailable","SIN","AKL","P","A","KR","unavailable","unavailable","25 - 34 years","M","","N","unavailable","unavailable",3
202207,"unavailable","IUE","AKL","P","A","NU","unavailable","unavailable","35 - 44 years","F","","N","unavailable","unavailable",3
202207,"unavailable","ADL","AKL","P","A","GB","unavailable","unavailable","19 - 24 years","F","","N","unavailable","unavailable",3
202207,"unavailable","SIN","AKL","P","A","CN","unavailable","unavailable","25 - 34 years","F","","N","unavailable","unavailable",3
202207,"unavailable","SYD","CHC","P","A","ZA","unavailable","unavailable","12 - 18 years","F","","N","unavailable","unavailable",3
202207,"unavailable","KUL","AKL","P","A","DE","unavailable","unavailable","19 - 24 years","F","","N","unavailable","unavailable",3
202207,"unavailable","SIN","AKL","P","A","PH","unavailable","unavailable","19 - 24 years","M","","N","unavailable","unavailable",3
202207,"unavailable","SIN","AKL","P","A","MY","unavailable","unavailable","55 - 64 years","M","","N","unavailable","unavailable",3
202207,"unavailable","SIN","AKL","P","A","VN","unavailable","unavailable","01 - 11 years","F","","N","unavailable","unavailable",3
202207,"unavailable","SYD","AKL","P","A","MY","unavailable","unavailable","25 - 34 years","M","","N","unavailable","unavailable",3
202207,"unavailable","BNE","CHC","P","A","XX","unavailable","unavailable","01 - 11 years","M","","N","unavailable","unavailable",3
202207,"unavailable","SIN","AKL","P","A","JP","unavailable","unavailable","12 - 18 years","M","","N","unavailable","unavailable",3
202207,"unavailable","DOH","AKL","P","A","ZA","unavailable","unavailable","01 - 11 years","F","","N","unavailable","unavailable",3
202207,"unavailable","MEL","CHC","P","A","AU","unavailable","unavailable","01 - 11 years","M","","N","unavailable","unavailable",3
202207,"unavailable","HKG","AKL","P","A","XX","unavailable","unavailable","19 - 24 years","F","","N","unavailable","unavailable",3
202207,"unavailable","IAH","AKL","P","A","GB","unavailable","unavailable","12 - 18 years","F","","N","unavailable","unavailable",3
202207,"unavailable","APW","AKL","P","A","AS","unavailable","unavailable","19 - 24 years","M","","N","unavailable","unavailable",3
202207,"unavailable","SYD","WLG","P","A","TH","unavailable","unavailable","25 - 34 years","F","","N","unavailable","unavailable",3
202207,"unavailable","MEL","WLG","P","A","ZA","unavailable","unavailable","45 - 54 years","M","","N","unavailable","unavailable",3
202207,"unavailable","SYD","ZQN","P","A","ZA","unavailable","unavailable","25 - 34 years","F","","N","unavailable","unavailable",3
202207,"unavailable","SFO","AKL","P","A","US","unavailable","unavailable","25 - 34 years","F","","N","unavailable","unavailable",3
202207,"unavailable","LAX","AKL","P","A","US","unavailable","unavailable","25 - 34 years","M","","N","unavailable","unavailable",3
202207,"unavailable","KUL","AKL","P","A","NP","unavailable","unavailable","45 - 54 years","M","","N","unavailable","unavailable",3
202207,"unavailable","MEL","AKL","P","A","AU","unavailable","unavailable","65 - 74 years","F","","N","unavailable","unavailable",3
202207,"unavailable","LAX","AKL","P","A","US","unavailable","unavailable","75+","F","","N","unavailable","unavailable",3
202207,"unavailable","KUL","AKL","P","A","XX","unavailable","unavailable","35 - 44 years","F","","E","unavailable","unavailable",3
202207,"unavailable","KUL","AKL","P","A","RW","unavailable","unavailable","25 - 34 years","F","","N","unavailable","unavailable",3
202207,"unavailable","BNE","CHC","P","A","AU","unavailable","unavailable","12 - 18 years","M","","N","unavailable","unavailable",3
202207,"unavailable","BNE","WLG","P","A","AU","unavailable","unavailable","55 - 64 years","M","","N","unavailable","unavailable",3
202207,"unavailable","LAX","AKL","P","A","US","unavailable","unavailable","65 - 74 years","M","","N","unavailable","unavailable",3
202207,"unavailable","SYD","AKL","P","A","JP","unavailable","unavailable","01 - 11 years","F","","N","unavailable","unavailable",3
202207,"unavailable","ADL","AKL","P","A","HU","unavailable","unavailable","35 - 44 years","M","","N","unavailable","unavailable",3
202207,"unavailable","HKG","AKL","P","A","CN","unavailable","unavailable","01 - 11 years","F","","N","unavailable","unavailable",3
202207,"unavailable","SIN","AKL","P","A","XX","unavailable","unavailable","25 - 34 years","F","","N","unavailable","unavailable",3
202207,"unavailable","PPT","AKL","P","A","US","unavailable","unavailable","25 - 34 years","M","","N","unavailable","unavailable",3
202207,"unavailable","MEL","WLG","P","A","DE","unavailable","unavailable","45 - 54 years","M","","N","unavailable","unavailable",3
202207,"unavailable","KUL","AKL","P","A","IE","unavailable","unavailable","55 - 64 years","F","","N","unavailable","unavailable",3
202207,"unavailable","BNE","AKL","P","A","XX","unavailable","unavailable","19 - 24 years","F","","N","unavailable","unavailable",3
202207,"unavailable","MEL","AKL","P","A","IN","unavailable","unavailable","01 - 11 years","M","","N","unavailable","unavailable",3
202207,"unavailable","KUL","AKL","P","A","AE","unavailable","unavailable","12 - 18 years","M","","N","unavailable","unavailable",3
202207,"unavailable","SIN","CHC","P","A","QA","unavailable","unavailable","25 - 34 years","F","","N","unavailable","unavailable",3
202207,"unavailable","SIN","AKL","P","A","XX","unavailable","unavailable","45 - 54 years","M","","N","unavailable","unavailable",3
202207,"unavailable","SYD","ZQN","P","A","AU","unavailable","unavailable","45 - 54 years","M","","N","unavailable","unavailable",3
202207,"unavailable","NAN","AKL","P","A","IT","unavailable","unavailable","25 - 34 years","F","","N","unavailable","unavailable",3
202207,"unavailable","SYD","AKL","P","A","ZA","unavailable","unavailable","19 - 24 years","F","","N","unavailable","unavailable",3
202207,"unavailable","SYD","WLG","P","A","AU","unavailable","unavailable","Less than 1 year","M","","N","unavailable","unavailable",3
202207,"unavailable","SIN","AKL","P","A","TH","unavailable","unavailable","01 - 11 years","M","","N","unavailable","unavailable",3
202207,"unavailable","PPT","AKL","P","A","LV","unavailable","unavailable","01 - 11 years","M","","N","unavailable","unavailable",3
202207,"unavailable","SIN","CHC","P","A","HK","unavailable","unavailable","19 - 24 years","M","","N","unavailable","unavailable",3
202207,"unavailable","RAR","AKL","P","A","CK","unavailable","unavailable","45 - 54 years","F","","N","unavailable","unavailable",3
202207,"unavailable","SYD","AKL","P","A","XX","unavailable","unavailable","55 - 64 years","M","","N","unavailable","unavailable",3
202207,"unavailable","SYD","AKL","P","A","AU","unavailable","unavailable","75+","F","","N","unavailable","unavailable",3
202207,"unavailable","SIN","AKL","P","A","ID","unavailable","unavailable","35 - 44 years","F","","N","unavailable","unavailable",3
202207,"unavailable","SIN","AKL","P","A","KR","unavailable","unavailable","35 - 44 years","M","","N","unavailable","unavailable",3
202207,"unavailable","KUL","AKL","P","A","RW","unavailable","unavailable","35 - 44 years","F","","N","unavailable","unavailable",3
202207,"unavailable","MEL","CHC","P","A","AE","unavailable","unavailable","45 - 54 years","M","","N","unavailable","unavailable",3
202207,"unavailable","HKG","AKL","P","A","DE","unavailable","unavailable","35 - 44 years","M","","N","unavailable","unavailable",3
202207,"unavailable","SIN","AKL","P","A","ID","unavailable","unavailable","55 - 64 years","M","","N","unavailable","unavailable",3
202207,"unavailable","SIN","AKL","P","A","VN","unavailable","unavailable","25 - 34 years","M","","N","unavailable","unavailable",3
202207,"unavailable","MEL","CHC","P","A","ID","unavailable","unavailable","19 - 24 years","M","","N","unavailable","unavailable",3
202207,"unavailable","KUL","AKL","P","A","NP","unavailable","unavailable","25 - 34 years","F","","N","unavailable","unavailable",3
202207,"unavailable","SYD","WLG","P","A","BN","unavailable","unavailable","55 - 64 years","F","","N","unavailable","unavailable",3
202207,"unavailable","SIN","AKL","P","A","QA","unavailable","unavailable","35 - 44 years","M","","N","unavailable","unavailable",3
202207,"unavailable","TBU","AKL","P","A","TO","unavailable","unavailable","55 - 64 years","F","","N","unavailable","unavailable",3
202207,"unavailable","CNS","AKL","P","A","XX","unavailable","unavailable","75+","M","","N","unavailable","unavailable",3
202207,"unavailable","HBA","AKL","P","A","AU","unavailable","unavailable","19 - 24 years","M","","N","unavailable","unavailable",3
202207,"unavailable","SIN","AKL","P","A","AE","unavailable","unavailable","45 - 54 years","M","","N","unavailable","unavailable",3
202207,"unavailable","BNE","WLG","P","A","AU","unavailable","unavailable","12 - 18 years","M","","N","unavailable","unavailable",3
202207,"unavailable","SYD","CHC","P","A","AU","unavailable","unavailable","55 - 64 years","F","","N","unavailable","unavailable",3
202207,"unavailable","SIN","CHC","P","A","XX","unavailable","unavailable","35 - 44 years","M","","N","unavailable","unavailable",3
202207,"unavailable","SIN","AKL","P","A","DE","unavailable","unavailable","45 - 54 years","M","","N","unavailable","unavailable",3
202207,"unavailable","KUL","AKL","P","A","NG","unavailable","unavailable","01 - 11 years","M","","N","unavailable","unavailable",3
202207,"unavailable","KUL","AKL","P","A","HU","unavailable","unavailable","25 - 34 years","F","","N","unavailable","unavailable",3
202207,"unavailable","RAR","AKL","P","A","CK","unavailable","unavailable","01 - 11 years","F","","N","unavailable","unavailable",3
202207,"unavailable","ADL","AKL","P","A","SE","unavailable","unavailable","35 - 44 years","M","","N","unavailable","unavailable",3
202207,"unavailable","SIN","AKL","P","A","VN","unavailable","unavailable","35 - 44 years","F","","N","unavailable","unavailable",3
202207,"unavailable","HNL","AKL","P","A","US","unavailable","unavailable","55 - 64 years","F","","N","unavailable","unavailable",3
202207,"unavailable","KUL","AKL","P","A","DK","unavailable","unavailable","45 - 54 years","F","","N","unavailable","unavailable",3
202207,"unavailable","SYD","AKL","P","A","ES","unavailable","unavailable","35 - 44 years","M","","N","unavailable","unavailable",3
202207,"unavailable","BNE","WLG","P","A","AU","unavailable","unavailable","25 - 34 years","M","","N","unavailable","unavailable",3
202207,"unavailable","LAX","AKL","P","A","GB","unavailable","unavailable","35 - 44 years","M","","N","unavailable","unavailable",3
202207,"unavailable","MEL","WLG","P","A","AU","unavailable","unavailable","45 - 54 years","F","","N","unavailable","unavailable",3
202207,"unavailable","SYD","AKL","P","A","JP","unavailable","unavailable","45 - 54 years","F","","N","unavailable","unavailable",3
202207,"unavailable","BNE","AKL","P","A","PA","unavailable","unavailable","12 - 18 years","F","","N","unavailable","unavailable",3
202207,"unavailable","MEL","ZQN","P","A","AU","unavailable","unavailable","25 - 34 years","F","","N","unavailable","unavailable",3
202207,"unavailable","SYD","AKL","P","A","IN","unavailable","unavailable","25 - 34 years","M","","N","unavailable","unavailable",3
202207,"unavailable","SIN","AKL","P","A","KW","unavailable","unavailable","25 - 34 years","M","","N","unavailable","unavailable",3
202207,"unavailable","ADL","AKL","P","A","AR","unavailable","unavailable","25 - 34 years","M","","N","unavailable","unavailable",3
202207,"unavailable","SYD","CHC","P","A","QA","unavailable","unavailable","12 - 18 years","F","","N","unavailable","unavailable",3
202207,"unavailable","SIN","AKL","P","A","AE","unavailable","unavailable","35 - 44 years","F","","N","unavailable","unavailable",3
202207,"unavailable","BNE","WLG","P","A","PG","unavailable","unavailable","35 - 44 years","M","","N","unavailable","unavailable",3
202207,"unavailable","VLI","AKL","P","A","VU","unavailable","unavailable","19 - 24 years","M","","N","unavailable","unavailable",3
202207,"unavailable","SIN","AKL","P","A","TR","unavailable","unavailable","19 - 24 years","F","","N","unavailable","unavailable",3
202207,"unavailable","SIN","AKL","P","A","MY","unavailable","unavailable","19 - 24 years","M","","N","unavailable","unavailable",3
202207,"unavailable","HKG","AKL","P","A","TH","unavailable","unavailable","12 - 18 years","M","","N","unavailable","unavailable",3
202207,"unavailable","HKG","AKL","P","A","LB","unavailable","unavailable","25 - 34 years","M","","N","unavailable","unavailable",3
202207,"unavailable","BNE","WLG","P","A","SG","unavailable","unavailable","45 - 54 years","F","","N","unavailable","unavailable",3
202207,"unavailable","KUL","AKL","P","A","LK","unavailable","unavailable","12 - 18 years","M","","N","unavailable","unavailable",3
202207,"unavailable","DOH","AKL","P","A","IR","unavailable","unavailable","25 - 34 years","M","","N","unavailable","unavailable",3
202207,"unavailable","BNE","WLG","P","A","AU","unavailable","unavailable","01 - 11 years","F","","N","unavailable","unavailable",3
202207,"unavailable","HKG","AKL","P","A","KR","unavailable","unavailable","19 - 24 years","M","","N","unavailable","unavailable",3
202207,"unavailable","KUL","AKL","P","A","BD","unavailable","unavailable","65 - 74 years","F","","N","unavailable","unavailable",3
202207,"unavailable","KUL","AKL","P","A","DK","unavailable","unavailable","45 - 54 years","M","","N","unavailable","unavailable",3
202207,"unavailable","SYD","AKL","P","A","AU","unavailable","unavailable","65 - 74 years","F","","N","unavailable","unavailable",3
202207,"unavailable","ADL","AKL","P","A","IE","unavailable","unavailable","25 - 34 years","F","","N","unavailable","unavailable",3
202207,"unavailable","KUL","AKL","P","A","MY","unavailable","unavailable","12 - 18 years","F","","N","unavailable","unavailable",3
202207,"unavailable","KUL","AKL","P","A","IN","unavailable","unavailable","Less than 1 year","M","","N","unavailable","unavailable",3
202207,"unavailable","NAN","CHC","P","A","US","unavailable","unavailable","25 - 34 years","M","","N","unavailable","unavailable",3
202207,"unavailable","SYD","WLG","P","A","PH","unavailable","unavailable","01 - 11 years","F","","N","unavailable","unavailable",3
202207,"unavailable","SYD","AKL","P","A","XX","unavailable","unavailable","65 - 74 years","F","","N","unavailable","unavailable",3
202207,"unavailable","SIN","CHC","P","A","BD","unavailable","unavailable","35 - 44 years","M","","N","unavailable","unavailable",3
202207,"unavailable","SYD","CHC","P","A","AU","unavailable","unavailable","25 - 34 years","F","","N","unavailable","unavailable",3
202207,"unavailable","MEL","CHC","P","A","IE","unavailable","unavailable","19 - 24 years","M","","N","unavailable","unavailable",3
202207,"unavailable","MEL","AKL","P","A","FR","unavailable","unavailable","01 - 11 years","M","","N","unavailable","unavailable",3
202207,"unavailable","BNE","ZQN","P","A","AU","unavailable","unavailable","35 - 44 years","F","","N","unavailable","unavailable",3
202207,"unavailable","HKG","AKL","P","A","IN","unavailable","unavailable","19 - 24 years","M","","N","unavailable","unavailable",3
202207,"unavailable","KUL","AKL","P","A","BE","unavailable","unavailable","25 - 34 years","F","","N","unavailable","unavailable",3
202207,"unavailable","ADL","AKL","P","A","IR","unavailable","unavailable","45 - 54 years","M","","N","unavailable","unavailable",3
202207,"unavailable","MEL","AKL","P","A","ES","unavailable","unavailable","12 - 18 years","F","","N","unavailable","unavailable",3
202207,"unavailable","MEL","WLG","P","A","EG","unavailable","unavailable","01 - 11 years","M","","N","unavailable","unavailable",3
202207,"unavailable","KUL","AKL","P","A","SG","unavailable","unavailable","25 - 34 years","M","","N","unavailable","unavailable",3
202207,"unavailable","SIN","AKL","P","A","LK","unavailable","unavailable","19 - 24 years","M","","N","unavailable","unavailable",3
202207,"unavailable","MEL","CHC","P","A","AE","unavailable","unavailable","01 - 11 years","F","","N","unavailable","unavailable",3
202207,"unavailable","KUL","AKL","P","A","NP","unavailable","unavailable","35 - 44 years","F","","N","unavailable","unavailable",3
202207,"unavailable","VLI","AKL","P","A","AU","unavailable","unavailable","01 - 11 years","M","","N","unavailable","unavailable",3
202207,"unavailable","SIN","AKL","P","A","BN","unavailable","unavailable","12 - 18 years","M","","N","unavailable","unavailable",3
202207,"unavailable","NAN","AKL","P","A","FJ","unavailable","unavailable","12 - 18 years","M","","N","unavailable","unavailable",3
202207,"unavailable","MEL","CHC","P","A","AU","unavailable","unavailable","19 - 24 years","M","","N","unavailable","unavailable",3
202207,"unavailable","BNE","ZQN","P","A","AU","unavailable","unavailable","19 - 24 years","M","","N","unavailable","unavailable",3
202207,"unavailable","ADL","AKL","P","A","SE","unavailable","unavailable","35 - 44 years","F","","N","unavailable","unavailable",3
202207,"unavailable","RAR","AKL","P","A","CK","unavailable","unavailable","12 - 18 years","M","","N","unavailable","unavailable",3
202207,"unavailable","SYD","AKL","P","A","GB","unavailable","unavailable","19 - 24 years","M","","N","unavailable","unavailable",3
202207,"unavailable","SYD","AKL","P","A","XX","unavailable","unavailable","25 - 34 years","M","","N","unavailable","unavailable",3
202207,"unavailable","TBU","AKL","P","A","TO","unavailable","unavailable","12 - 18 years","M","","N","unavailable","unavailable",3
202207,"unavailable","YVR","AKL","P","A","CA","unavailable","unavailable","45 - 54 years","F","","N","unavailable","unavailable",3
202207,"unavailable","HKG","AKL","P","A","XX","unavailable","unavailable","25 - 34 years","M","","N","unavailable","unavailable",3
202207,"unavailable","MEL","WLG","P","A","GB","unavailable","unavailable","65 - 74 years","M","","N","unavailable","unavailable",3
202207,"unavailable","KUL","AKL","P","A","KR","unavailable","unavailable","25 - 34 years","M","","N","unavailable","unavailable",3
202207,"unavailable","SYD","WLG","P","A","GB","unavailable","unavailable","55 - 64 years","F","","N","unavailable","unavailable",3
202207,"unavailable","MEL","CHC","P","A","IE","unavailable","unavailable","19 - 24 years","F","","N","unavailable","unavailable",3
202207,"unavailable","ADL","AKL","P","A","BR","unavailable","unavailable","35 - 44 years","M","","N","unavailable","unavailable",3
202207,"unavailable","HKG","AKL","P","A","HK","unavailable","unavailable","35 - 44 years","F","","N","unavailable","unavailable",3
202207,"unavailable","SIN","AKL","P","A","EG","unavailable","unavailable","25 - 34 years","F","","N","unavailable","unavailable",3
202207,"unavailable","HKG","AKL","P","A","BR","unavailable","unavailable","35 - 44 years","F","","N","unavailable","unavailable",3
202207,"unavailable","SYD","AKL","P","A","JP","unavailable","unavailable","45 - 54 years","M","","N","unavailable","unavailable",3
202207,"unavailable","KUL","AKL","P","A","DK","unavailable","unavailable","01 - 11 years","F","","N","unavailable","unavailable",3
202207,"unavailable","LAX","AKL","P","A","US","unavailable","unavailable","55 - 64 years","M","","N","unavailable","unavailable",3
202207,"unavailable","SIN","AKL","P","A","XX","unavailable","unavailable","45 - 54 years","F","","N","unavailable","unavailable",3
202207,"unavailable","HKG","AKL","P","A","GB","unavailable","unavailable","25 - 34 years","M","","N","unavailable","unavailable",3
202207,"unavailable","MEL","ZQN","P","A","ID","unavailable","unavailable","19 - 24 years","M","","N","unavailable","unavailable",3
202207,"unavailable","NAN","AKL","P","A","JP","unavailable","unavailable","12 - 18 years","M","","N","unavailable","unavailable",3
202207,"unavailable","SFO","AKL","P","A","GB","unavailable","unavailable","12 - 18 years","M","","N","unavailable","unavailable",3
202207,"unavailable","OOL","WLG","P","A","AU","unavailable","unavailable","35 - 44 years","M","","N","unavailable","unavailable",3
202207,"unavailable","ADL","AKL","P","A","HU","unavailable","unavailable","35 - 44 years","F","","N","unavailable","unavailable",3
202207,"unavailable","NAN","CHC","P","A","FJ","unavailable","unavailable","45 - 54 years","M","","N","unavailable","unavailable",3
202207,"unavailable","PER","AKL","P","A","AU","unavailable","unavailable","45 - 54 years","F","","N","unavailable","unavailable",3
202207,"unavailable","MEL","WLG","P","A","ID","unavailable","unavailable","01 - 11 years","F","","N","unavailable","unavailable",3
202207,"unavailable","ADL","AKL","P","A","IR","unavailable","unavailable","35 - 44 years","F","","N","unavailable","unavailable",3
202207,"unavailable","KUL","AKL","P","A","BT","unavailable","unavailable","25 - 34 years","M","","N","unavailable","unavailable",3
202207,"unavailable","KUL","AKL","P","A","XX","unavailable","unavailable","45 - 54 years","F","","N","unavailable","unavailable",3
202207,"unavailable","SYD","AKL","P","A","PG","unavailable","unavailable","19 - 24 years","M","","N","unavailable","unavailable",3
202207,"unavailable","HKG","AKL","P","A","TR","unavailable","unavailable","01 - 11 years","M","","N","unavailable","unavailable",3
202207,"unavailable","ADL","AKL","P","A","CZ","unavailable","unavailable","25 - 34 years","F","","N","unavailable","unavailable",3
202207,"unavailable","KUL","AKL","P","A","PT","unavailable","unavailable","45 - 54 years","F","","N","unavailable","unavailable",3
202207,"unavailable","SIN","CHC","P","A","BD","unavailable","unavailable","01 - 11 years","F","","N","unavailable","unavailable",3
202207,"unavailable","KUL","AKL","P","A","IE","unavailable","unavailable","19 - 24 years","M","","N","unavailable","unavailable",3
202207,"unavailable","SYD","AKL","P","A","PG","unavailable","unavailable","25 - 34 years","F","","N","unavailable","unavailable",3
202207,"unavailable","MEL","AKL","P","A","LK","unavailable","unavailable","45 - 54 years","M","","N","unavailable","unavailable",3
202207,"unavailable","HKG","AKL","P","A","DE","unavailable","unavailable","12 - 18 years","M","","N","unavailable","unavailable",3
202207,"unavailable","ADL","AKL","P","A","QA","unavailable","unavailable","19 - 24 years","F","","N","unavailable","unavailable",3
202207,"unavailable","SIN","AKL","P","A","UA","unavailable","unavailable","75+","F","","N","unavailable","unavailable",3
202207,"unavailable","SCL","AKL","P","A","BO","unavailable","unavailable","35 - 44 years","F","","N","unavailable","unavailable",3
202207,"unavailable","SIN","CHC","P","A","TH","unavailable","unavailable","12 - 18 years","F","","N","unavailable","unavailable",3
202207,"unavailable","SIN","CHC","P","A","QA","unavailable","unavailable","25 - 34 years","M","","N","unavailable","unavailable",3
202207,"unavailable","ADL","AKL","P","A","CN","unavailable","unavailable","19 - 24 years","F","","N","unavailable","unavailable",3
202207,"unavailable","HKG","AKL","P","A","FR","unavailable","unavailable","25 - 34 years","M","","N","unavailable","unavailable",3
202207,"unavailable","BNE","CHC","P","A","AU","unavailable","unavailable","35 - 44 years","M","","N","unavailable","unavailable",3
202207,"unavailable","SYD","CHC","P","A","ZA","unavailable","unavailable","35 - 44 years","M","","N","unavailable","unavailable",3
202207,"unavailable","MEL","ZQN","P","A","AU","unavailable","unavailable","25 - 34 years","M","","N","unavailable","unavailable",3
202207,"unavailable","ADL","AKL","P","A","NL","unavailable","unavailable","25 - 34 years","F","","N","unavailable","unavailable",3
202207,"unavailable","SIN","CHC","P","A","NP","unavailable","unavailable","25 - 34 years","F","","N","unavailable","unavailable",3
202207,"unavailable","SYD","WLG","P","A","SG","unavailable","unavailable","35 - 44 years","M","","N","unavailable","unavailable",3
202207,"unavailable","SYD","WLG","P","A","JP","unavailable","unavailable","12 - 18 years","M","","N","unavailable","unavailable",3
202207,"unavailable","OOL","AKL","P","A","XX","unavailable","unavailable","65 - 74 years","F","","N","unavailable","unavailable",3
202207,"unavailable","ADL","AKL","P","A","DK","unavailable","unavailable","35 - 44 years","F","","N","unavailable","unavailable",3
202207,"unavailable","SIN","AKL","P","A","QA","unavailable","unavailable","35 - 44 years","F","","N","unavailable","unavailable",3
202207,"unavailable","SCL","AKL","P","A","DK","unavailable","unavailable","25 - 34 years","F","","N","unavailable","unavailable",3
202207,"unavailable","SHA","AKL","P","A","XX","unavailable","unavailable","25 - 34 years","M","","N","unavailable","unavailable",3
202207,"unavailable","ADL","AKL","P","A","AU","unavailable","unavailable","75+","F","","N","unavailable","unavailable",3
202207,"unavailable","HNL","AKL","P","A","US","unavailable","unavailable","65 - 74 years","F","","N","unavailable","unavailable",3
202207,"unavailable","KUL","AKL","P","A","EG","unavailable","unavailable","25 - 34 years","M","","N","unavailable","unavailable",3
202207,"unavailable","RAR","AKL","P","A","XX","unavailable","unavailable","01 - 11 years","M","","N","unavailable","unavailable",3
202207,"unavailable","SHA","AKL","P","A","XX","unavailable","unavailable","75+","F","","N","unavailable","unavailable",3
202207,"unavailable","HKG","AKL","P","A","XX","unavailable","unavailable","19 - 24 years","M","","N","unavailable","unavailable",3
202207,"unavailable","SYD","CHC","P","A","AU","unavailable","unavailable","65 - 74 years","F","","N","unavailable","unavailable",3
202207,"unavailable","MEL","CHC","P","A","BE","unavailable","unavailable","25 - 34 years","F","","N","unavailable","unavailable",3
202207,"unavailable","ADL","AKL","P","A","SA","unavailable","unavailable","25 - 34 years","F","","N","unavailable","unavailable",3
202207,"unavailable","ADL","AKL","P","A","SE","unavailable","unavailable","01 - 11 years","M","","N","unavailable","unavailable",3
202207,"unavailable","KUL","AKL","P","A","IN","unavailable","unavailable","45 - 54 years","M","","N","unavailable","unavailable",3
202207,"unavailable","SYD","AKL","P","A","TH","unavailable","unavailable","25 - 34 years","F","","N","unavailable","unavailable",3
202207,"unavailable","YVR","AKL","P","A","XX","unavailable","unavailable","75+","M","","N","unavailable","unavailable",3
202207,"unavailable","BNE","WLG","P","A","CA","unavailable","unavailable","35 - 44 years","F","","N","unavailable","unavailable",3
202207,"unavailable","SIN","CHC","P","A","LK","unavailable","unavailable","12 - 18 years","M","","N","unavailable","unavailable",3
202207,"unavailable","KUL","AKL","P","A","SA","unavailable","unavailable","25 - 34 years","F","","N","unavailable","unavailable",3
202207,"unavailable","SIN","CHC","P","A","PH","unavailable","unavailable","01 - 11 years","M","","N","unavailable","unavailable",3
202207,"unavailable","BNE","AKL","P","A","PG","unavailable","unavailable","12 - 18 years","M","","N","unavailable","unavailable",3
202207,"unavailable","KUL","AKL","P","A","IE","unavailable","unavailable","25 - 34 years","M","","N","unavailable","unavailable",3
202207,"unavailable","HKG","AKL","P","A","JP","unavailable","unavailable","55 - 64 years","M","","N","unavailable","unavailable",3
202207,"unavailable","IAH","AKL","P","A","US","unavailable","unavailable","19 - 24 years","F","","N","unavailable","unavailable",3
202207,"unavailable","SYD","WLG","P","A","ZA","unavailable","unavailable","25 - 34 years","M","","N","unavailable","unavailable",3
202207,"unavailable","MEL","AKL","P","A","AE","unavailable","unavailable","55 - 64 years","M","","N","unavailable","unavailable",3
202207,"unavailable","PPT","AKL","P","A","US","unavailable","unavailable","19 - 24 years","F","","N","unavailable","unavailable",3
202207,"unavailable","MEL","WLG","P","A","XX","unavailable","unavailable","65 - 74 years","M","","N","unavailable","unavailable",3
202207,"unavailable","MEL","AKL","P","A","ZA","unavailable","unavailable","01 - 11 years","F","","N","unavailable","unavailable",3
202207,"unavailable","ADL","AKL","P","A","BE","unavailable","unavailable","25 - 34 years","F","","N","unavailable","unavailable",3
202207,"unavailable","SIN","CHC","P","A","NP","unavailable","unavailable","01 - 11 years","M","","N","unavailable","unavailable",3
202207,"unavailable","SFO","AKL","P","A","FR","unavailable","unavailable","25 - 34 years","M","","N","unavailable","unavailable",3
202207,"unavailable","HKG","AKL","P","A","CN","unavailable","unavailable","45 - 54 years","M","","N","unavailable","unavailable",3
202207,"unavailable","IAH","AKL","P","A","XX","unavailable","unavailable","35 - 44 years","F","","N","unavailable","unavailable",3
202207,"unavailable","SYD","WLG","P","A","AU","unavailable","unavailable","45 - 54 years","F","","N","unavailable","unavailable",3
202207,"unavailable","IAH","AKL","P","A","US","unavailable","unavailable","01 - 11 years","F","","N","unavailable","unavailable",3
202207,"unavailable","VLI","AKL","P","A","AU","unavailable","unavailable","35 - 44 years","M","","N","unavailable","unavailable",3
202207,"unavailable","KUL","AKL","P","A","IN","unavailable","unavailable","45 - 54 years","F","","N","unavailable","unavailable",3
202207,"unavailable","SCL","AKL","P","A","FR","unavailable","unavailable","25 - 34 years","F","","N","unavailable","unavailable",3
202207,"unavailable","MEL","AKL","P","A","VN","unavailable","unavailable","01 - 11 years","F","","N","unavailable","unavailable",3
202207,"unavailable","NAN","AKL","P","A","CA","unavailable","unavailable","25 - 34 years","M","","N","unavailable","unavailable",3
202207,"unavailable","MEL","WLG","P","A","AU","unavailable","unavailable","12 - 18 years","F","","N","unavailable","unavailable",3
202207,"unavailable","MEL","ZQN","P","A","ID","unavailable","unavailable","19 - 24 years","F","","N","unavailable","unavailable",3
202207,"unavailable","KUL","AKL","P","A","RW","unavailable","unavailable","19 - 24 years","M","","N","unavailable","unavailable",3
202207,"unavailable","SYD","CHC","P","A","ZA","unavailable","unavailable","01 - 11 years","M","","N","unavailable","unavailable",3
202207,"unavailable","KUL","AKL","P","A","BE","unavailable","unavailable","01 - 11 years","M","","N","unavailable","unavailable",3
202207,"unavailable","SYD","AKL","P","A","GB","unavailable","unavailable","55 - 64 years","M","","N","unavailable","unavailable",3
202207,"unavailable","CAN","AKL","P","A","CN","unavailable","unavailable","75+","F","","N","unavailable","unavailable",3
202207,"unavailable","BNE","AKL","P","A","CA","unavailable","unavailable","25 - 34 years","F","","N","unavailable","unavailable",3
202207,"unavailable","SYD","ZQN","P","A","GB","unavailable","unavailable","75+","F","","N","unavailable","unavailable",3
202207,"unavailable","KUL","AKL","P","A","BD","unavailable","unavailable","25 - 34 years","F","","N","unavailable","unavailable",3
202207,"unavailable","SIN","AKL","P","A","IN","unavailable","unavailable","55 - 64 years","M","","N","unavailable","unavailable",3
202207,"unavailable","SYD","AKL","P","A","SA","unavailable","unavailable","35 - 44 years","F","","N","unavailable","unavailable",3
202207,"unavailable","BNE","AKL","P","A","AU","unavailable","unavailable","75+","F","","N","unavailable","unavailable",3
202207,"unavailable","LAX","AKL","P","A","ES","unavailable","unavailable","12 - 18 years","F","","N","unavailable","unavailable",3
202207,"unavailable","MEL","AKL","P","A","ZA","unavailable","unavailable","45 - 54 years","F","","N","unavailable","unavailable",3
202207,"unavailable","MEL","AKL","P","A","MY","unavailable","unavailable","25 - 34 years","F","","N","unavailable","unavailable",3
202207,"unavailable","PER","AKL","P","A","AU","unavailable","unavailable","65 - 74 years","F","","N","unavailable","unavailable",3
202207,"unavailable","HNL","AKL","P","A","US","unavailable","unavailable","55 - 64 years","M","","N","unavailable","unavailable",3
202207,"unavailable","KUL","AKL","P","A","GB","unavailable","unavailable","19 - 24 years","F","","N","unavailable","unavailable",3
202207,"unavailable","HNL","AKL","P","A","XX","unavailable","unavailable","25 - 34 years","F","","N","unavailable","unavailable",3
202207,"unavailable","MEL","WLG","P","A","AU","unavailable","unavailable","01 - 11 years","M","","N","unavailable","unavailable",3
202207,"unavailable","SYD","ZQN","P","A","AU","unavailable","unavailable","25 - 34 years","F","","N","unavailable","unavailable",3
202207,"unavailable","SIN","AKL","P","A","LK","unavailable","unavailable","45 - 54 years","F","","N","unavailable","unavailable",3
202207,"unavailable","LAX","AKL","P","A","US","unavailable","unavailable","65 - 74 years","F","","N","unavailable","unavailable",3
202207,"unavailable","HBA","AKL","P","A","AU","unavailable","unavailable","75+","F","","N","unavailable","unavailable",3
202207,"unavailable","SIN","AKL","P","A","TH","unavailable","unavailable","19 - 24 years","M","","N","unavailable","unavailable",3
202207,"unavailable","OOL","WLG","P","A","AU","unavailable","unavailable","01 - 11 years","F","","N","unavailable","unavailable",3
202207,"unavailable","KUL","AKL","P","A","QA","unavailable","unavailable","12 - 18 years","F","","N","unavailable","unavailable",3
202207,"unavailable","BNE","AKL","P","A","PG","unavailable","unavailable","25 - 34 years","F","","N","unavailable","unavailable",3
202207,"unavailable","SIN","CHC","P","A","VN","unavailable","unavailable","25 - 34 years","M","","N","unavailable","unavailable",3
202207,"unavailable","SIN","AKL","P","A","AR","unavailable","unavailable","35 - 44 years","F","","N","unavailable","unavailable",3
202207,"unavailable","BNE","AKL","P","A","PG","unavailable","unavailable","45 - 54 years","F","","N","unavailable","unavailable",3
202207,"unavailable","OOL","WLG","P","A","AU","unavailable","unavailable","45 - 54 years","M","","N","unavailable","unavailable",3
202207,"unavailable","SIN","AKL","P","A","JP","unavailable","unavailable","01 - 11 years","M","","N","unavailable","unavailable",3
202207,"unavailable","NRT","AKL","P","A","JP","unavailable","unavailable","35 - 44 years","M","","N","unavailable","unavailable",3
202207,"unavailable","BNE","CHC","P","A","AU","unavailable","unavailable","55 - 64 years","M","","N","unavailable","unavailable",3
202207,"unavailable","MEL","AKL","P","A","FR","unavailable","unavailable","25 - 34 years","M","","N","unavailable","unavailable",3
202207,"unavailable","KUL","AKL","P","A","AE","unavailable","unavailable","01 - 11 years","M","","N","unavailable","unavailable",3
202207,"unavailable","SYD","WLG","P","A","ID","unavailable","unavailable","19 - 24 years","F","","N","unavailable","unavailable",3
202207,"unavailable","SYD","ZQN","P","A","AT","unavailable","unavailable","25 - 34 years","M","","N","unavailable","unavailable",3
202207,"unavailable","MEL","AKL","P","A","ZA","unavailable","unavailable","25 - 34 years","M","","N","unavailable","unavailable",3
202207,"unavailable","KUL","AKL","P","A","MU","unavailable","unavailable","12 - 18 years","M","","N","unavailable","unavailable",3
202207,"unavailable","SIN","AKL","P","A","ID","unavailable","unavailable","12 - 18 years","F","","N","unavailable","unavailable",3
202207,"unavailable","SYD","AKL","P","A","SG","unavailable","unavailable","25 - 34 years","F","","N","unavailable","unavailable",3
202207,"unavailable","SIN","AKL","P","A","ID","unavailable","unavailable","19 - 24 years","F","","N","unavailable","unavailable",3
202207,"unavailable","IAH","AKL","P","A","US","unavailable","unavailable","55 - 64 years","M","","N","unavailable","unavailable",3
202207,"unavailable","ADL","AKL","P","A","OM","unavailable","unavailable","35 - 44 years","F","","N","unavailable","unavailable",3
202207,"unavailable","LAX","AKL","P","A","IE","unavailable","unavailable","12 - 18 years","F","","N","unavailable","unavailable",3
202207,"unavailable","MEL","WLG","P","A","GB","unavailable","unavailable","01 - 11 years","M","","N","unavailable","unavailable",3
202207,"unavailable","BNE","AKL","P","A","PG","unavailable","unavailable","45 - 54 years","M","","N","unavailable","unavailable",3
202207,"unavailable","SIN","AKL","P","A","NL","unavailable","unavailable","25 - 34 years","M","","N","unavailable","unavailable",3
202207,"unavailable","MEL","AKL","P","A","LK","unavailable","unavailable","35 - 44 years","M","","N","unavailable","unavailable",3
202207,"unavailable","SIN","CHC","P","A","IT","unavailable","unavailable","19 - 24 years","M","","N","unavailable","unavailable",3
202207,"unavailable","MEL","AKL","P","A","PH","unavailable","unavailable","25 - 34 years","F","","N","unavailable","unavailable",3
202207,"unavailable","SIN","AKL","P","A","AE","unavailable","unavailable","01 - 11 years","M","","N","unavailable","unavailable",3
202207,"unavailable","PER","AKL","P","A","AU","unavailable","unavailable","12 - 18 years","M","","N","unavailable","unavailable",3
202207,"unavailable","SCL","AKL","P","A","UY","unavailable","unavailable","25 - 34 years","M","","N","unavailable","unavailable",3
202207,"unavailable","SYD","WLG","P","A","GB","unavailable","unavailable","19 - 24 years","M","","N","unavailable","unavailable",3
202207,"unavailable","MEL","WLG","P","A","SG","unavailable","unavailable","25 - 34 years","M","","N","unavailable","unavailable",3
202207,"unavailable","SIN","CHC","P","A","MY","unavailable","unavailable","19 - 24 years","M","","N","unavailable","unavailable",3
202207,"unavailable","SYD","ZQN","P","A","GB","unavailable","unavailable","25 - 34 years","F","","N","unavailable","unavailable",3
202207,"unavailable","SIN","CHC","P","A","SG","unavailable","unavailable","55 - 64 years","M","","N","unavailable","unavailable",3
202207,"unavailable","BNE","AKL","P","A","XX","unavailable","unavailable","19 - 24 years","M","","N","unavailable","unavailable",3
202207,"unavailable","NAN","WLG","P","A","US","unavailable","unavailable","55 - 64 years","F","","N","unavailable","unavailable",3
202207,"unavailable","HKG","AKL","P","A","HK","unavailable","unavailable","01 - 11 years","M","","N","unavailable","unavailable",3
202207,"unavailable","SFO","AKL","P","A","GB","unavailable","unavailable","35 - 44 years","M","","N","unavailable","unavailable",3
202207,"unavailable","MEL","CHC","P","A","ID","unavailable","unavailable","25 - 34 years","F","","N","unavailable","unavailable",3
202207,"unavailable","BNE","ZQN","P","A","AU","unavailable","unavailable","35 - 44 years","M","","N","unavailable","unavailable",3
202207,"unavailable","SYD","AKL","P","A","XX","unavailable","unavailable","01 - 11 years","F","","N","unavailable","unavailable",3
202207,"unavailable","SCL","AKL","P","A","CO","unavailable","unavailable","35 - 44 years","M","","N","unavailable","unavailable",3
202207,"unavailable","SYD","WLG","P","A","BE","unavailable","unavailable","25 - 34 years","F","","N","unavailable","unavailable",3
202207,"unavailable","MEL","AKL","P","A","GB","unavailable","unavailable","01 - 11 years","M","","N","unavailable","unavailable",3
202207,"unavailable","SHA","AKL","P","A","XX","unavailable","unavailable","55 - 64 years","M","","N","unavailable","unavailable",3
202207,"unavailable","MEL","WLG","P","A","GB","unavailable","unavailable","35 - 44 years","M","","N","unavailable","unavailable",3
202207,"unavailable","KUL","AKL","P","A","CZ","unavailable","unavailable","25 - 34 years","M","","N","unavailable","unavailable",3
202207,"unavailable","MEL","WLG","P","A","US","unavailable","unavailable","45 - 54 years","F","","N","unavailable","unavailable",3
202207,"unavailable","SIN","AKL","P","A","SG","unavailable","unavailable","19 - 24 years","M","","N","unavailable","unavailable",3
202207,"unavailable","MEL","WLG","P","A","GB","unavailable","unavailable","55 - 64 years","F","","N","unavailable","unavailable",3
202207,"unavailable","SFO","AKL","P","A","US","unavailable","unavailable","45 - 54 years","F","","N","unavailable","unavailable",3
202207,"unavailable","KUL","AKL","P","A","NL","unavailable","unavailable","45 - 54 years","F","","N","unavailable","unavailable",3
202207,"unavailable","NAN","CHC","P","A","FJ","unavailable","unavailable","25 - 34 years","F","","N","unavailable","unavailable",3
202207,"unavailable","TBU","AKL","P","A","TO","unavailable","unavailable","65 - 74 years","M","","N","unavailable","unavailable",3
202207,"unavailable","SIN","AKL","P","A","SG","unavailable","unavailable","12 - 18 years","M","","N","unavailable","unavailable",3
202207,"unavailable","KUL","AKL","P","A","KZ","unavailable","unavailable","55 - 64 years","F","","N","unavailable","unavailable",3
202207,"unavailable","BNE","AKL","P","A","KI","unavailable","unavailable","25 - 34 years","F","","N","unavailable","unavailable",3
202207,"unavailable","IAH","AKL","P","A","ES","unavailable","unavailable","19 - 24 years","F","","N","unavailable","unavailable",3
202207,"unavailable","MEL","AKL","P","A","IE","unavailable","unavailable","25 - 34 years","M","","N","unavailable","unavailable",3
202207,"unavailable","TBU","AKL","P","A","TO","unavailable","unavailable","55 - 64 years","M","","N","unavailable","unavailable",3
202207,"unavailable","SYD","AKL","P","A","ZA","unavailable","unavailable","19 - 24 years","M","","N","unavailable","unavailable",3
202207,"unavailable","SCL","AKL","P","A","BR","unavailable","unavailable","25 - 34 years","F","","N","unavailable","unavailable",3
202207,"unavailable","BNE","WLG","P","A","AU","unavailable","unavailable","19 - 24 years","M","","N","unavailable","unavailable",3
202207,"unavailable","KUL","AKL","P","A","CH","unavailable","unavailable","01 - 11 years","M","","N","unavailable","unavailable",3
202207,"unavailable","SIN","AKL","P","A","DK","unavailable","unavailable","12 - 18 years","F","","N","unavailable","unavailable",3
202207,"unavailable","SIN","AKL","P","A","MY","unavailable","unavailable","12 - 18 years","F","","N","unavailable","unavailable",3
202207,"unavailable","SUV","AKL","P","A","FJ","unavailable","unavailable","35 - 44 years","M","","N","unavailable","unavailable",3
202207,"unavailable","YVR","AKL","P","A","XX","unavailable","unavailable","19 - 24 years","M","","N","unavailable","unavailable",3
202207,"unavailable","MEL","WLG","P","A","XX","unavailable","unavailable","25 - 34 years","M","","N","unavailable","unavailable",3
202207,"unavailable","LAX","AKL","P","A","GB","unavailable","unavailable","25 - 34 years","M","","N","unavailable","unavailable",3
202207,"unavailable","SYD","AKL","P","A","DE","unavailable","unavailable","25 - 34 years","F","","N","unavailable","unavailable",3
202207,"unavailable","SIN","CHC","P","A","GB","unavailable","unavailable","01 - 11 years","F","","N","unavailable","unavailable",3
202207,"unavailable","NAN","AKL","P","A","JP","unavailable","unavailable","35 - 44 years","M","","N","unavailable","unavailable",3
202207,"unavailable","SIN","CHC","P","A","OM","unavailable","unavailable","35 - 44 years","M","","N","unavailable","unavailable",3
202207,"unavailable","KUL","AKL","P","A","SA","unavailable","unavailable","12 - 18 years","M","","N","unavailable","unavailable",3
202207,"unavailable","NAN","CHC","P","A","US","unavailable","unavailable","19 - 24 years","F","","N","unavailable","unavailable",3
202207,"unavailable","MEL","AKL","P","A","LK","unavailable","unavailable","55 - 64 years","F","","N","unavailable","unavailable",3
202207,"unavailable","TBU","AKL","P","A","TO","unavailable","unavailable","01 - 11 years","M","","N","unavailable","unavailable",3
202207,"unavailable","HKG","AKL","P","A","GB","unavailable","unavailable","25 - 34 years","F","","N","unavailable","unavailable",3
202207,"unavailable","KUL","AKL","P","A","TH","unavailable","unavailable","12 - 18 years","F","","N","unavailable","unavailable",3
202207,"unavailable","MEL","CHC","P","A","AU","unavailable","unavailable","19 - 24 years","F","","N","unavailable","unavailable",3
202207,"unavailable","BNE","AKL","P","A","CA","unavailable","unavailable","25 - 34 years","M","","N","unavailable","unavailable",3
202207,"unavailable","SCL","AKL","P","A","BO","unavailable","unavailable","35 - 44 years","M","","N","unavailable","unavailable",3
202207,"unavailable","SIN","AKL","P","A","ES","unavailable","unavailable","45 - 54 years","M","","N","unavailable","unavailable",3
202207,"unavailable","SCL","AKL","P","A","AR","unavailable","unavailable","45 - 54 years","M","","N","unavailable","unavailable",3
202207,"unavailable","MEL","ZQN","P","A","AU","unavailable","unavailable","19 - 24 years","F","","N","unavailable","unavailable",3
202207,"unavailable","SIN","CHC","P","A","GB","unavailable","unavailable","12 - 18 years","F","","N","unavailable","unavailable",3
202207,"unavailable","PER","AKL","P","A","UA","unavailable","unavailable","55 - 64 years","F","","N","unavailable","unavailable",3
202207,"unavailable","MEL","AKL","P","A","GB","unavailable","unavailable","35 - 44 years","M","","N","unavailable","unavailable",3
202207,"unavailable","PER","AKL","P","A","UA","unavailable","unavailable","65 - 74 years","F","","N","unavailable","unavailable",3
202207,"unavailable","NRT","AKL","P","A","JP","unavailable","unavailable","Less than 1 year","M","","N","unavailable","unavailable",3
202207,"unavailable","KUL","AKL","P","A","PK","unavailable","unavailable","25 - 34 years","F","","N","unavailable","unavailable",3
202207,"unavailable","YVR","AKL","P","A","CA","unavailable","unavailable","12 - 18 years","M","","N","unavailable","unavailable",3
202207,"unavailable","NAN","AKL","P","A","US","unavailable","unavailable","19 - 24 years","F","","N","unavailable","unavailable",3
202207,"unavailable","MEL","CHC","P","A","AU","unavailable","unavailable","55 - 64 years","F","","N","unavailable","unavailable",3
202207,"unavailable","SCL","AKL","P","A","FK","unavailable","unavailable","55 - 64 years","M","","N","unavailable","unavailable",3
202207,"unavailable","RAR","AKL","P","A","CK","unavailable","unavailable","12 - 18 years","F","","N","unavailable","unavailable",3
202207,"unavailable","LAX","AKL","P","A","IE","unavailable","unavailable","19 - 24 years","M","","N","unavailable","unavailable",3
202207,"unavailable","SIN","AKL","P","A","KR","unavailable","unavailable","19 - 24 years","F","","N","unavailable","unavailable",3
202207,"unavailable","SEL","AKL","P","A","KR","unavailable","unavailable","45 - 54 years","F","","N","unavailable","unavailable",3
202207,"unavailable","PER","AKL","P","A","AU","unavailable","unavailable","75+","F","","N","unavailable","unavailable",3
202207,"unavailable","SIN","AKL","P","A","CZ","unavailable","unavailable","25 - 34 years","F","","N","unavailable","unavailable",3
202207,"unavailable","SEL","AKL","P","A","KR","unavailable","unavailable","55 - 64 years","F","","N","unavailable","unavailable",3
202207,"unavailable","KUL","AKL","P","A","MY","unavailable","unavailable","65 - 74 years","M","","N","unavailable","unavailable",3
202207,"unavailable","SYD","CHC","P","A","AU","unavailable","unavailable","25 - 34 years","M","","N","unavailable","unavailable",3
202207,"unavailable","SIN","AKL","P","A","MY","unavailable","unavailable","19 - 24 years","F","","N","unavailable","unavailable",3
202207,"unavailable","SIN","CHC","P","A","CA","unavailable","unavailable","25 - 34 years","M","","N","unavailable","unavailable",3
202207,"unavailable","ADL","AKL","P","A","NL","unavailable","unavailable","19 - 24 years","M","","N","unavailable","unavailable",3
202207,"unavailable","NAN","CHC","P","A","FJ","unavailable","unavailable","12 - 18 years","F","","N","unavailable","unavailable",3
202207,"unavailable","NAN","AKL","P","A","XX","unavailable","unavailable","01 - 11 years","M","","N","unavailable","unavailable",3
202207,"unavailable","NAN","AKL","P","A","FJ","unavailable","unavailable","65 - 74 years","M","","N","unavailable","unavailable",3
202207,"unavailable","MEL","AKL","P","A","ZA","unavailable","unavailable","35 - 44 years","F","","N","unavailable","unavailable",3
202207,"unavailable","MEL","CHC","P","A","CZ","unavailable","unavailable","45 - 54 years","F","","N","unavailable","unavailable",3
202207,"unavailable","ADL","AKL","P","A","GB","unavailable","unavailable","35 - 44 years","F","","N","unavailable","unavailable",3
202207,"unavailable","KUL","AKL","P","A","OM","unavailable","unavailable","01 - 11 years","M","","N","unavailable","unavailable",3
202207,"unavailable","MEL","CHC","P","A","DE","unavailable","unavailable","25 - 34 years","F","","N","unavailable","unavailable",3
202207,"unavailable","SHA","AKL","P","A","CN","unavailable","unavailable","Less than 1 year","M","","N","unavailable","unavailable",3
202207,"unavailable","LAX","AKL","P","A","DE","unavailable","unavailable","12 - 18 years","F","","N","unavailable","unavailable",3
202207,"unavailable","DOH","AKL","P","A","AE","unavailable","unavailable","01 - 11 years","M","","N","unavailable","unavailable",3
202207,"unavailable","YVR","AKL","P","A","CA","unavailable","unavailable","01 - 11 years","F","","N","unavailable","unavailable",3
202207,"unavailable","NRT","AKL","P","A","XX","unavailable","unavailable","35 - 44 years","F","","N","unavailable","unavailable",3
202207,"unavailable","MEL","AKL","P","A","XX","unavailable","unavailable","55 - 64 years","M","","N","unavailable","unavailable",3
202207,"unavailable","BNE","AKL","P","A","GB","unavailable","unavailable","35 - 44 years","F","","N","unavailable","unavailable",3
202207,"unavailable","MEL","CHC","P","A","ZA","unavailable","unavailable","01 - 11 years","F","","N","unavailable","unavailable",3
202207,"unavailable","SIN","CHC","P","A","LK","unavailable","unavailable","12 - 18 years","F","","N","unavailable","unavailable",3
202207,"unavailable","KUL","AKL","P","A","IN","unavailable","unavailable","12 - 18 years","M","","N","unavailable","unavailable",3
202207,"unavailable","ADL","AKL","P","A","NO","unavailable","unavailable","25 - 34 years","F","","N","unavailable","unavailable",3
202207,"unavailable","PPT","AKL","P","A","US","unavailable","unavailable","55 - 64 years","F","","N","unavailable","unavailable",3
202207,"unavailable","SYD","WLG","P","A","ZA","unavailable","unavailable","25 - 34 years","F","","N","unavailable","unavailable",3
202207,"unavailable","SIN","AKL","P","A","ZA","unavailable","unavailable","19 - 24 years","F","","N","unavailable","unavailable",3
202207,"unavailable","HKG","AKL","P","A","HK","unavailable","unavailable","19 - 24 years","M","","N","unavailable","unavailable",3
202207,"unavailable","HKG","AKL","P","A","IL","unavailable","unavailable","01 - 11 years","M","","N","unavailable","unavailable",3
202207,"unavailable","SIN","CHC","P","A","UA","unavailable","unavailable","12 - 18 years","F","","N","unavailable","unavailable",3
202207,"unavailable","CAN","AKL","P","A","XX","unavailable","unavailable","25 - 34 years","F","","N","unavailable","unavailable",3
202207,"unavailable","SYD","AKL","P","A","MY","unavailable","unavailable","25 - 34 years","F","","N","unavailable","unavailable",3
202207,"unavailable","VLI","AKL","P","A","AU","unavailable","unavailable","01 - 11 years","F","","N","unavailable","unavailable",3
202207,"unavailable","ADL","AKL","P","A","FR","unavailable","unavailable","25 - 34 years","M","","N","unavailable","unavailable",3
202207,"unavailable","SIN","AKL","P","A","AE","unavailable","unavailable","12 - 18 years","F","","N","unavailable","unavailable",3
202207,"unavailable","SIN","AKL","P","A","SA","unavailable","unavailable","35 - 44 years","F","","N","unavailable","unavailable",3
202207,"unavailable","ADL","AKL","P","A","ZA","unavailable","unavailable","45 - 54 years","F","","N","unavailable","unavailable",3
202207,"unavailable","BNE","ZQN","P","A","FR","unavailable","unavailable","19 - 24 years","M","","N","unavailable","unavailable",3
202207,"unavailable","SYD","CHC","P","A","JP","unavailable","unavailable","25 - 34 years","M","","N","unavailable","unavailable",3
202207,"unavailable","BNE","ZQN","P","A","AU","unavailable","unavailable","25 - 34 years","F","","N","unavailable","unavailable",3
202207,"unavailable","SIN","AKL","P","A","AE","unavailable","unavailable","19 - 24 years","M","","N","unavailable","unavailable",3
202207,"unavailable","SYD","AKL","P","A","PH","unavailable","unavailable","45 - 54 years","M","","N","unavailable","unavailable",3
202207,"unavailable","KUL","AKL","P","A","NL","unavailable","unavailable","01 - 11 years","M","","N","unavailable","unavailable",3
202207,"unavailable","NAN","CHC","P","A","FJ","unavailable","unavailable","35 - 44 years","F","","N","unavailable","unavailable",3
202207,"unavailable","KUL","AKL","P","A","GB","unavailable","unavailable","45 - 54 years","M","","N","unavailable","unavailable",3
202207,"unavailable","HKG","AKL","P","A","HK","unavailable","unavailable","65 - 74 years","F","","N","unavailable","unavailable",3
202207,"unavailable","SIN","AKL","P","A","KH","unavailable","unavailable","65 - 74 years","M","","N","unavailable","unavailable",3
202207,"unavailable","SYD","AKL","P","A","ZA","unavailable","unavailable","12 - 18 years","F","","N","unavailable","unavailable",3
202207,"unavailable","SIN","CHC","P","A","IE","unavailable","unavailable","19 - 24 years","M","","N","unavailable","unavailable",3
202207,"unavailable","KUL","AKL","P","A","AE","unavailable","unavailable","19 - 24 years","M","","N","unavailable","unavailable",3
202207,"unavailable","KUL","AKL","P","A","MY","unavailable","unavailable","55 - 64 years","M","","N","unavailable","unavailable",3
202207,"unavailable","ADL","AKL","P","A","TR","unavailable","unavailable","01 - 11 years","F","","N","unavailable","unavailable",3
202207,"unavailable","NRT","AKL","P","A","JP","unavailable","unavailable","55 - 64 years","M","","N","unavailable","unavailable",3
202207,"unavailable","SFO","AKL","P","A","FR","unavailable","unavailable","25 - 34 years","F","","N","unavailable","unavailable",3
202207,"unavailable","HKG","AKL","P","A","KW","unavailable","unavailable","35 - 44 years","M","","N","unavailable","unavailable",3
202207,"unavailable","NRT","AKL","P","A","JP","unavailable","unavailable","65 - 74 years","F","","N","unavailable","unavailable",3
202207,"unavailable","MEL","WLG","P","A","SG","unavailable","unavailable","25 - 34 years","F","","N","unavailable","unavailable",3
202207,"unavailable","NAN","AKL","P","A","IT","unavailable","unavailable","25 - 34 years","M","","N","unavailable","unavailable",3
202207,"unavailable","SYD","WLG","P","A","ZA","unavailable","unavailable","Less than 1 year","F","","N","unavailable","unavailable",3
202207,"unavailable","SIN","AKL","P","A","FR","unavailable","unavailable","25 - 34 years","M","","N","unavailable","unavailable",3
202207,"unavailable","KUL","AKL","P","A","GB","unavailable","unavailable","01 - 11 years","M","","N","unavailable","unavailable",3
202207,"unavailable","TPE","AKL","P","A","TW","unavailable","unavailable","65 - 74 years","F","","N","unavailable","unavailable",3
202207,"unavailable","SYD","AKL","P","A","PH","unavailable","unavailable","55 - 64 years","M","","N","unavailable","unavailable",3
202207,"unavailable","NAN","AKL","P","A","CZ","unavailable","unavailable","25 - 34 years","M","","N","unavailable","unavailable",3
202207,"unavailable","MEL","AKL","P","A","IN","unavailable","unavailable","45 - 54 years","F","","N","unavailable","unavailable",3
202207,"unavailable","SIN","AKL","P","A","DE","unavailable","unavailable","12 - 18 years","M","","N","unavailable","unavailable",3
202207,"unavailable","SIN","CHC","P","A","PH","unavailable","unavailable","12 - 18 years","F","","N","unavailable","unavailable",3
202207,"unavailable","NOU","AKL","P","A","NC","unavailable","unavailable","35 - 44 years","M","","N","unavailable","unavailable",3
202207,"unavailable","KUL","AKL","P","A","XX","unavailable","unavailable","65 - 74 years","M","","N","unavailable","unavailable",3
202207,"unavailable","ADL","AKL","P","A","DE","unavailable","unavailable","12 - 18 years","M","","N","unavailable","unavailable",3
202207,"unavailable","NRT","AKL","P","A","JP","unavailable","unavailable","19 - 24 years","M","","N","unavailable","unavailable",3
202207,"unavailable","MEL","CHC","P","A","AU","unavailable","unavailable","12 - 18 years","M","","N","unavailable","unavailable",3
202207,"unavailable","MEL","AKL","P","A","ZA","unavailable","unavailable","35 - 44 years","M","","N","unavailable","unavailable",3
202207,"unavailable","DOH","AKL","P","A","ZA","unavailable","unavailable","35 - 44 years","F","","N","unavailable","unavailable",3
202207,"unavailable","SYD","WLG","P","A","PH","unavailable","unavailable","12 - 18 years","M","","N","unavailable","unavailable",3
202207,"unavailable","IUE","AKL","P","A","NU","unavailable","unavailable","25 - 34 years","M","","N","unavailable","unavailable",3
202207,"unavailable","KUL","AKL","P","A","GB","unavailable","unavailable","19 - 24 years","M","","N","unavailable","unavailable",3
202207,"unavailable","SIN","AKL","P","A","GB","unavailable","unavailable","19 - 24 years","M","","N","unavailable","unavailable",3
202207,"unavailable","HKG","AKL","P","A","HK","unavailable","unavailable","19 - 24 years","F","","N","unavailable","unavailable",3
202207,"unavailable","OOL","CHC","P","A","AU","unavailable","unavailable","35 - 44 years","M","","N","unavailable","unavailable",3
202207,"unavailable","MEL","ZQN","P","A","AU","unavailable","unavailable","55 - 64 years","F","","N","unavailable","unavailable",3
202207,"unavailable","SIN","AKL","P","A","BG","unavailable","unavailable","35 - 44 years","M","","N","unavailable","unavailable",3
202207,"unavailable","SIN","CHC","P","A","HK","unavailable","unavailable","25 - 34 years","M","","N","unavailable","unavailable",3
202207,"unavailable","HKG","AKL","P","A","IN","unavailable","unavailable","19 - 24 years","F","","N","unavailable","unavailable",3
202207,"unavailable","SIN","AKL","P","A","IS","unavailable","unavailable","35 - 44 years","F","","N","unavailable","unavailable",3
202207,"unavailable","SHA","AKL","P","A","XX","unavailable","unavailable","01 - 11 years","M","","N","unavailable","unavailable",3
202207,"unavailable","SYD","AKL","P","A","JP","unavailable","unavailable","01 - 11 years","M","","N","unavailable","unavailable",3
202207,"unavailable","SIN","CHC","P","A","DE","unavailable","unavailable","19 - 24 years","F","","N","unavailable","unavailable",3
202207,"unavailable","SYD","CHC","P","A","ZA","unavailable","unavailable","35 - 44 years","F","","N","unavailable","unavailable",3
202207,"unavailable","SYD","AKL","P","A","US","unavailable","unavailable","19 - 24 years","F","","N","unavailable","unavailable",3
202207,"unavailable","OOL","WLG","P","A","AU","unavailable","unavailable","19 - 24 years","F","","N","unavailable","unavailable",3
202207,"unavailable","SCL","AKL","P","A","DK","unavailable","unavailable","25 - 34 years","M","","N","unavailable","unavailable",3
202207,"unavailable","BNE","WLG","P","A","SG","unavailable","unavailable","01 - 11 years","F","","N","unavailable","unavailable",3
202207,"unavailable","IAH","AKL","P","A","US","unavailable","unavailable","25 - 34 years","F","","N","unavailable","unavailable",3
202207,"unavailable","MEL","AKL","P","A","AE","unavailable","unavailable","Less than 1 year","F","","N","unavailable","unavailable",3
202207,"unavailable","ADL","AKL","P","A","AR","unavailable","unavailable","35 - 44 years","M","","N","unavailable","unavailable",3
202207,"unavailable","MEL","AKL","P","A","JP","unavailable","unavailable","19 - 24 years","F","","N","unavailable","unavailable",3
202207,"unavailable","KUL","AKL","P","A","AE","unavailable","unavailable","19 - 24 years","F","","N","unavailable","unavailable",3
202207,"unavailable","ADL","AKL","P","A","SE","unavailable","unavailable","45 - 54 years","F","","N","unavailable","unavailable",3
202207,"unavailable","ADL","AKL","P","A","DE","unavailable","unavailable","25 - 34 years","F","","N","unavailable","unavailable",3
202207,"unavailable","NRT","AKL","P","A","XX","unavailable","unavailable","19 - 24 years","M","","N","unavailable","unavailable",3
202207,"unavailable","MEL","WLG","P","A","GB","unavailable","unavailable","25 - 34 years","M","","N","unavailable","unavailable",3
202207,"unavailable","KUL","AKL","P","A","IE","unavailable","unavailable","19 - 24 years","F","","N","unavailable","unavailable",3
202207,"unavailable","ADL","AKL","P","A","AT","unavailable","unavailable","12 - 18 years","M","","N","unavailable","unavailable",3
202207,"unavailable","SIN","AKL","P","A","AE","unavailable","unavailable","25 - 34 years","M","","N","unavailable","unavailable",3
202207,"unavailable","KUL","AKL","P","A","BE","unavailable","unavailable","35 - 44 years","F","","N","unavailable","unavailable",3
202207,"unavailable","MEL","AKL","P","A","AE","unavailable","unavailable","45 - 54 years","M","","N","unavailable","unavailable",3
202207,"unavailable","BNE","ZQN","P","A","AU","unavailable","unavailable","01 - 11 years","F","","N","unavailable","unavailable",3
202207,"unavailable","BNE","WLG","P","A","CA","unavailable","unavailable","35 - 44 years","M","","N","unavailable","unavailable",3
202207,"unavailable","HKG","AKL","P","A","AU","unavailable","unavailable","25 - 34 years","M","","N","unavailable","unavailable",3
202207,"unavailable","SYD","ZQN","P","A","AU","unavailable","unavailable","55 - 64 years","M","","N","unavailable","unavailable",3
202207,"unavailable","SYD","WLG","P","A","TH","unavailable","unavailable","19 - 24 years","M","","N","unavailable","unavailable",3
202207,"unavailable","KUL","AKL","P","A","KH","unavailable","unavailable","25 - 34 years","F","","N","unavailable","unavailable",3
202207,"unavailable","MEL","AKL","P","A","XX","unavailable","unavailable","55 - 64 years","F","","N","unavailable","unavailable",3
202207,"unavailable","NAN","AKL","P","A","FJ","unavailable","unavailable","19 - 24 years","M","","N","unavailable","unavailable",3
202207,"unavailable","NAN","AKL","P","A","GB","unavailable","unavailable","35 - 44 years","F","","N","unavailable","unavailable",3
202207,"unavailable","SIN","AKL","P","A","IT","unavailable","unavailable","12 - 18 years","M","","N","unavailable","unavailable",3
202207,"unavailable","NAN","AKL","P","A","US","unavailable","unavailable","55 - 64 years","M","","N","unavailable","unavailable",3
202207,"unavailable","SYD","AKL","P","A","XX","unavailable","unavailable","35 - 44 years","M","","N","unavailable","unavailable",3
202207,"unavailable","MEL","AKL","P","A","IE","unavailable","unavailable","25 - 34 years","F","","N","unavailable","unavailable",3
202207,"unavailable","ADL","AKL","P","A","GB","unavailable","unavailable","01 - 11 years","M","","N","unavailable","unavailable",3
202207,"unavailable","YVR","AKL","P","A","XX","unavailable","unavailable","25 - 34 years","F","","N","unavailable","unavailable",3
202207,"unavailable","SYD","CHC","P","A","AU","unavailable","unavailable","19 - 24 years","F","","N","unavailable","unavailable",3
202207,"unavailable","DOH","AKL","P","A","IT","unavailable","unavailable","25 - 34 years","M","","N","unavailable","unavailable",3
202207,"unavailable","KUL","AKL","P","A","AE","unavailable","unavailable","65 - 74 years","M","","N","unavailable","unavailable",3
202207,"unavailable","SCL","AKL","P","A","FR","unavailable","unavailable","25 - 34 years","M","","N","unavailable","unavailable",3
202207,"unavailable","MEL","AKL","P","A","KH","unavailable","unavailable","55 - 64 years","M","","N","unavailable","unavailable",3
202207,"unavailable","SIN","AKL","P","A","JP","unavailable","unavailable","01 - 11 years","F","","N","unavailable","unavailable",3
202207,"unavailable","PPT","AKL","P","A","PF","unavailable","unavailable","45 - 54 years","F","","N","unavailable","unavailable",3
202207,"unavailable","SYD","WLG","P","A","IL","unavailable","unavailable","01 - 11 years","F","","N","unavailable","unavailable",3
202207,"unavailable","KUL","AKL","P","A","JO","unavailable","unavailable","65 - 74 years","F","","N","unavailable","unavailable",3
202207,"unavailable","BNE","AKL","P","A","SG","unavailable","unavailable","19 - 24 years","F","","N","unavailable","unavailable",3
202207,"unavailable","HNL","AKL","P","A","US","unavailable","unavailable","Less than 1 year","F","","N","unavailable","unavailable",3
202207,"unavailable","SIN","AKL","P","A","LK","unavailable","unavailable","Less than 1 year","M","","N","unavailable","unavailable",3
202207,"unavailable","SYD","WLG","P","A","XX","unavailable","unavailable","65 - 74 years","F","","N","unavailable","unavailable",3
202207,"unavailable","YVR","AKL","P","A","CA","unavailable","unavailable","35 - 44 years","F","","N","unavailable","unavailable",3
202207,"unavailable","SYD","AKL","P","A","AE","unavailable","unavailable","01 - 11 years","M","","N","unavailable","unavailable",3
202207,"unavailable","MEL","ZQN","P","A","AU","unavailable","unavailable","01 - 11 years","F","","N","unavailable","unavailable",3
202207,"unavailable","HKG","AKL","P","A","TW","unavailable","unavailable","25 - 34 years","F","","N","unavailable","unavailable",3
202207,"unavailable","NAN","WLG","P","A","FJ","unavailable","unavailable","25 - 34 years","M","","N","unavailable","unavailable",3
202207,"unavailable","SYD","AKL","P","A","ID","unavailable","unavailable","01 - 11 years","M","","N","unavailable","unavailable",3
202207,"unavailable","KUL","AKL","P","A","IT","unavailable","unavailable","12 - 18 years","M","","N","unavailable","unavailable",3
202207,"unavailable","SIN","CHC","P","A","JP","unavailable","unavailable","12 - 18 years","M","","N","unavailable","unavailable",3
202207,"unavailable","YVR","AKL","P","A","CH","unavailable","unavailable","35 - 44 years","F","","N","unavailable","unavailable",3
202207,"unavailable","BNE","CHC","P","A","AU","unavailable","unavailable","25 - 34 years","M","","N","unavailable","unavailable",3
202207,"unavailable","SIN","AKL","P","A","CH","unavailable","unavailable","25 - 34 years","M","","N","unavailable","unavailable",3
202207,"unavailable","SIN","AKL","P","A","RU","unavailable","unavailable","45 - 54 years","F","","N","unavailable","unavailable",3
202207,"unavailable","HKG","AKL","P","A","HK","unavailable","unavailable","55 - 64 years","F","","N","unavailable","unavailable",3
202207,"unavailable","YVR","AKL","P","A","CA","unavailable","unavailable","01 - 11 years","M","","N","unavailable","unavailable",3
202207,"unavailable","SYD","AKL","P","A","GB","unavailable","unavailable","12 - 18 years","M","","N","unavailable","unavailable",3
202207,"unavailable","YVR","AKL","P","A","CH","unavailable","unavailable","45 - 54 years","M","","N","unavailable","unavailable",3
202207,"unavailable","VLI","AKL","P","A","VU","unavailable","unavailable","35 - 44 years","M","","N","unavailable","unavailable",3
202207,"unavailable","NAN","AKL","P","A","GB","unavailable","unavailable","19 - 24 years","M","","N","unavailable","unavailable",3
202207,"unavailable","YVR","AKL","P","A","US","unavailable","unavailable","25 - 34 years","F","","N","unavailable","unavailable",3
202207,"unavailable","MEL","AKL","P","A","XX","unavailable","unavailable","45 - 54 years","M","","N","unavailable","unavailable",3
202207,"unavailable","SIN","AKL","P","A","GB","unavailable","unavailable","12 - 18 years","F","","N","unavailable","unavailable",3
202207,"unavailable","APW","AKL","P","A","TK","unavailable","unavailable","65 - 74 years","M","","N","unavailable","unavailable",3
202207,"unavailable","SIN","CHC","P","A","TR","unavailable","unavailable","25 - 34 years","M","","N","unavailable","unavailable",3
202207,"unavailable","LAX","AKL","P","A","GB","unavailable","unavailable","12 - 18 years","M","","N","unavailable","unavailable",3
202207,"unavailable","IAH","AKL","P","A","US","unavailable","unavailable","01 - 11 years","M","","N","unavailable","unavailable",3
202207,"unavailable","BNE","CHC","P","A","AU","unavailable","unavailable","55 - 64 years","F","","N","unavailable","unavailable",3
202207,"unavailable","NAN","AKL","P","A","US","unavailable","unavailable","25 - 34 years","F","","N","unavailable","unavailable",3
202207,"unavailable","NAN","AKL","P","A","JM","unavailable","unavailable","25 - 34 years","M","","N","unavailable","unavailable",3
202207,"unavailable","KUL","AKL","P","A","IR","unavailable","unavailable","25 - 34 years","M","","N","unavailable","unavailable",3
202207,"unavailable","SYD","WLG","P","A","IE","unavailable","unavailable","25 - 34 years","F","","N","unavailable","unavailable",3
202207,"unavailable","SYD","WLG","P","A","SG","unavailable","unavailable","01 - 11 years","M","","N","unavailable","unavailable",3
202207,"unavailable","ADL","AKL","P","A","GB","unavailable","unavailable","45 - 54 years","M","","N","unavailable","unavailable",3
202207,"unavailable","KUL","AKL","P","A","IN","unavailable","unavailable","65 - 74 years","M","","N","unavailable","unavailable",3
202207,"unavailable","SIN","CHC","P","A","PH","unavailable","unavailable","45 - 54 years","M","","N","unavailable","unavailable",3
202207,"unavailable","SIN","AKL","P","A","LA","unavailable","unavailable","19 - 24 years","F","","N","unavailable","unavailable",3
202207,"unavailable","NAN","AKL","P","A","IN","unavailable","unavailable","65 - 74 years","F","","N","unavailable","unavailable",3
202207,"unavailable","MEL","ZQN","P","A","AU","unavailable","unavailable","35 - 44 years","F","","N","unavailable","unavailable",3
202207,"unavailable","SYD","AKL","P","A","FR","unavailable","unavailable","25 - 34 years","M","","N","unavailable","unavailable",3
202207,"unavailable","NAN","AKL","P","A","GB","unavailable","unavailable","25 - 34 years","M","","N","unavailable","unavailable",3
202207,"unavailable","HKG","AKL","P","A","VN","unavailable","unavailable","01 - 11 years","M","","N","unavailable","unavailable",3
202207,"unavailable","MEL","AKL","P","A","GB","unavailable","unavailable","45 - 54 years","M","","N","unavailable","unavailable",3
202207,"unavailable","SIN","CHC","P","A","MY","unavailable","unavailable","12 - 18 years","M","","N","unavailable","unavailable",3
202207,"unavailable","KUL","AKL","P","A","RW","unavailable","unavailable","12 - 18 years","F","","N","unavailable","unavailable",3
202207,"unavailable","HKG","AKL","P","A","VN","unavailable","unavailable","19 - 24 years","M","","N","unavailable","unavailable",3
202207,"unavailable","SIN","AKL","P","A","US","unavailable","unavailable","19 - 24 years","M","","N","unavailable","unavailable",3
202207,"unavailable","NAN","CHC","P","A","CO","unavailable","unavailable","25 - 34 years","M","","N","unavailable","unavailable",3
202207,"unavailable","RAR","AKL","P","A","AU","unavailable","unavailable","55 - 64 years","F","","N","unavailable","unavailable",3
202207,"unavailable","SIN","AKL","P","A","XX","unavailable","unavailable","01 - 11 years","F","","N","unavailable","unavailable",3
202207,"unavailable","SIN","CHC","P","A","BD","unavailable","unavailable","65 - 74 years","M","","N","unavailable","unavailable",3
202207,"unavailable","SIN","AKL","P","A","UA","unavailable","unavailable","55 - 64 years","F","","N","unavailable","unavailable",3
202207,"unavailable","CNS","AKL","P","A","AU","unavailable","unavailable","25 - 34 years","F","","N","unavailable","unavailable",3
202207,"unavailable","MEL","AKL","P","A","AU","unavailable","unavailable","75+","M","","N","unavailable","unavailable",3
202207,"unavailable","HKG","AKL","P","A","XX","unavailable","unavailable","12 - 18 years","M","","N","unavailable","unavailable",3
202207,"unavailable","NAN","WLG","P","A","US","unavailable","unavailable","55 - 64 years","M","","N","unavailable","unavailable",3
202207,"unavailable","SIN","CHC","P","A","IN","unavailable","unavailable","Less than 1 year","F","","N","unavailable","unavailable",3
202207,"unavailable","HNL","AKL","P","A","US","unavailable","unavailable","65 - 74 years","M","","N","unavailable","unavailable",3
202207,"unavailable","KUL","AKL","P","A","XX","unavailable","unavailable","75+","M","","N","unavailable","unavailable",3
202207,"unavailable","ADL","AKL","P","A","BR","unavailable","unavailable","25 - 34 years","F","","N","unavailable","unavailable",3
202207,"unavailable","SYD","AKL","P","A","CA","unavailable","unavailable","35 - 44 years","F","","N","unavailable","unavailable",3
202207,"unavailable","LAX","AKL","P","A","US","unavailable","unavailable","12 - 18 years","F","","N","unavailable","unavailable",3
202207,"unavailable","SIN","CHC","P","A","LK","unavailable","unavailable","25 - 34 years","F","","N","unavailable","unavailable",3
202207,"unavailable","SIN","CHC","P","A","IE","unavailable","unavailable","19 - 24 years","F","","N","unavailable","unavailable",3
202207,"unavailable","SYD","CHC","P","A","US","unavailable","unavailable","35 - 44 years","M","","N","unavailable","unavailable",3
202207,"unavailable","SYD","AKL","P","A","FR","unavailable","unavailable","25 - 34 years","F","","N","unavailable","unavailable",3
202207,"unavailable","SIN","AKL","P","A","IN","unavailable","unavailable","65 - 74 years","M","","N","unavailable","unavailable",3
202207,"unavailable","DOH","AKL","P","A","DE","unavailable","unavailable","35 - 44 years","F","","N","unavailable","unavailable",3
202207,"unavailable","KUL","AKL","P","A","LK","unavailable","unavailable","65 - 74 years","F","","N","unavailable","unavailable",3
202207,"unavailable","MEL","AKL","P","A","XX","unavailable","unavailable","25 - 34 years","M","","N","unavailable","unavailable",3
202207,"unavailable","SIN","AKL","P","A","IN","unavailable","unavailable","75+","F","","N","unavailable","unavailable",3
202207,"unavailable","SIN","AKL","P","A","PK","unavailable","unavailable","25 - 34 years","M","","N","unavailable","unavailable",3
202207,"unavailable","BNE","WLG","P","A","AU","unavailable","unavailable","19 - 24 years","F","","N","unavailable","unavailable",3
202207,"unavailable","SIN","AKL","P","A","TH","unavailable","unavailable","55 - 64 years","F","","N","unavailable","unavailable",3
202207,"unavailable","MEL","AKL","P","A","XX","unavailable","unavailable","25 - 34 years","F","","N","unavailable","unavailable",3
202207,"unavailable","ADL","AKL","P","A","QA","unavailable","unavailable","25 - 34 years","F","","N","unavailable","unavailable",3
202207,"unavailable","KUL","AKL","P","A","GB","unavailable","unavailable","45 - 54 years","F","","N","unavailable","unavailable",3
202207,"unavailable","KUL","AKL","P","A","NP","unavailable","unavailable","25 - 34 years","M","","N","unavailable","unavailable",3
202207,"unavailable","SYD","AKL","P","A","FR","unavailable","unavailable","19 - 24 years","M","","N","unavailable","unavailable",3
202207,"unavailable","SIN","AKL","P","A","DE","unavailable","unavailable","45 - 54 years","F","","N","unavailable","unavailable",3
202207,"unavailable","NRT","AKL","P","A","XX","unavailable","unavailable","12 - 18 years","M","","N","unavailable","unavailable",3
202207,"unavailable","ADL","AKL","P","A","UA","unavailable","unavailable","75+","F","","N","unavailable","unavailable",3
202207,"unavailable","SIN","CHC","P","A","TH","unavailable","unavailable","12 - 18 years","M","","N","unavailable","unavailable",3
202207,"unavailable","SIN","AKL","P","A","GB","unavailable","unavailable","45 - 54 years","F","","N","unavailable","unavailable",3
202207,"unavailable","SIN","CHC","P","A","GB","unavailable","unavailable","35 - 44 years","M","","N","unavailable","unavailable",3
202207,"unavailable","SIN","AKL","P","A","BD","unavailable","unavailable","01 - 11 years","M","","N","unavailable","unavailable",3
202207,"unavailable","OOL","WLG","P","A","AU","unavailable","unavailable","12 - 18 years","F","","N","unavailable","unavailable",3
202207,"unavailable","PPT","AKL","P","A","US","unavailable","unavailable","35 - 44 years","F","","N","unavailable","unavailable",3
202207,"unavailable","SIN","CHC","P","A","KW","unavailable","unavailable","35 - 44 years","M","","N","unavailable","unavailable",3
202207,"unavailable","SYD","ZQN","P","A","PH","unavailable","unavailable","19 - 24 years","M","","N","unavailable","unavailable",3
202207,"unavailable","ADL","AKL","P","A","NL","unavailable","unavailable","12 - 18 years","M","","N","unavailable","unavailable",3
202207,"unavailable","SYD","WLG","P","A","PH","unavailable","unavailable","45 - 54 years","F","","N","unavailable","unavailable",3
202207,"unavailable","HKG","AKL","P","A","US","unavailable","unavailable","75+","F","","N","unavailable","unavailable",3
202207,"unavailable","ADL","AKL","P","A","FR","unavailable","unavailable","19 - 24 years","M","","N","unavailable","unavailable",3
202207,"unavailable","PPT","AKL","P","A","LV","unavailable","unavailable","35 - 44 years","F","","N","unavailable","unavailable",3
202207,"unavailable","HKG","AKL","P","A","KW","unavailable","unavailable","55 - 64 years","M","","N","unavailable","unavailable",3
202207,"unavailable","HKG","AKL","P","A","IN","unavailable","unavailable","35 - 44 years","F","","N","unavailable","unavailable",3
202207,"unavailable","KUL","AKL","P","A","GB","unavailable","unavailable","12 - 18 years","M","","N","unavailable","unavailable",3
202207,"unavailable","LAX","AKL","P","A","XX","unavailable","unavailable","25 - 34 years","F","","N","unavailable","unavailable",3
202207,"unavailable","SYD","AKL","P","A","MM","unavailable","unavailable","45 - 54 years","M","","N","unavailable","unavailable",3
202207,"unavailable","DOH","AKL","P","A","SE","unavailable","unavailable","19 - 24 years","M","","N","unavailable","unavailable",3
202207,"unavailable","SCL","AKL","P","A","BR","unavailable","unavailable","25 - 34 years","M","","N","unavailable","unavailable",3
202207,"unavailable","HKG","AKL","P","A","TH","unavailable","unavailable","25 - 34 years","F","","N","unavailable","unavailable",3
202207,"unavailable","SIN","AKL","P","A","XX","unavailable","unavailable","75+","M","","N","unavailable","unavailable",3
202207,"unavailable","SIN","AKL","P","A","GB","unavailable","unavailable","35 - 44 years","F","","N","unavailable","unavailable",3
202207,"unavailable","KUL","AKL","P","A","IR","unavailable","unavailable","35 - 44 years","F","","N","unavailable","unavailable",3
202207,"unavailable","SIN","CHC","P","A","CH","unavailable","unavailable","01 - 11 years","M","","N","unavailable","unavailable",3
202207,"unavailable","ADL","AKL","P","A","OM","unavailable","unavailable","01 - 11 years","M","","N","unavailable","unavailable",3
202207,"unavailable","LAX","AKL","P","A","CA","unavailable","unavailable","19 - 24 years","F","","N","unavailable","unavailable",3
202207,"unavailable","SYD","AKL","P","A","AU","unavailable","unavailable","Less than 1 year","F","","N","unavailable","unavailable",3
202207,"unavailable","KUL","AKL","P","A","LB","unavailable","unavailable","35 - 44 years","F","","N","unavailable","unavailable",3
202207,"unavailable","SYD","AKL","P","A","XX","unavailable","unavailable","25 - 34 years","F","","N","unavailable","unavailable",3
202207,"unavailable","HKG","AKL","P","A","TH","unavailable","unavailable","01 - 11 years","F","","N","unavailable","unavailable",3
202207,"unavailable","APW","AKL","P","A","AS","unavailable","unavailable","01 - 11 years","F","","N","unavailable","unavailable",3
202207,"unavailable","SYD","WLG","P","A","BE","unavailable","unavailable","19 - 24 years","F","","N","unavailable","unavailable",3
202207,"unavailable","LAX","AKL","P","A","GB","unavailable","unavailable","45 - 54 years","M","","N","unavailable","unavailable",3
202207,"unavailable","DOH","AKL","P","A","ZA","unavailable","unavailable","35 - 44 years","M","","N","unavailable","unavailable",3
202207,"unavailable","CAN","AKL","P","A","CH","unavailable","unavailable","01 - 11 years","M","","N","unavailable","unavailable",3
202207,"unavailable","BNE","CHC","P","A","AU","unavailable","unavailable","19 - 24 years","M","","N","unavailable","unavailable",3
202207,"unavailable","SYD","AKL","P","A","HU","unavailable","unavailable","55 - 64 years","M","","N","unavailable","unavailable",3
202207,"unavailable","SIN","CHC","P","A","SG","unavailable","unavailable","25 - 34 years","M","","N","unavailable","unavailable",3
202207,"unavailable","SYD","AKL","P","A","GB","unavailable","unavailable","45 - 54 years","M","","N","unavailable","unavailable",3
202207,"unavailable","SIN","AKL","P","A","IR","unavailable","unavailable","35 - 44 years","F","","N","unavailable","unavailable",3
202207,"unavailable","MEL","ZQN","P","A","AU","unavailable","unavailable","35 - 44 years","M","","N","unavailable","unavailable",3
202207,"unavailable","SIN","CHC","P","A","GB","unavailable","unavailable","19 - 24 years","F","","N","unavailable","unavailable",3
202207,"unavailable","MEL","WLG","P","A","AE","unavailable","unavailable","01 - 11 years","F","","N","unavailable","unavailable",3
202207,"unavailable","SUV","AKL","P","A","FJ","unavailable","unavailable","12 - 18 years","M","","N","unavailable","unavailable",3
202207,"unavailable","KUL","AKL","P","A","XX","unavailable","unavailable","45 - 54 years","M","","C","unavailable","unavailable",3
202207,"unavailable","SIN","CHC","P","A","TW","unavailable","unavailable","45 - 54 years","M","","N","unavailable","unavailable",3
202207,"unavailable","SYD","CHC","P","A","GB","unavailable","unavailable","25 - 34 years","F","","N","unavailable","unavailable",3
202207,"unavailable","SIN","AKL","P","A","TH","unavailable","unavailable","45 - 54 years","F","","N","unavailable","unavailable",3
202207,"unavailable","RAR","AKL","P","A","CK","unavailable","unavailable","19 - 24 years","M","","N","unavailable","unavailable",3
202207,"unavailable","TBU","AKL","P","A","TO","unavailable","unavailable","25 - 34 years","F","","N","unavailable","unavailable",3
202207,"unavailable","SIN","CHC","P","A","CH","unavailable","unavailable","35 - 44 years","F","","N","unavailable","unavailable",3
202207,"unavailable","SIN","AKL","P","A","US","unavailable","unavailable","55 - 64 years","M","","N","unavailable","unavailable",3
202207,"unavailable","MEL","CHC","P","A","ID","unavailable","unavailable","19 - 24 years","F","","N","unavailable","unavailable",3
202207,"unavailable","NRT","AKL","P","A","LV","unavailable","unavailable","25 - 34 years","F","","N","unavailable","unavailable",3
202207,"unavailable","YVR","AKL","P","A","GB","unavailable","unavailable","55 - 64 years","M","","N","unavailable","unavailable",3
202207,"unavailable","HKG","AKL","P","A","HK","unavailable","unavailable","25 - 34 years","M","","N","unavailable","unavailable",3
202207,"unavailable","SIN","CHC","P","A","KW","unavailable","unavailable","35 - 44 years","F","","N","unavailable","unavailable",3
202207,"unavailable","BNE","WLG","P","A","AU","unavailable","unavailable","01 - 11 years","M","","N","unavailable","unavailable",3
202207,"unavailable","MEL","AKL","P","A","XX","unavailable","unavailable","45 - 54 years","F","","N","unavailable","unavailable",3
202207,"unavailable","SEL","AKL","P","A","KR","unavailable","unavailable","45 - 54 years","M","","N","unavailable","unavailable",3
202207,"unavailable","KUL","AKL","P","A","PH","unavailable","unavailable","35 - 44 years","M","","N","unavailable","unavailable",3
202207,"unavailable","IUE","AKL","P","A","XX","unavailable","unavailable","65 - 74 years","F","","N","unavailable","unavailable",3
202207,"unavailable","BNE","AKL","P","A","PG","unavailable","unavailable","19 - 24 years","F","","N","unavailable","unavailable",3
202207,"unavailable","HKG","AKL","P","A","TH","unavailable","unavailable","12 - 18 years","F","","N","unavailable","unavailable",3
202207,"unavailable","BNE","CHC","P","A","XX","unavailable","unavailable","25 - 34 years","M","","N","unavailable","unavailable",3
202207,"unavailable","MEL","CHC","P","A","AE","unavailable","unavailable","25 - 34 years","M","","N","unavailable","unavailable",3
202207,"unavailable","KUL","AKL","P","A","EG","unavailable","unavailable","25 - 34 years","F","","N","unavailable","unavailable",3
202207,"unavailable","NAN","AKL","P","A","US","unavailable","unavailable","01 - 11 years","F","","N","unavailable","unavailable",3
202207,"unavailable","SIN","CHC","P","A","ZA","unavailable","unavailable","25 - 34 years","M","","N","unavailable","unavailable",3
202207,"unavailable","RAR","AKL","P","A","CK","unavailable","unavailable","01 - 11 years","M","","N","unavailable","unavailable",3
202207,"unavailable","SIN","CHC","P","A","ZA","unavailable","unavailable","01 - 11 years","F","","N","unavailable","unavailable",3
202207,"unavailable","SIN","CHC","P","A","GB","unavailable","unavailable","19 - 24 years","M","","N","unavailable","unavailable",3
202207,"unavailable","MEL","CHC","P","A","AE","unavailable","unavailable","01 - 11 years","M","","N","unavailable","unavailable",3
202207,"unavailable","SIN","CHC","P","A","AT","unavailable","unavailable","12 - 18 years","F","","N","unavailable","unavailable",3
202207,"unavailable","PPT","AKL","P","A","PF","unavailable","unavailable","19 - 24 years","M","","N","unavailable","unavailable",3
202207,"unavailable","LAX","AKL","P","A","GB","unavailable","unavailable","19 - 24 years","M","","N","unavailable","unavailable",3
202207,"unavailable","KUL","AKL","P","A","OM","unavailable","unavailable","12 - 18 years","F","","N","unavailable","unavailable",3
202207,"unavailable","SIN","CHC","P","A","VN","unavailable","unavailable","45 - 54 years","F","","N","unavailable","unavailable",3
202207,"unavailable","DOH","AKL","P","A","ZA","unavailable","unavailable","25 - 34 years","M","","N","unavailable","unavailable",3
202207,"unavailable","SIN","CHC","P","A","CH","unavailable","unavailable","01 - 11 years","F","","N","unavailable","unavailable",3
202207,"unavailable","SIN","CHC","P","A","GB","unavailable","unavailable","35 - 44 years","F","","N","unavailable","unavailable",3
202207,"unavailable","BNE","CHC","P","A","AU","unavailable","unavailable","65 - 74 years","F","","N","unavailable","unavailable",3
202207,"unavailable","HKG","AKL","P","A","CN","unavailable","unavailable","55 - 64 years","M","","N","unavailable","unavailable",3
202207,"unavailable","APW","AKL","P","A","WS","unavailable","unavailable","25 - 34 years","F","","N","unavailable","unavailable",3
202207,"unavailable","SIN","CHC","P","A","XX","unavailable","unavailable","55 - 64 years","F","","N","unavailable","unavailable",3
202207,"unavailable","SYD","AKL","P","A","GB","unavailable","unavailable","12 - 18 years","F","","N","unavailable","unavailable",3
202207,"unavailable","MEL","WLG","P","A","AU","unavailable","unavailable","45 - 54 years","M","","N","unavailable","unavailable",3
202207,"unavailable","KUL","AKL","P","A","LB","unavailable","unavailable","12 - 18 years","F","","N","unavailable","unavailable",3
202207,"unavailable","KUL","AKL","P","A","AE","unavailable","unavailable","25 - 34 years","F","","N","unavailable","unavailable",3
202207,"unavailable","ADL","AKL","P","A","FR","unavailable","unavailable","25 - 34 years","F","","N","unavailable","unavailable",3
202207,"unavailable","SCL","AKL","P","A","CL","unavailable","unavailable","Less than 1 year","M","","N","unavailable","unavailable",3
202207,"unavailable","SYD","AKL","P","A","US","unavailable","unavailable","35 - 44 years","M","","N","unavailable","unavailable",3
202207,"unavailable","HNL","AKL","P","A","US","unavailable","unavailable","25 - 34 years","F","","N","unavailable","unavailable",3
202207,"unavailable","SYD","AKL","P","A","XX","unavailable","unavailable","45 - 54 years","M","","N","unavailable","unavailable",3
202207,"unavailable","ADL","AKL","P","A","GB","unavailable","unavailable","45 - 54 years","F","","N","unavailable","unavailable",3
202207,"unavailable","SYD","CHC","P","A","AU","unavailable","unavailable","19 - 24 years","M","","N","unavailable","unavailable",3
202207,"unavailable","BNE","CHC","P","A","AU","unavailable","unavailable","25 - 34 years","F","","N","unavailable","unavailable",3
202207,"unavailable","HNL","AKL","P","A","IE","unavailable","unavailable","35 - 44 years","F","","N","unavailable","unavailable",3
202207,"unavailable","IAH","AKL","P","A","US","unavailable","unavailable","45 - 54 years","M","","N","unavailable","unavailable",3
202207,"unavailable","SIN","CHC","P","A","MV","unavailable","unavailable","45 - 54 years","M","","N","unavailable","unavailable",3
202207,"unavailable","HKG","AKL","P","A","DE","unavailable","unavailable","19 - 24 years","M","","N","unavailable","unavailable",3
202207,"unavailable","SFO","AKL","P","A","CA","unavailable","unavailable","01 - 11 years","M","","N","unavailable","unavailable",3
202207,"unavailable","BNE","AKL","P","A","JP","unavailable","unavailable","12 - 18 years","M","","N","unavailable","unavailable",3
202207,"unavailable","APW","AKL","P","A","WS","unavailable","unavailable","01 - 11 years","F","","N","unavailable","unavailable",3
202207,"unavailable","SIN","AKL","P","A","CA","unavailable","unavailable","25 - 34 years","M","","N","unavailable","unavailable",3
202207,"unavailable","KUL","AKL","P","A","RW","unavailable","unavailable","19 - 24 years","F","","N","unavailable","unavailable",3
202207,"unavailable","SIN","CHC","P","A","TW","unavailable","unavailable","01 - 11 years","M","","N","unavailable","unavailable",3
202207,"unavailable","SCL","AKL","P","A","AR","unavailable","unavailable","Less than 1 year","F","","N","unavailable","unavailable",3
202207,"unavailable","SIN","CHC","P","A","MV","unavailable","unavailable","19 - 24 years","F","","N","unavailable","unavailable",3
202207,"unavailable","SIN","AKL","P","A","KH","unavailable","unavailable","12 - 18 years","M","","N","unavailable","unavailable",3
202207,"unavailable","LAX","AKL","P","A","ES","unavailable","unavailable","45 - 54 years","F","","N","unavailable","unavailable",3
202207,"unavailable","SFO","AKL","P","A","NL","unavailable","unavailable","25 - 34 years","M","","N","unavailable","unavailable",3
202207,"unavailable","SIN","CHC","P","A","KR","unavailable","unavailable","19 - 24 years","M","","N","unavailable","unavailable",3
202207,"unavailable","NAN","AKL","P","A","CA","unavailable","unavailable","25 - 34 years","F","","N","unavailable","unavailable",3
202207,"unavailable","PER","AKL","P","A","XX","unavailable","unavailable","19 - 24 years","F","","N","unavailable","unavailable",3
202207,"unavailable","SIN","AKL","P","A","XX","unavailable","unavailable","35 - 44 years","M","","N","unavailable","unavailable",3
202207,"unavailable","OOL","AKL","P","A","AU","unavailable","unavailable","55 - 64 years","F","","N","unavailable","unavailable",3
202207,"unavailable","RAR","AKL","P","A","CK","unavailable","unavailable","35 - 44 years","M","","N","unavailable","unavailable",3
202207,"unavailable","IAH","AKL","P","A","US","unavailable","unavailable","35 - 44 years","M","","N","unavailable","unavailable",3
202207,"unavailable","SIN","AKL","P","A","IR","unavailable","unavailable","01 - 11 years","M","","N","unavailable","unavailable",3
202207,"unavailable","SIN","CHC","P","A","NP","unavailable","unavailable","12 - 18 years","F","","N","unavailable","unavailable",3
202207,"unavailable","MEL","CHC","P","A","AE","unavailable","unavailable","12 - 18 years","M","","N","unavailable","unavailable",3
202207,"unavailable","BNE","AKL","P","A","PG","unavailable","unavailable","35 - 44 years","F","","N","unavailable","unavailable",3
202207,"unavailable","MEL","AKL","P","A","AU","unavailable","unavailable","75+","F","","N","unavailable","unavailable",3
202207,"unavailable","NAN","AKL","P","A","MY","unavailable","unavailable","25 - 34 years","F","","N","unavailable","unavailable",3
202207,"unavailable","LAX","AKL","P","A","CA","unavailable","unavailable","35 - 44 years","F","","N","unavailable","unavailable",3
202207,"unavailable","KUL","AKL","P","A","IT","unavailable","unavailable","65 - 74 years","F","","N","unavailable","unavailable",3
202207,"unavailable","KUL","AKL","P","A","LB","unavailable","unavailable","01 - 11 years","F","","N","unavailable","unavailable",3
202207,"unavailable","APW","AKL","P","A","WS","unavailable","unavailable","55 - 64 years","M","","N","unavailable","unavailable",3
202207,"unavailable","SIN","AKL","P","A","KH","unavailable","unavailable","19 - 24 years","M","","N","unavailable","unavailable",3
202207,"unavailable","SYD","ZQN","P","A","JP","unavailable","unavailable","35 - 44 years","M","","N","unavailable","unavailable",3
202207,"unavailable","KUL","AKL","P","A","FR","unavailable","unavailable","25 - 34 years","F","","N","unavailable","unavailable",3
202207,"unavailable","NAN","CHC","P","A","FJ","unavailable","unavailable","25 - 34 years","M","","N","unavailable","unavailable",3
202207,"unavailable","HKG","AKL","P","A","ID","unavailable","unavailable","35 - 44 years","F","","N","unavailable","unavailable",3
202207,"unavailable","SYD","CHC","P","A","SA","unavailable","unavailable","12 - 18 years","F","","N","unavailable","unavailable",3
202207,"unavailable","TPE","AKL","P","A","TW","unavailable","unavailable","45 - 54 years","F","","N","unavailable","unavailable",3
202207,"unavailable","KUL","AKL","P","A","NL","unavailable","unavailable","35 - 44 years","F","","N","unavailable","unavailable",3
202207,"unavailable","MEL","AKL","P","A","AE","unavailable","unavailable","25 - 34 years","F","","N","unavailable","unavailable",3
202207,"unavailable","SIN","CHC","P","A","NP","unavailable","unavailable","01 - 11 years","F","","N","unavailable","unavailable",3
202207,"unavailable","MEL","AKL","P","A","LK","unavailable","unavailable","65 - 74 years","F","","N","unavailable","unavailable",3
202207,"unavailable","ADL","AKL","P","A","AU","unavailable","unavailable","45 - 54 years","M","","N","unavailable","unavailable",3
202207,"unavailable","SYD","WLG","P","A","AE","unavailable","unavailable","25 - 34 years","F","","N","unavailable","unavailable",3
202207,"unavailable","SYD","WLG","P","A","GB","unavailable","unavailable","19 - 24 years","F","","N","unavailable","unavailable",3
202207,"unavailable","HKG","AKL","P","A","TW","unavailable","unavailable","45 - 54 years","M","","N","unavailable","unavailable",3
202207,"unavailable","KUL","AKL","P","A","LB","unavailable","unavailable","55 - 64 years","F","","N","unavailable","unavailable",3
202207,"unavailable","SYD","AKL","P","A","TH","unavailable","unavailable","12 - 18 years","M","","N","unavailable","unavailable",3
202207,"unavailable","IAH","AKL","P","A","MX","unavailable","unavailable","45 - 54 years","M","","N","unavailable","unavailable",3
202207,"unavailable","MEL","AKL","P","A","ZA","unavailable","unavailable","01 - 11 years","M","","N","unavailable","unavailable",3
202207,"unavailable","SYD","WLG","P","A","GB","unavailable","unavailable","65 - 74 years","M","","N","unavailable","unavailable",3
202207,"unavailable","NAN","AKL","P","A","IE","unavailable","unavailable","25 - 34 years","M","","N","unavailable","unavailable",3
202207,"unavailable","SEL","AKL","P","A","SK","unavailable","unavailable","35 - 44 years","F","","N","unavailable","unavailable",3
202207,"unavailable","LAX","AKL","P","A","US","unavailable","unavailable","19 - 24 years","F","","N","unavailable","unavailable",3
202207,"unavailable","MEL","AKL","P","A","GN","unavailable","unavailable","35 - 44 years","M","","N","unavailable","unavailable",3
202207,"unavailable","MEL","AKL","P","A","VN","unavailable","unavailable","55 - 64 years","M","","N","unavailable","unavailable",3
202207,"unavailable","KUL","AKL","P","A","IR","unavailable","unavailable","01 - 11 years","M","","N","unavailable","unavailable",3
202207,"unavailable","SIN","CHC","P","A","HK","unavailable","unavailable","25 - 34 years","F","","N","unavailable","unavailable",3
202207,"unavailable","SYD","AKL","P","A","TH","unavailable","unavailable","12 - 18 years","F","","N","unavailable","unavailable",3
202207,"unavailable","SYD","AKL","P","A","NL","unavailable","unavailable","01 - 11 years","M","","N","unavailable","unavailable",3
202207,"unavailable","DOH","AKL","P","A","GE","unavailable","unavailable","Less than 1 year","F","","N","unavailable","unavailable",3
202207,"unavailable","YVR","AKL","P","A","CA","unavailable","unavailable","19 - 24 years","M","","N","unavailable","unavailable",3
202207,"unavailable","SIN","AKL","P","A","GB","unavailable","unavailable","19 - 24 years","F","","N","unavailable","unavailable",3
202207,"unavailable","SFO","AKL","P","A","FR","unavailable","unavailable","35 - 44 years","M","","N","unavailable","unavailable",3
202207,"unavailable","KUL","AKL","P","A","BR","unavailable","unavailable","25 - 34 years","F","","N","unavailable","unavailable",3
202207,"unavailable","ADL","AKL","P","A","RO","unavailable","unavailable","35 - 44 years","F","","N","unavailable","unavailable",3
202207,"unavailable","SYD","AKL","P","A","ID","unavailable","unavailable","19 - 24 years","F","","N","unavailable","unavailable",3
202207,"unavailable","SIN","AKL","P","A","AU","unavailable","unavailable","45 - 54 years","M","","N","unavailable","unavailable",3
202207,"unavailable","NAN","AKL","P","A","FJ","unavailable","unavailable","75+","F","","N","unavailable","unavailable",3
202207,"unavailable","ADL","AKL","P","A","AT","unavailable","unavailable","01 - 11 years","F","","N","unavailable","unavailable",3
202207,"unavailable","ADL","AKL","P","A","AU","unavailable","unavailable","45 - 54 years","F","","N","unavailable","unavailable",3
202207,"unavailable","MEL","ZQN","P","A","US","unavailable","unavailable","25 - 34 years","M","","N","unavailable","unavailable",3
202207,"unavailable","SYD","WLG","P","A","US","unavailable","unavailable","19 - 24 years","M","","N","unavailable","unavailable",3
202207,"unavailable","BNE","AKL","P","A","US","unavailable","unavailable","12 - 18 years","F","","N","unavailable","unavailable",3
202207,"unavailable","MEL","AKL","P","A","GB","unavailable","unavailable","45 - 54 years","F","","N","unavailable","unavailable",3
202207,"unavailable","CNS","AKL","P","A","AU","unavailable","unavailable","35 - 44 years","F","","N","unavailable","unavailable",3
202207,"unavailable","SIN","CHC","P","A","GB","unavailable","unavailable","65 - 74 years","F","","N","unavailable","unavailable",3
202207,"unavailable","DOH","AKL","P","A","IR","unavailable","unavailable","45 - 54 years","M","","N","unavailable","unavailable",3
202207,"unavailable","SFO","AKL","P","A","US","unavailable","unavailable","12 - 18 years","M","","N","unavailable","unavailable",3
202207,"unavailable","SYD","WLG","P","A","TH","unavailable","unavailable","12 - 18 years","M","","N","unavailable","unavailable",3
202207,"unavailable","KUL","AKL","P","A","LK","unavailable","unavailable","19 - 24 years","F","","N","unavailable","unavailable",3
202207,"unavailable","HKG","AKL","P","A","VN","unavailable","unavailable","19 - 24 years","F","","N","unavailable","unavailable",3
202207,"unavailable","NRT","AKL","P","A","SE","unavailable","unavailable","19 - 24 years","M","","N","unavailable","unavailable",3
202207,"unavailable","KUL","AKL","P","A","RW","unavailable","unavailable","45 - 54 years","F","","N","unavailable","unavailable",3
202207,"unavailable","HKG","AKL","P","A","TH","unavailable","unavailable","25 - 34 years","M","","N","unavailable","unavailable",3
202207,"unavailable","KUL","AKL","P","A","UA","unavailable","unavailable","75+","F","","N","unavailable","unavailable",3
202207,"unavailable","HNL","AKL","P","A","GB","unavailable","unavailable","25 - 34 years","F","","N","unavailable","unavailable",3
202207,"unavailable","BNE","CHC","P","A","AU","unavailable","unavailable","01 - 11 years","M","","N","unavailable","unavailable",3
202207,"unavailable","SYD","WLG","P","A","AU","unavailable","unavailable","65 - 74 years","F","","N","unavailable","unavailable",3
202207,"unavailable","SYD","AKL","P","A","IN","unavailable","unavailable","25 - 34 years","F","","N","unavailable","unavailable",3
202207,"unavailable","PPT","AKL","P","A","PF","unavailable","unavailable","45 - 54 years","M","","N","unavailable","unavailable",3
202207,"unavailable","SYD","WLG","P","A","IE","unavailable","unavailable","25 - 34 years","M","","N","unavailable","unavailable",3
202207,"unavailable","KUL","AKL","P","A","BD","unavailable","unavailable","35 - 44 years","F","","N","unavailable","unavailable",3
202207,"unavailable","SHA","AKL","P","A","CN","unavailable","unavailable","55 - 64 years","M","","N","unavailable","unavailable",3
202207,"unavailable","HKG","AKL","P","A","CN","unavailable","unavailable","01 - 11 years","M","","N","unavailable","unavailable",3
202207,"unavailable","SIN","AKL","P","A","PH","unavailable","unavailable","45 - 54 years","M","","N","unavailable","unavailable",3
202207,"unavailable","KUL","AKL","P","A","DK","unavailable","unavailable","01 - 11 years","M","","N","unavailable","unavailable",3
202207,"unavailable","ADL","AKL","P","A","IE","unavailable","unavailable","19 - 24 years","M","","N","unavailable","unavailable",3
202207,"unavailable","KUL","AKL","P","A","PK","unavailable","unavailable","45 - 54 years","M","","N","unavailable","unavailable",3
202207,"unavailable","SIN","AKL","P","A","TH","unavailable","unavailable","75+","M","","N","unavailable","unavailable",3
202207,"unavailable","RAR","AKL","P","A","CK","unavailable","unavailable","75+","F","","N","unavailable","unavailable",3
202207,"unavailable","SYD","AKL","P","A","AE","unavailable","unavailable","35 - 44 years","M","","N","unavailable","unavailable",3
202207,"unavailable","OOL","CHC","P","A","AU","unavailable","unavailable","55 - 64 years","F","","N","unavailable","unavailable",3
202207,"unavailable","SIN","AKL","P","A","LK","unavailable","unavailable","19 - 24 years","F","","N","unavailable","unavailable",3
202207,"unavailable","SIN","CHC","P","A","GB","unavailable","unavailable","45 - 54 years","F","","N","unavailable","unavailable",3
202207,"unavailable","KUL","AKL","P","A","PK","unavailable","unavailable","19 - 24 years","M","","N","unavailable","unavailable",3
202207,"unavailable","KUL","AKL","P","A","PL","unavailable","unavailable","55 - 64 years","M","","N","unavailable","unavailable",3
202207,"unavailable","HNL","AKL","P","A","XX","unavailable","unavailable","25 - 34 years","M","","N","unavailable","unavailable",3
202207,"unavailable","SYD","AKL","P","A","ZA","unavailable","unavailable","55 - 64 years","F","","N","unavailable","unavailable",3
202207,"unavailable","SCL","AKL","P","A","AR","unavailable","unavailable","01 - 11 years","F","","N","unavailable","unavailable",3
202207,"unavailable","SFO","AKL","P","A","CA","unavailable","unavailable","19 - 24 years","F","","N","unavailable","unavailable",3
202207,"unavailable","SIN","CHC","P","A","VN","unavailable","unavailable","35 - 44 years","F","","N","unavailable","unavailable",3
202207,"unavailable","YVR","AKL","P","A","CA","unavailable","unavailable","Less than 1 year","M","","N","unavailable","unavailable",3
202207,"unavailable","BNE","AKL","P","A","AU","unavailable","unavailable","Less than 1 year","M","","N","unavailable","unavailable",3
202207,"unavailable","SIN","AKL","P","A","PH","unavailable","unavailable","45 - 54 years","F","","N","unavailable","unavailable",3
202207,"unavailable","SIN","AKL","P","A","IE","unavailable","unavailable","25 - 34 years","F","","N","unavailable","unavailable",3
202207,"unavailable","SIN","AKL","P","A","NL","unavailable","unavailable","25 - 34 years","F","","N","unavailable","unavailable",3
202207,"unavailable","ADL","AKL","P","A","MT","unavailable","unavailable","25 - 34 years","M","","N","unavailable","unavailable",3
202207,"unavailable","SIN","AKL","P","A","VN","unavailable","unavailable","01 - 11 years","M","","N","unavailable","unavailable",3
202207,"unavailable","MEL","ZQN","P","A","NL","unavailable","unavailable","19 - 24 years","F","","N","unavailable","unavailable",3
202207,"unavailable","KUL","AKL","P","A","KR","unavailable","unavailable","25 - 34 years","F","","N","unavailable","unavailable",3
202207,"unavailable","SYD","AKL","P","A","PG","unavailable","unavailable","25 - 34 years","M","","N","unavailable","unavailable",3
202207,"unavailable","SEL","AKL","P","A","KR","unavailable","unavailable","65 - 74 years","M","","N","unavailable","unavailable",3
202207,"unavailable","IAH","AKL","P","A","XX","unavailable","unavailable","25 - 34 years","M","","N","unavailable","unavailable",3
202207,"unavailable","BNE","WLG","P","A","AU","unavailable","unavailable","12 - 18 years","F","","N","unavailable","unavailable",3
202207,"unavailable","CNS","AKL","P","A","AU","unavailable","unavailable","35 - 44 years","M","","N","unavailable","unavailable",3
202207,"unavailable","SYD","CHC","P","A","SA","unavailable","unavailable","35 - 44 years","F","","N","unavailable","unavailable",3
202207,"unavailable","KUL","AKL","P","A","DE","unavailable","unavailable","35 - 44 years","M","","N","unavailable","unavailable",3
202207,"unavailable","SYD","WLG","P","A","GB","unavailable","unavailable","55 - 64 years","M","","N","unavailable","unavailable",3
202207,"unavailable","SIN","CHC","P","A","IN","unavailable","unavailable","12 - 18 years","M","","N","unavailable","unavailable",3
202207,"unavailable","SYD","AKL","P","A","WS","unavailable","unavailable","65 - 74 years","F","","N","unavailable","unavailable",3
202207,"unavailable","BNE","AKL","P","A","UA","unavailable","unavailable","01 - 11 years","F","","N","unavailable","unavailable",3
202207,"unavailable","SIN","AKL","P","A","BG","unavailable","unavailable","35 - 44 years","F","","N","unavailable","unavailable",3
202207,"unavailable","KUL","AKL","P","A","ZA","unavailable","unavailable","12 - 18 years","M","","N","unavailable","unavailable",3
202207,"unavailable","NAN","AKL","P","A","SB","unavailable","unavailable","35 - 44 years","M","","N","unavailable","unavailable",3
202207,"unavailable","PPT","AKL","P","A","GB","unavailable","unavailable","25 - 34 years","M","","N","unavailable","unavailable",3
202207,"unavailable","SCL","AKL","P","A","CO","unavailable","unavailable","45 - 54 years","M","","N","unavailable","unavailable",3
202207,"unavailable","KUL","AKL","P","A","AE","unavailable","unavailable","Less than 1 year","F","","N","unavailable","unavailable",3
202207,"unavailable","HNL","AKL","P","A","CA","unavailable","unavailable","25 - 34 years","F","","N","unavailable","unavailable",3
202207,"unavailable","NAN","CHC","P","A","FR","unavailable","unavailable","25 - 34 years","F","","N","unavailable","unavailable",3
202207,"unavailable","YVR","AKL","P","A","XX","unavailable","unavailable","Less than 1 year","M","","N","unavailable","unavailable",3
202207,"unavailable","SIN","AKL","P","A","IR","unavailable","unavailable","35 - 44 years","M","","N","unavailable","unavailable",3
202207,"unavailable","SCL","AKL","P","A","XX","unavailable","unavailable","45 - 54 years","F","","N","unavailable","unavailable",3
202207,"unavailable","SIN","AKL","P","A","XX","unavailable","unavailable","55 - 64 years","F","","N","unavailable","unavailable",3
202207,"unavailable","MEL","CHC","P","A","GB","unavailable","unavailable","01 - 11 years","M","","N","unavailable","unavailable",3
202207,"unavailable","SIN","CHC","P","A","PH","unavailable","unavailable","12 - 18 years","M","","N","unavailable","unavailable",3
202207,"unavailable","CAN","AKL","P","A","BE","unavailable","unavailable","25 - 34 years","F","","N","unavailable","unavailable",3
202207,"unavailable","HNL","AKL","P","A","CN","unavailable","unavailable","12 - 18 years","F","","N","unavailable","unavailable",3
202207,"unavailable","SYD","WLG","P","A","AU","unavailable","unavailable","35 - 44 years","F","","N","unavailable","unavailable",3
202207,"unavailable","SYD","AKL","P","A","PL","unavailable","unavailable","45 - 54 years","M","","N","unavailable","unavailable",3
202207,"unavailable","HKG","AKL","P","A","PH","unavailable","unavailable","01 - 11 years","M","","N","unavailable","unavailable",3
202207,"unavailable","SIN","AKL","P","A","TH","unavailable","unavailable","25 - 34 years","F","","N","unavailable","unavailable",3
202207,"unavailable","APW","AKL","P","A","WS","unavailable","unavailable","25 - 34 years","M","","N","unavailable","unavailable",3
202207,"unavailable","NAN","AKL","P","A","GB","unavailable","unavailable","35 - 44 years","M","","N","unavailable","unavailable",3
202207,"unavailable","MEL","WLG","P","A","ZA","unavailable","unavailable","25 - 34 years","F","","N","unavailable","unavailable",3
202207,"unavailable","MEL","AKL","P","A","HK","unavailable","unavailable","19 - 24 years","M","","N","unavailable","unavailable",3
202207,"unavailable","ADL","AKL","P","A","AU","unavailable","unavailable","19 - 24 years","F","","N","unavailable","unavailable",3
202207,"unavailable","SIN","AKL","P","A","IN","unavailable","unavailable","75+","M","","N","unavailable","unavailable",3
202207,"unavailable","NAN","AKL","P","A","FJ","unavailable","unavailable","55 - 64 years","F","","N","unavailable","unavailable",3
202207,"unavailable","BNE","ZQN","P","A","AU","unavailable","unavailable","25 - 34 years","M","","N","unavailable","unavailable",3
202207,"unavailable","SCL","AKL","P","A","IE","unavailable","unavailable","19 - 24 years","M","","N","unavailable","unavailable",3
202207,"unavailable","ADL","AKL","P","A","TR","unavailable","unavailable","12 - 18 years","F","","N","unavailable","unavailable",3
202207,"unavailable","KUL","AKL","P","A","XX","unavailable","unavailable","19 - 24 years","F","","N","unavailable","unavailable",3
202207,"unavailable","SIN","AKL","P","A","BD","unavailable","unavailable","19 - 24 years","F","","N","unavailable","unavailable",3
202207,"unavailable","ADL","AKL","P","A","NO","unavailable","unavailable","12 - 18 years","M","","N","unavailable","unavailable",3
202207,"unavailable","SUV","AKL","P","A","FJ","unavailable","unavailable","75+","F","","N","unavailable","unavailable",3
202207,"unavailable","TPE","AKL","P","A","TW","unavailable","unavailable","45 - 54 years","M","","N","unavailable","unavailable",3
202207,"unavailable","SYD","WLG","P","A","MX","unavailable","unavailable","25 - 34 years","F","","N","unavailable","unavailable",3
202207,"unavailable","SIN","AKL","P","A","ZA","unavailable","unavailable","12 - 18 years","M","","N","unavailable","unavailable",3
202207,"unavailable","SYD","AKL","P","A","XX","unavailable","unavailable","75+","F","","N","unavailable","unavailable",3
202207,"unavailable","NAN","CHC","P","A","US","unavailable","unavailable","45 - 54 years","F","","N","unavailable","unavailable",3
202207,"unavailable","MEL","AKL","P","A","GB","unavailable","unavailable","55 - 64 years","F","","N","unavailable","unavailable",3
202207,"unavailable","SIN","AKL","P","A","PK","unavailable","unavailable","19 - 24 years","M","","N","unavailable","unavailable",3
202207,"unavailable","SIN","AKL","P","A","AR","unavailable","unavailable","01 - 11 years","M","","N","unavailable","unavailable",3
202207,"unavailable","MEL","CHC","P","A","GB","unavailable","unavailable","25 - 34 years","F","","N","unavailable","unavailable",3
202207,"unavailable","KUL","AKL","P","A","IE","unavailable","unavailable","25 - 34 years","F","","N","unavailable","unavailable",3
202207,"unavailable","SIN","AKL","P","A","ZM","unavailable","unavailable","45 - 54 years","M","","N","unavailable","unavailable",3
202207,"unavailable","SYD","WLG","P","A","PH","unavailable","unavailable","19 - 24 years","F","","N","unavailable","unavailable",3
202207,"unavailable","APW","AKL","P","A","AS","unavailable","unavailable","12 - 18 years","F","","N","unavailable","unavailable",3
202207,"unavailable","SYD","WLG","P","A","XX","unavailable","unavailable","35 - 44 years","M","","N","unavailable","unavailable",3
202207,"unavailable","MEL","WLG","P","A","AU","unavailable","unavailable","25 - 34 years","F","","N","unavailable","unavailable",3
202207,"unavailable","MEL","ZQN","P","A","AU","unavailable","unavailable","19 - 24 years","M","","N","unavailable","unavailable",3
202207,"unavailable","PPT","AKL","P","A","GB","unavailable","unavailable","01 - 11 years","F","","N","unavailable","unavailable",3
202207,"unavailable","MEL","AKL","P","A","FR","unavailable","unavailable","12 - 18 years","F","","N","unavailable","unavailable",3
202207,"unavailable","ADL","AKL","P","A","DE","unavailable","unavailable","19 - 24 years","F","","N","unavailable","unavailable",3
202207,"unavailable","SYD","AKL","P","A","XX","unavailable","unavailable","19 - 24 years","M","","N","unavailable","unavailable",3
202207,"unavailable","SYD","AKL","P","A","XX","unavailable","unavailable","45 - 54 years","F","","N","unavailable","unavailable",3
202207,"unavailable","IAH","AKL","P","A","US","unavailable","unavailable","55 - 64 years","F","","N","unavailable","unavailable",3
202207,"unavailable","VLI","AKL","P","A","VU","unavailable","unavailable","25 - 34 years","F","","N","unavailable","unavailable",3
202207,"unavailable","NOU","AKL","P","A","NC","unavailable","unavailable","35 - 44 years","F","","N","unavailable","unavailable",3
202207,"unavailable","MEL","CHC","P","A","GB","unavailable","unavailable","65 - 74 years","M","","N","unavailable","unavailable",3
202207,"unavailable","SCL","AKL","P","A","CO","unavailable","unavailable","25 - 34 years","F","","N","unavailable","unavailable",3
202207,"unavailable","MEL","AKL","P","A","IN","unavailable","unavailable","25 - 34 years","F","","N","unavailable","unavailable",3
202207,"unavailable","KUL","AKL","P","A","PH","unavailable","unavailable","25 - 34 years","F","","N","unavailable","unavailable",3
202207,"unavailable","MEL","WLG","P","A","AU","unavailable","unavailable","65 - 74 years","M","","N","unavailable","unavailable",3
202207,"unavailable","KUL","AKL","P","A","IR","unavailable","unavailable","12 - 18 years","F","","N","unavailable","unavailable",3
202207,"unavailable","SUV","AKL","P","A","FJ","unavailable","unavailable","25 - 34 years","M","","N","unavailable","unavailable",3
202207,"unavailable","NAN","AKL","P","A","GB","unavailable","unavailable","19 - 24 years","F","","N","unavailable","unavailable",3
202207,"unavailable","SIN","CHC","P","A","PH","unavailable","unavailable","45 - 54 years","F","","N","unavailable","unavailable",3
202207,"unavailable","MEL","WLG","P","A","AU","unavailable","unavailable","01 - 11 years","F","","N","unavailable","unavailable",3
202207,"unavailable","KUL","AKL","P","A","VN","unavailable","unavailable","12 - 18 years","F","","N","unavailable","unavailable",3
202207,"unavailable","PER","AKL","P","A","AU","unavailable","unavailable","Less than 1 year","M","","N","unavailable","unavailable",3
202207,"unavailable","ADL","AKL","P","A","HU","unavailable","unavailable","01 - 11 years","F","","N","unavailable","unavailable",3
202207,"unavailable","TBU","AKL","P","A","TO","unavailable","unavailable","19 - 24 years","M","","N","unavailable","unavailable",3
202207,"unavailable","SCL","AKL","P","A","CL","unavailable","unavailable","35 - 44 years","F","","N","unavailable","unavailable",3
202207,"unavailable","KUL","AKL","P","A","JP","unavailable","unavailable","25 - 34 years","F","","N","unavailable","unavailable",3
202207,"unavailable","SYD","CHC","P","A","AU","unavailable","unavailable","12 - 18 years","M","","N","unavailable","unavailable",3
202207,"unavailable","HNL","AKL","P","A","XX","unavailable","unavailable","45 - 54 years","F","","N","unavailable","unavailable",3
202207,"unavailable","SYD","WLG","P","A","PH","unavailable","unavailable","65 - 74 years","F","","N","unavailable","unavailable",3
202207,"unavailable","SYD","WLG","P","A","AU","unavailable","unavailable","19 - 24 years","M","","N","unavailable","unavailable",3
202207,"unavailable","IUE","AKL","P","A","NU","unavailable","unavailable","19 - 24 years","M","","N","unavailable","unavailable",3
202207,"unavailable","HKG","AKL","P","A","DE","unavailable","unavailable","12 - 18 years","F","","N","unavailable","unavailable",3
202207,"unavailable","DOH","AKL","P","A","GB","unavailable","unavailable","19 - 24 years","M","","N","unavailable","unavailable",3
202207,"unavailable","SYD","AKL","P","A","JP","unavailable","unavailable","25 - 34 years","M","","N","unavailable","unavailable",3
202207,"unavailable","PER","AKL","P","A","AU","unavailable","unavailable","19 - 24 years","M","","N","unavailable","unavailable",3
202207,"unavailable","MEL","WLG","P","A","IN","unavailable","unavailable","35 - 44 years","F","","N","unavailable","unavailable",3
202207,"unavailable","MEL","CHC","P","A","GB","unavailable","unavailable","25 - 34 years","M","","N","unavailable","unavailable",3
202207,"unavailable","HKG","AKL","P","A","RU","unavailable","unavailable","25 - 34 years","M","","N","unavailable","unavailable",3
202207,"unavailable","SIN","AKL","P","A","QA","unavailable","unavailable","25 - 34 years","M","","N","unavailable","unavailable",3
202207,"unavailable","SIN","AKL","P","A","XX","unavailable","unavailable","19 - 24 years","F","","N","unavailable","unavailable",3
202207,"unavailable","KUL","AKL","P","A","UZ","unavailable","unavailable","35 - 44 years","M","","N","unavailable","unavailable",3
202207,"unavailable","CAN","AKL","P","A","TD","unavailable","unavailable","45 - 54 years","F","","N","unavailable","unavailable",3
202207,"unavailable","BNE","CHC","P","A","AU","unavailable","unavailable","75+","F","","N","unavailable","unavailable",3
202207,"unavailable","KUL","AKL","P","A","EG","unavailable","unavailable","35 - 44 years","M","","N","unavailable","unavailable",3
202207,"unavailable","SYD","WLG","P","A","FI","unavailable","unavailable","35 - 44 years","F","","N","unavailable","unavailable",3
202207,"unavailable","PER","AKL","P","A","DE","unavailable","unavailable","19 - 24 years","F","","N","unavailable","unavailable",3
202207,"unavailable","NAN","AKL","P","A","US","unavailable","unavailable","01 - 11 years","M","","N","unavailable","unavailable",3
202207,"unavailable","NRT","AKL","P","A","JP","unavailable","unavailable","45 - 54 years","M","","N","unavailable","unavailable",3
202207,"unavailable","MEL","AKL","P","A","DE","unavailable","unavailable","35 - 44 years","F","","N","unavailable","unavailable",3
202207,"unavailable","MEL","CHC","P","A","GB","unavailable","unavailable","Less than 1 year","M","","N","unavailable","unavailable",3
202207,"unavailable","SYD","CHC","P","A","AU","unavailable","unavailable","01 - 11 years","F","","N","unavailable","unavailable",3
202207,"unavailable","SIN","CHC","P","A","XX","unavailable","unavailable","12 - 18 years","F","","N","unavailable","unavailable",3
202207,"unavailable","HKG","AKL","P","A","XX","unavailable","unavailable","12 - 18 years","F","","N","unavailable","unavailable",3
202207,"unavailable","APW","AKL","P","A","WS","unavailable","unavailable","45 - 54 years","F","","N","unavailable","unavailable",3
202207,"unavailable","SYD","CHC","P","A","AU","unavailable","unavailable","65 - 74 years","M","","N","unavailable","unavailable",3
202207,"unavailable","PER","AKL","P","A","GB","unavailable","unavailable","25 - 34 years","F","","N","unavailable","unavailable",3
202207,"unavailable","SIN","AKL","P","A","FR","unavailable","unavailable","19 - 24 years","M","","N","unavailable","unavailable",3
202207,"unavailable","OOL","WLG","P","A","GB","unavailable","unavailable","19 - 24 years","F","","N","unavailable","unavailable",3
202207,"unavailable","SIN","CHC","P","A","PH","unavailable","unavailable","19 - 24 years","M","","N","unavailable","unavailable",3
202207,"unavailable","SYD","WLG","P","A","AE","unavailable","unavailable","25 - 34 years","M","","N","unavailable","unavailable",3
202207,"unavailable","APW","AKL","P","A","WS","unavailable","unavailable","01 - 11 years","M","","N","unavailable","unavailable",3
202207,"unavailable","SIN","AKL","P","A","KH","unavailable","unavailable","25 - 34 years","M","","N","unavailable","unavailable",3
202207,"unavailable","ADL","AKL","P","A","AU","unavailable","unavailable","35 - 44 years","F","","N","unavailable","unavailable",3
202207,"unavailable","SYD","AKL","P","A","ID","unavailable","unavailable","35 - 44 years","F","","N","unavailable","unavailable",3
