"MonthOfTravel","DayOfTravel","OverSeasPort","customs_port_code","passenger_type_code","direction_code","clnpr_code","overseas_state_code","main_country_visited_code","AgeAtTravelRange","sex_code","losa_range","travel_purpose_code","occupation_code","ta_code","TotalPassengerMovements"
202410,"unavailable","SCL","AKL","P","A","CL","unavailable","unavailable","25 - 34 years","F","","N","unavailable","unavailable",72
202410,"unavailable","SCL","AKL","P","A","CL","unavailable","unavailable","25 - 34 years","M","","N","unavailable","unavailable",66
202410,"unavailable","XXA","AKL","P","A","CN","unavailable","unavailable","25 - 34 years","F","","N","unavailable","unavailable",63
202410,"unavailable","SIN","AKL","P","A","IN","unavailable","unavailable","25 - 34 years","F","","N","unavailable","unavailable",57
202410,"unavailable","SIN","AKL","P","A","IN","unavailable","unavailable","01 - 11 years","M","","N","unavailable","unavailable",45
202410,"unavailable","SIN","AKL","P","A","IN","unavailable","unavailable","25 - 34 years","M","","N","unavailable","unavailable",45
202410,"unavailable","SIN","AKL","P","A","IN","unavailable","unavailable","01 - 11 years","F","","N","unavailable","unavailable",42
202410,"unavailable","SZX","AKL","P","A","CN","unavailable","unavailable","25 - 34 years","F","","N","unavailable","unavailable",42
202410,"unavailable","KUL","AKL","P","A","IN","unavailable","unavailable","25 - 34 years","F","","N","unavailable","unavailable",39
202410,"unavailable","SHA","AKL","P","A","CN","unavailable","unavailable","25 - 34 years","F","","N","unavailable","unavailable",39
202410,"unavailable","DOH","AKL","P","A","GB","unavailable","unavailable","25 - 34 years","M","","N","unavailable","unavailable",39
202410,"unavailable","SIN","AKL","P","A","IN","unavailable","unavailable","19 - 24 years","M","","N","unavailable","unavailable",36
202410,"unavailable","DOH","AKL","P","A","GB","unavailable","unavailable","25 - 34 years","F","","N","unavailable","unavailable",36
202410,"unavailable","KUL","AKL","P","A","IN","unavailable","unavailable","01 - 11 years","M","","N","unavailable","unavailable",36
202410,"unavailable","SIN","AKL","P","A","IN","unavailable","unavailable","35 - 44 years","M","","N","unavailable","unavailable",36
202410,"unavailable","XXA","AKL","P","A","CN","unavailable","unavailable","25 - 34 years","M","","N","unavailable","unavailable",33
202410,"unavailable","NRT","AKL","P","A","JP","unavailable","unavailable","25 - 34 years","F","","N","unavailable","unavailable",33
202410,"unavailable","DOH","AKL","P","A","FR","unavailable","unavailable","19 - 24 years","F","","N","unavailable","unavailable",30
202410,"unavailable","XXA","AKL","P","A","CN","unavailable","unavailable","19 - 24 years","M","","N","unavailable","unavailable",27
202410,"unavailable","SHA","AKL","P","A","FR","unavailable","unavailable","25 - 34 years","M","","N","unavailable","unavailable",27
202410,"unavailable","SHA","AKL","P","A","CN","unavailable","unavailable","19 - 24 years","F","","N","unavailable","unavailable",27
202410,"unavailable","HKG","AKL","P","A","IN","unavailable","unavailable","25 - 34 years","M","","N","unavailable","unavailable",27
202410,"unavailable","SYD","AKL","P","A","AU","unavailable","unavailable","25 - 34 years","M","","N","unavailable","unavailable",27
202410,"unavailable","MEL","AKL","P","A","AU","unavailable","unavailable","25 - 34 years","F","","N","unavailable","unavailable",27
202410,"unavailable","SHA","AKL","P","A","CN","unavailable","unavailable","12 - 18 years","F","","N","unavailable","unavailable",27
202410,"unavailable","XXA","AKL","P","A","CN","unavailable","unavailable","35 - 44 years","F","","N","unavailable","unavailable",27
202410,"unavailable","KUL","AKL","P","A","IN","unavailable","unavailable","25 - 34 years","M","","N","unavailable","unavailable",27
202410,"unavailable","CAN","AKL","P","A","CN","unavailable","unavailable","25 - 34 years","F","","N","unavailable","unavailable",24
202410,"unavailable","DOH","AKL","P","A","FR","unavailable","unavailable","25 - 34 years","M","","N","unavailable","unavailable",24
202410,"unavailable","YVR","AKL","P","A","CA","unavailable","unavailable","25 - 34 years","F","","N","unavailable","unavailable",24
202410,"unavailable","SHA","AKL","P","A","CN","unavailable","unavailable","19 - 24 years","M","","N","unavailable","unavailable",24
202410,"unavailable","LAX","AKL","P","A","US","unavailable","unavailable","25 - 34 years","F","","N","unavailable","unavailable",24
202410,"unavailable","SZX","AKL","P","A","CN","unavailable","unavailable","25 - 34 years","M","","N","unavailable","unavailable",24
202410,"unavailable","SHA","AKL","P","A","CN","unavailable","unavailable","65 - 74 years","F","","N","unavailable","unavailable",24
202410,"unavailable","MEL","AKL","P","A","AU","unavailable","unavailable","25 - 34 years","M","","N","unavailable","unavailable",24
202410,"unavailable","SIN","AKL","P","A","IN","unavailable","unavailable","19 - 24 years","F","","N","unavailable","unavailable",24
202410,"unavailable","PEK","AKL","P","A","CN","unavailable","unavailable","25 - 34 years","F","","N","unavailable","unavailable",24
202410,"unavailable","SYD","AKL","P","A","AU","unavailable","unavailable","25 - 34 years","F","","N","unavailable","unavailable",24
202410,"unavailable","DOH","AKL","P","A","FR","unavailable","unavailable","25 - 34 years","F","","N","unavailable","unavailable",24
202410,"unavailable","SCL","AKL","P","A","AR","unavailable","unavailable","25 - 34 years","M","","N","unavailable","unavailable",24
202410,"unavailable","HKG","AKL","P","A","PH","unavailable","unavailable","35 - 44 years","M","","N","unavailable","unavailable",24
202410,"unavailable","SIN","AKL","P","A","IN","unavailable","unavailable","35 - 44 years","F","","N","unavailable","unavailable",24
202410,"unavailable","XXA","AKL","P","A","CN","unavailable","unavailable","19 - 24 years","F","","N","unavailable","unavailable",24
202410,"unavailable","SHA","AKL","P","A","CN","unavailable","unavailable","12 - 18 years","M","","N","unavailable","unavailable",24
202410,"unavailable","SYD","AKL","P","A","PH","unavailable","unavailable","35 - 44 years","F","","N","unavailable","unavailable",24
202410,"unavailable","KUL","AKL","P","A","IN","unavailable","unavailable","01 - 11 years","F","","N","unavailable","unavailable",21
202410,"unavailable","DOH","AKL","P","A","FR","unavailable","unavailable","19 - 24 years","M","","N","unavailable","unavailable",21
202410,"unavailable","APW","AKL","P","A","WS","unavailable","unavailable","01 - 11 years","F","","N","unavailable","unavailable",21
202410,"unavailable","SHA","AKL","P","A","CN","unavailable","unavailable","35 - 44 years","F","","N","unavailable","unavailable",21
202410,"unavailable","SHA","AKL","P","A","CN","unavailable","unavailable","35 - 44 years","M","","N","unavailable","unavailable",21
202410,"unavailable","BNE","AKL","P","A","AU","unavailable","unavailable","25 - 34 years","M","","N","unavailable","unavailable",21
202410,"unavailable","XXA","AKL","P","A","CN","unavailable","unavailable","12 - 18 years","F","","N","unavailable","unavailable",21
202410,"unavailable","SYD","AKL","P","A","PH","unavailable","unavailable","01 - 11 years","M","","N","unavailable","unavailable",21
202410,"unavailable","SHA","AKL","P","A","CN","unavailable","unavailable","65 - 74 years","M","","N","unavailable","unavailable",21
202410,"unavailable","CAN","AKL","P","A","CN","unavailable","unavailable","65 - 74 years","F","","N","unavailable","unavailable",21
202410,"unavailable","YVR","AKL","P","A","CA","unavailable","unavailable","25 - 34 years","M","","N","unavailable","unavailable",21
202410,"unavailable","CAN","AKL","P","A","NP","unavailable","unavailable","19 - 24 years","F","","N","unavailable","unavailable",21
202410,"unavailable","CAN","AKL","P","A","CN","unavailable","unavailable","65 - 74 years","M","","N","unavailable","unavailable",18
202410,"unavailable","SHA","AKL","P","A","FR","unavailable","unavailable","25 - 34 years","F","","N","unavailable","unavailable",18
202410,"unavailable","HKG","AKL","P","A","IN","unavailable","unavailable","19 - 24 years","M","","N","unavailable","unavailable",18
202410,"unavailable","DOH","AKL","P","A","DE","unavailable","unavailable","19 - 24 years","M","","N","unavailable","unavailable",18
202410,"unavailable","SIN","AKL","P","A","LK","unavailable","unavailable","35 - 44 years","M","","N","unavailable","unavailable",18
202410,"unavailable","APW","AKL","P","A","WS","unavailable","unavailable","19 - 24 years","M","","N","unavailable","unavailable",18
202410,"unavailable","SCL","AKL","P","A","AR","unavailable","unavailable","25 - 34 years","F","","N","unavailable","unavailable",18
202410,"unavailable","KUL","AKL","P","A","IN","unavailable","unavailable","19 - 24 years","M","","N","unavailable","unavailable",18
202410,"unavailable","CAN","AKL","P","A","CN","unavailable","unavailable","12 - 18 years","F","","N","unavailable","unavailable",18
202410,"unavailable","SIN","AKL","P","A","LK","unavailable","unavailable","25 - 34 years","F","","N","unavailable","unavailable",18
202410,"unavailable","DOH","AKL","P","A","DE","unavailable","unavailable","19 - 24 years","F","","N","unavailable","unavailable",18
202410,"unavailable","SHA","AKL","P","A","CN","unavailable","unavailable","01 - 11 years","F","","N","unavailable","unavailable",18
202410,"unavailable","CAN","AKL","P","A","CN","unavailable","unavailable","12 - 18 years","M","","N","unavailable","unavailable",18
202410,"unavailable","HKG","AKL","P","A","PH","unavailable","unavailable","25 - 34 years","M","","N","unavailable","unavailable",18
202410,"unavailable","KUL","AKL","P","A","IN","unavailable","unavailable","35 - 44 years","M","","N","unavailable","unavailable",18
202410,"unavailable","SHA","AKL","P","A","CN","unavailable","unavailable","25 - 34 years","M","","N","unavailable","unavailable",18
202410,"unavailable","SIN","AKL","P","A","GB","unavailable","unavailable","25 - 34 years","F","","N","unavailable","unavailable",18
202410,"unavailable","SYD","AKL","P","A","AU","unavailable","unavailable","55 - 64 years","M","","N","unavailable","unavailable",18
202410,"unavailable","CAN","AKL","P","A","NP","unavailable","unavailable","25 - 34 years","F","","N","unavailable","unavailable",18
202410,"unavailable","HKG","AKL","P","A","PH","unavailable","unavailable","25 - 34 years","F","","N","unavailable","unavailable",18
202410,"unavailable","HKG","AKL","P","A","PH","unavailable","unavailable","01 - 11 years","M","","N","unavailable","unavailable",15
202410,"unavailable","NAN","AKL","P","A","FJ","unavailable","unavailable","35 - 44 years","M","","N","unavailable","unavailable",15
202410,"unavailable","SHA","AKL","P","A","LK","unavailable","unavailable","25 - 34 years","M","","N","unavailable","unavailable",15
202410,"unavailable","HKG","AKL","P","A","GB","unavailable","unavailable","25 - 34 years","M","","N","unavailable","unavailable",15
202410,"unavailable","NRT","AKL","P","A","JP","unavailable","unavailable","19 - 24 years","F","","N","unavailable","unavailable",15
202410,"unavailable","XXA","AKL","P","A","CN","unavailable","unavailable","35 - 44 years","M","","N","unavailable","unavailable",15
202410,"unavailable","SHA","AKL","P","A","GB","unavailable","unavailable","25 - 34 years","F","","N","unavailable","unavailable",15
202410,"unavailable","XXA","AKL","P","A","CN","unavailable","unavailable","12 - 18 years","M","","N","unavailable","unavailable",15
202410,"unavailable","SYD","AKL","P","A","XX","unavailable","unavailable","25 - 34 years","M","","N","unavailable","unavailable",15
202410,"unavailable","SZX","AKL","P","A","CN","unavailable","unavailable","19 - 24 years","M","","N","unavailable","unavailable",15
202410,"unavailable","BNE","AKL","P","A","AU","unavailable","unavailable","25 - 34 years","F","","N","unavailable","unavailable",15
202410,"unavailable","LAX","AKL","P","A","US","unavailable","unavailable","19 - 24 years","F","","N","unavailable","unavailable",15
202410,"unavailable","SYD","AKL","P","A","PH","unavailable","unavailable","19 - 24 years","M","","N","unavailable","unavailable",15
202410,"unavailable","HKG","AKL","P","A","GB","unavailable","unavailable","25 - 34 years","F","","N","unavailable","unavailable",15
202410,"unavailable","NAN","AKL","P","A","CA","unavailable","unavailable","25 - 34 years","F","","N","unavailable","unavailable",15
202410,"unavailable","YVR","AKL","P","A","CA","unavailable","unavailable","19 - 24 years","F","","N","unavailable","unavailable",15
202410,"unavailable","SHA","AKL","P","A","LK","unavailable","unavailable","25 - 34 years","F","","N","unavailable","unavailable",15
202410,"unavailable","LAX","AKL","P","A","US","unavailable","unavailable","12 - 18 years","M","","N","unavailable","unavailable",15
202410,"unavailable","NAN","AKL","P","A","FJ","unavailable","unavailable","25 - 34 years","M","","N","unavailable","unavailable",15
202410,"unavailable","PEK","AKL","P","A","CN","unavailable","unavailable","25 - 34 years","M","","N","unavailable","unavailable",15
202410,"unavailable","LAX","AKL","P","A","US","unavailable","unavailable","25 - 34 years","M","","N","unavailable","unavailable",15
202410,"unavailable","SHA","AKL","P","A","GB","unavailable","unavailable","25 - 34 years","M","","N","unavailable","unavailable",15
202410,"unavailable","SIN","AKL","P","A","SG","unavailable","unavailable","35 - 44 years","F","","N","unavailable","unavailable",15
202410,"unavailable","BNE","AKL","P","A","AU","unavailable","unavailable","35 - 44 years","M","","N","unavailable","unavailable",15
202410,"unavailable","XXA","AKL","P","A","CN","unavailable","unavailable","01 - 11 years","F","","N","unavailable","unavailable",15
202410,"unavailable","CAN","AKL","P","A","CN","unavailable","unavailable","25 - 34 years","M","","N","unavailable","unavailable",15
202410,"unavailable","KUL","AKL","P","A","IN","unavailable","unavailable","35 - 44 years","F","","N","unavailable","unavailable",15
202410,"unavailable","SHA","AKL","P","A","FR","unavailable","unavailable","19 - 24 years","M","","N","unavailable","unavailable",15
202410,"unavailable","PEK","AKL","P","A","FR","unavailable","unavailable","19 - 24 years","M","","N","unavailable","unavailable",15
202410,"unavailable","PEK","AKL","P","A","CN","unavailable","unavailable","65 - 74 years","F","","N","unavailable","unavailable",15
202410,"unavailable","SIN","AKL","P","A","LK","unavailable","unavailable","25 - 34 years","M","","N","unavailable","unavailable",15
202410,"unavailable","PEK","AKL","P","A","CN","unavailable","unavailable","12 - 18 years","M","","N","unavailable","unavailable",15
202410,"unavailable","SHA","AKL","P","A","CN","unavailable","unavailable","45 - 54 years","F","","N","unavailable","unavailable",15
202410,"unavailable","HKG","AKL","P","A","PH","unavailable","unavailable","01 - 11 years","F","","N","unavailable","unavailable",15
202410,"unavailable","SIN","AKL","P","A","LK","unavailable","unavailable","35 - 44 years","F","","N","unavailable","unavailable",15
202410,"unavailable","HKG","AKL","P","A","IN","unavailable","unavailable","25 - 34 years","F","","N","unavailable","unavailable",15
202410,"unavailable","NAN","AKL","P","A","FJ","unavailable","unavailable","25 - 34 years","F","","N","unavailable","unavailable",12
202410,"unavailable","SHA","AKL","P","A","GB","unavailable","unavailable","19 - 24 years","M","","N","unavailable","unavailable",12
202410,"unavailable","PEK","AKL","P","A","CN","unavailable","unavailable","19 - 24 years","M","","N","unavailable","unavailable",12
202410,"unavailable","HKG","AKL","P","A","IN","unavailable","unavailable","19 - 24 years","F","","N","unavailable","unavailable",12
202410,"unavailable","SCL","AKL","P","A","BR","unavailable","unavailable","25 - 34 years","F","","N","unavailable","unavailable",12
202410,"unavailable","DXB","AKL","P","A","XX","unavailable","unavailable","19 - 24 years","M","","N","unavailable","unavailable",12
202410,"unavailable","YVR","AKL","P","A","CA","unavailable","unavailable","19 - 24 years","M","","N","unavailable","unavailable",12
202410,"unavailable","SYD","AKL","P","A","PH","unavailable","unavailable","12 - 18 years","M","","N","unavailable","unavailable",12
202410,"unavailable","HKG","AKL","P","A","TW","unavailable","unavailable","25 - 34 years","F","","N","unavailable","unavailable",12
202410,"unavailable","NAN","AKL","P","A","FJ","unavailable","unavailable","19 - 24 years","M","","N","unavailable","unavailable",12
202410,"unavailable","SYD","WLG","P","A","PH","unavailable","unavailable","01 - 11 years","M","","N","unavailable","unavailable",12
202410,"unavailable","APW","AKL","P","A","WS","unavailable","unavailable","25 - 34 years","M","","N","unavailable","unavailable",12
202410,"unavailable","CAN","AKL","P","A","FR","unavailable","unavailable","25 - 34 years","M","","N","unavailable","unavailable",12
202410,"unavailable","SFO","AKL","P","A","US","unavailable","unavailable","25 - 34 years","M","","N","unavailable","unavailable",12
202410,"unavailable","DXB","AKL","P","A","ZA","unavailable","unavailable","25 - 34 years","F","","N","unavailable","unavailable",12
202410,"unavailable","BNE","AKL","P","A","AU","unavailable","unavailable","35 - 44 years","F","","N","unavailable","unavailable",12
202410,"unavailable","DXB","AKL","P","A","ZA","unavailable","unavailable","01 - 11 years","F","","N","unavailable","unavailable",12
202410,"unavailable","SYD","AKL","P","A","XX","unavailable","unavailable","25 - 34 years","F","","N","unavailable","unavailable",12
202410,"unavailable","DXB","AKL","P","A","XX","unavailable","unavailable","01 - 11 years","F","","N","unavailable","unavailable",12
202410,"unavailable","SYD","WLG","P","A","PH","unavailable","unavailable","25 - 34 years","F","","N","unavailable","unavailable",12
202410,"unavailable","SEL","AKL","P","A","KR","unavailable","unavailable","25 - 34 years","F","","N","unavailable","unavailable",12
202410,"unavailable","SYD","AKL","P","A","AU","unavailable","unavailable","19 - 24 years","F","","N","unavailable","unavailable",12
202410,"unavailable","NAN","AKL","P","A","CA","unavailable","unavailable","25 - 34 years","M","","N","unavailable","unavailable",12
202410,"unavailable","PEK","AKL","P","A","FR","unavailable","unavailable","25 - 34 years","M","","N","unavailable","unavailable",12
202410,"unavailable","SYD","AKL","P","A","GB","unavailable","unavailable","25 - 34 years","F","","N","unavailable","unavailable",12
202410,"unavailable","DXB","AKL","P","A","GB","unavailable","unavailable","25 - 34 years","M","","N","unavailable","unavailable",12
202410,"unavailable","CAN","AKL","P","A","CN","unavailable","unavailable","01 - 11 years","F","","N","unavailable","unavailable",12
202410,"unavailable","CAN","AKL","P","A","VN","unavailable","unavailable","25 - 34 years","F","","N","unavailable","unavailable",12
202410,"unavailable","BNE","AKL","P","A","AU","unavailable","unavailable","45 - 54 years","F","","N","unavailable","unavailable",12
202410,"unavailable","CAN","AKL","P","A","GB","unavailable","unavailable","25 - 34 years","F","","N","unavailable","unavailable",12
202410,"unavailable","BNE","AKL","P","A","AU","unavailable","unavailable","19 - 24 years","M","","N","unavailable","unavailable",12
202410,"unavailable","SYD","AKL","P","A","PH","unavailable","unavailable","01 - 11 years","F","","N","unavailable","unavailable",12
202410,"unavailable","DXB","AKL","P","A","XX","unavailable","unavailable","25 - 34 years","F","","N","unavailable","unavailable",12
202410,"unavailable","SHA","AKL","P","A","JP","unavailable","unavailable","25 - 34 years","F","","N","unavailable","unavailable",12
202410,"unavailable","SYD","AKL","P","A","XX","unavailable","unavailable","35 - 44 years","M","","N","unavailable","unavailable",12
202410,"unavailable","SHA","AKL","P","A","LK","unavailable","unavailable","01 - 11 years","F","","N","unavailable","unavailable",12
202410,"unavailable","HKG","AKL","P","A","PH","unavailable","unavailable","12 - 18 years","F","","N","unavailable","unavailable",12
202410,"unavailable","PEK","AKL","P","A","CN","unavailable","unavailable","12 - 18 years","F","","N","unavailable","unavailable",12
202410,"unavailable","BNE","AKL","P","A","AU","unavailable","unavailable","55 - 64 years","F","","N","unavailable","unavailable",12
202410,"unavailable","SZX","AKL","P","A","CN","unavailable","unavailable","19 - 24 years","F","","N","unavailable","unavailable",12
202410,"unavailable","SZX","AKL","P","A","CN","unavailable","unavailable","35 - 44 years","F","","N","unavailable","unavailable",12
202410,"unavailable","NRT","AKL","P","A","JP","unavailable","unavailable","25 - 34 years","M","","N","unavailable","unavailable",12
202410,"unavailable","KUL","AKL","P","A","IN","unavailable","unavailable","19 - 24 years","F","","N","unavailable","unavailable",12
202410,"unavailable","SYD","AKL","P","A","AU","unavailable","unavailable","19 - 24 years","M","","N","unavailable","unavailable",12
202410,"unavailable","CAN","AKL","P","A","NP","unavailable","unavailable","25 - 34 years","M","","N","unavailable","unavailable",12
202410,"unavailable","SIN","AKL","P","A","GB","unavailable","unavailable","25 - 34 years","M","","N","unavailable","unavailable",12
202410,"unavailable","SYD","AKL","P","A","GB","unavailable","unavailable","25 - 34 years","M","","N","unavailable","unavailable",12
202410,"unavailable","SHA","AKL","P","A","FR","unavailable","unavailable","19 - 24 years","F","","N","unavailable","unavailable",12
202410,"unavailable","SYD","AKL","P","A","PH","unavailable","unavailable","25 - 34 years","F","","N","unavailable","unavailable",12
202410,"unavailable","PER","AKL","P","A","AU","unavailable","unavailable","25 - 34 years","F","","N","unavailable","unavailable",12
202410,"unavailable","DXB","AKL","P","A","GB","unavailable","unavailable","25 - 34 years","F","","N","unavailable","unavailable",12
202410,"unavailable","XXA","AKL","P","A","CN","unavailable","unavailable","65 - 74 years","F","","N","unavailable","unavailable",12
202410,"unavailable","APW","AKL","P","A","WS","unavailable","unavailable","25 - 34 years","F","","N","unavailable","unavailable",12
202410,"unavailable","SCL","AKL","P","A","BR","unavailable","unavailable","25 - 34 years","M","","N","unavailable","unavailable",12
202410,"unavailable","NRT","AKL","P","A","JP","unavailable","unavailable","19 - 24 years","M","","N","unavailable","unavailable",12
202410,"unavailable","NAN","AKL","P","A","FJ","unavailable","unavailable","35 - 44 years","F","","N","unavailable","unavailable",12
202410,"unavailable","SHA","AKL","P","A","CN","unavailable","unavailable","55 - 64 years","M","","N","unavailable","unavailable",12
202410,"unavailable","HKG","AKL","P","A","PH","unavailable","unavailable","12 - 18 years","M","","N","unavailable","unavailable",12
202410,"unavailable","SHA","AKL","P","A","CZ","unavailable","unavailable","25 - 34 years","M","","N","unavailable","unavailable",12
202410,"unavailable","HKG","AKL","P","A","IN","unavailable","unavailable","35 - 44 years","M","","N","unavailable","unavailable",9
202410,"unavailable","LAX","AKL","P","A","US","unavailable","unavailable","45 - 54 years","M","","N","unavailable","unavailable",9
202410,"unavailable","MEL","AKL","P","A","XX","unavailable","unavailable","25 - 34 years","M","","N","unavailable","unavailable",9
202410,"unavailable","SYD","CHC","P","A","PH","unavailable","unavailable","35 - 44 years","F","","N","unavailable","unavailable",9
202410,"unavailable","PEK","AKL","P","A","FR","unavailable","unavailable","25 - 34 years","F","","N","unavailable","unavailable",9
202410,"unavailable","SYD","AKL","P","A","ZA","unavailable","unavailable","12 - 18 years","M","","N","unavailable","unavailable",9
202410,"unavailable","DXB","AKL","P","A","IN","unavailable","unavailable","25 - 34 years","F","","N","unavailable","unavailable",9
202410,"unavailable","SIN","AKL","P","A","LK","unavailable","unavailable","01 - 11 years","F","","N","unavailable","unavailable",9
202410,"unavailable","DXB","AKL","P","A","XX","unavailable","unavailable","12 - 18 years","M","","N","unavailable","unavailable",9
202410,"unavailable","SIN","AKL","P","A","FR","unavailable","unavailable","19 - 24 years","F","","N","unavailable","unavailable",9
202410,"unavailable","LAX","AKL","P","A","US","unavailable","unavailable","01 - 11 years","F","","N","unavailable","unavailable",9
202410,"unavailable","CAN","AKL","P","A","CN","unavailable","unavailable","45 - 54 years","F","","N","unavailable","unavailable",9
202410,"unavailable","NAN","AKL","P","A","FJ","unavailable","unavailable","12 - 18 years","F","","N","unavailable","unavailable",9
202410,"unavailable","SYD","AKL","P","A","LK","unavailable","unavailable","35 - 44 years","F","","N","unavailable","unavailable",9
202410,"unavailable","MEL","AKL","P","A","AU","unavailable","unavailable","35 - 44 years","F","","N","unavailable","unavailable",9
202410,"unavailable","SIN","AKL","P","A","SG","unavailable","unavailable","45 - 54 years","M","","N","unavailable","unavailable",9
202410,"unavailable","DXB","AKL","P","A","PK","unavailable","unavailable","01 - 11 years","F","","N","unavailable","unavailable",9
202410,"unavailable","APW","AKL","P","A","WS","unavailable","unavailable","65 - 74 years","F","","N","unavailable","unavailable",9
202410,"unavailable","SYD","AKL","P","A","PH","unavailable","unavailable","45 - 54 years","F","","N","unavailable","unavailable",9
202410,"unavailable","SYD","AKL","P","A","PH","unavailable","unavailable","19 - 24 years","F","","N","unavailable","unavailable",9
202410,"unavailable","SCL","AKL","P","A","UY","unavailable","unavailable","25 - 34 years","M","","N","unavailable","unavailable",9
202410,"unavailable","BNE","CHC","P","A","AU","unavailable","unavailable","25 - 34 years","M","","N","unavailable","unavailable",9
202410,"unavailable","LAX","AKL","P","A","CA","unavailable","unavailable","25 - 34 years","F","","N","unavailable","unavailable",9
202410,"unavailable","DOH","AKL","P","A","GB","unavailable","unavailable","19 - 24 years","M","","N","unavailable","unavailable",9
202410,"unavailable","SIN","AKL","P","A","FR","unavailable","unavailable","25 - 34 years","F","","N","unavailable","unavailable",9
202410,"unavailable","CAN","AKL","P","A","CN","unavailable","unavailable","35 - 44 years","F","","N","unavailable","unavailable",9
202410,"unavailable","SHA","AKL","P","A","AU","unavailable","unavailable","25 - 34 years","M","","N","unavailable","unavailable",9
202410,"unavailable","SIN","AKL","P","A","XX","unavailable","unavailable","25 - 34 years","M","","N","unavailable","unavailable",9
202410,"unavailable","SHA","AKL","P","A","LK","unavailable","unavailable","35 - 44 years","F","","N","unavailable","unavailable",9
202410,"unavailable","DOH","AKL","P","A","DE","unavailable","unavailable","25 - 34 years","F","","N","unavailable","unavailable",9
202410,"unavailable","MEL","AKL","P","A","XX","unavailable","unavailable","35 - 44 years","F","","N","unavailable","unavailable",9
202410,"unavailable","BNE","AKL","P","A","XX","unavailable","unavailable","25 - 34 years","M","","N","unavailable","unavailable",9
202410,"unavailable","PEK","AKL","P","A","FR","unavailable","unavailable","19 - 24 years","F","","N","unavailable","unavailable",9
202410,"unavailable","CAN","AKL","P","A","GB","unavailable","unavailable","25 - 34 years","M","","N","unavailable","unavailable",9
202410,"unavailable","SHA","AKL","P","A","CN","unavailable","unavailable","75+","F","","N","unavailable","unavailable",9
202410,"unavailable","SYD","AKL","P","A","ZA","unavailable","unavailable","01 - 11 years","M","","N","unavailable","unavailable",9
202410,"unavailable","KUL","AKL","P","A","FR","unavailable","unavailable","25 - 34 years","M","","N","unavailable","unavailable",9
202410,"unavailable","BNE","AKL","P","A","AU","unavailable","unavailable","65 - 74 years","F","","N","unavailable","unavailable",9
202410,"unavailable","DXB","AKL","P","A","FR","unavailable","unavailable","25 - 34 years","M","","N","unavailable","unavailable",9
202410,"unavailable","XXA","AKL","P","A","CN","unavailable","unavailable","65 - 74 years","M","","N","unavailable","unavailable",9
202410,"unavailable","SIN","CHC","P","A","IN","unavailable","unavailable","01 - 11 years","F","","N","unavailable","unavailable",9
202410,"unavailable","SIN","CHC","P","A","IN","unavailable","unavailable","01 - 11 years","M","","N","unavailable","unavailable",9
202410,"unavailable","SHA","AKL","P","A","CN","unavailable","unavailable","01 - 11 years","M","","N","unavailable","unavailable",9
202410,"unavailable","APW","AKL","P","A","WS","unavailable","unavailable","35 - 44 years","F","","N","unavailable","unavailable",9
202410,"unavailable","MEL","AKL","P","A","AU","unavailable","unavailable","35 - 44 years","M","","N","unavailable","unavailable",9
202410,"unavailable","DXB","AKL","P","A","ZA","unavailable","unavailable","01 - 11 years","M","","N","unavailable","unavailable",9
202410,"unavailable","BNE","AKL","P","A","AU","unavailable","unavailable","45 - 54 years","M","","N","unavailable","unavailable",9
202410,"unavailable","DXB","AKL","P","A","XX","unavailable","unavailable","25 - 34 years","M","","N","unavailable","unavailable",9
202410,"unavailable","SYD","AKL","P","A","AU","unavailable","unavailable","01 - 11 years","F","","N","unavailable","unavailable",9
202410,"unavailable","CAN","AKL","P","A","CN","unavailable","unavailable","19 - 24 years","F","","N","unavailable","unavailable",9
202410,"unavailable","MEL","AKL","P","A","GB","unavailable","unavailable","25 - 34 years","F","","N","unavailable","unavailable",9
202410,"unavailable","LAX","AKL","P","A","US","unavailable","unavailable","35 - 44 years","F","","N","unavailable","unavailable",9
202410,"unavailable","SYD","AKL","P","A","LK","unavailable","unavailable","01 - 11 years","F","","N","unavailable","unavailable",9
202410,"unavailable","SYD","AKL","P","A","AU","unavailable","unavailable","45 - 54 years","M","","N","unavailable","unavailable",9
202410,"unavailable","CAN","AKL","P","A","CN","unavailable","unavailable","19 - 24 years","M","","N","unavailable","unavailable",9
202410,"unavailable","DXB","AKL","P","A","ZA","unavailable","unavailable","25 - 34 years","M","","N","unavailable","unavailable",9
202410,"unavailable","SCL","AKL","P","A","CL","unavailable","unavailable","19 - 24 years","M","","N","unavailable","unavailable",9
202410,"unavailable","LAX","AKL","P","A","GB","unavailable","unavailable","25 - 34 years","M","","N","unavailable","unavailable",9
202410,"unavailable","SHA","AKL","P","A","LK","unavailable","unavailable","35 - 44 years","M","","N","unavailable","unavailable",9
202410,"unavailable","LAX","AKL","P","A","US","unavailable","unavailable","35 - 44 years","M","","N","unavailable","unavailable",9
202410,"unavailable","APW","AKL","P","A","WS","unavailable","unavailable","01 - 11 years","M","","N","unavailable","unavailable",9
202410,"unavailable","KUL","AKL","P","A","KW","unavailable","unavailable","35 - 44 years","M","","N","unavailable","unavailable",9
202410,"unavailable","SIN","AKL","P","A","XX","unavailable","unavailable","35 - 44 years","M","","N","unavailable","unavailable",9
202410,"unavailable","SCL","AKL","P","A","CL","unavailable","unavailable","35 - 44 years","M","","N","unavailable","unavailable",9
202410,"unavailable","DXB","AKL","P","A","FR","unavailable","unavailable","25 - 34 years","F","","N","unavailable","unavailable",9
202410,"unavailable","SYD","AKL","P","A","ZA","unavailable","unavailable","35 - 44 years","F","","N","unavailable","unavailable",9
202410,"unavailable","MEL","AKL","P","A","AU","unavailable","unavailable","01 - 11 years","M","","N","unavailable","unavailable",9
202410,"unavailable","DXB","AKL","P","A","XX","unavailable","unavailable","19 - 24 years","F","","N","unavailable","unavailable",9
202410,"unavailable","PEK","AKL","P","A","CN","unavailable","unavailable","55 - 64 years","F","","N","unavailable","unavailable",9
202410,"unavailable","DXB","AKL","P","A","XX","unavailable","unavailable","12 - 18 years","F","","N","unavailable","unavailable",9
202410,"unavailable","HKG","AKL","P","A","PH","unavailable","unavailable","35 - 44 years","F","","N","unavailable","unavailable",9
202410,"unavailable","SYD","ZQN","P","A","GB","unavailable","unavailable","25 - 34 years","M","","N","unavailable","unavailable",9
202410,"unavailable","LAX","AKL","P","A","GB","unavailable","unavailable","19 - 24 years","M","","N","unavailable","unavailable",9
202410,"unavailable","SHA","AKL","P","A","XX","unavailable","unavailable","25 - 34 years","F","","N","unavailable","unavailable",9
202410,"unavailable","PEK","AKL","P","A","CN","unavailable","unavailable","35 - 44 years","F","","N","unavailable","unavailable",9
202410,"unavailable","LAX","AKL","P","A","US","unavailable","unavailable","19 - 24 years","M","","N","unavailable","unavailable",9
202410,"unavailable","SZX","AKL","P","A","CN","unavailable","unavailable","12 - 18 years","F","","N","unavailable","unavailable",9
202410,"unavailable","PEK","AKL","P","A","GB","unavailable","unavailable","25 - 34 years","M","","N","unavailable","unavailable",9
202410,"unavailable","CAN","AKL","P","A","XX","unavailable","unavailable","25 - 34 years","F","","N","unavailable","unavailable",9
202410,"unavailable","MEL","ZQN","P","A","AU","unavailable","unavailable","25 - 34 years","F","","N","unavailable","unavailable",9
202410,"unavailable","SCL","AKL","P","A","CL","unavailable","unavailable","35 - 44 years","F","","N","unavailable","unavailable",9
202410,"unavailable","MEL","AKL","P","A","AU","unavailable","unavailable","01 - 11 years","F","","N","unavailable","unavailable",9
202410,"unavailable","SHA","AKL","P","A","XX","unavailable","unavailable","25 - 34 years","M","","N","unavailable","unavailable",9
202410,"unavailable","SZX","AKL","P","A","CN","unavailable","unavailable","12 - 18 years","M","","N","unavailable","unavailable",9
202410,"unavailable","SHA","AKL","P","A","CN","unavailable","unavailable","55 - 64 years","F","","N","unavailable","unavailable",9
202410,"unavailable","SIN","AKL","P","A","SG","unavailable","unavailable","25 - 34 years","F","","N","unavailable","unavailable",9
202410,"unavailable","MEL","AKL","P","A","AU","unavailable","unavailable","19 - 24 years","F","","N","unavailable","unavailable",9
202410,"unavailable","SIN","AKL","P","A","IN","unavailable","unavailable","12 - 18 years","M","","N","unavailable","unavailable",9
202410,"unavailable","DXB","AKL","P","A","PK","unavailable","unavailable","25 - 34 years","F","","N","unavailable","unavailable",9
202410,"unavailable","APW","AKL","P","A","WS","unavailable","unavailable","12 - 18 years","F","","N","unavailable","unavailable",9
202410,"unavailable","HKG","AKL","P","A","IN","unavailable","unavailable","35 - 44 years","F","","N","unavailable","unavailable",9
202410,"unavailable","SIN","AKL","P","A","GB","unavailable","unavailable","35 - 44 years","M","","N","unavailable","unavailable",9
202410,"unavailable","DXB","AKL","P","A","GB","unavailable","unavailable","19 - 24 years","M","","N","unavailable","unavailable",9
202410,"unavailable","CAN","AKL","P","A","CN","unavailable","unavailable","55 - 64 years","F","","N","unavailable","unavailable",9
202410,"unavailable","HKG","AKL","P","A","FR","unavailable","unavailable","25 - 34 years","F","","N","unavailable","unavailable",9
202410,"unavailable","SYD","CHC","P","A","TW","unavailable","unavailable","25 - 34 years","F","","N","unavailable","unavailable",9
202410,"unavailable","SFO","AKL","P","A","US","unavailable","unavailable","25 - 34 years","F","","N","unavailable","unavailable",9
202410,"unavailable","HKG","AKL","P","A","IN","unavailable","unavailable","01 - 11 years","M","","N","unavailable","unavailable",9
202410,"unavailable","DOH","AKL","P","A","GB","unavailable","unavailable","35 - 44 years","M","","N","unavailable","unavailable",9
202410,"unavailable","SYD","AKL","P","A","PH","unavailable","unavailable","12 - 18 years","F","","N","unavailable","unavailable",9
202410,"unavailable","LAX","AKL","P","A","XX","unavailable","unavailable","25 - 34 years","M","","N","unavailable","unavailable",9
202410,"unavailable","SZX","AKL","P","A","CN","unavailable","unavailable","35 - 44 years","M","","N","unavailable","unavailable",9
202410,"unavailable","SYD","AKL","P","A","AU","unavailable","unavailable","01 - 11 years","M","","N","unavailable","unavailable",9
202410,"unavailable","SIN","AKL","P","A","FR","unavailable","unavailable","25 - 34 years","M","","N","unavailable","unavailable",9
202410,"unavailable","SYD","AKL","P","A","ZA","unavailable","unavailable","35 - 44 years","M","","N","unavailable","unavailable",9
202410,"unavailable","SYD","CHC","P","A","PH","unavailable","unavailable","19 - 24 years","F","","N","unavailable","unavailable",9
202410,"unavailable","BNE","AKL","P","A","TW","unavailable","unavailable","25 - 34 years","F","","N","unavailable","unavailable",9
202410,"unavailable","SYD","WLG","P","A","PH","unavailable","unavailable","01 - 11 years","F","","N","unavailable","unavailable",6
202410,"unavailable","CAN","AKL","P","A","CN","unavailable","unavailable","35 - 44 years","M","","N","unavailable","unavailable",6
202410,"unavailable","KUL","AKL","P","A","LK","unavailable","unavailable","35 - 44 years","F","","N","unavailable","unavailable",6
202410,"unavailable","DXB","AKL","P","A","DE","unavailable","unavailable","25 - 34 years","F","","N","unavailable","unavailable",6
202410,"unavailable","SIN","AKL","P","A","IN","unavailable","unavailable","55 - 64 years","F","","N","unavailable","unavailable",6
202410,"unavailable","APW","AKL","P","A","WS","unavailable","unavailable","55 - 64 years","M","","N","unavailable","unavailable",6
202410,"unavailable","HKG","AKL","P","A","GB","unavailable","unavailable","35 - 44 years","M","","N","unavailable","unavailable",6
202410,"unavailable","SYD","CHC","P","A","ZA","unavailable","unavailable","35 - 44 years","M","","N","unavailable","unavailable",6
202410,"unavailable","DOH","AKL","P","A","GB","unavailable","unavailable","19 - 24 years","F","","N","unavailable","unavailable",6
202410,"unavailable","KUL","AKL","P","A","MY","unavailable","unavailable","25 - 34 years","F","","N","unavailable","unavailable",6
202410,"unavailable","APW","AKL","P","A","WS","unavailable","unavailable","45 - 54 years","F","","N","unavailable","unavailable",6
202410,"unavailable","NAN","AKL","P","A","FJ","unavailable","unavailable","55 - 64 years","F","","N","unavailable","unavailable",6
202410,"unavailable","SYD","CHC","P","A","ZA","unavailable","unavailable","01 - 11 years","F","","N","unavailable","unavailable",6
202410,"unavailable","CAN","AKL","P","A","NP","unavailable","unavailable","19 - 24 years","M","","N","unavailable","unavailable",6
202410,"unavailable","NAN","AKL","P","A","FJ","unavailable","unavailable","12 - 18 years","M","","N","unavailable","unavailable",6
202410,"unavailable","LAX","AKL","P","A","US","unavailable","unavailable","65 - 74 years","M","","N","unavailable","unavailable",6
202410,"unavailable","SYD","CHC","P","A","XX","unavailable","unavailable","25 - 34 years","F","","N","unavailable","unavailable",6
202410,"unavailable","HKG","AKL","P","A","XX","unavailable","unavailable","25 - 34 years","M","","N","unavailable","unavailable",6
202410,"unavailable","PEK","AKL","P","A","GB","unavailable","unavailable","25 - 34 years","F","","N","unavailable","unavailable",6
202410,"unavailable","SHA","AKL","P","A","GB","unavailable","unavailable","19 - 24 years","F","","N","unavailable","unavailable",6
202410,"unavailable","PER","AKL","P","A","AU","unavailable","unavailable","01 - 11 years","M","","N","unavailable","unavailable",6
202410,"unavailable","SIN","CHC","P","A","SG","unavailable","unavailable","25 - 34 years","F","","N","unavailable","unavailable",6
202410,"unavailable","HKG","AKL","P","A","TW","unavailable","unavailable","25 - 34 years","M","","N","unavailable","unavailable",6
202410,"unavailable","APW","AKL","P","A","WS","unavailable","unavailable","35 - 44 years","M","","N","unavailable","unavailable",6
202410,"unavailable","DOH","AKL","P","A","AU","unavailable","unavailable","25 - 34 years","M","","N","unavailable","unavailable",6
202410,"unavailable","SZX","AKL","P","A","CN","unavailable","unavailable","55 - 64 years","F","","N","unavailable","unavailable",6
202410,"unavailable","DXB","AKL","P","A","FR","unavailable","unavailable","19 - 24 years","M","","N","unavailable","unavailable",6
202410,"unavailable","CAN","AKL","P","A","FR","unavailable","unavailable","19 - 24 years","M","","N","unavailable","unavailable",6
202410,"unavailable","DXB","AKL","P","A","XX","unavailable","unavailable","45 - 54 years","F","","N","unavailable","unavailable",6
202410,"unavailable","SYD","ZQN","P","A","AU","unavailable","unavailable","25 - 34 years","F","","N","unavailable","unavailable",6
202410,"unavailable","HKG","AKL","P","A","IN","unavailable","unavailable","01 - 11 years","F","","N","unavailable","unavailable",6
202410,"unavailable","SHA","AKL","P","A","JP","unavailable","unavailable","19 - 24 years","M","","N","unavailable","unavailable",6
202410,"unavailable","SIN","CHC","P","A","SG","unavailable","unavailable","45 - 54 years","F","","N","unavailable","unavailable",6
202410,"unavailable","SIN","AKL","P","A","SG","unavailable","unavailable","01 - 11 years","F","","N","unavailable","unavailable",6
202410,"unavailable","DXB","AKL","P","A","ZA","unavailable","unavailable","45 - 54 years","F","","N","unavailable","unavailable",6
202410,"unavailable","SCL","AKL","P","A","CL","unavailable","unavailable","19 - 24 years","F","","N","unavailable","unavailable",6
202410,"unavailable","SYD","AKL","P","A","PH","unavailable","unavailable","25 - 34 years","M","","N","unavailable","unavailable",6
202410,"unavailable","SIN","AKL","P","A","IN","unavailable","unavailable","45 - 54 years","M","","N","unavailable","unavailable",6
202410,"unavailable","IAH","AKL","P","A","US","unavailable","unavailable","25 - 34 years","M","","N","unavailable","unavailable",6
202410,"unavailable","DOH","AKL","P","A","AE","unavailable","unavailable","35 - 44 years","F","","N","unavailable","unavailable",6
202410,"unavailable","HKG","AKL","P","A","IN","unavailable","unavailable","12 - 18 years","F","","N","unavailable","unavailable",6
202410,"unavailable","PEK","AKL","P","A","CN","unavailable","unavailable","45 - 54 years","M","","N","unavailable","unavailable",6
202410,"unavailable","HKG","AKL","P","A","HK","unavailable","unavailable","55 - 64 years","F","","N","unavailable","unavailable",6
202410,"unavailable","DOH","AKL","P","A","AE","unavailable","unavailable","35 - 44 years","M","","N","unavailable","unavailable",6
202410,"unavailable","SIN","AKL","P","A","LK","unavailable","unavailable","01 - 11 years","M","","N","unavailable","unavailable",6
202410,"unavailable","BNE","AKL","P","A","XX","unavailable","unavailable","19 - 24 years","F","","N","unavailable","unavailable",6
202410,"unavailable","SIN","AKL","P","A","SG","unavailable","unavailable","01 - 11 years","M","","N","unavailable","unavailable",6
202410,"unavailable","CAN","CHC","P","A","CN","unavailable","unavailable","25 - 34 years","F","","N","unavailable","unavailable",6
202410,"unavailable","CAN","AKL","P","A","CN","unavailable","unavailable","55 - 64 years","M","","N","unavailable","unavailable",6
202410,"unavailable","XXA","AKL","P","A","CN","unavailable","unavailable","45 - 54 years","M","","N","unavailable","unavailable",6
202410,"unavailable","SYD","AKL","P","A","XX","unavailable","unavailable","19 - 24 years","M","","N","unavailable","unavailable",6
202410,"unavailable","SYD","AKL","P","A","ZA","unavailable","unavailable","12 - 18 years","F","","N","unavailable","unavailable",6
202410,"unavailable","SYD","AKL","P","A","ZA","unavailable","unavailable","65 - 74 years","F","","N","unavailable","unavailable",6
202410,"unavailable","KUL","AKL","P","A","FR","unavailable","unavailable","19 - 24 years","M","","N","unavailable","unavailable",6
202410,"unavailable","NAN","AKL","P","A","FJ","unavailable","unavailable","45 - 54 years","M","","N","unavailable","unavailable",6
202410,"unavailable","SIN","CHC","P","A","GB","unavailable","unavailable","19 - 24 years","M","","N","unavailable","unavailable",6
202410,"unavailable","HKG","AKL","P","A","CN","unavailable","unavailable","19 - 24 years","M","","N","unavailable","unavailable",6
202410,"unavailable","PER","AKL","P","A","AU","unavailable","unavailable","65 - 74 years","F","","N","unavailable","unavailable",6
202410,"unavailable","PER","AKL","P","A","AU","unavailable","unavailable","55 - 64 years","F","","N","unavailable","unavailable",6
202410,"unavailable","HKG","AKL","P","A","HK","unavailable","unavailable","35 - 44 years","F","","N","unavailable","unavailable",6
202410,"unavailable","SIN","AKL","P","A","SG","unavailable","unavailable","45 - 54 years","F","","N","unavailable","unavailable",6
202410,"unavailable","SHA","AKL","P","A","ES","unavailable","unavailable","25 - 34 years","F","","N","unavailable","unavailable",6
202410,"unavailable","SHA","AKL","P","A","CZ","unavailable","unavailable","19 - 24 years","M","","N","unavailable","unavailable",6
202410,"unavailable","SHA","AKL","P","A","AU","unavailable","unavailable","25 - 34 years","F","","N","unavailable","unavailable",6
202410,"unavailable","MEL","AKL","P","A","AU","unavailable","unavailable","19 - 24 years","M","","N","unavailable","unavailable",6
202410,"unavailable","CAN","AKL","P","A","FR","unavailable","unavailable","19 - 24 years","F","","N","unavailable","unavailable",6
202410,"unavailable","YVR","AKL","P","A","CA","unavailable","unavailable","45 - 54 years","F","","N","unavailable","unavailable",6
202410,"unavailable","DOH","AKL","P","A","ZA","unavailable","unavailable","01 - 11 years","M","","N","unavailable","unavailable",6
202410,"unavailable","NAN","AKL","P","A","KI","unavailable","unavailable","01 - 11 years","M","","N","unavailable","unavailable",6
202410,"unavailable","SIN","AKL","P","A","SG","unavailable","unavailable","35 - 44 years","M","","N","unavailable","unavailable",6
202410,"unavailable","SIN","CHC","P","A","IN","unavailable","unavailable","25 - 34 years","F","","N","unavailable","unavailable",6
202410,"unavailable","DXB","AKL","P","A","ZA","unavailable","unavailable","35 - 44 years","M","","N","unavailable","unavailable",6
202410,"unavailable","PEK","AKL","P","A","CN","unavailable","unavailable","35 - 44 years","M","","N","unavailable","unavailable",6
202410,"unavailable","SYD","CHC","P","A","AU","unavailable","unavailable","45 - 54 years","F","","N","unavailable","unavailable",6
202410,"unavailable","DOH","AKL","P","A","XX","unavailable","unavailable","25 - 34 years","M","","N","unavailable","unavailable",6
202410,"unavailable","MEL","ZQN","P","A","AU","unavailable","unavailable","25 - 34 years","M","","N","unavailable","unavailable",6
202410,"unavailable","HKG","AKL","P","A","HK","unavailable","unavailable","25 - 34 years","M","","N","unavailable","unavailable",6
202410,"unavailable","SIN","AKL","P","A","IN","unavailable","unavailable","45 - 54 years","F","","N","unavailable","unavailable",6
202410,"unavailable","HKG","AKL","P","A","HK","unavailable","unavailable","35 - 44 years","M","","N","unavailable","unavailable",6
202410,"unavailable","DXB","AKL","P","A","LK","unavailable","unavailable","25 - 34 years","F","","N","unavailable","unavailable",6
202410,"unavailable","YVR","AKL","P","A","CA","unavailable","unavailable","35 - 44 years","M","","N","unavailable","unavailable",6
202410,"unavailable","SYD","CHC","P","A","PH","unavailable","unavailable","01 - 11 years","M","","N","unavailable","unavailable",6
202410,"unavailable","SCL","AKL","P","A","BR","unavailable","unavailable","45 - 54 years","M","","N","unavailable","unavailable",6
202410,"unavailable","MEL","AKL","P","A","AU","unavailable","unavailable","45 - 54 years","F","","N","unavailable","unavailable",6
202410,"unavailable","SFO","AKL","P","A","CA","unavailable","unavailable","25 - 34 years","M","","N","unavailable","unavailable",6
202410,"unavailable","SIN","AKL","P","A","GB","unavailable","unavailable","45 - 54 years","F","","N","unavailable","unavailable",6
202410,"unavailable","SIN","AKL","P","A","XX","unavailable","unavailable","25 - 34 years","F","","N","unavailable","unavailable",6
202410,"unavailable","MEL","CHC","P","A","AU","unavailable","unavailable","25 - 34 years","F","","N","unavailable","unavailable",6
202410,"unavailable","SYD","CHC","P","A","AU","unavailable","unavailable","25 - 34 years","M","","N","unavailable","unavailable",6
202410,"unavailable","SFO","AKL","P","A","US","unavailable","unavailable","19 - 24 years","F","","N","unavailable","unavailable",6
202410,"unavailable","IAH","AKL","P","A","US","unavailable","unavailable","25 - 34 years","F","","N","unavailable","unavailable",6
202410,"unavailable","HKG","AKL","P","A","CN","unavailable","unavailable","25 - 34 years","F","","N","unavailable","unavailable",6
202410,"unavailable","CAN","AKL","P","A","FR","unavailable","unavailable","25 - 34 years","F","","N","unavailable","unavailable",6
202410,"unavailable","PEK","AKL","P","A","AU","unavailable","unavailable","25 - 34 years","M","","N","unavailable","unavailable",6
202410,"unavailable","MEL","ZQN","P","A","DK","unavailable","unavailable","19 - 24 years","M","","N","unavailable","unavailable",6
202410,"unavailable","SYD","AKL","P","A","AU","unavailable","unavailable","65 - 74 years","M","","N","unavailable","unavailable",6
202410,"unavailable","BNE","AKL","P","A","AU","unavailable","unavailable","65 - 74 years","M","","N","unavailable","unavailable",6
202410,"unavailable","SYD","ZQN","P","A","GB","unavailable","unavailable","25 - 34 years","F","","N","unavailable","unavailable",6
202410,"unavailable","MEL","AKL","P","A","XX","unavailable","unavailable","55 - 64 years","M","","N","unavailable","unavailable",6
202410,"unavailable","SHA","AKL","P","A","ES","unavailable","unavailable","25 - 34 years","M","","N","unavailable","unavailable",6
202410,"unavailable","DOH","AKL","P","A","IE","unavailable","unavailable","19 - 24 years","M","","N","unavailable","unavailable",6
202410,"unavailable","SYD","CHC","P","A","AU","unavailable","unavailable","12 - 18 years","M","","N","unavailable","unavailable",6
202410,"unavailable","SHA","AKL","P","A","ES","unavailable","unavailable","19 - 24 years","F","","N","unavailable","unavailable",6
202410,"unavailable","KUL","AKL","P","A","IN","unavailable","unavailable","12 - 18 years","M","","N","unavailable","unavailable",6
202410,"unavailable","HKG","AKL","P","A","HK","unavailable","unavailable","25 - 34 years","F","","N","unavailable","unavailable",6
202410,"unavailable","MEL","CHC","P","A","GB","unavailable","unavailable","19 - 24 years","F","","N","unavailable","unavailable",6
202410,"unavailable","DOH","AKL","P","A","XX","unavailable","unavailable","25 - 34 years","F","","N","unavailable","unavailable",6
202410,"unavailable","SYD","CHC","P","A","US","unavailable","unavailable","25 - 34 years","M","","N","unavailable","unavailable",6
202410,"unavailable","SIN","AKL","P","A","NP","unavailable","unavailable","25 - 34 years","F","","N","unavailable","unavailable",6
202410,"unavailable","SHA","AKL","P","A","XX","unavailable","unavailable","19 - 24 years","F","","N","unavailable","unavailable",6
202410,"unavailable","BNE","AKL","P","A","AU","unavailable","unavailable","01 - 11 years","M","","N","unavailable","unavailable",6
202410,"unavailable","SIN","AKL","P","A","IN","unavailable","unavailable","55 - 64 years","M","","N","unavailable","unavailable",6
202410,"unavailable","HKG","AKL","P","A","GB","unavailable","unavailable","19 - 24 years","M","","N","unavailable","unavailable",6
202410,"unavailable","SYD","AKL","P","A","AU","unavailable","unavailable","35 - 44 years","F","","N","unavailable","unavailable",6
202410,"unavailable","SIN","AKL","P","A","DE","unavailable","unavailable","19 - 24 years","F","","N","unavailable","unavailable",6
202410,"unavailable","SYD","AKL","P","A","PH","unavailable","unavailable","35 - 44 years","M","","N","unavailable","unavailable",6
202410,"unavailable","NAN","AKL","P","A","FJ","unavailable","unavailable","65 - 74 years","F","","N","unavailable","unavailable",6
202410,"unavailable","LAX","AKL","P","A","US","unavailable","unavailable","45 - 54 years","F","","N","unavailable","unavailable",6
202410,"unavailable","DOH","AKL","P","A","GB","unavailable","unavailable","01 - 11 years","M","","N","unavailable","unavailable",6
202410,"unavailable","CAN","AKL","P","A","CN","unavailable","unavailable","75+","F","","N","unavailable","unavailable",6
202410,"unavailable","DOH","AKL","P","A","ZA","unavailable","unavailable","25 - 34 years","F","","N","unavailable","unavailable",6
202410,"unavailable","XXA","AKL","P","A","CN","unavailable","unavailable","45 - 54 years","F","","N","unavailable","unavailable",6
202410,"unavailable","NRT","AKL","P","A","JP","unavailable","unavailable","35 - 44 years","F","","N","unavailable","unavailable",6
202410,"unavailable","PEK","AKL","P","A","CN","unavailable","unavailable","01 - 11 years","M","","N","unavailable","unavailable",6
202410,"unavailable","BNE","AKL","P","A","PH","unavailable","unavailable","25 - 34 years","F","","N","unavailable","unavailable",6
202410,"unavailable","HKG","AKL","P","A","AE","unavailable","unavailable","35 - 44 years","M","","N","unavailable","unavailable",6
202410,"unavailable","XXA","AKL","P","A","ES","unavailable","unavailable","25 - 34 years","F","","N","unavailable","unavailable",6
202410,"unavailable","HKG","AKL","P","A","GB","unavailable","unavailable","35 - 44 years","F","","N","unavailable","unavailable",6
202410,"unavailable","SYD","AKL","P","A","AU","unavailable","unavailable","35 - 44 years","M","","N","unavailable","unavailable",6
202410,"unavailable","SHA","AKL","P","A","CN","unavailable","unavailable","45 - 54 years","M","","N","unavailable","unavailable",6
202410,"unavailable","MEL","ZQN","P","A","AU","unavailable","unavailable","01 - 11 years","M","","N","unavailable","unavailable",6
202410,"unavailable","SFO","AKL","P","A","US","unavailable","unavailable","55 - 64 years","F","","N","unavailable","unavailable",6
202410,"unavailable","PPT","AKL","P","A","PF","unavailable","unavailable","25 - 34 years","F","","N","unavailable","unavailable",6
202410,"unavailable","SIN","AKL","P","A","SG","unavailable","unavailable","55 - 64 years","F","","N","unavailable","unavailable",6
202410,"unavailable","SHA","AKL","P","A","JP","unavailable","unavailable","25 - 34 years","M","","N","unavailable","unavailable",6
202410,"unavailable","SYD","AKL","P","A","JP","unavailable","unavailable","25 - 34 years","M","","N","unavailable","unavailable",6
202410,"unavailable","SYD","WLG","P","A","PH","unavailable","unavailable","25 - 34 years","M","","N","unavailable","unavailable",6
202410,"unavailable","LAX","AKL","P","A","US","unavailable","unavailable","65 - 74 years","F","","N","unavailable","unavailable",6
202410,"unavailable","CAN","AKL","P","A","VN","unavailable","unavailable","01 - 11 years","M","","N","unavailable","unavailable",6
202410,"unavailable","TBU","AKL","P","A","TO","unavailable","unavailable","01 - 11 years","F","","N","unavailable","unavailable",6
202410,"unavailable","MEL","AKL","P","A","XX","unavailable","unavailable","25 - 34 years","F","","N","unavailable","unavailable",6
202410,"unavailable","KUL","AKL","P","A","GB","unavailable","unavailable","25 - 34 years","F","","N","unavailable","unavailable",6
202410,"unavailable","DXB","AKL","P","A","IN","unavailable","unavailable","01 - 11 years","M","","N","unavailable","unavailable",6
202410,"unavailable","HKG","AKL","P","A","PH","unavailable","unavailable","19 - 24 years","F","","N","unavailable","unavailable",6
202410,"unavailable","SEL","AKL","P","A","KR","unavailable","unavailable","01 - 11 years","F","","N","unavailable","unavailable",6
202410,"unavailable","XXA","AKL","P","A","CN","unavailable","unavailable","55 - 64 years","M","","N","unavailable","unavailable",6
202410,"unavailable","MEL","AKL","P","A","AU","unavailable","unavailable","55 - 64 years","F","","N","unavailable","unavailable",6
202410,"unavailable","SFO","AKL","P","A","US","unavailable","unavailable","45 - 54 years","M","","N","unavailable","unavailable",6
202410,"unavailable","SYD","WLG","P","A","PH","unavailable","unavailable","35 - 44 years","F","","N","unavailable","unavailable",6
202410,"unavailable","YVR","AKL","P","A","XX","unavailable","unavailable","25 - 34 years","M","","N","unavailable","unavailable",6
202410,"unavailable","SYD","WLG","P","A","GB","unavailable","unavailable","25 - 34 years","M","","N","unavailable","unavailable",6
202410,"unavailable","DXB","AKL","P","A","AE","unavailable","unavailable","01 - 11 years","F","","N","unavailable","unavailable",6
202410,"unavailable","MEL","AKL","P","A","LK","unavailable","unavailable","25 - 34 years","F","","N","unavailable","unavailable",6
202410,"unavailable","KUL","AKL","P","A","FR","unavailable","unavailable","25 - 34 years","F","","N","unavailable","unavailable",6
202410,"unavailable","BNE","AKL","P","A","AU","unavailable","unavailable","55 - 64 years","M","","N","unavailable","unavailable",6
202410,"unavailable","PER","AKL","P","A","AU","unavailable","unavailable","65 - 74 years","M","","N","unavailable","unavailable",6
202410,"unavailable","CAN","AKL","P","A","XX","unavailable","unavailable","25 - 34 years","M","","N","unavailable","unavailable",6
202410,"unavailable","DXB","AKL","P","A","FR","unavailable","unavailable","19 - 24 years","F","","N","unavailable","unavailable",6
202410,"unavailable","XXA","AKL","P","A","CN","unavailable","unavailable","55 - 64 years","F","","N","unavailable","unavailable",6
202410,"unavailable","SYD","ZQN","P","A","AU","unavailable","unavailable","25 - 34 years","M","","N","unavailable","unavailable",6
202410,"unavailable","SIN","AKL","P","A","LK","unavailable","unavailable","12 - 18 years","F","","N","unavailable","unavailable",6
202410,"unavailable","SYD","WLG","P","A","AU","unavailable","unavailable","25 - 34 years","F","","N","unavailable","unavailable",6
202410,"unavailable","SYD","CHC","P","A","PH","unavailable","unavailable","12 - 18 years","F","","N","unavailable","unavailable",6
202410,"unavailable","SIN","AKL","P","A","PH","unavailable","unavailable","01 - 11 years","M","","N","unavailable","unavailable",6
202410,"unavailable","DXB","AKL","P","A","AF","unavailable","unavailable","19 - 24 years","F","","N","unavailable","unavailable",6
202410,"unavailable","NRT","AKL","P","A","GB","unavailable","unavailable","25 - 34 years","F","","N","unavailable","unavailable",6
202410,"unavailable","SIN","AKL","P","A","FR","unavailable","unavailable","19 - 24 years","M","","N","unavailable","unavailable",6
202410,"unavailable","HKG","AKL","P","A","PH","unavailable","unavailable","45 - 54 years","F","","N","unavailable","unavailable",6
202410,"unavailable","HKG","AKL","P","A","PH","unavailable","unavailable","19 - 24 years","M","","N","unavailable","unavailable",6
202410,"unavailable","CAN","AKL","P","A","CN","unavailable","unavailable","75+","M","","N","unavailable","unavailable",6
202410,"unavailable","SYD","AKL","P","A","IN","unavailable","unavailable","01 - 11 years","F","","N","unavailable","unavailable",6
202410,"unavailable","APW","AKL","P","A","WS","unavailable","unavailable","19 - 24 years","F","","N","unavailable","unavailable",6
202410,"unavailable","BNE","AKL","P","A","AU","unavailable","unavailable","01 - 11 years","F","","N","unavailable","unavailable",6
202410,"unavailable","SYD","ZQN","P","A","AU","unavailable","unavailable","45 - 54 years","F","","N","unavailable","unavailable",6
202410,"unavailable","KUL","AKL","P","A","GB","unavailable","unavailable","25 - 34 years","M","","N","unavailable","unavailable",6
202410,"unavailable","NAN","AKL","P","A","CA","unavailable","unavailable","19 - 24 years","F","","N","unavailable","unavailable",6
202410,"unavailable","SYD","CHC","P","A","GB","unavailable","unavailable","25 - 34 years","F","","N","unavailable","unavailable",6
202410,"unavailable","SYD","AKL","P","A","AU","unavailable","unavailable","65 - 74 years","F","","N","unavailable","unavailable",6
202410,"unavailable","SHA","AKL","P","A","CZ","unavailable","unavailable","25 - 34 years","F","","N","unavailable","unavailable",6
202410,"unavailable","HKG","AKL","P","A","GB","unavailable","unavailable","19 - 24 years","F","","N","unavailable","unavailable",6
202410,"unavailable","DXB","AKL","P","A","XX","unavailable","unavailable","01 - 11 years","M","","N","unavailable","unavailable",6
202410,"unavailable","SIN","CHC","P","A","IN","unavailable","unavailable","35 - 44 years","M","","N","unavailable","unavailable",6
202410,"unavailable","DXB","AKL","P","A","AE","unavailable","unavailable","35 - 44 years","M","","N","unavailable","unavailable",6
202410,"unavailable","LAX","AKL","P","A","GB","unavailable","unavailable","25 - 34 years","F","","N","unavailable","unavailable",6
202410,"unavailable","SYD","AKL","P","A","AU","unavailable","unavailable","12 - 18 years","M","","N","unavailable","unavailable",6
202410,"unavailable","PEK","AKL","P","A","CN","unavailable","unavailable","65 - 74 years","M","","N","unavailable","unavailable",6
202410,"unavailable","SHA","AKL","P","A","GB","unavailable","unavailable","01 - 11 years","M","","N","unavailable","unavailable",6
202410,"unavailable","SHA","AKL","P","A","LK","unavailable","unavailable","12 - 18 years","F","","N","unavailable","unavailable",6
202410,"unavailable","DOH","AKL","P","A","DE","unavailable","unavailable","25 - 34 years","M","","N","unavailable","unavailable",6
202410,"unavailable","NAN","AKL","P","A","JP","unavailable","unavailable","19 - 24 years","F","","N","unavailable","unavailable",6
202410,"unavailable","DXB","AKL","P","A","ZA","unavailable","unavailable","35 - 44 years","F","","N","unavailable","unavailable",6
202410,"unavailable","NAN","CHC","P","A","JP","unavailable","unavailable","25 - 34 years","M","","N","unavailable","unavailable",6
202410,"unavailable","DXB","AKL","P","A","IN","unavailable","unavailable","19 - 24 years","F","","N","unavailable","unavailable",6
202410,"unavailable","DXB","AKL","P","A","DE","unavailable","unavailable","12 - 18 years","F","","N","unavailable","unavailable",6
202410,"unavailable","SYD","CHC","P","A","US","unavailable","unavailable","25 - 34 years","F","","N","unavailable","unavailable",6
202410,"unavailable","NAN","AKL","P","A","FJ","unavailable","unavailable","01 - 11 years","M","","N","unavailable","unavailable",6
202410,"unavailable","KUL","AKL","P","A","FR","unavailable","unavailable","19 - 24 years","F","","N","unavailable","unavailable",6
202410,"unavailable","DXB","AKL","P","A","LK","unavailable","unavailable","25 - 34 years","M","","N","unavailable","unavailable",6
202410,"unavailable","SCL","AKL","P","A","AR","unavailable","unavailable","35 - 44 years","M","","N","unavailable","unavailable",6
202410,"unavailable","SYD","CHC","P","A","GB","unavailable","unavailable","19 - 24 years","M","","N","unavailable","unavailable",6
202410,"unavailable","SYD","CHC","P","A","GB","unavailable","unavailable","25 - 34 years","M","","N","unavailable","unavailable",6
202410,"unavailable","HKG","AKL","P","A","FR","unavailable","unavailable","19 - 24 years","M","","N","unavailable","unavailable",6
202410,"unavailable","SYD","AKL","P","A","AU","unavailable","unavailable","55 - 64 years","F","","N","unavailable","unavailable",6
202410,"unavailable","OOL","AKL","P","A","AU","unavailable","unavailable","25 - 34 years","M","","N","unavailable","unavailable",6
202410,"unavailable","SHA","AKL","P","A","CA","unavailable","unavailable","25 - 34 years","M","","N","unavailable","unavailable",6
202410,"unavailable","SHA","AKL","P","A","IT","unavailable","unavailable","25 - 34 years","M","","N","unavailable","unavailable",6
202410,"unavailable","PEK","AKL","P","A","CN","unavailable","unavailable","19 - 24 years","F","","N","unavailable","unavailable",6
202410,"unavailable","DOH","AKL","P","A","IE","unavailable","unavailable","25 - 34 years","F","","N","unavailable","unavailable",6
202410,"unavailable","SHA","AKL","P","A","GB","unavailable","unavailable","01 - 11 years","F","","N","unavailable","unavailable",6
202410,"unavailable","XXA","AKL","P","A","CN","unavailable","unavailable","01 - 11 years","M","","N","unavailable","unavailable",6
202410,"unavailable","HKG","AKL","P","A","DE","unavailable","unavailable","25 - 34 years","F","","N","unavailable","unavailable",6
202410,"unavailable","NAN","AKL","P","A","FJ","unavailable","unavailable","45 - 54 years","F","","N","unavailable","unavailable",6
202410,"unavailable","HKG","AKL","P","A","HK","unavailable","unavailable","01 - 11 years","M","","N","unavailable","unavailable",6
202410,"unavailable","CAN","AKL","P","A","CN","unavailable","unavailable","01 - 11 years","M","","N","unavailable","unavailable",6
202410,"unavailable","DXB","AKL","P","A","IN","unavailable","unavailable","25 - 34 years","M","","N","unavailable","unavailable",6
202410,"unavailable","DOH","AKL","P","A","CZ","unavailable","unavailable","25 - 34 years","M","","N","unavailable","unavailable",6
202410,"unavailable","BNE","WLG","P","A","AU","unavailable","unavailable","25 - 34 years","M","","N","unavailable","unavailable",6
202410,"unavailable","SCL","AKL","P","A","UY","unavailable","unavailable","25 - 34 years","F","","N","unavailable","unavailable",6
202410,"unavailable","XXA","AKL","P","A","NP","unavailable","unavailable","19 - 24 years","M","","N","unavailable","unavailable",6
202410,"unavailable","SYD","AKL","P","A","ZA","unavailable","unavailable","45 - 54 years","M","","N","unavailable","unavailable",6
202410,"unavailable","BNE","AKL","P","A","GB","unavailable","unavailable","25 - 34 years","F","","N","unavailable","unavailable",6
202410,"unavailable","SEL","AKL","P","A","KR","unavailable","unavailable","35 - 44 years","F","","N","unavailable","unavailable",6
202410,"unavailable","SYD","CHC","P","A","AU","unavailable","unavailable","25 - 34 years","F","","N","unavailable","unavailable",6
202410,"unavailable","HKG","AKL","P","A","XX","unavailable","unavailable","01 - 11 years","F","","N","unavailable","unavailable",6
202410,"unavailable","DOH","AKL","P","A","NG","unavailable","unavailable","35 - 44 years","M","","N","unavailable","unavailable",6
202410,"unavailable","KUL","AKL","P","A","MY","unavailable","unavailable","65 - 74 years","M","","N","unavailable","unavailable",6
202410,"unavailable","MEL","AKL","P","A","FR","unavailable","unavailable","25 - 34 years","M","","N","unavailable","unavailable",6
202410,"unavailable","SCL","AKL","P","A","BR","unavailable","unavailable","35 - 44 years","F","","N","unavailable","unavailable",6
202410,"unavailable","SYD","ZQN","P","A","AU","unavailable","unavailable","19 - 24 years","F","","N","unavailable","unavailable",6
202410,"unavailable","DOH","AKL","P","A","IN","unavailable","unavailable","35 - 44 years","M","","N","unavailable","unavailable",6
202410,"unavailable","SYD","AKL","P","A","FR","unavailable","unavailable","25 - 34 years","M","","N","unavailable","unavailable",6
202410,"unavailable","LAX","AKL","P","A","XX","unavailable","unavailable","25 - 34 years","F","","N","unavailable","unavailable",6
202410,"unavailable","SIN","AKL","P","A","SG","unavailable","unavailable","25 - 34 years","M","","N","unavailable","unavailable",6
202410,"unavailable","SHA","AKL","P","A","DE","unavailable","unavailable","19 - 24 years","M","","N","unavailable","unavailable",6
202410,"unavailable","BNE","AKL","P","A","GB","unavailable","unavailable","19 - 24 years","M","","N","unavailable","unavailable",6
202410,"unavailable","DXB","AKL","P","A","DE","unavailable","unavailable","19 - 24 years","F","","N","unavailable","unavailable",6
202410,"unavailable","NAN","AKL","P","A","KI","unavailable","unavailable","12 - 18 years","F","","N","unavailable","unavailable",6
202410,"unavailable","PEK","AKL","P","A","CN","unavailable","unavailable","01 - 11 years","F","","N","unavailable","unavailable",6
202410,"unavailable","PEK","AKL","P","A","CN","unavailable","unavailable","55 - 64 years","M","","N","unavailable","unavailable",6
202410,"unavailable","SIN","AKL","P","A","PH","unavailable","unavailable","35 - 44 years","F","","N","unavailable","unavailable",6
202410,"unavailable","SYD","AKL","P","A","ZA","unavailable","unavailable","01 - 11 years","F","","N","unavailable","unavailable",6
202410,"unavailable","BNE","AKL","P","A","AU","unavailable","unavailable","19 - 24 years","F","","N","unavailable","unavailable",6
202410,"unavailable","OOL","AKL","P","A","AU","unavailable","unavailable","55 - 64 years","M","","N","unavailable","unavailable",6
202410,"unavailable","DXB","AKL","P","A","PK","unavailable","unavailable","01 - 11 years","M","","N","unavailable","unavailable",6
202410,"unavailable","HKG","AKL","P","A","IN","unavailable","unavailable","45 - 54 years","M","","N","unavailable","unavailable",6
202410,"unavailable","HKG","AKL","P","A","IN","unavailable","unavailable","12 - 18 years","M","","N","unavailable","unavailable",6
202410,"unavailable","SYD","WLG","P","A","AU","unavailable","unavailable","25 - 34 years","M","","N","unavailable","unavailable",6
202410,"unavailable","SYD","CHC","P","A","AU","unavailable","unavailable","35 - 44 years","F","","N","unavailable","unavailable",6
202410,"unavailable","LAX","AKL","P","A","US","unavailable","unavailable","01 - 11 years","M","","N","unavailable","unavailable",6
202410,"unavailable","APW","AKL","P","A","WS","unavailable","unavailable","12 - 18 years","M","","N","unavailable","unavailable",6
202410,"unavailable","SYD","AKL","P","A","FR","unavailable","unavailable","19 - 24 years","F","","N","unavailable","unavailable",6
202410,"unavailable","KUL","AKL","P","A","IN","unavailable","unavailable","55 - 64 years","F","","N","unavailable","unavailable",6
202410,"unavailable","SYD","AKL","P","A","ID","unavailable","unavailable","25 - 34 years","F","","N","unavailable","unavailable",6
202410,"unavailable","NAN","AKL","P","A","TV","unavailable","unavailable","25 - 34 years","M","","N","unavailable","unavailable",6
202410,"unavailable","SIN","CHC","P","A","IN","unavailable","unavailable","19 - 24 years","M","","N","unavailable","unavailable",6
202410,"unavailable","SIN","AKL","P","A","NP","unavailable","unavailable","19 - 24 years","F","","N","unavailable","unavailable",6
202410,"unavailable","CAN","AKL","P","A","DE","unavailable","unavailable","19 - 24 years","F","","N","unavailable","unavailable",6
202410,"unavailable","IAH","AKL","P","A","US","unavailable","unavailable","19 - 24 years","F","","N","unavailable","unavailable",6
202410,"unavailable","HKG","AKL","P","A","XX","unavailable","unavailable","35 - 44 years","M","","N","unavailable","unavailable",6
202410,"unavailable","SYD","ZQN","P","A","PH","unavailable","unavailable","01 - 11 years","M","","N","unavailable","unavailable",6
202410,"unavailable","SYD","AKL","P","A","JP","unavailable","unavailable","19 - 24 years","F","","N","unavailable","unavailable",3
202410,"unavailable","BNE","WLG","P","A","ZA","unavailable","unavailable","45 - 54 years","F","","N","unavailable","unavailable",3
202410,"unavailable","MEL","ZQN","P","A","GB","unavailable","unavailable","25 - 34 years","M","","N","unavailable","unavailable",3
202410,"unavailable","SYD","AKL","P","A","TH","unavailable","unavailable","25 - 34 years","M","","N","unavailable","unavailable",3
202410,"unavailable","SHA","AKL","P","A","AE","unavailable","unavailable","35 - 44 years","M","","N","unavailable","unavailable",3
202410,"unavailable","DOH","AKL","P","A","HU","unavailable","unavailable","55 - 64 years","M","","N","unavailable","unavailable",3
202410,"unavailable","SHA","AKL","P","A","JP","unavailable","unavailable","19 - 24 years","F","","N","unavailable","unavailable",3
202410,"unavailable","SYD","WLG","P","A","ID","unavailable","unavailable","01 - 11 years","F","","N","unavailable","unavailable",3
202410,"unavailable","DOH","AKL","P","A","QA","unavailable","unavailable","12 - 18 years","M","","N","unavailable","unavailable",3
202410,"unavailable","SIN","CHC","P","A","IN","unavailable","unavailable","25 - 34 years","M","","N","unavailable","unavailable",3
202410,"unavailable","SYD","CHC","P","A","DE","unavailable","unavailable","19 - 24 years","M","","N","unavailable","unavailable",3
202410,"unavailable","SIN","CHC","P","A","NL","unavailable","unavailable","35 - 44 years","M","","N","unavailable","unavailable",3
202410,"unavailable","SZX","AKL","P","A","ES","unavailable","unavailable","25 - 34 years","F","","N","unavailable","unavailable",3
202410,"unavailable","PEK","AKL","P","A","GB","unavailable","unavailable","19 - 24 years","M","","N","unavailable","unavailable",3
202410,"unavailable","SYD","AKL","P","A","IN","unavailable","unavailable","45 - 54 years","M","","N","unavailable","unavailable",3
202410,"unavailable","HNL","AKL","P","A","CA","unavailable","unavailable","19 - 24 years","F","","N","unavailable","unavailable",3
202410,"unavailable","HKG","AKL","P","A","VN","unavailable","unavailable","19 - 24 years","F","","N","unavailable","unavailable",3
202410,"unavailable","HKG","AKL","P","A","NL","unavailable","unavailable","35 - 44 years","M","","N","unavailable","unavailable",3
202410,"unavailable","SYD","AKL","P","A","GB","unavailable","unavailable","19 - 24 years","F","","N","unavailable","unavailable",3
202410,"unavailable","DXB","AKL","P","A","ET","unavailable","unavailable","25 - 34 years","F","","N","unavailable","unavailable",3
202410,"unavailable","NAN","AKL","P","A","JP","unavailable","unavailable","25 - 34 years","F","","N","unavailable","unavailable",3
202410,"unavailable","NAN","AKL","P","A","FJ","unavailable","unavailable","55 - 64 years","M","","N","unavailable","unavailable",3
202410,"unavailable","CAN","CHC","P","A","CN","unavailable","unavailable","65 - 74 years","M","","N","unavailable","unavailable",3
202410,"unavailable","CAN","AKL","P","A","NP","unavailable","unavailable","35 - 44 years","F","","N","unavailable","unavailable",3
202410,"unavailable","SYD","AKL","P","A","IN","unavailable","unavailable","01 - 11 years","M","","N","unavailable","unavailable",3
202410,"unavailable","SEL","AKL","P","A","FR","unavailable","unavailable","19 - 24 years","M","","N","unavailable","unavailable",3
202410,"unavailable","HKG","AKL","P","A","MO","unavailable","unavailable","12 - 18 years","F","","N","unavailable","unavailable",3
202410,"unavailable","BNE","AKL","P","A","DE","unavailable","unavailable","25 - 34 years","M","","N","unavailable","unavailable",3
202410,"unavailable","SIN","AKL","P","A","AE","unavailable","unavailable","35 - 44 years","F","","N","unavailable","unavailable",3
202410,"unavailable","DXB","AKL","P","A","AF","unavailable","unavailable","12 - 18 years","M","","N","unavailable","unavailable",3
202410,"unavailable","SYD","CHC","P","A","AU","unavailable","unavailable","01 - 11 years","F","","N","unavailable","unavailable",3
202410,"unavailable","DOH","AKL","P","A","XX","unavailable","unavailable","75+","M","","N","unavailable","unavailable",3
202410,"unavailable","KUL","AKL","P","A","XX","unavailable","unavailable","45 - 54 years","F","","N","unavailable","unavailable",3
202410,"unavailable","SYD","WLG","P","A","PH","unavailable","unavailable","35 - 44 years","M","","N","unavailable","unavailable",3
202410,"unavailable","APW","AKL","P","A","XX","unavailable","unavailable","65 - 74 years","M","","N","unavailable","unavailable",3
202410,"unavailable","DOH","AKL","P","A","IL","unavailable","unavailable","25 - 34 years","M","","N","unavailable","unavailable",3
202410,"unavailable","SHA","AKL","P","A","LK","unavailable","unavailable","12 - 18 years","M","","N","unavailable","unavailable",3
202410,"unavailable","SYD","AKL","P","A","NL","unavailable","unavailable","35 - 44 years","F","","N","unavailable","unavailable",3
202410,"unavailable","BNE","ZQN","P","A","IE","unavailable","unavailable","35 - 44 years","F","","N","unavailable","unavailable",3
202410,"unavailable","SHA","AKL","P","A","CN","unavailable","unavailable","75+","M","","N","unavailable","unavailable",3
202410,"unavailable","SZX","AKL","P","A","CN","unavailable","unavailable","65 - 74 years","F","","N","unavailable","unavailable",3
202410,"unavailable","NAN","WLG","P","A","FJ","unavailable","unavailable","65 - 74 years","F","","N","unavailable","unavailable",3
202410,"unavailable","BNE","AKL","P","A","TW","unavailable","unavailable","35 - 44 years","M","","N","unavailable","unavailable",3
202410,"unavailable","SIN","CHC","P","A","CN","unavailable","unavailable","35 - 44 years","M","","N","unavailable","unavailable",3
202410,"unavailable","SHA","AKL","P","A","IE","unavailable","unavailable","19 - 24 years","M","","N","unavailable","unavailable",3
202410,"unavailable","PEK","AKL","P","A","DE","unavailable","unavailable","19 - 24 years","M","","N","unavailable","unavailable",3
202410,"unavailable","HKG","AKL","P","A","BE","unavailable","unavailable","19 - 24 years","F","","N","unavailable","unavailable",3
202410,"unavailable","MEL","CHC","P","A","TH","unavailable","unavailable","75+","F","","N","unavailable","unavailable",3
202410,"unavailable","RAR","AKL","P","A","XX","unavailable","unavailable","75+","M","","N","unavailable","unavailable",3
202410,"unavailable","BNE","CHC","P","A","IN","unavailable","unavailable","35 - 44 years","F","","N","unavailable","unavailable",3
202410,"unavailable","SEL","AKL","P","A","DE","unavailable","unavailable","25 - 34 years","F","","N","unavailable","unavailable",3
202410,"unavailable","NAN","AKL","P","A","CA","unavailable","unavailable","19 - 24 years","M","","N","unavailable","unavailable",3
202410,"unavailable","SIN","AKL","P","A","LK","unavailable","unavailable","19 - 24 years","F","","N","unavailable","unavailable",3
202410,"unavailable","SYD","AKL","P","A","GB","unavailable","unavailable","12 - 18 years","M","","N","unavailable","unavailable",3
202410,"unavailable","SYD","ZQN","P","A","IE","unavailable","unavailable","25 - 34 years","M","","N","unavailable","unavailable",3
202410,"unavailable","NAN","AKL","P","A","FR","unavailable","unavailable","19 - 24 years","F","","N","unavailable","unavailable",3
202410,"unavailable","SIN","AKL","P","A","FR","unavailable","unavailable","65 - 74 years","F","","N","unavailable","unavailable",3
202410,"unavailable","MEL","AKL","P","A","VN","unavailable","unavailable","25 - 34 years","F","","N","unavailable","unavailable",3
202410,"unavailable","BNE","AKL","P","A","GB","unavailable","unavailable","19 - 24 years","F","","N","unavailable","unavailable",3
202410,"unavailable","SYD","AKL","P","A","XX","unavailable","unavailable","45 - 54 years","M","","N","unavailable","unavailable",3
202410,"unavailable","SIN","AKL","P","A","ES","unavailable","unavailable","25 - 34 years","F","","N","unavailable","unavailable",3
202410,"unavailable","SIN","AKL","P","A","LK","unavailable","unavailable","45 - 54 years","M","","N","unavailable","unavailable",3
202410,"unavailable","PPT","AKL","P","A","PF","unavailable","unavailable","65 - 74 years","M","","N","unavailable","unavailable",3
202410,"unavailable","SYD","CHC","P","A","AU","unavailable","unavailable","12 - 18 years","F","","N","unavailable","unavailable",3
202410,"unavailable","SYD","WLG","P","A","TW","unavailable","unavailable","25 - 34 years","F","","N","unavailable","unavailable",3
202410,"unavailable","BNE","AKL","P","A","XX","unavailable","unavailable","35 - 44 years","M","","N","unavailable","unavailable",3
202410,"unavailable","HKG","AKL","P","A","IN","unavailable","unavailable","55 - 64 years","M","","N","unavailable","unavailable",3
202410,"unavailable","DXB","AKL","P","A","TR","unavailable","unavailable","01 - 11 years","F","","N","unavailable","unavailable",3
202410,"unavailable","SIN","CHC","P","A","TH","unavailable","unavailable","12 - 18 years","F","","N","unavailable","unavailable",3
202410,"unavailable","PEK","AKL","P","A","XX","unavailable","unavailable","25 - 34 years","F","","N","unavailable","unavailable",3
202410,"unavailable","OOL","AKL","P","A","AU","unavailable","unavailable","19 - 24 years","F","","N","unavailable","unavailable",3
202410,"unavailable","DOH","AKL","P","A","DE","unavailable","unavailable","12 - 18 years","F","","N","unavailable","unavailable",3
202410,"unavailable","MEL","AKL","P","A","AU","unavailable","unavailable","65 - 74 years","M","","N","unavailable","unavailable",3
202410,"unavailable","CAN","CHC","P","A","CN","unavailable","unavailable","75+","F","","N","unavailable","unavailable",3
202410,"unavailable","SYD","WLG","P","A","FR","unavailable","unavailable","25 - 34 years","F","","N","unavailable","unavailable",3
202410,"unavailable","KUL","AKL","P","A","ET","unavailable","unavailable","35 - 44 years","M","","N","unavailable","unavailable",3
202410,"unavailable","XXA","AKL","P","A","LK","unavailable","unavailable","25 - 34 years","F","","N","unavailable","unavailable",3
202410,"unavailable","SIN","CHC","P","A","IN","unavailable","unavailable","12 - 18 years","F","","N","unavailable","unavailable",3
202410,"unavailable","SYD","CHC","P","A","GB","unavailable","unavailable","35 - 44 years","M","","N","unavailable","unavailable",3
202410,"unavailable","SYD","AKL","P","A","NL","unavailable","unavailable","65 - 74 years","M","","N","unavailable","unavailable",3
202410,"unavailable","HKG","AKL","P","A","IT","unavailable","unavailable","19 - 24 years","F","","N","unavailable","unavailable",3
202410,"unavailable","CAN","AKL","P","A","MY","unavailable","unavailable","25 - 34 years","F","","N","unavailable","unavailable",3
202410,"unavailable","SYD","AKL","P","A","AE","unavailable","unavailable","35 - 44 years","F","","N","unavailable","unavailable",3
202410,"unavailable","SHA","AKL","P","A","DE","unavailable","unavailable","12 - 18 years","F","","N","unavailable","unavailable",3
202410,"unavailable","SYD","AKL","P","A","GB","unavailable","unavailable","12 - 18 years","F","","N","unavailable","unavailable",3
202410,"unavailable","BNE","CHC","P","A","JP","unavailable","unavailable","25 - 34 years","M","","N","unavailable","unavailable",3
202410,"unavailable","DOH","AKL","P","A","IN","unavailable","unavailable","25 - 34 years","M","","N","unavailable","unavailable",3
202410,"unavailable","DXB","AKL","P","A","AF","unavailable","unavailable","55 - 64 years","F","","N","unavailable","unavailable",3
202410,"unavailable","PEK","AKL","P","A","ES","unavailable","unavailable","25 - 34 years","M","","N","unavailable","unavailable",3
202410,"unavailable","DXB","AKL","P","A","IT","unavailable","unavailable","25 - 34 years","F","","N","unavailable","unavailable",3
202410,"unavailable","SIN","CHC","P","A","SG","unavailable","unavailable","45 - 54 years","M","","N","unavailable","unavailable",3
202410,"unavailable","SCL","AKL","P","A","MX","unavailable","unavailable","25 - 34 years","M","","N","unavailable","unavailable",3
202410,"unavailable","LAX","AKL","P","A","CA","unavailable","unavailable","19 - 24 years","F","","N","unavailable","unavailable",3
202410,"unavailable","JFK","AKL","P","A","US","unavailable","unavailable","35 - 44 years","F","","N","unavailable","unavailable",3
202410,"unavailable","NAN","AKL","P","A","FJ","unavailable","unavailable","65 - 74 years","M","","N","unavailable","unavailable",3
202410,"unavailable","HKG","AKL","P","A","US","unavailable","unavailable","25 - 34 years","F","","N","unavailable","unavailable",3
202410,"unavailable","MEL","CHC","P","A","AU","unavailable","unavailable","19 - 24 years","M","","N","unavailable","unavailable",3
202410,"unavailable","DXB","AKL","P","A","IR","unavailable","unavailable","19 - 24 years","M","","N","unavailable","unavailable",3
202410,"unavailable","SYD","CHC","P","A","FR","unavailable","unavailable","19 - 24 years","F","","N","unavailable","unavailable",3
202410,"unavailable","SIN","AKL","P","A","QA","unavailable","unavailable","35 - 44 years","F","","N","unavailable","unavailable",3
202410,"unavailable","APW","AKL","P","A","AU","unavailable","unavailable","25 - 34 years","M","","N","unavailable","unavailable",3
202410,"unavailable","SCL","AKL","P","A","XX","unavailable","unavailable","19 - 24 years","F","","N","unavailable","unavailable",3
202410,"unavailable","SFO","AKL","P","A","AU","unavailable","unavailable","65 - 74 years","M","","N","unavailable","unavailable",3
202410,"unavailable","BNE","WLG","P","A","IT","unavailable","unavailable","25 - 34 years","M","","N","unavailable","unavailable",3
202410,"unavailable","DOH","AKL","P","A","SC","unavailable","unavailable","35 - 44 years","F","","N","unavailable","unavailable",3
202410,"unavailable","PEK","AKL","P","A","CN","unavailable","unavailable","75+","M","","N","unavailable","unavailable",3
202410,"unavailable","SYD","CHC","P","A","PH","unavailable","unavailable","55 - 64 years","F","","N","unavailable","unavailable",3
202410,"unavailable","SZX","AKL","P","A","XX","unavailable","unavailable","45 - 54 years","F","","N","unavailable","unavailable",3
202410,"unavailable","SYD","AKL","P","A","XX","unavailable","unavailable","55 - 64 years","F","","N","unavailable","unavailable",3
202410,"unavailable","MEL","WLG","P","A","JP","unavailable","unavailable","35 - 44 years","F","","N","unavailable","unavailable",3
202410,"unavailable","HKG","AKL","P","A","XX","unavailable","unavailable","55 - 64 years","M","","N","unavailable","unavailable",3
202410,"unavailable","CAN","AKL","P","A","PH","unavailable","unavailable","35 - 44 years","F","","N","unavailable","unavailable",3
202410,"unavailable","SYD","CHC","P","A","ZA","unavailable","unavailable","12 - 18 years","M","","N","unavailable","unavailable",3
202410,"unavailable","MEL","AKL","P","A","GB","unavailable","unavailable","25 - 34 years","M","","N","unavailable","unavailable",3
202410,"unavailable","SYD","ZQN","P","A","AU","unavailable","unavailable","55 - 64 years","F","","N","unavailable","unavailable",3
202410,"unavailable","HNL","AKL","P","A","US","unavailable","unavailable","35 - 44 years","F","","N","unavailable","unavailable",3
202410,"unavailable","BNE","AKL","P","A","CH","unavailable","unavailable","55 - 64 years","F","","N","unavailable","unavailable",3
202410,"unavailable","DXB","AKL","P","A","CH","unavailable","unavailable","Less than 1 year","M","","N","unavailable","unavailable",3
202410,"unavailable","SEL","AKL","P","A","KR","unavailable","unavailable","01 - 11 years","M","","N","unavailable","unavailable",3
202410,"unavailable","SIN","AKL","P","A","BD","unavailable","unavailable","19 - 24 years","F","","N","unavailable","unavailable",3
202410,"unavailable","PER","AKL","P","A","AU","unavailable","unavailable","45 - 54 years","F","","N","unavailable","unavailable",3
202410,"unavailable","SYD","CHC","P","A","ID","unavailable","unavailable","35 - 44 years","F","","N","unavailable","unavailable",3
202410,"unavailable","SYD","CHC","P","A","CA","unavailable","unavailable","19 - 24 years","F","","N","unavailable","unavailable",3
202410,"unavailable","NAN","AKL","P","A","JP","unavailable","unavailable","19 - 24 years","M","","N","unavailable","unavailable",3
202410,"unavailable","NAN","AKL","P","A","KI","unavailable","unavailable","01 - 11 years","F","","N","unavailable","unavailable",3
202410,"unavailable","HKG","AKL","P","A","VN","unavailable","unavailable","25 - 34 years","M","","N","unavailable","unavailable",3
202410,"unavailable","DOH","AKL","P","A","NL","unavailable","unavailable","35 - 44 years","F","","N","unavailable","unavailable",3
202410,"unavailable","SHA","AKL","P","A","XX","unavailable","unavailable","45 - 54 years","M","","N","unavailable","unavailable",3
202410,"unavailable","MEL","WLG","P","A","XX","unavailable","unavailable","25 - 34 years","M","","N","unavailable","unavailable",3
202410,"unavailable","DOH","AKL","P","A","AE","unavailable","unavailable","Less than 1 year","F","","N","unavailable","unavailable",3
202410,"unavailable","SYD","AKL","P","A","AU","unavailable","unavailable","12 - 18 years","F","","N","unavailable","unavailable",3
202410,"unavailable","MEL","AKL","P","A","ID","unavailable","unavailable","12 - 18 years","M","","N","unavailable","unavailable",3
202410,"unavailable","LAX","AKL","P","A","SE","unavailable","unavailable","19 - 24 years","F","","N","unavailable","unavailable",3
202410,"unavailable","IAH","AKL","P","A","XX","unavailable","unavailable","19 - 24 years","M","","N","unavailable","unavailable",3
202410,"unavailable","SYD","ZQN","P","A","KR","unavailable","unavailable","25 - 34 years","F","","N","unavailable","unavailable",3
202410,"unavailable","SFO","AKL","P","A","XX","unavailable","unavailable","55 - 64 years","F","","N","unavailable","unavailable",3
202410,"unavailable","PER","AKL","P","A","AU","unavailable","unavailable","19 - 24 years","M","","N","unavailable","unavailable",3
202410,"unavailable","APW","AKL","P","A","AS","unavailable","unavailable","12 - 18 years","M","","N","unavailable","unavailable",3
202410,"unavailable","IAH","AKL","P","A","US","unavailable","unavailable","19 - 24 years","M","","N","unavailable","unavailable",3
202410,"unavailable","MEL","AKL","P","A","GB","unavailable","unavailable","55 - 64 years","F","","N","unavailable","unavailable",3
202410,"unavailable","NRT","AKL","P","A","BR","unavailable","unavailable","01 - 11 years","F","","N","unavailable","unavailable",3
202410,"unavailable","SIN","AKL","P","A","IN","unavailable","unavailable","65 - 74 years","M","","N","unavailable","unavailable",3
202410,"unavailable","DXB","AKL","P","A","UZ","unavailable","unavailable","35 - 44 years","M","","N","unavailable","unavailable",3
202410,"unavailable","ZZS","NSN","P","A","FK","unavailable","unavailable","25 - 34 years","M","","N","unavailable","unavailable",3
202410,"unavailable","XXA","AKL","P","A","BD","unavailable","unavailable","19 - 24 years","M","","N","unavailable","unavailable",3
202410,"unavailable","BNE","AKL","P","A","SB","unavailable","unavailable","19 - 24 years","M","","N","unavailable","unavailable",3
202410,"unavailable","CAN","AKL","P","A","NP","unavailable","unavailable","01 - 11 years","F","","N","unavailable","unavailable",3
202410,"unavailable","CAN","AKL","P","A","VN","unavailable","unavailable","35 - 44 years","F","","N","unavailable","unavailable",3
202410,"unavailable","SHA","AKL","P","A","TH","unavailable","unavailable","12 - 18 years","M","","N","unavailable","unavailable",3
202410,"unavailable","MEL","CHC","P","A","PH","unavailable","unavailable","01 - 11 years","M","","N","unavailable","unavailable",3
202410,"unavailable","SZX","AKL","P","A","FR","unavailable","unavailable","19 - 24 years","F","","N","unavailable","unavailable",3
202410,"unavailable","BNE","AKL","P","A","XX","unavailable","unavailable","Less than 1 year","F","","N","unavailable","unavailable",3
202410,"unavailable","SHA","AKL","P","A","TW","unavailable","unavailable","35 - 44 years","M","","N","unavailable","unavailable",3
202410,"unavailable","DOH","AKL","P","A","AT","unavailable","unavailable","Less than 1 year","F","","N","unavailable","unavailable",3
202410,"unavailable","HKG","AKL","P","A","CN","unavailable","unavailable","01 - 11 years","M","","N","unavailable","unavailable",3
202410,"unavailable","DXB","AKL","P","A","LK","unavailable","unavailable","35 - 44 years","F","","N","unavailable","unavailable",3
202410,"unavailable","SIN","CHC","P","A","UG","unavailable","unavailable","12 - 18 years","F","","N","unavailable","unavailable",3
202410,"unavailable","SIN","CHC","P","A","JP","unavailable","unavailable","01 - 11 years","F","","N","unavailable","unavailable",3
202410,"unavailable","SYD","AKL","P","A","GB","unavailable","unavailable","19 - 24 years","M","","N","unavailable","unavailable",3
202410,"unavailable","PER","AKL","P","A","XX","unavailable","unavailable","65 - 74 years","F","","N","unavailable","unavailable",3
202410,"unavailable","NAN","AKL","P","A","TO","unavailable","unavailable","35 - 44 years","M","","N","unavailable","unavailable",3
202410,"unavailable","DXB","AKL","P","A","AF","unavailable","unavailable","35 - 44 years","M","","N","unavailable","unavailable",3
202410,"unavailable","SYD","WLG","P","A","ZA","unavailable","unavailable","01 - 11 years","F","","N","unavailable","unavailable",3
202410,"unavailable","SCL","AKL","P","A","AR","unavailable","unavailable","65 - 74 years","F","","N","unavailable","unavailable",3
202410,"unavailable","LAX","AKL","P","A","IE","unavailable","unavailable","35 - 44 years","F","","N","unavailable","unavailable",3
202410,"unavailable","XXA","AKL","P","A","GB","unavailable","unavailable","19 - 24 years","M","","N","unavailable","unavailable",3
202410,"unavailable","KUL","AKL","P","A","MY","unavailable","unavailable","35 - 44 years","M","","N","unavailable","unavailable",3
202410,"unavailable","KUL","AKL","P","A","JP","unavailable","unavailable","45 - 54 years","F","","N","unavailable","unavailable",3
202410,"unavailable","BNE","AKL","P","A","SB","unavailable","unavailable","45 - 54 years","F","","N","unavailable","unavailable",3
202410,"unavailable","SCL","AKL","P","A","CO","unavailable","unavailable","12 - 18 years","M","","N","unavailable","unavailable",3
202410,"unavailable","MEL","ZQN","P","A","GB","unavailable","unavailable","25 - 34 years","F","","N","unavailable","unavailable",3
202410,"unavailable","KUL","AKL","P","A","UZ","unavailable","unavailable","01 - 11 years","M","","N","unavailable","unavailable",3
202410,"unavailable","SYD","CHC","P","A","IN","unavailable","unavailable","19 - 24 years","F","","N","unavailable","unavailable",3
202410,"unavailable","SHA","AKL","P","A","VN","unavailable","unavailable","12 - 18 years","M","","N","unavailable","unavailable",3
202410,"unavailable","DOH","AKL","P","A","SE","unavailable","unavailable","25 - 34 years","F","","N","unavailable","unavailable",3
202410,"unavailable","SFO","AKL","P","A","XX","unavailable","unavailable","25 - 34 years","M","","N","unavailable","unavailable",3
202410,"unavailable","SYD","AKL","P","A","ID","unavailable","unavailable","35 - 44 years","M","","N","unavailable","unavailable",3
202410,"unavailable","SFO","AKL","P","A","US","unavailable","unavailable","75+","F","","N","unavailable","unavailable",3
202410,"unavailable","MEL","WLG","P","A","GB","unavailable","unavailable","45 - 54 years","F","","N","unavailable","unavailable",3
202410,"unavailable","SHA","AKL","P","A","XX","unavailable","unavailable","35 - 44 years","F","","N","unavailable","unavailable",3
202410,"unavailable","SFO","AKL","P","A","US","unavailable","unavailable","01 - 11 years","F","","N","unavailable","unavailable",3
202410,"unavailable","SIN","AKL","P","A","XX","unavailable","unavailable","65 - 74 years","F","","N","unavailable","unavailable",3
202410,"unavailable","KUL","AKL","P","A","KW","unavailable","unavailable","01 - 11 years","F","","N","unavailable","unavailable",3
202410,"unavailable","NAN","AKL","P","A","JP","unavailable","unavailable","25 - 34 years","M","","N","unavailable","unavailable",3
202410,"unavailable","SIN","AKL","P","A","PH","unavailable","unavailable","65 - 74 years","M","","N","unavailable","unavailable",3
202410,"unavailable","SIN","AKL","P","A","NP","unavailable","unavailable","25 - 34 years","M","","N","unavailable","unavailable",3
202410,"unavailable","HKG","AKL","P","A","US","unavailable","unavailable","35 - 44 years","M","","N","unavailable","unavailable",3
202410,"unavailable","HKG","AKL","P","A","TH","unavailable","unavailable","35 - 44 years","F","","N","unavailable","unavailable",3
202410,"unavailable","NAN","AKL","P","A","IN","unavailable","unavailable","12 - 18 years","M","","N","unavailable","unavailable",3
202410,"unavailable","MEL","AKL","P","A","AE","unavailable","unavailable","35 - 44 years","F","","N","unavailable","unavailable",3
202410,"unavailable","SIN","AKL","P","A","SG","unavailable","unavailable","12 - 18 years","M","","N","unavailable","unavailable",3
202410,"unavailable","BNE","AKL","P","A","GB","unavailable","unavailable","45 - 54 years","F","","N","unavailable","unavailable",3
202410,"unavailable","MEL","AKL","P","A","CN","unavailable","unavailable","55 - 64 years","F","","N","unavailable","unavailable",3
202410,"unavailable","SEL","AKL","P","A","JP","unavailable","unavailable","25 - 34 years","F","","N","unavailable","unavailable",3
202410,"unavailable","DOH","AKL","P","A","AE","unavailable","unavailable","25 - 34 years","M","","N","unavailable","unavailable",3
202410,"unavailable","SYD","ZQN","P","A","US","unavailable","unavailable","25 - 34 years","F","","N","unavailable","unavailable",3
202410,"unavailable","SEL","AKL","P","A","KR","unavailable","unavailable","25 - 34 years","M","","N","unavailable","unavailable",3
202410,"unavailable","DOH","AKL","P","A","GB","unavailable","unavailable","65 - 74 years","F","","N","unavailable","unavailable",3
202410,"unavailable","HKG","AKL","P","A","BD","unavailable","unavailable","25 - 34 years","F","","N","unavailable","unavailable",3
202410,"unavailable","CAN","CHC","P","A","AU","unavailable","unavailable","25 - 34 years","F","","N","unavailable","unavailable",3
202410,"unavailable","DOH","AKL","P","A","LK","unavailable","unavailable","25 - 34 years","M","","N","unavailable","unavailable",3
202410,"unavailable","LAX","AKL","P","A","NL","unavailable","unavailable","19 - 24 years","F","","N","unavailable","unavailable",3
202410,"unavailable","MEL","CHC","P","A","AU","unavailable","unavailable","25 - 34 years","M","","N","unavailable","unavailable",3
202410,"unavailable","NAN","WLG","P","A","WS","unavailable","unavailable","12 - 18 years","M","","N","unavailable","unavailable",3
202410,"unavailable","NRT","AKL","P","A","AU","unavailable","unavailable","25 - 34 years","F","","N","unavailable","unavailable",3
202410,"unavailable","TPE","AKL","P","A","TW","unavailable","unavailable","25 - 34 years","M","","N","unavailable","unavailable",3
202410,"unavailable","BNE","AKL","P","A","TW","unavailable","unavailable","65 - 74 years","M","","N","unavailable","unavailable",3
202410,"unavailable","SHA","AKL","P","A","KR","unavailable","unavailable","25 - 34 years","F","","N","unavailable","unavailable",3
202410,"unavailable","DOH","AKL","P","A","US","unavailable","unavailable","19 - 24 years","M","","N","unavailable","unavailable",3
202410,"unavailable","HKG","AKL","P","A","TH","unavailable","unavailable","25 - 34 years","F","","N","unavailable","unavailable",3
202410,"unavailable","DOH","AKL","P","A","ZA","unavailable","unavailable","01 - 11 years","F","","N","unavailable","unavailable",3
202410,"unavailable","LAX","AKL","P","A","US","unavailable","unavailable","75+","M","","N","unavailable","unavailable",3
202410,"unavailable","SIN","AKL","P","A","SG","unavailable","unavailable","55 - 64 years","M","","N","unavailable","unavailable",3
202410,"unavailable","PEK","AKL","P","A","RU","unavailable","unavailable","75+","M","","N","unavailable","unavailable",3
202410,"unavailable","MEL","AKL","P","A","FJ","unavailable","unavailable","25 - 34 years","M","","N","unavailable","unavailable",3
202410,"unavailable","SYD","AKL","P","A","ID","unavailable","unavailable","25 - 34 years","M","","N","unavailable","unavailable",3
202410,"unavailable","MEL","CHC","P","A","AU","unavailable","unavailable","55 - 64 years","F","","N","unavailable","unavailable",3
202410,"unavailable","SIN","AKL","P","A","GB","unavailable","unavailable","65 - 74 years","M","","N","unavailable","unavailable",3
202410,"unavailable","SFO","AKL","P","A","CA","unavailable","unavailable","19 - 24 years","F","","N","unavailable","unavailable",3
202410,"unavailable","YVR","AKL","P","A","DE","unavailable","unavailable","25 - 34 years","F","","N","unavailable","unavailable",3
202410,"unavailable","XXA","AKL","P","A","RU","unavailable","unavailable","25 - 34 years","F","","N","unavailable","unavailable",3
202410,"unavailable","DPS","AKL","P","A","BE","unavailable","unavailable","25 - 34 years","M","","N","unavailable","unavailable",3
202410,"unavailable","SHA","AKL","P","A","AT","unavailable","unavailable","25 - 34 years","M","","N","unavailable","unavailable",3
202410,"unavailable","NAN","CHC","P","A","FJ","unavailable","unavailable","25 - 34 years","F","","N","unavailable","unavailable",3
202410,"unavailable","SIN","CHC","P","A","XX","unavailable","unavailable","19 - 24 years","M","","N","unavailable","unavailable",3
202410,"unavailable","SIN","AKL","P","A","KH","unavailable","unavailable","75+","M","","N","unavailable","unavailable",3
202410,"unavailable","BNE","CHC","P","A","IE","unavailable","unavailable","25 - 34 years","F","","N","unavailable","unavailable",3
202410,"unavailable","OOL","AKL","P","A","AU","unavailable","unavailable","55 - 64 years","F","","N","unavailable","unavailable",3
202410,"unavailable","TPE","AKL","P","A","TW","unavailable","unavailable","65 - 74 years","M","","N","unavailable","unavailable",3
202410,"unavailable","SYD","AKL","P","A","ID","unavailable","unavailable","12 - 18 years","F","","N","unavailable","unavailable",3
202410,"unavailable","PPT","AKL","P","A","AU","unavailable","unavailable","25 - 34 years","M","","N","unavailable","unavailable",3
202410,"unavailable","SYD","CHC","P","A","LK","unavailable","unavailable","01 - 11 years","M","","N","unavailable","unavailable",3
202410,"unavailable","SYD","AKL","P","A","HK","unavailable","unavailable","01 - 11 years","F","","N","unavailable","unavailable",3
202410,"unavailable","XXA","AKL","P","A","TH","unavailable","unavailable","12 - 18 years","F","","N","unavailable","unavailable",3
202410,"unavailable","APW","AKL","P","A","XX","unavailable","unavailable","12 - 18 years","F","","N","unavailable","unavailable",3
202410,"unavailable","ADL","AKL","P","A","AU","unavailable","unavailable","55 - 64 years","M","","N","unavailable","unavailable",3
202410,"unavailable","OOL","CHC","P","A","AU","unavailable","unavailable","35 - 44 years","M","","N","unavailable","unavailable",3
202410,"unavailable","TBU","AKL","P","A","XX","unavailable","unavailable","Less than 1 year","M","","N","unavailable","unavailable",3
202410,"unavailable","SYD","CHC","P","A","TH","unavailable","unavailable","55 - 64 years","F","","N","unavailable","unavailable",3
202410,"unavailable","NAN","AKL","P","A","CA","unavailable","unavailable","35 - 44 years","M","","N","unavailable","unavailable",3
202410,"unavailable","SZX","AKL","P","A","CN","unavailable","unavailable","01 - 11 years","F","","N","unavailable","unavailable",3
202410,"unavailable","BNE","CHC","P","A","AU","unavailable","unavailable","65 - 74 years","F","","N","unavailable","unavailable",3
202410,"unavailable","SFO","AKL","P","A","US","unavailable","unavailable","65 - 74 years","M","","N","unavailable","unavailable",3
202410,"unavailable","SIN","AKL","P","A","MY","unavailable","unavailable","25 - 34 years","M","","N","unavailable","unavailable",3
202410,"unavailable","NAN","AKL","P","A","TV","unavailable","unavailable","45 - 54 years","M","","N","unavailable","unavailable",3
202410,"unavailable","SYD","CHC","P","A","ID","unavailable","unavailable","12 - 18 years","M","","N","unavailable","unavailable",3
202410,"unavailable","SYD","ZQN","P","A","CN","unavailable","unavailable","35 - 44 years","F","","N","unavailable","unavailable",3
202410,"unavailable","KUL","AKL","P","A","MY","unavailable","unavailable","45 - 54 years","M","","N","unavailable","unavailable",3
202410,"unavailable","SIN","AKL","P","A","IE","unavailable","unavailable","25 - 34 years","F","","N","unavailable","unavailable",3
202410,"unavailable","IAH","AKL","P","A","GB","unavailable","unavailable","35 - 44 years","F","","N","unavailable","unavailable",3
202410,"unavailable","SCL","AKL","P","A","IE","unavailable","unavailable","25 - 34 years","F","","N","unavailable","unavailable",3
202410,"unavailable","SHA","AKL","P","A","CH","unavailable","unavailable","25 - 34 years","M","","N","unavailable","unavailable",3
202410,"unavailable","NAN","CHC","P","A","JP","unavailable","unavailable","19 - 24 years","F","","N","unavailable","unavailable",3
202410,"unavailable","CAN","AKL","P","A","IL","unavailable","unavailable","19 - 24 years","M","","N","unavailable","unavailable",3
202410,"unavailable","DOH","AKL","P","A","GB","unavailable","unavailable","35 - 44 years","F","","N","unavailable","unavailable",3
202410,"unavailable","SHA","AKL","P","A","LK","unavailable","unavailable","01 - 11 years","M","","N","unavailable","unavailable",3
202410,"unavailable","HKG","AKL","P","A","DE","unavailable","unavailable","19 - 24 years","M","","N","unavailable","unavailable",3
202410,"unavailable","SYD","CHC","P","A","IN","unavailable","unavailable","25 - 34 years","M","","N","unavailable","unavailable",3
202410,"unavailable","SIN","CHC","P","A","IN","unavailable","unavailable","19 - 24 years","F","","N","unavailable","unavailable",3
202410,"unavailable","SFO","AKL","P","A","AU","unavailable","unavailable","35 - 44 years","M","","N","unavailable","unavailable",3
202410,"unavailable","CAN","AKL","P","A","KH","unavailable","unavailable","25 - 34 years","M","","N","unavailable","unavailable",3
202410,"unavailable","PER","AKL","P","A","AU","unavailable","unavailable","Less than 1 year","M","","N","unavailable","unavailable",3
202410,"unavailable","CAN","CHC","P","A","AU","unavailable","unavailable","01 - 11 years","M","","N","unavailable","unavailable",3
202410,"unavailable","SIN","AKL","P","A","DE","unavailable","unavailable","25 - 34 years","F","","N","unavailable","unavailable",3
202410,"unavailable","CAN","AKL","P","A","CN","unavailable","unavailable","45 - 54 years","M","","N","unavailable","unavailable",3
202410,"unavailable","CAN","AKL","P","A","TW","unavailable","unavailable","65 - 74 years","F","","N","unavailable","unavailable",3
202410,"unavailable","SHA","AKL","P","A","EE","unavailable","unavailable","25 - 34 years","F","","N","unavailable","unavailable",3
202410,"unavailable","NAN","CHC","P","A","CA","unavailable","unavailable","01 - 11 years","M","","N","unavailable","unavailable",3
202410,"unavailable","KUL","AKL","P","A","DE","unavailable","unavailable","25 - 34 years","F","","N","unavailable","unavailable",3
202410,"unavailable","DOH","AKL","P","A","AE","unavailable","unavailable","55 - 64 years","M","","N","unavailable","unavailable",3
202410,"unavailable","BNE","CHC","P","A","GB","unavailable","unavailable","35 - 44 years","F","","N","unavailable","unavailable",3
202410,"unavailable","SYD","AKL","P","A","HK","unavailable","unavailable","25 - 34 years","F","","N","unavailable","unavailable",3
202410,"unavailable","YVR","AKL","P","A","GB","unavailable","unavailable","25 - 34 years","F","","N","unavailable","unavailable",3
202410,"unavailable","SYD","CHC","P","A","IN","unavailable","unavailable","19 - 24 years","M","","N","unavailable","unavailable",3
202410,"unavailable","SIN","AKL","P","A","XX","unavailable","unavailable","19 - 24 years","M","","N","unavailable","unavailable",3
202410,"unavailable","NAN","AKL","P","A","DE","unavailable","unavailable","19 - 24 years","F","","N","unavailable","unavailable",3
202410,"unavailable","BNE","AKL","P","A","PH","unavailable","unavailable","45 - 54 years","F","","N","unavailable","unavailable",3
202410,"unavailable","MEL","AKL","P","A","AU","unavailable","unavailable","75+","F","","N","unavailable","unavailable",3
202410,"unavailable","SYD","WLG","P","A","MY","unavailable","unavailable","35 - 44 years","M","","N","unavailable","unavailable",3
202410,"unavailable","HKG","AKL","P","A","KR","unavailable","unavailable","25 - 34 years","F","","N","unavailable","unavailable",3
202410,"unavailable","SYD","AKL","P","A","CN","unavailable","unavailable","12 - 18 years","M","","N","unavailable","unavailable",3
202410,"unavailable","HKG","AKL","P","A","IE","unavailable","unavailable","25 - 34 years","M","","N","unavailable","unavailable",3
202410,"unavailable","NAN","CHC","P","A","WS","unavailable","unavailable","01 - 11 years","F","","N","unavailable","unavailable",3
202410,"unavailable","HKG","AKL","P","A","FR","unavailable","unavailable","19 - 24 years","F","","N","unavailable","unavailable",3
202410,"unavailable","CAN","AKL","P","A","DE","unavailable","unavailable","25 - 34 years","M","","N","unavailable","unavailable",3
202410,"unavailable","KUL","AKL","P","A","BE","unavailable","unavailable","25 - 34 years","M","","N","unavailable","unavailable",3
202410,"unavailable","NAN","AKL","P","A","JP","unavailable","unavailable","01 - 11 years","F","","N","unavailable","unavailable",3
202410,"unavailable","SYD","CHC","P","A","PH","unavailable","unavailable","65 - 74 years","M","","N","unavailable","unavailable",3
202410,"unavailable","SIN","AKL","P","A","BH","unavailable","unavailable","25 - 34 years","M","","N","unavailable","unavailable",3
202410,"unavailable","MEL","ZQN","P","A","AU","unavailable","unavailable","35 - 44 years","M","","N","unavailable","unavailable",3
202410,"unavailable","DXB","AKL","P","A","PK","unavailable","unavailable","35 - 44 years","M","","N","unavailable","unavailable",3
202410,"unavailable","SIN","AKL","P","A","XX","unavailable","unavailable","45 - 54 years","F","","N","unavailable","unavailable",3
202410,"unavailable","BNE","CHC","P","A","GB","unavailable","unavailable","65 - 74 years","M","","N","unavailable","unavailable",3
202410,"unavailable","HKG","AKL","P","A","XX","unavailable","unavailable","01 - 11 years","M","","N","unavailable","unavailable",3
202410,"unavailable","MEL","AKL","P","A","KR","unavailable","unavailable","25 - 34 years","F","","N","unavailable","unavailable",3
202410,"unavailable","YVR","AKL","P","A","US","unavailable","unavailable","19 - 24 years","F","","N","unavailable","unavailable",3
202410,"unavailable","RAR","AKL","P","A","AU","unavailable","unavailable","35 - 44 years","F","","N","unavailable","unavailable",3
202410,"unavailable","SHA","AKL","P","A","NL","unavailable","unavailable","25 - 34 years","M","","N","unavailable","unavailable",3
202410,"unavailable","SEL","AKL","P","A","KR","unavailable","unavailable","65 - 74 years","F","","N","unavailable","unavailable",3
202410,"unavailable","DOH","AKL","P","A","UA","unavailable","unavailable","65 - 74 years","M","","N","unavailable","unavailable",3
202410,"unavailable","MEL","CHC","P","A","JP","unavailable","unavailable","25 - 34 years","F","","N","unavailable","unavailable",3
202410,"unavailable","SIN","AKL","P","A","ZA","unavailable","unavailable","35 - 44 years","M","","N","unavailable","unavailable",3
202410,"unavailable","CAN","AKL","P","A","VN","unavailable","unavailable","01 - 11 years","F","","N","unavailable","unavailable",3
202410,"unavailable","BNE","AKL","P","A","XX","unavailable","unavailable","25 - 34 years","F","","N","unavailable","unavailable",3
202410,"unavailable","MEL","AKL","P","A","PH","unavailable","unavailable","25 - 34 years","M","","N","unavailable","unavailable",3
202410,"unavailable","SYD","WLG","P","A","PH","unavailable","unavailable","19 - 24 years","M","","N","unavailable","unavailable",3
202410,"unavailable","DOH","AKL","P","A","CD","unavailable","unavailable","01 - 11 years","M","","N","unavailable","unavailable",3
202410,"unavailable","SYD","CHC","P","A","CN","unavailable","unavailable","35 - 44 years","M","","N","unavailable","unavailable",3
202410,"unavailable","NRT","AKL","P","A","JP","unavailable","unavailable","45 - 54 years","M","","N","unavailable","unavailable",3
202410,"unavailable","MEL","CHC","P","A","PH","unavailable","unavailable","25 - 34 years","M","","N","unavailable","unavailable",3
202410,"unavailable","SYD","AKL","P","A","SG","unavailable","unavailable","01 - 11 years","M","","N","unavailable","unavailable",3
202410,"unavailable","NAN","AKL","P","A","XX","unavailable","unavailable","25 - 34 years","F","","N","unavailable","unavailable",3
202410,"unavailable","NAN","AKL","P","A","WS","unavailable","unavailable","01 - 11 years","F","","N","unavailable","unavailable",3
202410,"unavailable","SYD","DUD","P","A","US","unavailable","unavailable","55 - 64 years","F","","N","unavailable","unavailable",3
202410,"unavailable","OOL","CHC","P","A","AU","unavailable","unavailable","Less than 1 year","F","","N","unavailable","unavailable",3
202410,"unavailable","SYD","CHC","P","A","XX","unavailable","unavailable","45 - 54 years","M","","N","unavailable","unavailable",3
202410,"unavailable","TBU","AKL","P","A","TO","unavailable","unavailable","35 - 44 years","M","","N","unavailable","unavailable",3
202410,"unavailable","DOH","AKL","P","A","AE","unavailable","unavailable","25 - 34 years","F","","N","unavailable","unavailable",3
202410,"unavailable","KUL","AKL","P","A","IN","unavailable","unavailable","45 - 54 years","M","","N","unavailable","unavailable",3
202410,"unavailable","XXA","AKL","P","A","CA","unavailable","unavailable","25 - 34 years","F","","N","unavailable","unavailable",3
202410,"unavailable","SIN","CHC","P","A","FR","unavailable","unavailable","25 - 34 years","F","","N","unavailable","unavailable",3
202410,"unavailable","MEL","ZQN","P","A","IE","unavailable","unavailable","19 - 24 years","M","","N","unavailable","unavailable",3
202410,"unavailable","SYD","CHC","P","A","ZA","unavailable","unavailable","45 - 54 years","M","","N","unavailable","unavailable",3
202410,"unavailable","SYD","AKL","P","A","AU","unavailable","unavailable","Less than 1 year","M","","N","unavailable","unavailable",3
202410,"unavailable","SHA","AKL","P","A","IT","unavailable","unavailable","19 - 24 years","M","","N","unavailable","unavailable",3
202410,"unavailable","XXA","AKL","P","A","DE","unavailable","unavailable","19 - 24 years","M","","N","unavailable","unavailable",3
202410,"unavailable","SFO","AKL","P","A","JM","unavailable","unavailable","35 - 44 years","F","","N","unavailable","unavailable",3
202410,"unavailable","CAN","AKL","P","A","PH","unavailable","unavailable","45 - 54 years","F","","N","unavailable","unavailable",3
202410,"unavailable","SYD","AKL","P","A","ES","unavailable","unavailable","25 - 34 years","M","","N","unavailable","unavailable",3
202410,"unavailable","SIN","CHC","P","A","IN","unavailable","unavailable","45 - 54 years","M","","N","unavailable","unavailable",3
202410,"unavailable","DXB","AKL","P","A","AF","unavailable","unavailable","25 - 34 years","F","","N","unavailable","unavailable",3
202410,"unavailable","SYD","AKL","P","A","TH","unavailable","unavailable","25 - 34 years","F","","N","unavailable","unavailable",3
202410,"unavailable","BNE","AKL","P","A","XX","unavailable","unavailable","45 - 54 years","F","","N","unavailable","unavailable",3
202410,"unavailable","VLI","AKL","P","A","SB","unavailable","unavailable","12 - 18 years","F","","N","unavailable","unavailable",3
202410,"unavailable","SYD","CHC","P","A","ID","unavailable","unavailable","01 - 11 years","F","","N","unavailable","unavailable",3
202410,"unavailable","JFK","AKL","P","A","XX","unavailable","unavailable","25 - 34 years","M","","N","unavailable","unavailable",3
202410,"unavailable","DXB","AKL","P","A","EG","unavailable","unavailable","25 - 34 years","F","","N","unavailable","unavailable",3
202410,"unavailable","MEL","WLG","P","A","MT","unavailable","unavailable","19 - 24 years","M","","N","unavailable","unavailable",3
202410,"unavailable","XXA","AKL","P","A","XX","unavailable","unavailable","55 - 64 years","M","","N","unavailable","unavailable",3
202410,"unavailable","PEK","AKL","P","A","DE","unavailable","unavailable","25 - 34 years","F","","N","unavailable","unavailable",3
202410,"unavailable","DOH","AKL","P","A","KW","unavailable","unavailable","35 - 44 years","M","","N","unavailable","unavailable",3
202410,"unavailable","SYD","CHC","P","A","AU","unavailable","unavailable","65 - 74 years","F","","N","unavailable","unavailable",3
202410,"unavailable","SYD","WLG","P","A","AU","unavailable","unavailable","01 - 11 years","M","","N","unavailable","unavailable",3
202410,"unavailable","SIN","AKL","P","A","ES","unavailable","unavailable","45 - 54 years","F","","N","unavailable","unavailable",3
202410,"unavailable","HKG","AKL","P","A","SA","unavailable","unavailable","35 - 44 years","M","","N","unavailable","unavailable",3
202410,"unavailable","BNE","AKL","P","A","CZ","unavailable","unavailable","25 - 34 years","M","","N","unavailable","unavailable",3
202410,"unavailable","SYD","WLG","P","A","PH","unavailable","unavailable","19 - 24 years","F","","N","unavailable","unavailable",3
202410,"unavailable","LAX","AKL","P","A","IE","unavailable","unavailable","01 - 11 years","F","","N","unavailable","unavailable",3
202410,"unavailable","YVR","AKL","P","A","AU","unavailable","unavailable","25 - 34 years","M","","N","unavailable","unavailable",3
202410,"unavailable","SFO","AKL","P","A","XX","unavailable","unavailable","19 - 24 years","F","","N","unavailable","unavailable",3
202410,"unavailable","XXA","AKL","P","A","NP","unavailable","unavailable","25 - 34 years","M","","N","unavailable","unavailable",3
202410,"unavailable","SYD","CHC","P","A","AU","unavailable","unavailable","55 - 64 years","M","","N","unavailable","unavailable",3
202410,"unavailable","DOH","AKL","P","A","SE","unavailable","unavailable","19 - 24 years","F","","N","unavailable","unavailable",3
202410,"unavailable","DOH","AKL","P","A","ES","unavailable","unavailable","19 - 24 years","M","","N","unavailable","unavailable",3
202410,"unavailable","MEL","ZQN","P","A","PT","unavailable","unavailable","45 - 54 years","M","","N","unavailable","unavailable",3
202410,"unavailable","PEK","AKL","P","A","PK","unavailable","unavailable","25 - 34 years","F","","N","unavailable","unavailable",3
202410,"unavailable","SYD","CHC","P","A","PH","unavailable","unavailable","01 - 11 years","F","","N","unavailable","unavailable",3
202410,"unavailable","MEL","WLG","P","A","AU","unavailable","unavailable","01 - 11 years","M","","N","unavailable","unavailable",3
202410,"unavailable","SYD","AKL","P","A","CA","unavailable","unavailable","25 - 34 years","M","","N","unavailable","unavailable",3
202410,"unavailable","SHA","AKL","P","A","LK","unavailable","unavailable","45 - 54 years","M","","N","unavailable","unavailable",3
202410,"unavailable","BNE","AKL","P","A","US","unavailable","unavailable","25 - 34 years","F","","N","unavailable","unavailable",3
202410,"unavailable","LAX","AKL","P","A","CA","unavailable","unavailable","19 - 24 years","M","","N","unavailable","unavailable",3
202410,"unavailable","SYD","CHC","P","A","PH","unavailable","unavailable","12 - 18 years","M","","N","unavailable","unavailable",3
202410,"unavailable","APW","AKL","P","A","XX","unavailable","unavailable","25 - 34 years","F","","N","unavailable","unavailable",3
202410,"unavailable","NAN","AKL","P","A","FJ","unavailable","unavailable","01 - 11 years","F","","N","unavailable","unavailable",3
202410,"unavailable","SYD","AKL","P","A","IN","unavailable","unavailable","25 - 34 years","M","","N","unavailable","unavailable",3
202410,"unavailable","SFO","AKL","P","A","JM","unavailable","unavailable","35 - 44 years","M","","N","unavailable","unavailable",3
202410,"unavailable","SYD","CHC","P","A","US","unavailable","unavailable","35 - 44 years","M","","N","unavailable","unavailable",3
202410,"unavailable","KUL","AKL","P","A","MY","unavailable","unavailable","65 - 74 years","F","","N","unavailable","unavailable",3
202410,"unavailable","KUL","AKL","P","A","LK","unavailable","unavailable","01 - 11 years","M","","N","unavailable","unavailable",3
202410,"unavailable","CAN","AKL","P","A","NL","unavailable","unavailable","35 - 44 years","M","","N","unavailable","unavailable",3
202410,"unavailable","SCL","AKL","P","A","BR","unavailable","unavailable","12 - 18 years","M","","N","unavailable","unavailable",3
202410,"unavailable","SYD","AKL","P","A","FR","unavailable","unavailable","19 - 24 years","M","","N","unavailable","unavailable",3
202410,"unavailable","SYD","AKL","P","A","US","unavailable","unavailable","25 - 34 years","M","","N","unavailable","unavailable",3
202410,"unavailable","MEL","AKL","P","A","US","unavailable","unavailable","35 - 44 years","F","","N","unavailable","unavailable",3
202410,"unavailable","NAN","AKL","P","A","XX","unavailable","unavailable","01 - 11 years","M","","N","unavailable","unavailable",3
202410,"unavailable","SYD","CHC","P","A","TH","unavailable","unavailable","45 - 54 years","M","","N","unavailable","unavailable",3
202410,"unavailable","SCL","AKL","P","A","MX","unavailable","unavailable","12 - 18 years","F","","N","unavailable","unavailable",3
202410,"unavailable","YVR","AKL","P","A","CA","unavailable","unavailable","55 - 64 years","F","","N","unavailable","unavailable",3
202410,"unavailable","SHA","AKL","P","A","OM","unavailable","unavailable","35 - 44 years","M","","N","unavailable","unavailable",3
202410,"unavailable","SIN","AKL","P","A","GB","unavailable","unavailable","55 - 64 years","M","","N","unavailable","unavailable",3
202410,"unavailable","IAH","AKL","P","A","XX","unavailable","unavailable","19 - 24 years","F","","N","unavailable","unavailable",3
202410,"unavailable","MEL","AKL","P","A","LK","unavailable","unavailable","25 - 34 years","M","","N","unavailable","unavailable",3
202410,"unavailable","CAN","AKL","P","A","XX","unavailable","unavailable","01 - 11 years","F","","N","unavailable","unavailable",3
202410,"unavailable","MEL","AKL","P","A","XX","unavailable","unavailable","19 - 24 years","F","","N","unavailable","unavailable",3
202410,"unavailable","SYD","WLG","P","A","ID","unavailable","unavailable","45 - 54 years","M","","N","unavailable","unavailable",3
202410,"unavailable","BNE","AKL","P","A","BE","unavailable","unavailable","25 - 34 years","F","","N","unavailable","unavailable",3
202410,"unavailable","SHA","AKL","P","A","VN","unavailable","unavailable","25 - 34 years","F","","N","unavailable","unavailable",3
202410,"unavailable","LAX","AKL","P","A","US","unavailable","unavailable","12 - 18 years","F","","N","unavailable","unavailable",3
202410,"unavailable","PEK","AKL","P","A","AR","unavailable","unavailable","35 - 44 years","M","","N","unavailable","unavailable",3
202410,"unavailable","SCL","AKL","P","A","AR","unavailable","unavailable","45 - 54 years","F","","N","unavailable","unavailable",3
202410,"unavailable","DOH","AKL","P","A","IE","unavailable","unavailable","19 - 24 years","F","","N","unavailable","unavailable",3
202410,"unavailable","APW","AKL","P","A","WS","unavailable","unavailable","45 - 54 years","M","","N","unavailable","unavailable",3
202410,"unavailable","NAN","WLG","P","A","IE","unavailable","unavailable","01 - 11 years","F","","N","unavailable","unavailable",3
202410,"unavailable","DXB","AKL","P","A","ZW","unavailable","unavailable","35 - 44 years","F","","N","unavailable","unavailable",3
202410,"unavailable","SYD","AKL","P","A","SE","unavailable","unavailable","19 - 24 years","F","","N","unavailable","unavailable",3
202410,"unavailable","CAN","AKL","P","A","KH","unavailable","unavailable","25 - 34 years","F","","N","unavailable","unavailable",3
202410,"unavailable","MEL","ZQN","P","A","SE","unavailable","unavailable","55 - 64 years","F","","N","unavailable","unavailable",3
202410,"unavailable","BNE","ZQN","P","A","XX","unavailable","unavailable","25 - 34 years","F","","N","unavailable","unavailable",3
202410,"unavailable","DXB","AKL","P","A","IE","unavailable","unavailable","45 - 54 years","F","","N","unavailable","unavailable",3
202410,"unavailable","SIN","AKL","P","A","NL","unavailable","unavailable","45 - 54 years","F","","N","unavailable","unavailable",3
202410,"unavailable","SIN","AKL","P","A","DE","unavailable","unavailable","19 - 24 years","M","","N","unavailable","unavailable",3
202410,"unavailable","SCL","AKL","P","A","DE","unavailable","unavailable","25 - 34 years","F","","N","unavailable","unavailable",3
202410,"unavailable","SCL","AKL","P","A","IE","unavailable","unavailable","35 - 44 years","F","","N","unavailable","unavailable",3
202410,"unavailable","SYD","CHC","P","A","LK","unavailable","unavailable","25 - 34 years","M","","N","unavailable","unavailable",3
202410,"unavailable","NAN","CHC","P","A","CA","unavailable","unavailable","19 - 24 years","F","","N","unavailable","unavailable",3
202410,"unavailable","SIN","AKL","P","A","MV","unavailable","unavailable","25 - 34 years","F","","N","unavailable","unavailable",3
202410,"unavailable","DXB","AKL","P","A","AF","unavailable","unavailable","01 - 11 years","M","","N","unavailable","unavailable",3
202410,"unavailable","SFO","AKL","P","A","GB","unavailable","unavailable","45 - 54 years","M","","N","unavailable","unavailable",3
202410,"unavailable","MEL","AKL","P","A","LK","unavailable","unavailable","01 - 11 years","F","","N","unavailable","unavailable",3
202410,"unavailable","HKG","AKL","P","A","VN","unavailable","unavailable","12 - 18 years","M","","N","unavailable","unavailable",3
202410,"unavailable","SYD","AKL","P","A","XX","unavailable","unavailable","45 - 54 years","F","","N","unavailable","unavailable",3
202410,"unavailable","HKG","AKL","P","A","MY","unavailable","unavailable","35 - 44 years","M","","N","unavailable","unavailable",3
202410,"unavailable","OOL","CHC","P","A","AU","unavailable","unavailable","01 - 11 years","M","","N","unavailable","unavailable",3
202410,"unavailable","BNE","CHC","P","A","AU","unavailable","unavailable","55 - 64 years","M","","N","unavailable","unavailable",3
202410,"unavailable","MEL","ZQN","P","A","ID","unavailable","unavailable","25 - 34 years","M","","N","unavailable","unavailable",3
202410,"unavailable","MEL","ZQN","P","A","DK","unavailable","unavailable","19 - 24 years","F","","N","unavailable","unavailable",3
202410,"unavailable","BNE","AKL","P","A","DE","unavailable","unavailable","25 - 34 years","F","","N","unavailable","unavailable",3
202410,"unavailable","SYD","AKL","P","A","GB","unavailable","unavailable","01 - 11 years","M","","N","unavailable","unavailable",3
202410,"unavailable","DXB","AKL","P","A","BE","unavailable","unavailable","75+","M","","N","unavailable","unavailable",3
202410,"unavailable","SEL","AKL","P","A","KR","unavailable","unavailable","12 - 18 years","M","","N","unavailable","unavailable",3
202410,"unavailable","MEL","WLG","P","A","AU","unavailable","unavailable","25 - 34 years","M","","N","unavailable","unavailable",3
202410,"unavailable","SYD","AKL","P","A","SA","unavailable","unavailable","35 - 44 years","M","","N","unavailable","unavailable",3
202410,"unavailable","LAX","AKL","P","A","FR","unavailable","unavailable","25 - 34 years","M","","N","unavailable","unavailable",3
202410,"unavailable","CAN","AKL","P","A","XX","unavailable","unavailable","12 - 18 years","M","","N","unavailable","unavailable",3
202410,"unavailable","SIN","AKL","P","A","BD","unavailable","unavailable","25 - 34 years","M","","N","unavailable","unavailable",3
202410,"unavailable","DXB","AKL","P","A","IE","unavailable","unavailable","35 - 44 years","F","","N","unavailable","unavailable",3
202410,"unavailable","YVR","AKL","P","A","CA","unavailable","unavailable","01 - 11 years","M","","N","unavailable","unavailable",3
202410,"unavailable","SYD","CHC","P","A","ZA","unavailable","unavailable","45 - 54 years","F","","N","unavailable","unavailable",3
202410,"unavailable","NAN","WLG","P","A","CA","unavailable","unavailable","45 - 54 years","F","","N","unavailable","unavailable",3
202410,"unavailable","NAN","WLG","P","A","FJ","unavailable","unavailable","35 - 44 years","M","","N","unavailable","unavailable",3
202410,"unavailable","HKG","AKL","P","A","NL","unavailable","unavailable","19 - 24 years","F","","N","unavailable","unavailable",3
202410,"unavailable","KUL","AKL","P","A","IN","unavailable","unavailable","65 - 74 years","M","","N","unavailable","unavailable",3
202410,"unavailable","SIN","AKL","P","A","XX","unavailable","unavailable","12 - 18 years","M","","N","unavailable","unavailable",3
202410,"unavailable","DXB","AKL","P","A","IL","unavailable","unavailable","12 - 18 years","F","","N","unavailable","unavailable",3
202410,"unavailable","NAN","AKL","P","A","TO","unavailable","unavailable","55 - 64 years","M","","N","unavailable","unavailable",3
202410,"unavailable","HKG","AKL","P","A","CN","unavailable","unavailable","35 - 44 years","M","","N","unavailable","unavailable",3
202410,"unavailable","NOU","AKL","P","A","NC","unavailable","unavailable","12 - 18 years","M","","N","unavailable","unavailable",3
202410,"unavailable","PPT","AKL","P","A","XX","unavailable","unavailable","25 - 34 years","F","","N","unavailable","unavailable",3
202410,"unavailable","DOH","AKL","P","A","XX","unavailable","unavailable","35 - 44 years","F","","N","unavailable","unavailable",3
202410,"unavailable","HKG","AKL","P","A","SA","unavailable","unavailable","12 - 18 years","F","","N","unavailable","unavailable",3
202410,"unavailable","SYD","ZQN","P","A","ID","unavailable","unavailable","45 - 54 years","M","","N","unavailable","unavailable",3
202410,"unavailable","PEK","AKL","P","A","CA","unavailable","unavailable","65 - 74 years","M","","N","unavailable","unavailable",3
202410,"unavailable","DXB","AKL","P","A","EC","unavailable","unavailable","25 - 34 years","F","","N","unavailable","unavailable",3
202410,"unavailable","SHA","AKL","P","A","XX","unavailable","unavailable","35 - 44 years","M","","N","unavailable","unavailable",3
202410,"unavailable","DOH","AKL","P","A","CN","unavailable","unavailable","19 - 24 years","F","","N","unavailable","unavailable",3
202410,"unavailable","SYD","AKL","P","A","DE","unavailable","unavailable","19 - 24 years","F","","N","unavailable","unavailable",3
202410,"unavailable","CAN","CHC","P","A","PH","unavailable","unavailable","25 - 34 years","M","","N","unavailable","unavailable",3
202410,"unavailable","SIN","CHC","P","A","AU","unavailable","unavailable","25 - 34 years","M","","N","unavailable","unavailable",3
202410,"unavailable","TPE","AKL","P","A","TW","unavailable","unavailable","12 - 18 years","F","","N","unavailable","unavailable",3
202410,"unavailable","SFO","AKL","P","A","CA","unavailable","unavailable","35 - 44 years","F","","N","unavailable","unavailable",3
202410,"unavailable","SIN","AKL","P","A","PL","unavailable","unavailable","35 - 44 years","M","","N","unavailable","unavailable",3
202410,"unavailable","ZZS","AKL","P","A","US","unavailable","unavailable","65 - 74 years","F","","N","unavailable","unavailable",3
202410,"unavailable","DOH","AKL","P","A","AE","unavailable","unavailable","01 - 11 years","M","","N","unavailable","unavailable",3
202410,"unavailable","HKG","AKL","P","A","XX","unavailable","unavailable","65 - 74 years","F","","N","unavailable","unavailable",3
202410,"unavailable","SYD","CHC","P","A","CN","unavailable","unavailable","12 - 18 years","M","","N","unavailable","unavailable",3
202410,"unavailable","DXB","AKL","P","A","UA","unavailable","unavailable","45 - 54 years","M","","N","unavailable","unavailable",3
202410,"unavailable","KUL","AKL","P","A","NL","unavailable","unavailable","55 - 64 years","M","","N","unavailable","unavailable",3
202410,"unavailable","HKG","AKL","P","A","IE","unavailable","unavailable","19 - 24 years","M","","N","unavailable","unavailable",3
202410,"unavailable","SYD","CHC","P","A","DE","unavailable","unavailable","65 - 74 years","F","","N","unavailable","unavailable",3
202410,"unavailable","HKG","AKL","P","A","VN","unavailable","unavailable","19 - 24 years","M","","N","unavailable","unavailable",3
202410,"unavailable","KUL","AKL","P","A","UZ","unavailable","unavailable","25 - 34 years","F","","N","unavailable","unavailable",3
202410,"unavailable","DOH","AKL","P","A","ES","unavailable","unavailable","25 - 34 years","F","","N","unavailable","unavailable",3
202410,"unavailable","SYD","AKL","P","A","AE","unavailable","unavailable","55 - 64 years","F","","N","unavailable","unavailable",3
202410,"unavailable","CAN","AKL","P","A","VN","unavailable","unavailable","25 - 34 years","M","","N","unavailable","unavailable",3
202410,"unavailable","SIN","AKL","P","A","MM","unavailable","unavailable","25 - 34 years","F","","N","unavailable","unavailable",3
202410,"unavailable","MEL","AKL","P","A","IN","unavailable","unavailable","25 - 34 years","M","","N","unavailable","unavailable",3
202410,"unavailable","HKG","AKL","P","A","HK","unavailable","unavailable","19 - 24 years","F","","N","unavailable","unavailable",3
202410,"unavailable","BNE","AKL","P","A","XX","unavailable","unavailable","12 - 18 years","M","","N","unavailable","unavailable",3
202410,"unavailable","DXB","AKL","P","A","KW","unavailable","unavailable","25 - 34 years","F","","N","unavailable","unavailable",3
202410,"unavailable","SYD","AKL","P","A","ZA","unavailable","unavailable","75+","M","","N","unavailable","unavailable",3
202410,"unavailable","BNE","WLG","P","A","ZA","unavailable","unavailable","35 - 44 years","M","","N","unavailable","unavailable",3
202410,"unavailable","KUL","AKL","P","A","DE","unavailable","unavailable","12 - 18 years","F","","N","unavailable","unavailable",3
202410,"unavailable","BNE","CHC","P","A","AU","unavailable","unavailable","19 - 24 years","F","","N","unavailable","unavailable",3
202410,"unavailable","CAN","AKL","P","A","PH","unavailable","unavailable","35 - 44 years","M","","N","unavailable","unavailable",3
202410,"unavailable","MEL","AKL","P","A","AU","unavailable","unavailable","12 - 18 years","F","","N","unavailable","unavailable",3
202410,"unavailable","SIN","AKL","P","A","XX","unavailable","unavailable","01 - 11 years","M","","N","unavailable","unavailable",3
202410,"unavailable","HKG","AKL","P","A","AU","unavailable","unavailable","25 - 34 years","M","","N","unavailable","unavailable",3
202410,"unavailable","SYD","AKL","P","A","GB","unavailable","unavailable","55 - 64 years","M","","N","unavailable","unavailable",3
202410,"unavailable","SCL","AKL","P","A","BR","unavailable","unavailable","19 - 24 years","F","","N","unavailable","unavailable",3
202410,"unavailable","SIN","CHC","P","A","CN","unavailable","unavailable","55 - 64 years","F","","N","unavailable","unavailable",3
202410,"unavailable","CAN","AKL","P","A","VN","unavailable","unavailable","Less than 1 year","M","","N","unavailable","unavailable",3
202410,"unavailable","SIN","CHC","P","A","SG","unavailable","unavailable","55 - 64 years","M","","N","unavailable","unavailable",3
202410,"unavailable","XXA","AKL","P","A","NP","unavailable","unavailable","12 - 18 years","M","","N","unavailable","unavailable",3
202410,"unavailable","HKG","AKL","P","A","CN","unavailable","unavailable","55 - 64 years","F","","N","unavailable","unavailable",3
202410,"unavailable","BNE","ZQN","P","A","DE","unavailable","unavailable","25 - 34 years","F","","N","unavailable","unavailable",3
202410,"unavailable","LAX","AKL","P","A","BB","unavailable","unavailable","45 - 54 years","M","","N","unavailable","unavailable",3
202410,"unavailable","DPS","AKL","P","A","IN","unavailable","unavailable","35 - 44 years","M","","N","unavailable","unavailable",3
202410,"unavailable","SYD","AKL","P","A","LK","unavailable","unavailable","75+","F","","N","unavailable","unavailable",3
202410,"unavailable","SHA","AKL","P","A","GB","unavailable","unavailable","45 - 54 years","M","","N","unavailable","unavailable",3
202410,"unavailable","SYD","WLG","P","A","AU","unavailable","unavailable","35 - 44 years","M","","N","unavailable","unavailable",3
202410,"unavailable","MEL","CHC","P","A","GB","unavailable","unavailable","19 - 24 years","M","","N","unavailable","unavailable",3
202410,"unavailable","CNS","AKL","P","A","AU","unavailable","unavailable","65 - 74 years","F","","N","unavailable","unavailable",3
202410,"unavailable","DXB","AKL","P","A","CH","unavailable","unavailable","35 - 44 years","F","","N","unavailable","unavailable",3
202410,"unavailable","MEL","WLG","P","A","GB","unavailable","unavailable","25 - 34 years","M","","N","unavailable","unavailable",3
202410,"unavailable","HKG","AKL","P","A","DE","unavailable","unavailable","25 - 34 years","M","","N","unavailable","unavailable",3
202410,"unavailable","SIN","AKL","P","A","IN","unavailable","unavailable","75+","M","","N","unavailable","unavailable",3
202410,"unavailable","SYD","CHC","P","A","US","unavailable","unavailable","45 - 54 years","F","","N","unavailable","unavailable",3
202410,"unavailable","OOL","WLG","P","A","AU","unavailable","unavailable","55 - 64 years","M","","N","unavailable","unavailable",3
202410,"unavailable","MEL","AKL","P","A","IN","unavailable","unavailable","01 - 11 years","F","","N","unavailable","unavailable",3
202410,"unavailable","JFK","AKL","P","A","CZ","unavailable","unavailable","25 - 34 years","M","","N","unavailable","unavailable",3
202410,"unavailable","CAN","AKL","P","A","KR","unavailable","unavailable","25 - 34 years","M","","N","unavailable","unavailable",3
202410,"unavailable","DXB","AKL","P","A","BW","unavailable","unavailable","45 - 54 years","M","","N","unavailable","unavailable",3
202410,"unavailable","SYD","AKL","P","A","BH","unavailable","unavailable","01 - 11 years","M","","N","unavailable","unavailable",3
202410,"unavailable","SIN","AKL","P","A","VN","unavailable","unavailable","45 - 54 years","F","","N","unavailable","unavailable",3
202410,"unavailable","SFO","AKL","P","A","US","unavailable","unavailable","45 - 54 years","F","","N","unavailable","unavailable",3
202410,"unavailable","CAN","AKL","P","A","BD","unavailable","unavailable","25 - 34 years","F","","N","unavailable","unavailable",3
202410,"unavailable","PEK","AKL","P","A","GB","unavailable","unavailable","19 - 24 years","F","","N","unavailable","unavailable",3
202410,"unavailable","APW","AKL","P","A","CN","unavailable","unavailable","01 - 11 years","F","","N","unavailable","unavailable",3
202410,"unavailable","SYD","WLG","P","A","PH","unavailable","unavailable","45 - 54 years","F","","N","unavailable","unavailable",3
202410,"unavailable","KUL","AKL","P","A","LK","unavailable","unavailable","12 - 18 years","F","","N","unavailable","unavailable",3
202410,"unavailable","SYD","WLG","P","A","AU","unavailable","unavailable","45 - 54 years","F","","N","unavailable","unavailable",3
202410,"unavailable","SYD","AKL","P","A","IT","unavailable","unavailable","55 - 64 years","M","","N","unavailable","unavailable",3
202410,"unavailable","SYD","AKL","P","A","TH","unavailable","unavailable","19 - 24 years","M","","N","unavailable","unavailable",3
202410,"unavailable","KUL","AKL","P","A","BD","unavailable","unavailable","25 - 34 years","F","","N","unavailable","unavailable",3
202410,"unavailable","HKG","AKL","P","A","BE","unavailable","unavailable","25 - 34 years","M","","N","unavailable","unavailable",3
202410,"unavailable","NAN","CHC","P","A","WS","unavailable","unavailable","45 - 54 years","M","","N","unavailable","unavailable",3
202410,"unavailable","NOU","AKL","P","A","NC","unavailable","unavailable","19 - 24 years","F","","N","unavailable","unavailable",3
202410,"unavailable","DOH","AKL","P","A","PK","unavailable","unavailable","35 - 44 years","M","","N","unavailable","unavailable",3
202410,"unavailable","SYD","WLG","P","A","GB","unavailable","unavailable","19 - 24 years","F","","N","unavailable","unavailable",3
202410,"unavailable","NAN","CHC","P","A","FJ","unavailable","unavailable","45 - 54 years","M","","N","unavailable","unavailable",3
202410,"unavailable","DXB","AKL","P","A","XX","unavailable","unavailable","35 - 44 years","M","","N","unavailable","unavailable",3
202410,"unavailable","SYD","AKL","P","A","US","unavailable","unavailable","19 - 24 years","M","","N","unavailable","unavailable",3
202410,"unavailable","SYD","WLG","P","A","ID","unavailable","unavailable","25 - 34 years","M","","N","unavailable","unavailable",3
202410,"unavailable","PEK","AKL","P","A","CA","unavailable","unavailable","65 - 74 years","F","","N","unavailable","unavailable",3
202410,"unavailable","SIN","AKL","P","A","MT","unavailable","unavailable","35 - 44 years","M","","N","unavailable","unavailable",3
202410,"unavailable","MEL","AKL","P","A","LK","unavailable","unavailable","45 - 54 years","M","","N","unavailable","unavailable",3
202410,"unavailable","SYD","CHC","P","A","AU","unavailable","unavailable","55 - 64 years","F","","N","unavailable","unavailable",3
202410,"unavailable","SIN","AKL","P","A","SE","unavailable","unavailable","19 - 24 years","M","","N","unavailable","unavailable",3
202410,"unavailable","PER","AKL","P","A","AU","unavailable","unavailable","01 - 11 years","F","","N","unavailable","unavailable",3
202410,"unavailable","SYD","CHC","P","A","KR","unavailable","unavailable","25 - 34 years","F","","N","unavailable","unavailable",3
202410,"unavailable","SHA","AKL","P","A","KR","unavailable","unavailable","19 - 24 years","F","","N","unavailable","unavailable",3
202410,"unavailable","LAX","AKL","P","A","DE","unavailable","unavailable","25 - 34 years","M","","N","unavailable","unavailable",3
202410,"unavailable","DOH","AKL","P","A","CL","unavailable","unavailable","25 - 34 years","F","","N","unavailable","unavailable",3
202410,"unavailable","MEL","AKL","P","A","AU","unavailable","unavailable","55 - 64 years","M","","N","unavailable","unavailable",3
202410,"unavailable","DXB","AKL","P","A","ZA","unavailable","unavailable","45 - 54 years","M","","N","unavailable","unavailable",3
202410,"unavailable","BNE","WLG","P","A","XX","unavailable","unavailable","45 - 54 years","M","","N","unavailable","unavailable",3
202410,"unavailable","DOH","AKL","P","A","CA","unavailable","unavailable","25 - 34 years","M","","N","unavailable","unavailable",3
202410,"unavailable","SYD","WLG","P","A","GB","unavailable","unavailable","19 - 24 years","M","","N","unavailable","unavailable",3
202410,"unavailable","KUL","AKL","P","A","BD","unavailable","unavailable","35 - 44 years","F","","N","unavailable","unavailable",3
202410,"unavailable","SHA","AKL","P","A","SA","unavailable","unavailable","25 - 34 years","F","","N","unavailable","unavailable",3
202410,"unavailable","SEL","AKL","P","A","KR","unavailable","unavailable","19 - 24 years","M","","N","unavailable","unavailable",3
202410,"unavailable","APW","AKL","P","A","FJ","unavailable","unavailable","19 - 24 years","M","","N","unavailable","unavailable",3
202410,"unavailable","SIN","CHC","P","A","DE","unavailable","unavailable","01 - 11 years","M","","N","unavailable","unavailable",3
202410,"unavailable","SYD","AKL","P","A","FJ","unavailable","unavailable","19 - 24 years","F","","N","unavailable","unavailable",3
202410,"unavailable","BNE","WLG","P","A","ZA","unavailable","unavailable","45 - 54 years","M","","N","unavailable","unavailable",3
202410,"unavailable","SYD","CHC","P","A","IT","unavailable","unavailable","25 - 34 years","M","","N","unavailable","unavailable",3
202410,"unavailable","LAX","AKL","P","A","XX","unavailable","unavailable","01 - 11 years","F","","N","unavailable","unavailable",3
202410,"unavailable","SCL","AKL","P","A","AU","unavailable","unavailable","25 - 34 years","M","","N","unavailable","unavailable",3
202410,"unavailable","SYD","AKL","P","A","XX","unavailable","unavailable","65 - 74 years","M","","N","unavailable","unavailable",3
202410,"unavailable","MEL","AKL","P","A","LK","unavailable","unavailable","35 - 44 years","M","","N","unavailable","unavailable",3
202410,"unavailable","SYD","CHC","P","A","KR","unavailable","unavailable","65 - 74 years","M","","N","unavailable","unavailable",3
202410,"unavailable","SIN","AKL","P","A","SG","unavailable","unavailable","12 - 18 years","F","","N","unavailable","unavailable",3
202410,"unavailable","SYD","WLG","P","A","SG","unavailable","unavailable","35 - 44 years","F","","N","unavailable","unavailable",3
202410,"unavailable","DXB","AKL","P","A","LY","unavailable","unavailable","01 - 11 years","F","","N","unavailable","unavailable",3
202410,"unavailable","XXA","AKL","P","A","CN","unavailable","unavailable","75+","M","","N","unavailable","unavailable",3
202410,"unavailable","BNE","AKL","P","A","AE","unavailable","unavailable","65 - 74 years","M","","N","unavailable","unavailable",3
202410,"unavailable","PER","AKL","P","A","AU","unavailable","unavailable","12 - 18 years","M","","N","unavailable","unavailable",3
202410,"unavailable","MEL","CHC","P","A","AU","unavailable","unavailable","65 - 74 years","M","","N","unavailable","unavailable",3
202410,"unavailable","SIN","AKL","P","A","CH","unavailable","unavailable","25 - 34 years","F","","N","unavailable","unavailable",3
202410,"unavailable","DXB","AKL","P","A","AU","unavailable","unavailable","01 - 11 years","M","","N","unavailable","unavailable",3
202410,"unavailable","MEL","AKL","P","A","AU","unavailable","unavailable","75+","M","","N","unavailable","unavailable",3
202410,"unavailable","MEL","AKL","P","A","LK","unavailable","unavailable","01 - 11 years","M","","N","unavailable","unavailable",3
202410,"unavailable","MEL","AKL","P","A","XX","unavailable","unavailable","01 - 11 years","F","","N","unavailable","unavailable",3
202410,"unavailable","SCL","AKL","P","A","AU","unavailable","unavailable","25 - 34 years","F","","N","unavailable","unavailable",3
202410,"unavailable","DFW","AKL","P","A","FR","unavailable","unavailable","19 - 24 years","F","","N","unavailable","unavailable",3
202410,"unavailable","SYD","AKL","P","A","AE","unavailable","unavailable","45 - 54 years","M","","N","unavailable","unavailable",3
202410,"unavailable","SIN","CHC","P","A","IN","unavailable","unavailable","45 - 54 years","F","","N","unavailable","unavailable",3
202410,"unavailable","TBU","AKL","P","A","TO","unavailable","unavailable","55 - 64 years","M","","N","unavailable","unavailable",3
202410,"unavailable","BNE","AKL","P","A","XX","unavailable","unavailable","55 - 64 years","F","","N","unavailable","unavailable",3
202410,"unavailable","NAN","WLG","P","A","CA","unavailable","unavailable","19 - 24 years","M","","N","unavailable","unavailable",3
202410,"unavailable","IAH","AKL","P","A","CA","unavailable","unavailable","19 - 24 years","F","","N","unavailable","unavailable",3
202410,"unavailable","HKG","AKL","P","A","DE","unavailable","unavailable","19 - 24 years","F","","N","unavailable","unavailable",3
202410,"unavailable","SHA","AKL","P","A","GB","unavailable","unavailable","35 - 44 years","M","","N","unavailable","unavailable",3
202410,"unavailable","SEL","AKL","P","A","GB","unavailable","unavailable","19 - 24 years","F","","N","unavailable","unavailable",3
202410,"unavailable","OOL","AKL","P","A","AU","unavailable","unavailable","01 - 11 years","M","","N","unavailable","unavailable",3
202410,"unavailable","DXB","AKL","P","A","BH","unavailable","unavailable","35 - 44 years","M","","N","unavailable","unavailable",3
202410,"unavailable","PEK","AKL","P","A","IT","unavailable","unavailable","25 - 34 years","F","","N","unavailable","unavailable",3
202410,"unavailable","MEL","WLG","P","A","XX","unavailable","unavailable","75+","F","","N","unavailable","unavailable",3
202410,"unavailable","SCL","AKL","P","A","CR","unavailable","unavailable","25 - 34 years","M","","N","unavailable","unavailable",3
202410,"unavailable","BNE","AKL","P","A","TW","unavailable","unavailable","25 - 34 years","M","","N","unavailable","unavailable",3
202410,"unavailable","MEL","AKL","P","A","IN","unavailable","unavailable","25 - 34 years","F","","N","unavailable","unavailable",3
202410,"unavailable","DXB","AKL","P","A","TR","unavailable","unavailable","35 - 44 years","F","","N","unavailable","unavailable",3
202410,"unavailable","SIN","AKL","P","A","ZA","unavailable","unavailable","65 - 74 years","F","","N","unavailable","unavailable",3
202410,"unavailable","OOL","AKL","P","A","AU","unavailable","unavailable","12 - 18 years","F","","N","unavailable","unavailable",3
202410,"unavailable","MEL","WLG","P","A","FR","unavailable","unavailable","25 - 34 years","F","","N","unavailable","unavailable",3
202410,"unavailable","HKG","AKL","P","A","GB","unavailable","unavailable","45 - 54 years","M","","N","unavailable","unavailable",3
202410,"unavailable","DOH","AKL","P","A","IR","unavailable","unavailable","Less than 1 year","F","","N","unavailable","unavailable",3
202410,"unavailable","MEL","ZQN","P","A","XX","unavailable","unavailable","45 - 54 years","F","","N","unavailable","unavailable",3
202410,"unavailable","SYD","CHC","P","A","FR","unavailable","unavailable","25 - 34 years","M","","N","unavailable","unavailable",3
202410,"unavailable","SCL","AKL","P","A","GB","unavailable","unavailable","25 - 34 years","F","","N","unavailable","unavailable",3
202410,"unavailable","DXB","AKL","P","A","PK","unavailable","unavailable","25 - 34 years","M","","N","unavailable","unavailable",3
202410,"unavailable","SHA","AKL","P","A","DE","unavailable","unavailable","25 - 34 years","M","","N","unavailable","unavailable",3
202410,"unavailable","NAN","AKL","P","A","JP","unavailable","unavailable","65 - 74 years","F","","N","unavailable","unavailable",3
202410,"unavailable","KUL","AKL","P","A","MY","unavailable","unavailable","55 - 64 years","F","","N","unavailable","unavailable",3
202410,"unavailable","DXB","AKL","P","A","AF","unavailable","unavailable","19 - 24 years","M","","N","unavailable","unavailable",3
202410,"unavailable","SYD","WLG","P","A","ZA","unavailable","unavailable","25 - 34 years","M","","N","unavailable","unavailable",3
202410,"unavailable","BNE","AKL","P","A","TW","unavailable","unavailable","19 - 24 years","F","","N","unavailable","unavailable",3
202410,"unavailable","SYD","CHC","P","A","LK","unavailable","unavailable","25 - 34 years","F","","N","unavailable","unavailable",3
202410,"unavailable","DXB","AKL","P","A","LY","unavailable","unavailable","35 - 44 years","F","","N","unavailable","unavailable",3
202410,"unavailable","SIN","CHC","P","A","DE","unavailable","unavailable","25 - 34 years","F","","N","unavailable","unavailable",3
202410,"unavailable","MEL","WLG","P","A","JP","unavailable","unavailable","25 - 34 years","F","","N","unavailable","unavailable",3
202410,"unavailable","DOH","AKL","P","A","IT","unavailable","unavailable","25 - 34 years","M","","N","unavailable","unavailable",3
202410,"unavailable","SHA","AKL","P","A","VN","unavailable","unavailable","12 - 18 years","F","","N","unavailable","unavailable",3
202410,"unavailable","NAN","AKL","P","A","FJ","unavailable","unavailable","19 - 24 years","F","","N","unavailable","unavailable",3
202410,"unavailable","YVR","AKL","P","A","CA","unavailable","unavailable","45 - 54 years","M","","N","unavailable","unavailable",3
202410,"unavailable","PEK","AKL","P","A","MO","unavailable","unavailable","19 - 24 years","M","","N","unavailable","unavailable",3
202410,"unavailable","MEL","AKL","P","A","AU","unavailable","unavailable","45 - 54 years","M","","N","unavailable","unavailable",3
202410,"unavailable","SYD","CHC","P","A","DE","unavailable","unavailable","19 - 24 years","F","","N","unavailable","unavailable",3
202410,"unavailable","YVR","AKL","P","A","XX","unavailable","unavailable","55 - 64 years","F","","N","unavailable","unavailable",3
202410,"unavailable","SIN","AKL","P","A","PL","unavailable","unavailable","25 - 34 years","F","","N","unavailable","unavailable",3
202410,"unavailable","DXB","AKL","P","A","LK","unavailable","unavailable","45 - 54 years","F","","N","unavailable","unavailable",3
202410,"unavailable","SFO","AKL","P","A","US","unavailable","unavailable","19 - 24 years","M","","N","unavailable","unavailable",3
202410,"unavailable","TPE","AKL","P","A","TW","unavailable","unavailable","75+","M","","N","unavailable","unavailable",3
202410,"unavailable","LAX","AKL","P","A","GB","unavailable","unavailable","12 - 18 years","F","","N","unavailable","unavailable",3
202410,"unavailable","DXB","AKL","P","A","XX","unavailable","unavailable","45 - 54 years","M","","N","unavailable","unavailable",3
202410,"unavailable","SYD","WLG","P","A","XX","unavailable","unavailable","45 - 54 years","M","","N","unavailable","unavailable",3
202410,"unavailable","HKG","AKL","P","A","CN","unavailable","unavailable","19 - 24 years","F","","N","unavailable","unavailable",3
202410,"unavailable","NAN","WLG","P","A","XX","unavailable","unavailable","12 - 18 years","M","","N","unavailable","unavailable",3
202410,"unavailable","SHA","AKL","P","A","AE","unavailable","unavailable","25 - 34 years","F","","N","unavailable","unavailable",3
202410,"unavailable","XXA","AKL","P","A","KH","unavailable","unavailable","65 - 74 years","F","","N","unavailable","unavailable",3
202410,"unavailable","MEL","AKL","P","A","LK","unavailable","unavailable","12 - 18 years","M","","N","unavailable","unavailable",3
202410,"unavailable","CAN","CHC","P","A","BD","unavailable","unavailable","25 - 34 years","F","","N","unavailable","unavailable",3
202410,"unavailable","PER","AKL","P","A","XX","unavailable","unavailable","19 - 24 years","M","","N","unavailable","unavailable",3
202410,"unavailable","KUL","AKL","P","A","XX","unavailable","unavailable","55 - 64 years","M","","N","unavailable","unavailable",3
202410,"unavailable","SYD","ZQN","P","A","CA","unavailable","unavailable","19 - 24 years","F","","N","unavailable","unavailable",3
202410,"unavailable","SYD","WLG","P","A","LK","unavailable","unavailable","19 - 24 years","F","","N","unavailable","unavailable",3
202410,"unavailable","CAN","AKL","P","A","PH","unavailable","unavailable","25 - 34 years","M","","N","unavailable","unavailable",3
202410,"unavailable","HKG","AKL","P","A","NP","unavailable","unavailable","25 - 34 years","F","","N","unavailable","unavailable",3
202410,"unavailable","LAX","AKL","P","A","XX","unavailable","unavailable","19 - 24 years","F","","N","unavailable","unavailable",3
202410,"unavailable","LAX","AKL","P","A","AT","unavailable","unavailable","55 - 64 years","M","","N","unavailable","unavailable",3
202410,"unavailable","HKG","AKL","P","A","IN","unavailable","unavailable","45 - 54 years","F","","N","unavailable","unavailable",3
202410,"unavailable","SYD","ZQN","P","A","GB","unavailable","unavailable","19 - 24 years","F","","N","unavailable","unavailable",3
202410,"unavailable","LAX","AKL","P","A","IE","unavailable","unavailable","25 - 34 years","F","","N","unavailable","unavailable",3
202410,"unavailable","SYD","ZQN","P","A","CZ","unavailable","unavailable","19 - 24 years","F","","N","unavailable","unavailable",3
202410,"unavailable","CAN","AKL","P","A","GB","unavailable","unavailable","01 - 11 years","F","","N","unavailable","unavailable",3
202410,"unavailable","SYD","ZQN","P","A","IN","unavailable","unavailable","25 - 34 years","F","","N","unavailable","unavailable",3
202410,"unavailable","SYD","CHC","P","A","PH","unavailable","unavailable","45 - 54 years","M","","N","unavailable","unavailable",3
202410,"unavailable","SIN","AKL","P","A","PH","unavailable","unavailable","35 - 44 years","M","","N","unavailable","unavailable",3
202410,"unavailable","MEL","CHC","P","A","DE","unavailable","unavailable","25 - 34 years","F","","N","unavailable","unavailable",3
202410,"unavailable","CAN","AKL","P","A","AE","unavailable","unavailable","35 - 44 years","F","","N","unavailable","unavailable",3
202410,"unavailable","DXB","AKL","P","A","GB","unavailable","unavailable","35 - 44 years","F","","N","unavailable","unavailable",3
202410,"unavailable","JFK","AKL","P","A","CA","unavailable","unavailable","25 - 34 years","F","","N","unavailable","unavailable",3
202410,"unavailable","HKG","AKL","P","A","MY","unavailable","unavailable","19 - 24 years","F","","N","unavailable","unavailable",3
202410,"unavailable","SIN","AKL","P","A","OM","unavailable","unavailable","25 - 34 years","M","","N","unavailable","unavailable",3
202410,"unavailable","SHA","AKL","P","A","AE","unavailable","unavailable","12 - 18 years","F","","N","unavailable","unavailable",3
202410,"unavailable","KUL","AKL","P","A","GB","unavailable","unavailable","35 - 44 years","F","","N","unavailable","unavailable",3
202410,"unavailable","DXB","AKL","P","A","DE","unavailable","unavailable","01 - 11 years","F","","N","unavailable","unavailable",3
202410,"unavailable","SIN","CHC","P","A","GB","unavailable","unavailable","75+","F","","N","unavailable","unavailable",3
202410,"unavailable","YVR","AKL","P","A","SE","unavailable","unavailable","19 - 24 years","F","","N","unavailable","unavailable",3
202410,"unavailable","SYD","CHC","P","A","IT","unavailable","unavailable","19 - 24 years","F","","N","unavailable","unavailable",3
202410,"unavailable","SHA","AKL","P","A","GB","unavailable","unavailable","12 - 18 years","M","","N","unavailable","unavailable",3
202410,"unavailable","SYD","CHC","P","A","TH","unavailable","unavailable","35 - 44 years","F","","N","unavailable","unavailable",3
202410,"unavailable","MEL","AKL","P","A","LK","unavailable","unavailable","45 - 54 years","F","","N","unavailable","unavailable",3
202410,"unavailable","SYD","AKL","P","A","ZA","unavailable","unavailable","25 - 34 years","M","","N","unavailable","unavailable",3
202410,"unavailable","BNE","AKL","P","A","TW","unavailable","unavailable","55 - 64 years","F","","N","unavailable","unavailable",3
202410,"unavailable","SYD","CHC","P","A","AU","unavailable","unavailable","65 - 74 years","M","","N","unavailable","unavailable",3
202410,"unavailable","BNE","ZQN","P","A","JP","unavailable","unavailable","25 - 34 years","F","","N","unavailable","unavailable",3
202410,"unavailable","PER","AKL","P","A","XX","unavailable","unavailable","75+","M","","N","unavailable","unavailable",3
202410,"unavailable","SIN","CHC","P","A","MY","unavailable","unavailable","75+","F","","N","unavailable","unavailable",3
202410,"unavailable","DOH","AKL","P","A","CH","unavailable","unavailable","01 - 11 years","F","","N","unavailable","unavailable",3
202410,"unavailable","SHA","AKL","P","A","IR","unavailable","unavailable","55 - 64 years","M","","N","unavailable","unavailable",3
202410,"unavailable","DXB","AKL","P","A","DE","unavailable","unavailable","12 - 18 years","M","","N","unavailable","unavailable",3
202410,"unavailable","BNE","CHC","P","A","AU","unavailable","unavailable","65 - 74 years","M","","N","unavailable","unavailable",3
202410,"unavailable","SHA","AKL","P","A","CA","unavailable","unavailable","19 - 24 years","F","","N","unavailable","unavailable",3
202410,"unavailable","SHA","AKL","P","A","PH","unavailable","unavailable","25 - 34 years","M","","N","unavailable","unavailable",3
202410,"unavailable","SHA","AKL","P","A","HU","unavailable","unavailable","45 - 54 years","M","","N","unavailable","unavailable",3
202410,"unavailable","DXB","AKL","P","A","IR","unavailable","unavailable","45 - 54 years","M","","N","unavailable","unavailable",3
202410,"unavailable","IAH","AKL","P","A","CA","unavailable","unavailable","25 - 34 years","F","","N","unavailable","unavailable",3
202410,"unavailable","XXA","AKL","P","A","GB","unavailable","unavailable","25 - 34 years","F","","N","unavailable","unavailable",3
202410,"unavailable","MEL","CHC","P","A","DE","unavailable","unavailable","55 - 64 years","F","","N","unavailable","unavailable",3
202410,"unavailable","IAH","AKL","P","A","FR","unavailable","unavailable","25 - 34 years","M","","N","unavailable","unavailable",3
202410,"unavailable","SIN","AKL","P","A","TH","unavailable","unavailable","19 - 24 years","M","","N","unavailable","unavailable",3
202410,"unavailable","CNS","AKL","P","A","AU","unavailable","unavailable","55 - 64 years","F","","N","unavailable","unavailable",3
202410,"unavailable","SYD","CHC","P","A","PH","unavailable","unavailable","35 - 44 years","M","","N","unavailable","unavailable",3
202410,"unavailable","SIN","CHC","P","A","SG","unavailable","unavailable","65 - 74 years","M","","N","unavailable","unavailable",3
202410,"unavailable","SYD","CHC","P","A","KR","unavailable","unavailable","55 - 64 years","M","","N","unavailable","unavailable",3
202410,"unavailable","MEL","CHC","P","A","IN","unavailable","unavailable","12 - 18 years","M","","N","unavailable","unavailable",3
202410,"unavailable","NAN","AKL","P","A","US","unavailable","unavailable","12 - 18 years","M","","N","unavailable","unavailable",3
202410,"unavailable","YVR","AKL","P","A","DE","unavailable","unavailable","01 - 11 years","F","","N","unavailable","unavailable",3
202410,"unavailable","SHA","AKL","P","A","ES","unavailable","unavailable","19 - 24 years","M","","N","unavailable","unavailable",3
202410,"unavailable","BNE","AKL","P","A","JP","unavailable","unavailable","35 - 44 years","M","","N","unavailable","unavailable",3
202410,"unavailable","SYD","ZQN","P","A","XX","unavailable","unavailable","25 - 34 years","M","","N","unavailable","unavailable",3
202410,"unavailable","SIN","AKL","P","A","GB","unavailable","unavailable","01 - 11 years","F","","N","unavailable","unavailable",3
202410,"unavailable","JFK","AKL","P","A","GB","unavailable","unavailable","35 - 44 years","F","","N","unavailable","unavailable",3
202410,"unavailable","SYD","CHC","P","A","IN","unavailable","unavailable","25 - 34 years","F","","N","unavailable","unavailable",3
202410,"unavailable","SYD","CHC","P","A","XX","unavailable","unavailable","25 - 34 years","M","","N","unavailable","unavailable",3
202410,"unavailable","CAN","AKL","P","A","PK","unavailable","unavailable","35 - 44 years","F","","N","unavailable","unavailable",3
202410,"unavailable","SYD","AKL","P","A","XX","unavailable","unavailable","65 - 74 years","F","","N","unavailable","unavailable",3
202410,"unavailable","MEL","AKL","P","A","VN","unavailable","unavailable","12 - 18 years","F","","N","unavailable","unavailable",3
202410,"unavailable","MEL","AKL","P","A","XX","unavailable","unavailable","12 - 18 years","F","","N","unavailable","unavailable",3
202410,"unavailable","CAN","AKL","P","A","JP","unavailable","unavailable","25 - 34 years","M","","N","unavailable","unavailable",3
202410,"unavailable","DXB","AKL","P","A","IR","unavailable","unavailable","25 - 34 years","M","","N","unavailable","unavailable",3
202410,"unavailable","DOH","AKL","P","A","CH","unavailable","unavailable","25 - 34 years","F","","N","unavailable","unavailable",3
202410,"unavailable","NAN","AKL","P","A","BE","unavailable","unavailable","45 - 54 years","M","","N","unavailable","unavailable",3
202410,"unavailable","SYD","AKL","P","A","PK","unavailable","unavailable","45 - 54 years","M","","N","unavailable","unavailable",3
202410,"unavailable","HKG","AKL","P","A","XX","unavailable","unavailable","35 - 44 years","F","","N","unavailable","unavailable",3
202410,"unavailable","DXB","AKL","P","A","ZW","unavailable","unavailable","01 - 11 years","F","","N","unavailable","unavailable",3
202410,"unavailable","MEL","WLG","P","A","FR","unavailable","unavailable","19 - 24 years","F","","N","unavailable","unavailable",3
202410,"unavailable","DXB","AKL","P","A","AF","unavailable","unavailable","01 - 11 years","F","","N","unavailable","unavailable",3
202410,"unavailable","DXB","AKL","P","A","BW","unavailable","unavailable","12 - 18 years","F","","N","unavailable","unavailable",3
202410,"unavailable","IAH","AKL","P","A","US","unavailable","unavailable","35 - 44 years","M","","N","unavailable","unavailable",3
202410,"unavailable","MEL","WLG","P","A","SG","unavailable","unavailable","25 - 34 years","M","","N","unavailable","unavailable",3
202410,"unavailable","NAN","AKL","P","A","GB","unavailable","unavailable","25 - 34 years","M","","N","unavailable","unavailable",3
202410,"unavailable","BNE","WLG","P","A","JP","unavailable","unavailable","25 - 34 years","M","","N","unavailable","unavailable",3
202410,"unavailable","SIN","AKL","P","A","VN","unavailable","unavailable","12 - 18 years","F","","N","unavailable","unavailable",3
202410,"unavailable","KUL","AKL","P","A","JP","unavailable","unavailable","25 - 34 years","M","","N","unavailable","unavailable",3
202410,"unavailable","BNE","AKL","P","A","DE","unavailable","unavailable","19 - 24 years","F","","N","unavailable","unavailable",3
202410,"unavailable","SYD","CHC","P","A","SG","unavailable","unavailable","35 - 44 years","M","","N","unavailable","unavailable",3
202410,"unavailable","SEL","AKL","P","A","AT","unavailable","unavailable","25 - 34 years","F","","N","unavailable","unavailable",3
202410,"unavailable","SCL","AKL","P","A","BR","unavailable","unavailable","01 - 11 years","M","","N","unavailable","unavailable",3
202410,"unavailable","APW","AKL","P","A","WS","unavailable","unavailable","75+","M","","N","unavailable","unavailable",3
202410,"unavailable","SYD","CHC","P","A","IN","unavailable","unavailable","35 - 44 years","M","","N","unavailable","unavailable",3
202410,"unavailable","NAN","AKL","P","A","WS","unavailable","unavailable","25 - 34 years","F","","N","unavailable","unavailable",3
202410,"unavailable","DXB","AKL","P","A","ZW","unavailable","unavailable","25 - 34 years","M","","N","unavailable","unavailable",3
202410,"unavailable","SYD","AKL","P","A","ID","unavailable","unavailable","35 - 44 years","F","","N","unavailable","unavailable",3
202410,"unavailable","DXB","AKL","P","A","ET","unavailable","unavailable","25 - 34 years","M","","N","unavailable","unavailable",3
202410,"unavailable","SIN","AKL","P","A","GB","unavailable","unavailable","01 - 11 years","M","","N","unavailable","unavailable",3
202410,"unavailable","HKG","AKL","P","A","XX","unavailable","unavailable","19 - 24 years","F","","N","unavailable","unavailable",3
202410,"unavailable","NAN","AKL","P","A","JP","unavailable","unavailable","01 - 11 years","M","","N","unavailable","unavailable",3
202410,"unavailable","LAX","AKL","P","A","US","unavailable","unavailable","55 - 64 years","F","","N","unavailable","unavailable",3
202410,"unavailable","KUL","AKL","P","A","US","unavailable","unavailable","25 - 34 years","M","","N","unavailable","unavailable",3
202410,"unavailable","BNE","ZQN","P","A","XX","unavailable","unavailable","19 - 24 years","M","","N","unavailable","unavailable",3
202410,"unavailable","DPS","AKL","P","A","TL","unavailable","unavailable","12 - 18 years","F","","N","unavailable","unavailable",3
202410,"unavailable","SHA","AKL","P","A","DE","unavailable","unavailable","12 - 18 years","M","","N","unavailable","unavailable",3
202410,"unavailable","KUL","AKL","P","A","PH","unavailable","unavailable","19 - 24 years","F","","N","unavailable","unavailable",3
202410,"unavailable","SYD","WLG","P","A","AU","unavailable","unavailable","01 - 11 years","F","","N","unavailable","unavailable",3
202410,"unavailable","SHA","AKL","P","A","JO","unavailable","unavailable","01 - 11 years","F","","N","unavailable","unavailable",3
202410,"unavailable","SYD","CHC","P","A","ZA","unavailable","unavailable","75+","M","","N","unavailable","unavailable",3
202410,"unavailable","SIN","AKL","P","A","AE","unavailable","unavailable","35 - 44 years","M","","N","unavailable","unavailable",3
202410,"unavailable","APW","AKL","P","A","XX","unavailable","unavailable","01 - 11 years","F","","N","unavailable","unavailable",3
202410,"unavailable","SIN","AKL","P","A","XX","unavailable","unavailable","35 - 44 years","F","","N","unavailable","unavailable",3
202410,"unavailable","NRT","AKL","P","A","CA","unavailable","unavailable","25 - 34 years","F","","N","unavailable","unavailable",3
202410,"unavailable","BNE","AKL","P","A","AU","unavailable","unavailable","75+","M","","N","unavailable","unavailable",3
202410,"unavailable","SYD","AKL","P","A","DE","unavailable","unavailable","25 - 34 years","F","","N","unavailable","unavailable",3
202410,"unavailable","SIN","AKL","P","A","AE","unavailable","unavailable","25 - 34 years","M","","N","unavailable","unavailable",3
202410,"unavailable","DOH","AKL","P","A","AR","unavailable","unavailable","35 - 44 years","F","","N","unavailable","unavailable",3
202410,"unavailable","DOH","AKL","P","A","BR","unavailable","unavailable","19 - 24 years","M","","N","unavailable","unavailable",3
202410,"unavailable","SIN","AKL","P","A","BE","unavailable","unavailable","12 - 18 years","F","","N","unavailable","unavailable",3
202410,"unavailable","BNE","AKL","P","A","AU","unavailable","unavailable","12 - 18 years","F","","N","unavailable","unavailable",3
202410,"unavailable","LAX","AKL","P","A","XX","unavailable","unavailable","19 - 24 years","M","","N","unavailable","unavailable",3
202410,"unavailable","BNE","CHC","P","A","IN","unavailable","unavailable","01 - 11 years","F","","N","unavailable","unavailable",3
202410,"unavailable","RAR","AKL","P","A","CK","unavailable","unavailable","19 - 24 years","F","","N","unavailable","unavailable",3
202410,"unavailable","SIN","AKL","P","A","GB","unavailable","unavailable","12 - 18 years","M","","N","unavailable","unavailable",3
202410,"unavailable","NAN","AKL","P","A","US","unavailable","unavailable","25 - 34 years","F","","N","unavailable","unavailable",3
202410,"unavailable","CAN","CHC","P","A","CN","unavailable","unavailable","35 - 44 years","F","","N","unavailable","unavailable",3
202410,"unavailable","LAX","AKL","P","A","AT","unavailable","unavailable","12 - 18 years","M","","N","unavailable","unavailable",3
202410,"unavailable","SHA","AKL","P","A","XX","unavailable","unavailable","19 - 24 years","M","","N","unavailable","unavailable",3
202410,"unavailable","SIN","CHC","P","A","XX","unavailable","unavailable","19 - 24 years","F","","N","unavailable","unavailable",3
202410,"unavailable","LAX","AKL","P","A","GB","unavailable","unavailable","45 - 54 years","F","","N","unavailable","unavailable",3
202410,"unavailable","OOL","CHC","P","A","AU","unavailable","unavailable","01 - 11 years","F","","N","unavailable","unavailable",3
202410,"unavailable","MEL","AKL","P","A","AE","unavailable","unavailable","01 - 11 years","F","","N","unavailable","unavailable",3
202410,"unavailable","NAN","AKL","P","A","FJ","unavailable","unavailable","75+","M","","N","unavailable","unavailable",3
202410,"unavailable","IAH","AKL","P","A","GB","unavailable","unavailable","25 - 34 years","M","","N","unavailable","unavailable",3
202410,"unavailable","SYD","ZQN","P","A","NL","unavailable","unavailable","25 - 34 years","M","","N","unavailable","unavailable",3
202410,"unavailable","SHA","AKL","P","A","AR","unavailable","unavailable","25 - 34 years","M","","N","unavailable","unavailable",3
202410,"unavailable","SYD","AKL","P","A","CA","unavailable","unavailable","19 - 24 years","M","","N","unavailable","unavailable",3
202410,"unavailable","BNE","AKL","P","A","XX","unavailable","unavailable","75+","M","","N","unavailable","unavailable",3
202410,"unavailable","KUL","AKL","P","A","KW","unavailable","unavailable","01 - 11 years","M","","N","unavailable","unavailable",3
202410,"unavailable","SIN","AKL","P","A","XX","unavailable","unavailable","19 - 24 years","F","","N","unavailable","unavailable",3
202410,"unavailable","SYD","CHC","P","A","AU","unavailable","unavailable","75+","F","","N","unavailable","unavailable",3
202410,"unavailable","SYD","WLG","P","A","IN","unavailable","unavailable","25 - 34 years","M","","N","unavailable","unavailable",3
202410,"unavailable","DOH","AKL","P","A","QA","unavailable","unavailable","12 - 18 years","F","","N","unavailable","unavailable",3
202410,"unavailable","SYD","WLG","P","A","ZA","unavailable","unavailable","01 - 11 years","M","","N","unavailable","unavailable",3
202410,"unavailable","KUL","AKL","P","A","SA","unavailable","unavailable","25 - 34 years","F","","N","unavailable","unavailable",3
202410,"unavailable","XXA","AKL","P","A","CZ","unavailable","unavailable","19 - 24 years","M","","N","unavailable","unavailable",3
202410,"unavailable","BNE","WLG","P","A","AU","unavailable","unavailable","12 - 18 years","F","","N","unavailable","unavailable",3
202410,"unavailable","SYD","AKL","P","A","IE","unavailable","unavailable","19 - 24 years","F","","N","unavailable","unavailable",3
202410,"unavailable","OOL","AKL","P","A","AU","unavailable","unavailable","65 - 74 years","F","","N","unavailable","unavailable",3
202410,"unavailable","MEL","ZQN","P","A","US","unavailable","unavailable","65 - 74 years","F","","N","unavailable","unavailable",3
202410,"unavailable","SIN","CHC","P","A","IL","unavailable","unavailable","01 - 11 years","M","","N","unavailable","unavailable",3
202410,"unavailable","MEL","AKL","P","A","SS","unavailable","unavailable","25 - 34 years","F","","N","unavailable","unavailable",3
202410,"unavailable","SCL","AKL","P","A","MX","unavailable","unavailable","25 - 34 years","F","","N","unavailable","unavailable",3
202410,"unavailable","KUL","AKL","P","A","IN","unavailable","unavailable","Less than 1 year","F","","N","unavailable","unavailable",3
202410,"unavailable","SIN","AKL","P","A","XX","unavailable","unavailable","55 - 64 years","M","","N","unavailable","unavailable",3
202410,"unavailable","NAN","AKL","P","A","XX","unavailable","unavailable","19 - 24 years","F","","N","unavailable","unavailable",3
202410,"unavailable","HKG","AKL","P","A","XX","unavailable","unavailable","12 - 18 years","F","","N","unavailable","unavailable",3
202410,"unavailable","SIN","AKL","P","A","IN","unavailable","unavailable","65 - 74 years","F","","N","unavailable","unavailable",3
202410,"unavailable","SCL","AKL","P","A","HU","unavailable","unavailable","35 - 44 years","M","","N","unavailable","unavailable",3
202410,"unavailable","HKG","AKL","P","A","CN","unavailable","unavailable","12 - 18 years","F","","N","unavailable","unavailable",3
202410,"unavailable","DXB","AKL","P","A","BD","unavailable","unavailable","01 - 11 years","F","","N","unavailable","unavailable",3
202410,"unavailable","SIN","AKL","P","A","AU","unavailable","unavailable","35 - 44 years","M","","N","unavailable","unavailable",3
202410,"unavailable","SYD","WLG","P","A","ZA","unavailable","unavailable","25 - 34 years","F","","N","unavailable","unavailable",3
202410,"unavailable","SHA","AKL","P","A","KR","unavailable","unavailable","25 - 34 years","M","","N","unavailable","unavailable",3
202410,"unavailable","CAN","AKL","P","A","GB","unavailable","unavailable","19 - 24 years","M","","N","unavailable","unavailable",3
202410,"unavailable","SYD","AKL","P","A","PH","unavailable","unavailable","45 - 54 years","M","","N","unavailable","unavailable",3
202410,"unavailable","BNE","WLG","P","A","ZA","unavailable","unavailable","12 - 18 years","M","","N","unavailable","unavailable",3
202410,"unavailable","DXB","AKL","P","A","XX","unavailable","unavailable","55 - 64 years","M","","N","unavailable","unavailable",3
202410,"unavailable","MEL","AKL","P","A","TH","unavailable","unavailable","12 - 18 years","F","","N","unavailable","unavailable",3
202410,"unavailable","BNE","AKL","P","A","AU","unavailable","unavailable","12 - 18 years","M","","N","unavailable","unavailable",3
202410,"unavailable","YVR","AKL","P","A","US","unavailable","unavailable","25 - 34 years","M","","N","unavailable","unavailable",3
202410,"unavailable","CAN","AKL","P","A","KH","unavailable","unavailable","01 - 11 years","F","","N","unavailable","unavailable",3
202410,"unavailable","KUL","AKL","P","A","MY","unavailable","unavailable","19 - 24 years","F","","N","unavailable","unavailable",3
202410,"unavailable","SIN","AKL","P","A","US","unavailable","unavailable","25 - 34 years","F","","N","unavailable","unavailable",3
202410,"unavailable","DXB","AKL","P","A","ZW","unavailable","unavailable","25 - 34 years","F","","N","unavailable","unavailable",3
202410,"unavailable","DXB","AKL","P","A","PK","unavailable","unavailable","12 - 18 years","F","","N","unavailable","unavailable",3
202410,"unavailable","SIN","CHC","P","A","IN","unavailable","unavailable","65 - 74 years","F","","N","unavailable","unavailable",3
202410,"unavailable","SYD","AKL","P","A","NL","unavailable","unavailable","19 - 24 years","M","","N","unavailable","unavailable",3
202410,"unavailable","MEL","ZQN","P","A","GB","unavailable","unavailable","55 - 64 years","M","","N","unavailable","unavailable",3
202410,"unavailable","DXB","AKL","P","A","DE","unavailable","unavailable","55 - 64 years","M","","N","unavailable","unavailable",3
202410,"unavailable","MEL","AKL","P","A","TH","unavailable","unavailable","35 - 44 years","F","","N","unavailable","unavailable",3
202410,"unavailable","SIN","CHC","P","A","DE","unavailable","unavailable","45 - 54 years","M","","N","unavailable","unavailable",3
202410,"unavailable","SIN","CHC","P","A","DE","unavailable","unavailable","35 - 44 years","M","","N","unavailable","unavailable",3
202410,"unavailable","CAN","AKL","P","A","AT","unavailable","unavailable","25 - 34 years","F","","N","unavailable","unavailable",3
202410,"unavailable","SYD","WLG","P","A","ZA","unavailable","unavailable","75+","F","","N","unavailable","unavailable",3
202410,"unavailable","PPT","AKL","P","A","PF","unavailable","unavailable","25 - 34 years","M","","N","unavailable","unavailable",3
202410,"unavailable","DPS","AKL","P","A","IN","unavailable","unavailable","25 - 34 years","M","","N","unavailable","unavailable",3
202410,"unavailable","NRT","AKL","P","A","DE","unavailable","unavailable","25 - 34 years","F","","N","unavailable","unavailable",3
202410,"unavailable","SHA","AKL","P","A","CZ","unavailable","unavailable","19 - 24 years","F","","N","unavailable","unavailable",3
202410,"unavailable","SYD","CHC","P","A","XX","unavailable","unavailable","35 - 44 years","F","","N","unavailable","unavailable",3
202410,"unavailable","SIN","CHC","P","A","GB","unavailable","unavailable","25 - 34 years","M","","N","unavailable","unavailable",3
202410,"unavailable","SHA","AKL","P","A","DE","unavailable","unavailable","25 - 34 years","F","","N","unavailable","unavailable",3
202410,"unavailable","CAN","AKL","P","A","BE","unavailable","unavailable","25 - 34 years","F","","N","unavailable","unavailable",3
202410,"unavailable","BNE","ZQN","P","A","ZA","unavailable","unavailable","45 - 54 years","M","","N","unavailable","unavailable",3
202410,"unavailable","JFK","AKL","P","A","DE","unavailable","unavailable","25 - 34 years","F","","N","unavailable","unavailable",3
202410,"unavailable","SFO","AKL","P","A","US","unavailable","unavailable","12 - 18 years","M","","N","unavailable","unavailable",3
202410,"unavailable","LAX","AKL","P","A","HR","unavailable","unavailable","25 - 34 years","F","","N","unavailable","unavailable",3
202410,"unavailable","SIN","AKL","P","A","AT","unavailable","unavailable","55 - 64 years","F","","N","unavailable","unavailable",3
202410,"unavailable","LAX","AKL","P","A","US","unavailable","unavailable","75+","F","","N","unavailable","unavailable",3
202410,"unavailable","SYD","WLG","P","A","IN","unavailable","unavailable","25 - 34 years","F","","N","unavailable","unavailable",3
202410,"unavailable","SYD","WLG","P","A","LK","unavailable","unavailable","12 - 18 years","M","","N","unavailable","unavailable",3
202410,"unavailable","KUL","AKL","P","A","SA","unavailable","unavailable","35 - 44 years","F","","N","unavailable","unavailable",3
202410,"unavailable","BNE","AKL","P","A","CZ","unavailable","unavailable","19 - 24 years","M","","N","unavailable","unavailable",3
202410,"unavailable","MEL","CHC","P","A","XX","unavailable","unavailable","12 - 18 years","M","","N","unavailable","unavailable",3
202410,"unavailable","DPS","AKL","P","A","IN","unavailable","unavailable","01 - 11 years","M","","N","unavailable","unavailable",3
202410,"unavailable","SFO","AKL","P","A","IE","unavailable","unavailable","25 - 34 years","F","","N","unavailable","unavailable",3
202410,"unavailable","SEL","AKL","P","A","FR","unavailable","unavailable","25 - 34 years","F","","N","unavailable","unavailable",3
202410,"unavailable","DXB","AKL","P","A","TW","unavailable","unavailable","01 - 11 years","M","","N","unavailable","unavailable",3
202410,"unavailable","CAN","AKL","P","A","KR","unavailable","unavailable","25 - 34 years","F","","N","unavailable","unavailable",3
202410,"unavailable","KUL","AKL","P","A","DE","unavailable","unavailable","19 - 24 years","M","","N","unavailable","unavailable",3
202410,"unavailable","SYD","WLG","P","A","LK","unavailable","unavailable","25 - 34 years","M","","N","unavailable","unavailable",3
202410,"unavailable","LAX","AKL","P","A","GB","unavailable","unavailable","45 - 54 years","M","","N","unavailable","unavailable",3
202410,"unavailable","SYD","CHC","P","A","XX","unavailable","unavailable","19 - 24 years","M","","N","unavailable","unavailable",3
202410,"unavailable","MEL","AKL","P","A","ES","unavailable","unavailable","25 - 34 years","M","","N","unavailable","unavailable",3
202410,"unavailable","HKG","AKL","P","A","HK","unavailable","unavailable","45 - 54 years","F","","N","unavailable","unavailable",3
202410,"unavailable","SCL","AKL","P","A","AR","unavailable","unavailable","19 - 24 years","M","","N","unavailable","unavailable",3
202410,"unavailable","SZX","AKL","P","A","ES","unavailable","unavailable","25 - 34 years","M","","N","unavailable","unavailable",3
202410,"unavailable","KUL","AKL","P","A","CA","unavailable","unavailable","25 - 34 years","F","","N","unavailable","unavailable",3
202410,"unavailable","SCL","AKL","P","A","BR","unavailable","unavailable","19 - 24 years","M","","N","unavailable","unavailable",3
202410,"unavailable","SYD","AKL","P","A","SE","unavailable","unavailable","25 - 34 years","F","","N","unavailable","unavailable",3
202410,"unavailable","HKG","AKL","P","A","HK","unavailable","unavailable","55 - 64 years","M","","N","unavailable","unavailable",3
202410,"unavailable","DXB","AKL","P","A","PK","unavailable","unavailable","35 - 44 years","F","","N","unavailable","unavailable",3
202410,"unavailable","SYD","AKL","P","A","CN","unavailable","unavailable","65 - 74 years","M","","N","unavailable","unavailable",3
202410,"unavailable","NRT","AKL","P","A","GB","unavailable","unavailable","19 - 24 years","M","","N","unavailable","unavailable",3
202410,"unavailable","BNE","WLG","P","A","IT","unavailable","unavailable","25 - 34 years","F","","N","unavailable","unavailable",3
202410,"unavailable","CAN","CHC","P","A","PH","unavailable","unavailable","45 - 54 years","F","","N","unavailable","unavailable",3
202410,"unavailable","KUL","AKL","P","A","GB","unavailable","unavailable","35 - 44 years","M","","N","unavailable","unavailable",3
202410,"unavailable","XXA","AKL","P","A","FR","unavailable","unavailable","19 - 24 years","M","","N","unavailable","unavailable",3
202410,"unavailable","BNE","ZQN","P","A","AU","unavailable","unavailable","12 - 18 years","M","","N","unavailable","unavailable",3
202410,"unavailable","SFO","AKL","P","A","GB","unavailable","unavailable","19 - 24 years","M","","N","unavailable","unavailable",3
202410,"unavailable","ADL","AKL","P","A","AU","unavailable","unavailable","01 - 11 years","M","","N","unavailable","unavailable",3
202410,"unavailable","CAN","AKL","P","A","BD","unavailable","unavailable","19 - 24 years","M","","N","unavailable","unavailable",3
202410,"unavailable","TBU","AKL","P","A","TO","unavailable","unavailable","45 - 54 years","F","","N","unavailable","unavailable",3
202410,"unavailable","NAN","AKL","P","A","XX","unavailable","unavailable","35 - 44 years","M","","N","unavailable","unavailable",3
202410,"unavailable","DPS","AKL","P","A","GB","unavailable","unavailable","25 - 34 years","F","","N","unavailable","unavailable",3
202410,"unavailable","MEL","AKL","P","A","ID","unavailable","unavailable","01 - 11 years","M","","N","unavailable","unavailable",3
202410,"unavailable","BNE","CHC","P","A","AU","unavailable","unavailable","12 - 18 years","F","","N","unavailable","unavailable",3
202410,"unavailable","CAN","CHC","P","A","CN","unavailable","unavailable","01 - 11 years","M","","N","unavailable","unavailable",3
202410,"unavailable","BNE","ZQN","P","A","AU","unavailable","unavailable","55 - 64 years","M","","N","unavailable","unavailable",3
202410,"unavailable","SYD","WLG","P","A","SB","unavailable","unavailable","25 - 34 years","F","","N","unavailable","unavailable",3
202410,"unavailable","BNE","AKL","P","A","XX","unavailable","unavailable","75+","F","","N","unavailable","unavailable",3
202410,"unavailable","SIN","AKL","P","A","GB","unavailable","unavailable","19 - 24 years","F","","N","unavailable","unavailable",3
202410,"unavailable","CAN","AKL","P","A","JP","unavailable","unavailable","25 - 34 years","F","","N","unavailable","unavailable",3
202410,"unavailable","SFO","AKL","P","A","GB","unavailable","unavailable","25 - 34 years","F","","N","unavailable","unavailable",3
202410,"unavailable","CAN","AKL","P","A","PK","unavailable","unavailable","25 - 34 years","F","","N","unavailable","unavailable",3
202410,"unavailable","TBU","AKL","P","A","TO","unavailable","unavailable","35 - 44 years","F","","N","unavailable","unavailable",3
202410,"unavailable","SIN","CHC","P","A","PH","unavailable","unavailable","35 - 44 years","F","","N","unavailable","unavailable",3
202410,"unavailable","PEK","AKL","P","A","PK","unavailable","unavailable","25 - 34 years","M","","N","unavailable","unavailable",3
202410,"unavailable","NAN","AKL","P","A","WS","unavailable","unavailable","12 - 18 years","M","","N","unavailable","unavailable",3
202410,"unavailable","HKG","AKL","P","A","ES","unavailable","unavailable","25 - 34 years","F","","N","unavailable","unavailable",3
202410,"unavailable","DXB","AKL","P","A","IN","unavailable","unavailable","19 - 24 years","M","","N","unavailable","unavailable",3
202410,"unavailable","MEL","ZQN","P","A","AU","unavailable","unavailable","55 - 64 years","F","","N","unavailable","unavailable",3
202410,"unavailable","NRT","AKL","P","A","XX","unavailable","unavailable","25 - 34 years","F","","N","unavailable","unavailable",3
202410,"unavailable","HKG","AKL","P","A","IN","unavailable","unavailable","55 - 64 years","F","","N","unavailable","unavailable",3
202410,"unavailable","DXB","AKL","P","A","AE","unavailable","unavailable","45 - 54 years","M","","N","unavailable","unavailable",3
202410,"unavailable","SYD","WLG","P","A","LK","unavailable","unavailable","25 - 34 years","F","","N","unavailable","unavailable",3
202410,"unavailable","DOH","AKL","P","A","QA","unavailable","unavailable","25 - 34 years","F","","N","unavailable","unavailable",3
202410,"unavailable","OOL","WLG","P","A","AU","unavailable","unavailable","01 - 11 years","F","","N","unavailable","unavailable",3
202410,"unavailable","PEK","AKL","P","A","CZ","unavailable","unavailable","25 - 34 years","F","","N","unavailable","unavailable",3
202410,"unavailable","MEL","CHC","P","A","AU","unavailable","unavailable","65 - 74 years","F","","N","unavailable","unavailable",3
202410,"unavailable","SFO","AKL","P","A","CA","unavailable","unavailable","19 - 24 years","M","","N","unavailable","unavailable",3
202410,"unavailable","SYD","AKL","P","A","LK","unavailable","unavailable","35 - 44 years","M","","N","unavailable","unavailable",3
202410,"unavailable","DXB","AKL","P","A","XX","unavailable","unavailable","55 - 64 years","F","","N","unavailable","unavailable",3
202410,"unavailable","MEL","ZQN","P","A","CA","unavailable","unavailable","25 - 34 years","F","","N","unavailable","unavailable",3
202410,"unavailable","PPT","AKL","P","A","PF","unavailable","unavailable","01 - 11 years","F","","N","unavailable","unavailable",3
202410,"unavailable","DOH","AKL","P","A","IN","unavailable","unavailable","25 - 34 years","F","","N","unavailable","unavailable",3
202410,"unavailable","DOH","AKL","P","A","GB","unavailable","unavailable","55 - 64 years","M","","N","unavailable","unavailable",3
202410,"unavailable","CAN","AKL","P","A","CA","unavailable","unavailable","25 - 34 years","F","","N","unavailable","unavailable",3
202410,"unavailable","CAN","AKL","P","A","CN","unavailable","unavailable","Less than 1 year","F","","N","unavailable","unavailable",3
202410,"unavailable","MEL","WLG","P","A","AU","unavailable","unavailable","55 - 64 years","M","","N","unavailable","unavailable",3
202410,"unavailable","MEL","AKL","P","A","XX","unavailable","unavailable","65 - 74 years","M","","N","unavailable","unavailable",3
202410,"unavailable","DXB","AKL","P","A","ES","unavailable","unavailable","35 - 44 years","F","","N","unavailable","unavailable",3
202410,"unavailable","NAN","CHC","P","A","GB","unavailable","unavailable","25 - 34 years","M","","N","unavailable","unavailable",3
202410,"unavailable","PPT","AKL","P","A","XX","unavailable","unavailable","45 - 54 years","F","","N","unavailable","unavailable",3
202410,"unavailable","DXB","AKL","P","A","LK","unavailable","unavailable","19 - 24 years","M","","N","unavailable","unavailable",3
202410,"unavailable","SYD","WLG","P","A","LK","unavailable","unavailable","35 - 44 years","F","","N","unavailable","unavailable",3
202410,"unavailable","JFK","AKL","P","A","US","unavailable","unavailable","25 - 34 years","F","","N","unavailable","unavailable",3
202410,"unavailable","SYD","ZQN","P","A","XX","unavailable","unavailable","25 - 34 years","F","","N","unavailable","unavailable",3
202410,"unavailable","SYD","AKL","P","A","US","unavailable","unavailable","25 - 34 years","F","","N","unavailable","unavailable",3
202410,"unavailable","NAN","CHC","P","A","JP","unavailable","unavailable","19 - 24 years","M","","N","unavailable","unavailable",3
202410,"unavailable","KUL","AKL","P","A","GB","unavailable","unavailable","01 - 11 years","F","","N","unavailable","unavailable",3
202410,"unavailable","DPS","AKL","P","A","ID","unavailable","unavailable","35 - 44 years","M","","N","unavailable","unavailable",3
202410,"unavailable","SYD","ZQN","P","A","CN","unavailable","unavailable","45 - 54 years","M","","N","unavailable","unavailable",3
202410,"unavailable","SYD","AKL","P","A","IT","unavailable","unavailable","25 - 34 years","F","","N","unavailable","unavailable",3
202410,"unavailable","SHA","AKL","P","A","BE","unavailable","unavailable","25 - 34 years","M","","N","unavailable","unavailable",3
202410,"unavailable","CAN","CHC","P","A","CN","unavailable","unavailable","19 - 24 years","F","","N","unavailable","unavailable",3
202410,"unavailable","DOH","AKL","P","A","PS","unavailable","unavailable","25 - 34 years","F","","N","unavailable","unavailable",3
202410,"unavailable","MEL","CHC","P","A","GB","unavailable","unavailable","65 - 74 years","M","","N","unavailable","unavailable",3
202410,"unavailable","SYD","WLG","P","A","XX","unavailable","unavailable","19 - 24 years","F","","N","unavailable","unavailable",3
202410,"unavailable","SYD","AKL","P","A","AU","unavailable","unavailable","45 - 54 years","F","","N","unavailable","unavailable",3
202410,"unavailable","SYD","ZQN","P","A","PH","unavailable","unavailable","25 - 34 years","F","","N","unavailable","unavailable",3
202410,"unavailable","TBU","AKL","P","A","TO","unavailable","unavailable","01 - 11 years","M","","N","unavailable","unavailable",3
202410,"unavailable","SYD","CHC","P","A","KR","unavailable","unavailable","45 - 54 years","F","","N","unavailable","unavailable",3
202410,"unavailable","SCL","AKL","P","A","XX","unavailable","unavailable","25 - 34 years","F","","N","unavailable","unavailable",3
202410,"unavailable","XXA","AKL","P","A","NP","unavailable","unavailable","19 - 24 years","F","","N","unavailable","unavailable",3
202410,"unavailable","SHA","AKL","P","A","AU","unavailable","unavailable","55 - 64 years","M","","N","unavailable","unavailable",3
202410,"unavailable","SFO","AKL","P","A","SG","unavailable","unavailable","45 - 54 years","M","","N","unavailable","unavailable",3
202410,"unavailable","SIN","CHC","P","A","SG","unavailable","unavailable","25 - 34 years","M","","N","unavailable","unavailable",3
202410,"unavailable","MEL","CHC","P","A","AU","unavailable","unavailable","12 - 18 years","M","","N","unavailable","unavailable",3
202410,"unavailable","SYD","AKL","P","A","ZA","unavailable","unavailable","25 - 34 years","F","","N","unavailable","unavailable",3
202410,"unavailable","DOH","AKL","P","A","IE","unavailable","unavailable","25 - 34 years","M","","N","unavailable","unavailable",3
202410,"unavailable","DOH","AKL","P","A","SI","unavailable","unavailable","19 - 24 years","M","","N","unavailable","unavailable",3
202410,"unavailable","IAH","AKL","P","A","EE","unavailable","unavailable","25 - 34 years","M","","N","unavailable","unavailable",3
202410,"unavailable","KUL","AKL","P","A","XX","unavailable","unavailable","25 - 34 years","M","","N","unavailable","unavailable",3
202410,"unavailable","SYD","WLG","P","A","ZA","unavailable","unavailable","35 - 44 years","M","","N","unavailable","unavailable",3
202410,"unavailable","DOH","AKL","P","A","NG","unavailable","unavailable","35 - 44 years","F","","N","unavailable","unavailable",3
202410,"unavailable","DXB","AKL","P","A","AR","unavailable","unavailable","35 - 44 years","M","","N","unavailable","unavailable",3
202410,"unavailable","IAH","AKL","P","A","US","unavailable","unavailable","75+","M","","N","unavailable","unavailable",3
202410,"unavailable","MEL","CHC","P","A","AU","unavailable","unavailable","75+","M","","N","unavailable","unavailable",3
202410,"unavailable","DOH","AKL","P","A","AF","unavailable","unavailable","25 - 34 years","M","","N","unavailable","unavailable",3
202410,"unavailable","DXB","AKL","P","A","ZW","unavailable","unavailable","12 - 18 years","F","","N","unavailable","unavailable",3
202410,"unavailable","SYD","WLG","P","A","XX","unavailable","unavailable","01 - 11 years","F","","N","unavailable","unavailable",3
202410,"unavailable","DOH","AKL","P","A","XX","unavailable","unavailable","35 - 44 years","M","","N","unavailable","unavailable",3
202410,"unavailable","DXB","AKL","P","A","LY","unavailable","unavailable","01 - 11 years","M","","N","unavailable","unavailable",3
202410,"unavailable","KUL","AKL","P","A","MO","unavailable","unavailable","19 - 24 years","F","","N","unavailable","unavailable",3
202410,"unavailable","SYD","AKL","P","A","IL","unavailable","unavailable","19 - 24 years","M","","N","unavailable","unavailable",3
202410,"unavailable","NAN","WLG","P","A","XX","unavailable","unavailable","12 - 18 years","F","","N","unavailable","unavailable",3
202410,"unavailable","IAH","AKL","P","A","US","unavailable","unavailable","45 - 54 years","F","","N","unavailable","unavailable",3
202410,"unavailable","DXB","AKL","P","A","ID","unavailable","unavailable","19 - 24 years","M","","N","unavailable","unavailable",3
202410,"unavailable","MEL","ZQN","P","A","AU","unavailable","unavailable","45 - 54 years","F","","N","unavailable","unavailable",3
202410,"unavailable","SYD","AKL","P","A","MO","unavailable","unavailable","12 - 18 years","F","","N","unavailable","unavailable",3
202410,"unavailable","MEL","AKL","P","A","PH","unavailable","unavailable","35 - 44 years","F","","N","unavailable","unavailable",3
202410,"unavailable","MEL","CHC","P","A","LK","unavailable","unavailable","35 - 44 years","F","","N","unavailable","unavailable",3
202410,"unavailable","PER","AKL","P","A","XX","unavailable","unavailable","45 - 54 years","F","","N","unavailable","unavailable",3
202410,"unavailable","DOH","AKL","P","A","XX","unavailable","unavailable","01 - 11 years","F","","N","unavailable","unavailable",3
202410,"unavailable","SYD","AKL","P","A","AU","unavailable","unavailable","75+","F","","N","unavailable","unavailable",3
202410,"unavailable","NAN","AKL","P","A","VG","unavailable","unavailable","25 - 34 years","F","","N","unavailable","unavailable",3
202410,"unavailable","SYD","AKL","P","A","VN","unavailable","unavailable","65 - 74 years","F","","N","unavailable","unavailable",3
202410,"unavailable","BNE","ZQN","P","A","AU","unavailable","unavailable","35 - 44 years","F","","N","unavailable","unavailable",3
202410,"unavailable","HKG","AKL","P","A","ES","unavailable","unavailable","55 - 64 years","M","","N","unavailable","unavailable",3
202410,"unavailable","DOH","AKL","P","A","NG","unavailable","unavailable","12 - 18 years","M","","N","unavailable","unavailable",3
202410,"unavailable","SYD","CHC","P","A","AU","unavailable","unavailable","01 - 11 years","M","","N","unavailable","unavailable",3
202410,"unavailable","SEL","AKL","P","A","GB","unavailable","unavailable","35 - 44 years","M","","N","unavailable","unavailable",3
202410,"unavailable","BNE","AKL","P","A","HK","unavailable","unavailable","65 - 74 years","F","","N","unavailable","unavailable",3
202410,"unavailable","XXA","AKL","P","A","KW","unavailable","unavailable","45 - 54 years","M","","N","unavailable","unavailable",3
202410,"unavailable","DFW","AKL","P","A","FR","unavailable","unavailable","19 - 24 years","M","","N","unavailable","unavailable",3
202410,"unavailable","DOH","AKL","P","A","NO","unavailable","unavailable","25 - 34 years","F","","N","unavailable","unavailable",3
202410,"unavailable","SYD","AKL","P","A","NL","unavailable","unavailable","25 - 34 years","F","","N","unavailable","unavailable",3
202410,"unavailable","SHA","AKL","P","A","MT","unavailable","unavailable","35 - 44 years","M","","N","unavailable","unavailable",3
202410,"unavailable","BNE","AKL","P","A","CA","unavailable","unavailable","19 - 24 years","M","","N","unavailable","unavailable",3
202410,"unavailable","YVR","AKL","P","A","CZ","unavailable","unavailable","25 - 34 years","F","","N","unavailable","unavailable",3
202410,"unavailable","BNE","AKL","P","A","CA","unavailable","unavailable","35 - 44 years","M","","N","unavailable","unavailable",3
202410,"unavailable","BNE","ZQN","P","A","AU","unavailable","unavailable","25 - 34 years","M","","N","unavailable","unavailable",3
202410,"unavailable","DXB","AKL","P","A","KW","unavailable","unavailable","25 - 34 years","M","","N","unavailable","unavailable",3
202410,"unavailable","HKG","AKL","P","A","KE","unavailable","unavailable","19 - 24 years","M","","N","unavailable","unavailable",3
202410,"unavailable","MEL","AKL","P","A","PH","unavailable","unavailable","35 - 44 years","M","","N","unavailable","unavailable",3
202410,"unavailable","SHA","AKL","P","A","TW","unavailable","unavailable","19 - 24 years","M","","N","unavailable","unavailable",3
202410,"unavailable","KUL","AKL","P","A","IE","unavailable","unavailable","35 - 44 years","M","","N","unavailable","unavailable",3
202410,"unavailable","KUL","AKL","P","A","XX","unavailable","unavailable","55 - 64 years","F","","N","unavailable","unavailable",3
202410,"unavailable","HKG","AKL","P","A","ES","unavailable","unavailable","35 - 44 years","M","","N","unavailable","unavailable",3
202410,"unavailable","DXB","AKL","P","A","GB","unavailable","unavailable","35 - 44 years","M","","N","unavailable","unavailable",3
202410,"unavailable","SIN","AKL","P","A","MM","unavailable","unavailable","35 - 44 years","M","","N","unavailable","unavailable",3
202410,"unavailable","SHA","AKL","P","A","GB","unavailable","unavailable","45 - 54 years","F","","N","unavailable","unavailable",3
202410,"unavailable","DOH","AKL","P","A","CN","unavailable","unavailable","65 - 74 years","F","","N","unavailable","unavailable",3
202410,"unavailable","SEL","AKL","P","A","KR","unavailable","unavailable","45 - 54 years","M","","N","unavailable","unavailable",3
202410,"unavailable","KUL","AKL","P","A","BD","unavailable","unavailable","25 - 34 years","M","","N","unavailable","unavailable",3
202410,"unavailable","CNS","AKL","P","A","AU","unavailable","unavailable","65 - 74 years","M","","N","unavailable","unavailable",3
202410,"unavailable","DOH","AKL","P","A","SE","unavailable","unavailable","45 - 54 years","M","","N","unavailable","unavailable",3
202410,"unavailable","CAN","AKL","P","A","VN","unavailable","unavailable","19 - 24 years","M","","N","unavailable","unavailable",3
202410,"unavailable","SIN","CHC","P","A","JP","unavailable","unavailable","01 - 11 years","M","","N","unavailable","unavailable",3
202410,"unavailable","OOL","ZQN","P","A","AU","unavailable","unavailable","25 - 34 years","M","","N","unavailable","unavailable",3
202410,"unavailable","NAN","AKL","P","A","XX","unavailable","unavailable","01 - 11 years","F","","N","unavailable","unavailable",3
202410,"unavailable","MEL","CHC","P","A","GB","unavailable","unavailable","35 - 44 years","F","","N","unavailable","unavailable",3
202410,"unavailable","NAN","AKL","P","A","US","unavailable","unavailable","01 - 11 years","F","","N","unavailable","unavailable",3
202410,"unavailable","XXA","AKL","P","A","LK","unavailable","unavailable","35 - 44 years","F","","N","unavailable","unavailable",3
202410,"unavailable","PER","AKL","P","A","AU","unavailable","unavailable","75+","F","","N","unavailable","unavailable",3
202410,"unavailable","SFO","AKL","P","A","CA","unavailable","unavailable","25 - 34 years","F","","N","unavailable","unavailable",3
202410,"unavailable","CAN","AKL","P","A","CA","unavailable","unavailable","65 - 74 years","F","","N","unavailable","unavailable",3
202410,"unavailable","MEL","ZQN","P","A","AU","unavailable","unavailable","55 - 64 years","M","","N","unavailable","unavailable",3
202410,"unavailable","SHA","AKL","P","A","JO","unavailable","unavailable","01 - 11 years","M","","N","unavailable","unavailable",3
202410,"unavailable","SYD","AKL","P","A","IE","unavailable","unavailable","25 - 34 years","M","","N","unavailable","unavailable",3
202410,"unavailable","YVR","AKL","P","A","GB","unavailable","unavailable","25 - 34 years","M","","N","unavailable","unavailable",3
202410,"unavailable","DXB","AKL","P","A","AU","unavailable","unavailable","25 - 34 years","F","","N","unavailable","unavailable",3
202410,"unavailable","DXB","AKL","P","A","IN","unavailable","unavailable","01 - 11 years","F","","N","unavailable","unavailable",3
202410,"unavailable","HKG","AKL","P","A","HK","unavailable","unavailable","65 - 74 years","F","","N","unavailable","unavailable",3
202410,"unavailable","SYD","CHC","P","A","PG","unavailable","unavailable","35 - 44 years","M","","N","unavailable","unavailable",3
202410,"unavailable","DOH","AKL","P","A","NL","unavailable","unavailable","01 - 11 years","F","","N","unavailable","unavailable",3
202410,"unavailable","SYD","AKL","P","A","IN","unavailable","unavailable","25 - 34 years","F","","N","unavailable","unavailable",3
202410,"unavailable","XXA","AKL","P","A","TH","unavailable","unavailable","25 - 34 years","F","","N","unavailable","unavailable",3
202410,"unavailable","OOL","AKL","P","A","AU","unavailable","unavailable","01 - 11 years","F","","N","unavailable","unavailable",3
202410,"unavailable","SIN","AKL","P","A","IN","unavailable","unavailable","12 - 18 years","F","","N","unavailable","unavailable",3
202410,"unavailable","BNE","CHC","P","A","ES","unavailable","unavailable","25 - 34 years","F","","N","unavailable","unavailable",3
202410,"unavailable","SHA","AKL","P","A","CH","unavailable","unavailable","55 - 64 years","M","","N","unavailable","unavailable",3
202410,"unavailable","DOH","AKL","P","A","PH","unavailable","unavailable","65 - 74 years","M","","N","unavailable","unavailable",3
202410,"unavailable","DXB","AKL","P","A","AU","unavailable","unavailable","55 - 64 years","F","","N","unavailable","unavailable",3
202410,"unavailable","MEL","CHC","P","A","DE","unavailable","unavailable","25 - 34 years","M","","N","unavailable","unavailable",3
202410,"unavailable","SYD","AKL","P","A","AU","unavailable","unavailable","75+","M","","N","unavailable","unavailable",3
202410,"unavailable","SYD","AKL","P","A","VN","unavailable","unavailable","25 - 34 years","M","","N","unavailable","unavailable",3
202410,"unavailable","HKG","AKL","P","A","KR","unavailable","unavailable","35 - 44 years","M","","N","unavailable","unavailable",3
202410,"unavailable","YVR","AKL","P","A","FR","unavailable","unavailable","19 - 24 years","M","","N","unavailable","unavailable",3
202410,"unavailable","SIN","CHC","P","A","KH","unavailable","unavailable","35 - 44 years","F","","N","unavailable","unavailable",3
202410,"unavailable","LAX","AKL","P","A","BE","unavailable","unavailable","19 - 24 years","M","","N","unavailable","unavailable",3
202410,"unavailable","DOH","AKL","P","A","NL","unavailable","unavailable","19 - 24 years","F","","N","unavailable","unavailable",3
202410,"unavailable","SYD","AKL","P","A","HU","unavailable","unavailable","25 - 34 years","M","","N","unavailable","unavailable",3
202410,"unavailable","SIN","AKL","P","A","KR","unavailable","unavailable","25 - 34 years","M","","N","unavailable","unavailable",3
202410,"unavailable","SHA","AKL","P","A","XX","unavailable","unavailable","01 - 11 years","M","","N","unavailable","unavailable",3
202410,"unavailable","MEL","AKL","P","A","SE","unavailable","unavailable","25 - 34 years","F","","N","unavailable","unavailable",3
202410,"unavailable","MEL","AKL","P","A","FR","unavailable","unavailable","25 - 34 years","F","","N","unavailable","unavailable",3
202410,"unavailable","SIN","AKL","P","A","MY","unavailable","unavailable","19 - 24 years","M","","N","unavailable","unavailable",3
202410,"unavailable","BNE","AKL","P","A","PH","unavailable","unavailable","35 - 44 years","F","","N","unavailable","unavailable",3
202410,"unavailable","IAH","AKL","P","A","MX","unavailable","unavailable","35 - 44 years","F","","N","unavailable","unavailable",3
202410,"unavailable","DPS","AKL","P","A","GB","unavailable","unavailable","25 - 34 years","M","","N","unavailable","unavailable",3
202410,"unavailable","SYD","WLG","P","A","PT","unavailable","unavailable","19 - 24 years","M","","N","unavailable","unavailable",3
202410,"unavailable","HKG","AKL","P","A","BD","unavailable","unavailable","35 - 44 years","M","","N","unavailable","unavailable",3
202410,"unavailable","SZX","AKL","P","A","BE","unavailable","unavailable","25 - 34 years","M","","N","unavailable","unavailable",3
202410,"unavailable","CAN","AKL","P","A","GB","unavailable","unavailable","19 - 24 years","F","","N","unavailable","unavailable",3
202410,"unavailable","SHA","AKL","P","A","HU","unavailable","unavailable","25 - 34 years","F","","N","unavailable","unavailable",3
202410,"unavailable","SYD","WLG","P","A","ID","unavailable","unavailable","01 - 11 years","M","","N","unavailable","unavailable",3
202410,"unavailable","MEL","WLG","P","A","IN","unavailable","unavailable","35 - 44 years","M","","N","unavailable","unavailable",3
202410,"unavailable","KUL","AKL","P","A","GB","unavailable","unavailable","01 - 11 years","M","","N","unavailable","unavailable",3
202410,"unavailable","KUL","AKL","P","A","IN","unavailable","unavailable","12 - 18 years","F","","N","unavailable","unavailable",3
202410,"unavailable","TPE","AKL","P","A","PH","unavailable","unavailable","25 - 34 years","F","","N","unavailable","unavailable",3
202410,"unavailable","OOL","AKL","P","A","AU","unavailable","unavailable","12 - 18 years","M","","N","unavailable","unavailable",3
202410,"unavailable","MEL","CHC","P","A","GB","unavailable","unavailable","45 - 54 years","F","","N","unavailable","unavailable",3
202410,"unavailable","SIN","CHC","P","A","IL","unavailable","unavailable","35 - 44 years","M","","N","unavailable","unavailable",3
202410,"unavailable","SYD","CHC","P","A","AU","unavailable","unavailable","45 - 54 years","M","","N","unavailable","unavailable",3
202410,"unavailable","SZX","AKL","P","A","GB","unavailable","unavailable","25 - 34 years","F","","N","unavailable","unavailable",3
202410,"unavailable","CAN","AKL","P","A","NP","unavailable","unavailable","55 - 64 years","M","","N","unavailable","unavailable",3
202410,"unavailable","MEL","CHC","P","A","GB","unavailable","unavailable","12 - 18 years","F","","N","unavailable","unavailable",3
202410,"unavailable","SIN","CHC","P","A","GB","unavailable","unavailable","25 - 34 years","F","","N","unavailable","unavailable",3
202410,"unavailable","SYD","ZQN","P","A","HK","unavailable","unavailable","25 - 34 years","F","","N","unavailable","unavailable",3
202410,"unavailable","SEL","AKL","P","A","CZ","unavailable","unavailable","19 - 24 years","M","","N","unavailable","unavailable",3
202410,"unavailable","CAN","AKL","P","A","XX","unavailable","unavailable","19 - 24 years","F","","N","unavailable","unavailable",3
202410,"unavailable","SIN","CHC","P","A","AT","unavailable","unavailable","45 - 54 years","F","","N","unavailable","unavailable",3
202410,"unavailable","HKG","AKL","P","A","XX","unavailable","unavailable","45 - 54 years","F","","N","unavailable","unavailable",3
202410,"unavailable","SZX","AKL","P","A","IE","unavailable","unavailable","19 - 24 years","M","","N","unavailable","unavailable",3
202410,"unavailable","OOL","CHC","P","A","AU","unavailable","unavailable","45 - 54 years","M","","N","unavailable","unavailable",3
202410,"unavailable","PER","AKL","P","A","AU","unavailable","unavailable","35 - 44 years","M","","N","unavailable","unavailable",3
202410,"unavailable","KUL","AKL","P","A","GB","unavailable","unavailable","19 - 24 years","F","","N","unavailable","unavailable",3
202410,"unavailable","HKG","AKL","P","A","TH","unavailable","unavailable","19 - 24 years","F","","N","unavailable","unavailable",3
202410,"unavailable","BNE","CHC","P","A","JP","unavailable","unavailable","25 - 34 years","F","","N","unavailable","unavailable",3
202410,"unavailable","PER","AKL","P","A","XX","unavailable","unavailable","35 - 44 years","M","","N","unavailable","unavailable",3
202410,"unavailable","SCL","AKL","P","A","BR","unavailable","unavailable","55 - 64 years","M","","N","unavailable","unavailable",3
202410,"unavailable","HKG","AKL","P","A","AE","unavailable","unavailable","12 - 18 years","M","","N","unavailable","unavailable",3
202410,"unavailable","SFO","AKL","P","A","XX","unavailable","unavailable","25 - 34 years","F","","N","unavailable","unavailable",3
202410,"unavailable","SZX","AKL","P","A","CN","unavailable","unavailable","55 - 64 years","M","","N","unavailable","unavailable",3
202410,"unavailable","DXB","AKL","P","A","GB","unavailable","unavailable","55 - 64 years","M","","N","unavailable","unavailable",3
202410,"unavailable","RAR","AKL","P","A","CK","unavailable","unavailable","12 - 18 years","M","","N","unavailable","unavailable",3
202410,"unavailable","HNL","AKL","P","A","DE","unavailable","unavailable","25 - 34 years","F","","N","unavailable","unavailable",3
202410,"unavailable","DOH","AKL","P","A","CZ","unavailable","unavailable","19 - 24 years","F","","N","unavailable","unavailable",3
202410,"unavailable","LAX","AKL","P","A","IE","unavailable","unavailable","35 - 44 years","M","","N","unavailable","unavailable",3
202410,"unavailable","SCL","AKL","P","A","MX","unavailable","unavailable","35 - 44 years","M","","N","unavailable","unavailable",3
202410,"unavailable","HKG","AKL","P","A","CH","unavailable","unavailable","25 - 34 years","M","","N","unavailable","unavailable",3
202410,"unavailable","MEL","WLG","P","A","LV","unavailable","unavailable","25 - 34 years","F","","N","unavailable","unavailable",3
202410,"unavailable","SFO","AKL","P","A","DE","unavailable","unavailable","19 - 24 years","M","","N","unavailable","unavailable",3
202410,"unavailable","DXB","AKL","P","A","BD","unavailable","unavailable","Less than 1 year","F","","N","unavailable","unavailable",3
202410,"unavailable","PEK","AKL","P","A","DE","unavailable","unavailable","25 - 34 years","M","","N","unavailable","unavailable",3
202410,"unavailable","NAN","AKL","P","A","IN","unavailable","unavailable","25 - 34 years","M","","N","unavailable","unavailable",3
202410,"unavailable","SYD","CHC","P","A","IN","unavailable","unavailable","55 - 64 years","F","","N","unavailable","unavailable",3
202410,"unavailable","SIN","AKL","P","A","DE","unavailable","unavailable","12 - 18 years","F","","N","unavailable","unavailable",3
202410,"unavailable","IAH","AKL","P","A","GB","unavailable","unavailable","45 - 54 years","M","","N","unavailable","unavailable",3
202410,"unavailable","SIN","AKL","P","A","FJ","unavailable","unavailable","35 - 44 years","F","","N","unavailable","unavailable",3
202410,"unavailable","DXB","AKL","P","A","IN","unavailable","unavailable","35 - 44 years","M","","N","unavailable","unavailable",3
202410,"unavailable","BNE","WLG","P","A","XX","unavailable","unavailable","55 - 64 years","F","","N","unavailable","unavailable",3
202410,"unavailable","SCL","AKL","P","A","GB","unavailable","unavailable","25 - 34 years","M","","N","unavailable","unavailable",3
202410,"unavailable","LAX","AKL","P","A","JM","unavailable","unavailable","01 - 11 years","M","","N","unavailable","unavailable",3
202410,"unavailable","CAN","CHC","P","A","CN","unavailable","unavailable","65 - 74 years","F","","N","unavailable","unavailable",3
202410,"unavailable","BNE","AKL","P","A","CZ","unavailable","unavailable","19 - 24 years","F","","N","unavailable","unavailable",3
202410,"unavailable","SIN","AKL","P","A","ZW","unavailable","unavailable","01 - 11 years","M","","N","unavailable","unavailable",3
202410,"unavailable","BNE","AKL","P","A","XX","unavailable","unavailable","65 - 74 years","M","","N","unavailable","unavailable",3
202410,"unavailable","SIN","CHC","P","A","IN","unavailable","unavailable","Less than 1 year","M","","N","unavailable","unavailable",3
202410,"unavailable","DOH","AKL","P","A","SA","unavailable","unavailable","35 - 44 years","M","","N","unavailable","unavailable",3
202410,"unavailable","MEL","CHC","P","A","XX","unavailable","unavailable","55 - 64 years","M","","N","unavailable","unavailable",3
202410,"unavailable","SZX","AKL","P","A","AU","unavailable","unavailable","19 - 24 years","M","","N","unavailable","unavailable",3
202410,"unavailable","PPT","AKL","P","A","CA","unavailable","unavailable","19 - 24 years","M","","N","unavailable","unavailable",3
202410,"unavailable","SCL","AKL","P","A","DE","unavailable","unavailable","25 - 34 years","M","","N","unavailable","unavailable",3
202410,"unavailable","TBU","AKL","P","A","TO","unavailable","unavailable","25 - 34 years","F","","N","unavailable","unavailable",3
202410,"unavailable","SIN","AKL","P","A","PH","unavailable","unavailable","55 - 64 years","F","","N","unavailable","unavailable",3
202410,"unavailable","SYD","CHC","P","A","GB","unavailable","unavailable","19 - 24 years","F","","N","unavailable","unavailable",3
202410,"unavailable","CAN","AKL","P","A","NP","unavailable","unavailable","35 - 44 years","M","","N","unavailable","unavailable",3
202410,"unavailable","DXB","AKL","P","A","DE","unavailable","unavailable","19 - 24 years","M","","N","unavailable","unavailable",3
202410,"unavailable","SCL","AKL","P","A","UY","unavailable","unavailable","19 - 24 years","F","","N","unavailable","unavailable",3
202410,"unavailable","PER","AKL","P","A","AU","unavailable","unavailable","35 - 44 years","F","","N","unavailable","unavailable",3
202410,"unavailable","CAN","AKL","P","A","BD","unavailable","unavailable","01 - 11 years","M","","N","unavailable","unavailable",3
202410,"unavailable","SYD","WLG","P","A","ID","unavailable","unavailable","25 - 34 years","F","","N","unavailable","unavailable",3
202410,"unavailable","SYD","AKL","P","A","PH","unavailable","unavailable","55 - 64 years","M","","N","unavailable","unavailable",3
202410,"unavailable","APW","AKL","P","A","AU","unavailable","unavailable","45 - 54 years","F","","N","unavailable","unavailable",3
202410,"unavailable","DOH","AKL","P","A","BH","unavailable","unavailable","25 - 34 years","M","","N","unavailable","unavailable",3
202410,"unavailable","IAH","AKL","P","A","GB","unavailable","unavailable","75+","M","","N","unavailable","unavailable",3
202410,"unavailable","SHA","AKL","P","A","US","unavailable","unavailable","25 - 34 years","F","","N","unavailable","unavailable",3
202410,"unavailable","NAN","AKL","P","A","CA","unavailable","unavailable","01 - 11 years","F","","N","unavailable","unavailable",3
202410,"unavailable","DPS","AKL","P","A","XX","unavailable","unavailable","35 - 44 years","M","","N","unavailable","unavailable",3
202410,"unavailable","SHA","AKL","P","A","LK","unavailable","unavailable","19 - 24 years","M","","N","unavailable","unavailable",3
202410,"unavailable","MEL","AKL","P","A","PH","unavailable","unavailable","12 - 18 years","F","","N","unavailable","unavailable",3
202410,"unavailable","NAN","AKL","P","A","IL","unavailable","unavailable","19 - 24 years","F","","N","unavailable","unavailable",3
202410,"unavailable","SYD","WLG","P","A","ZA","unavailable","unavailable","35 - 44 years","F","","N","unavailable","unavailable",3
202410,"unavailable","PEK","AKL","P","A","XX","unavailable","unavailable","25 - 34 years","M","","N","unavailable","unavailable",3
202410,"unavailable","SCL","AKL","P","A","CO","unavailable","unavailable","25 - 34 years","F","","N","unavailable","unavailable",3
202410,"unavailable","HKG","AKL","P","A","BW","unavailable","unavailable","12 - 18 years","F","","N","unavailable","unavailable",3
202410,"unavailable","DPS","AKL","P","A","GB","unavailable","unavailable","45 - 54 years","M","","N","unavailable","unavailable",3
202410,"unavailable","BNE","AKL","P","A","IE","unavailable","unavailable","25 - 34 years","F","","N","unavailable","unavailable",3
202410,"unavailable","SIN","AKL","P","A","LK","unavailable","unavailable","12 - 18 years","M","","N","unavailable","unavailable",3
202410,"unavailable","SIN","CHC","P","A","DE","unavailable","unavailable","65 - 74 years","M","","N","unavailable","unavailable",3
202410,"unavailable","MEL","CHC","P","A","PH","unavailable","unavailable","35 - 44 years","F","","N","unavailable","unavailable",3
202410,"unavailable","DXB","AKL","P","A","DE","unavailable","unavailable","25 - 34 years","M","","N","unavailable","unavailable",3
202410,"unavailable","KUL","AKL","P","A","XX","unavailable","unavailable","01 - 11 years","M","","N","unavailable","unavailable",3
202410,"unavailable","SHA","AKL","P","A","AU","unavailable","unavailable","19 - 24 years","F","","N","unavailable","unavailable",3
202410,"unavailable","NAN","CHC","P","A","CA","unavailable","unavailable","25 - 34 years","M","","N","unavailable","unavailable",3
202410,"unavailable","CAN","AKL","P","A","TH","unavailable","unavailable","25 - 34 years","F","","N","unavailable","unavailable",3
202410,"unavailable","PPT","AKL","P","A","CN","unavailable","unavailable","25 - 34 years","F","","N","unavailable","unavailable",3
202410,"unavailable","DOH","AKL","P","A","OM","unavailable","unavailable","35 - 44 years","M","","N","unavailable","unavailable",3
202410,"unavailable","DXB","AKL","P","A","GB","unavailable","unavailable","45 - 54 years","M","","N","unavailable","unavailable",3
202410,"unavailable","IAH","AKL","P","A","US","unavailable","unavailable","35 - 44 years","F","","N","unavailable","unavailable",3
202410,"unavailable","YVR","AKL","P","A","XX","unavailable","unavailable","01 - 11 years","M","","N","unavailable","unavailable",3
202410,"unavailable","LAX","AKL","P","A","GB","unavailable","unavailable","75+","M","","N","unavailable","unavailable",3
202410,"unavailable","IAH","AKL","P","A","GB","unavailable","unavailable","01 - 11 years","F","","N","unavailable","unavailable",3
202410,"unavailable","IAH","AKL","P","A","CZ","unavailable","unavailable","45 - 54 years","M","","N","unavailable","unavailable",3
202410,"unavailable","MEL","ZQN","P","A","GB","unavailable","unavailable","12 - 18 years","M","","N","unavailable","unavailable",3
202410,"unavailable","SFO","AKL","P","A","US","unavailable","unavailable","65 - 74 years","F","","N","unavailable","unavailable",3
202410,"unavailable","HKG","AKL","P","A","MM","unavailable","unavailable","25 - 34 years","M","","N","unavailable","unavailable",3
202410,"unavailable","NAN","CHC","P","A","JP","unavailable","unavailable","35 - 44 years","F","","N","unavailable","unavailable",3
202410,"unavailable","NAN","AKL","P","A","TV","unavailable","unavailable","01 - 11 years","F","","N","unavailable","unavailable",3
202410,"unavailable","PEK","AKL","P","A","CN","unavailable","unavailable","Less than 1 year","M","","N","unavailable","unavailable",3
202410,"unavailable","SIN","AKL","P","A","SG","unavailable","unavailable","65 - 74 years","F","","N","unavailable","unavailable",3
202410,"unavailable","LAX","AKL","P","A","AT","unavailable","unavailable","45 - 54 years","F","","N","unavailable","unavailable",3
202410,"unavailable","SCL","AKL","P","A","CO","unavailable","unavailable","01 - 11 years","M","","N","unavailable","unavailable",3
202410,"unavailable","HKG","AKL","P","A","HK","unavailable","unavailable","01 - 11 years","F","","N","unavailable","unavailable",3
202410,"unavailable","CAN","AKL","P","A","BD","unavailable","unavailable","25 - 34 years","M","","N","unavailable","unavailable",3
202410,"unavailable","SIN","AKL","P","A","ZW","unavailable","unavailable","35 - 44 years","F","","N","unavailable","unavailable",3
202410,"unavailable","SYD","ZQN","P","A","DE","unavailable","unavailable","25 - 34 years","F","","N","unavailable","unavailable",3
202410,"unavailable","CAN","AKL","P","A","PK","unavailable","unavailable","01 - 11 years","M","","N","unavailable","unavailable",3
202410,"unavailable","MEL","AKL","P","A","PH","unavailable","unavailable","12 - 18 years","M","","N","unavailable","unavailable",3
202410,"unavailable","OOL","AKL","P","A","AU","unavailable","unavailable","19 - 24 years","M","","N","unavailable","unavailable",3
202410,"unavailable","BNE","AKL","P","A","XX","unavailable","unavailable","Less than 1 year","M","","N","unavailable","unavailable",3
202410,"unavailable","MEL","CHC","P","A","LK","unavailable","unavailable","12 - 18 years","F","","N","unavailable","unavailable",3
202410,"unavailable","NAN","AKL","P","A","TV","unavailable","unavailable","25 - 34 years","F","","N","unavailable","unavailable",3
202410,"unavailable","SYD","CHC","P","A","SZ","unavailable","unavailable","12 - 18 years","F","","N","unavailable","unavailable",3
202410,"unavailable","SHA","AKL","P","A","MY","unavailable","unavailable","12 - 18 years","F","","N","unavailable","unavailable",3
202410,"unavailable","DFW","AKL","P","A","US","unavailable","unavailable","65 - 74 years","F","","N","unavailable","unavailable",3
202410,"unavailable","APW","AKL","P","A","WS","unavailable","unavailable","55 - 64 years","F","","N","unavailable","unavailable",3
202410,"unavailable","TBU","AKL","P","A","TO","unavailable","unavailable","12 - 18 years","M","","N","unavailable","unavailable",3
202410,"unavailable","SIN","AKL","P","A","GB","unavailable","unavailable","19 - 24 years","M","","N","unavailable","unavailable",3
202410,"unavailable","SYD","WLG","P","A","PH","unavailable","unavailable","12 - 18 years","F","","N","unavailable","unavailable",3
202410,"unavailable","KUL","AKL","P","A","LK","unavailable","unavailable","01 - 11 years","F","","N","unavailable","unavailable",3
202410,"unavailable","HKG","AKL","P","A","CN","unavailable","unavailable","55 - 64 years","M","","N","unavailable","unavailable",3
202410,"unavailable","SHA","AKL","P","A","DE","unavailable","unavailable","19 - 24 years","F","","N","unavailable","unavailable",3
202410,"unavailable","HKG","AKL","P","A","IE","unavailable","unavailable","19 - 24 years","F","","N","unavailable","unavailable",3
202410,"unavailable","SYD","CHC","P","A","ZA","unavailable","unavailable","25 - 34 years","M","","N","unavailable","unavailable",3
202410,"unavailable","KUL","AKL","P","A","JP","unavailable","unavailable","19 - 24 years","M","","N","unavailable","unavailable",3
202410,"unavailable","NAN","AKL","P","A","KI","unavailable","unavailable","35 - 44 years","F","","N","unavailable","unavailable",3
202410,"unavailable","SYD","WLG","P","A","GB","unavailable","unavailable","25 - 34 years","F","","N","unavailable","unavailable",3
202410,"unavailable","SIN","AKL","P","A","KR","unavailable","unavailable","35 - 44 years","M","","N","unavailable","unavailable",3
202410,"unavailable","SCL","AKL","P","A","CL","unavailable","unavailable","45 - 54 years","M","","N","unavailable","unavailable",3
202410,"unavailable","KUL","AKL","P","A","XX","unavailable","unavailable","45 - 54 years","M","","N","unavailable","unavailable",3
202410,"unavailable","LAX","AKL","P","A","US","unavailable","unavailable","55 - 64 years","M","","N","unavailable","unavailable",3
202410,"unavailable","HKG","AKL","P","A","CN","unavailable","unavailable","12 - 18 years","M","","N","unavailable","unavailable",3
202410,"unavailable","SIN","AKL","P","A","SE","unavailable","unavailable","19 - 24 years","F","","N","unavailable","unavailable",3
202410,"unavailable","DXB","AKL","P","A","XX","unavailable","unavailable","65 - 74 years","F","","N","unavailable","unavailable",3
202410,"unavailable","SYD","WLG","P","A","AU","unavailable","unavailable","19 - 24 years","M","","N","unavailable","unavailable",3
202410,"unavailable","PER","AKL","P","A","GB","unavailable","unavailable","01 - 11 years","F","","N","unavailable","unavailable",3
202410,"unavailable","IAH","AKL","P","A","US","unavailable","unavailable","45 - 54 years","M","","N","unavailable","unavailable",3
202410,"unavailable","CAN","AKL","P","A","VN","unavailable","unavailable","12 - 18 years","F","","N","unavailable","unavailable",3
202410,"unavailable","HKG","AKL","P","A","RO","unavailable","unavailable","55 - 64 years","F","","N","unavailable","unavailable",3
202410,"unavailable","HKG","AKL","P","A","XX","unavailable","unavailable","45 - 54 years","M","","N","unavailable","unavailable",3
202410,"unavailable","SCL","AKL","P","A","AU","unavailable","unavailable","35 - 44 years","M","","N","unavailable","unavailable",3
202410,"unavailable","SZX","AKL","P","A","IN","unavailable","unavailable","25 - 34 years","F","","N","unavailable","unavailable",3
202410,"unavailable","SYD","AKL","P","A","KR","unavailable","unavailable","01 - 11 years","F","","N","unavailable","unavailable",3
202410,"unavailable","CAN","CHC","P","A","CN","unavailable","unavailable","25 - 34 years","M","","N","unavailable","unavailable",3
202410,"unavailable","SIN","CHC","P","A","CN","unavailable","unavailable","19 - 24 years","M","","N","unavailable","unavailable",3
202410,"unavailable","PER","AKL","P","A","XX","unavailable","unavailable","55 - 64 years","M","","N","unavailable","unavailable",3
202410,"unavailable","OOL","AKL","P","A","AU","unavailable","unavailable","25 - 34 years","F","","N","unavailable","unavailable",3
202410,"unavailable","DXB","AKL","P","A","BD","unavailable","unavailable","19 - 24 years","F","","N","unavailable","unavailable",3
202410,"unavailable","TPE","AKL","P","A","XX","unavailable","unavailable","35 - 44 years","F","","N","unavailable","unavailable",3
202410,"unavailable","BNE","CHC","P","A","AU","unavailable","unavailable","25 - 34 years","F","","N","unavailable","unavailable",3
202410,"unavailable","HKG","AKL","P","A","XX","unavailable","unavailable","55 - 64 years","F","","N","unavailable","unavailable",3
202410,"unavailable","SYD","AKL","P","A","CN","unavailable","unavailable","19 - 24 years","M","","N","unavailable","unavailable",3
202410,"unavailable","LAX","AKL","P","A","MX","unavailable","unavailable","25 - 34 years","F","","N","unavailable","unavailable",3
202410,"unavailable","DOH","AKL","P","A","AU","unavailable","unavailable","25 - 34 years","F","","N","unavailable","unavailable",3
202410,"unavailable","SHA","AKL","P","A","JP","unavailable","unavailable","35 - 44 years","M","","N","unavailable","unavailable",3
202410,"unavailable","HKG","AKL","P","A","HK","unavailable","unavailable","12 - 18 years","F","","N","unavailable","unavailable",3
202410,"unavailable","SIN","AKL","P","A","BD","unavailable","unavailable","19 - 24 years","M","","N","unavailable","unavailable",3
202410,"unavailable","SYD","ZQN","P","A","FR","unavailable","unavailable","19 - 24 years","M","","N","unavailable","unavailable",3
202410,"unavailable","DOH","AKL","P","A","SC","unavailable","unavailable","45 - 54 years","M","","N","unavailable","unavailable",3
202410,"unavailable","MEL","AKL","P","A","SE","unavailable","unavailable","25 - 34 years","M","","N","unavailable","unavailable",3
202410,"unavailable","BNE","WLG","P","A","JP","unavailable","unavailable","25 - 34 years","F","","N","unavailable","unavailable",3
202410,"unavailable","SIN","AKL","P","A","DE","unavailable","unavailable","12 - 18 years","M","","N","unavailable","unavailable",3
202410,"unavailable","MEL","ZQN","P","A","AU","unavailable","unavailable","01 - 11 years","F","","N","unavailable","unavailable",3
202410,"unavailable","DXB","AKL","P","A","CH","unavailable","unavailable","25 - 34 years","M","","N","unavailable","unavailable",3
202410,"unavailable","DXB","AKL","P","A","SO","unavailable","unavailable","19 - 24 years","M","","N","unavailable","unavailable",3
202410,"unavailable","DXB","AKL","P","A","AE","unavailable","unavailable","01 - 11 years","M","","N","unavailable","unavailable",3
202410,"unavailable","HNL","AKL","P","A","US","unavailable","unavailable","01 - 11 years","M","","N","unavailable","unavailable",3
202410,"unavailable","MEL","AKL","P","A","JP","unavailable","unavailable","25 - 34 years","M","","N","unavailable","unavailable",3
202410,"unavailable","NAN","AKL","P","A","TO","unavailable","unavailable","01 - 11 years","F","","N","unavailable","unavailable",3
202410,"unavailable","CAN","CHC","P","A","CN","unavailable","unavailable","35 - 44 years","M","","N","unavailable","unavailable",3
202410,"unavailable","NRT","AKL","P","A","JP","unavailable","unavailable","Less than 1 year","M","","N","unavailable","unavailable",3
202410,"unavailable","HKG","AKL","P","A","KR","unavailable","unavailable","25 - 34 years","M","","N","unavailable","unavailable",3
202410,"unavailable","SCL","AKL","P","A","AR","unavailable","unavailable","35 - 44 years","F","","N","unavailable","unavailable",3
202410,"unavailable","SIN","AKL","P","A","IE","unavailable","unavailable","25 - 34 years","M","","N","unavailable","unavailable",3
202410,"unavailable","SCL","AKL","P","A","CL","unavailable","unavailable","01 - 11 years","F","","N","unavailable","unavailable",3
202410,"unavailable","LAX","AKL","P","A","FR","unavailable","unavailable","65 - 74 years","M","","N","unavailable","unavailable",3
202410,"unavailable","BNE","ZQN","P","A","IE","unavailable","unavailable","35 - 44 years","M","","N","unavailable","unavailable",3
202410,"unavailable","SFO","AKL","P","A","US","unavailable","unavailable","75+","M","","N","unavailable","unavailable",3
202410,"unavailable","DXB","AKL","P","A","BD","unavailable","unavailable","25 - 34 years","M","","N","unavailable","unavailable",3
202410,"unavailable","BNE","AKL","P","A","PH","unavailable","unavailable","01 - 11 years","M","","N","unavailable","unavailable",3
202410,"unavailable","MEL","CHC","P","A","ID","unavailable","unavailable","35 - 44 years","F","","N","unavailable","unavailable",3
202410,"unavailable","SYD","WLG","P","A","PH","unavailable","unavailable","12 - 18 years","M","","N","unavailable","unavailable",3
202410,"unavailable","SHA","AKL","P","A","US","unavailable","unavailable","19 - 24 years","M","","N","unavailable","unavailable",3
202410,"unavailable","KUL","AKL","P","A","BE","unavailable","unavailable","25 - 34 years","F","","N","unavailable","unavailable",3
202410,"unavailable","SIN","AKL","P","A","ZW","unavailable","unavailable","12 - 18 years","F","","N","unavailable","unavailable",3
202410,"unavailable","DOH","AKL","P","A","RO","unavailable","unavailable","25 - 34 years","M","","N","unavailable","unavailable",3
202410,"unavailable","SYD","WLG","P","A","IN","unavailable","unavailable","65 - 74 years","M","","N","unavailable","unavailable",3
202410,"unavailable","CAN","AKL","P","A","KH","unavailable","unavailable","01 - 11 years","M","","N","unavailable","unavailable",3
202410,"unavailable","TPE","AKL","P","A","MY","unavailable","unavailable","55 - 64 years","F","","N","unavailable","unavailable",3
202410,"unavailable","SHA","AKL","P","A","CA","unavailable","unavailable","25 - 34 years","F","","N","unavailable","unavailable",3
202410,"unavailable","BNE","AKL","P","A","SG","unavailable","unavailable","25 - 34 years","F","","N","unavailable","unavailable",3
202410,"unavailable","SIN","AKL","P","A","TR","unavailable","unavailable","25 - 34 years","M","","N","unavailable","unavailable",3
202410,"unavailable","MCY","AKL","P","A","SE","unavailable","unavailable","25 - 34 years","F","","N","unavailable","unavailable",3
202410,"unavailable","SEL","AKL","P","A","GB","unavailable","unavailable","25 - 34 years","M","","N","unavailable","unavailable",3
202410,"unavailable","IAH","AKL","P","A","FR","unavailable","unavailable","19 - 24 years","M","","N","unavailable","unavailable",3
202410,"unavailable","MEL","ZQN","P","A","AU","unavailable","unavailable","Less than 1 year","M","","N","unavailable","unavailable",3
202410,"unavailable","SYD","AKL","P","A","IN","unavailable","unavailable","35 - 44 years","F","","N","unavailable","unavailable",3
202410,"unavailable","XXA","AKL","P","A","GB","unavailable","unavailable","19 - 24 years","F","","N","unavailable","unavailable",3
202410,"unavailable","RAR","AKL","P","A","CK","unavailable","unavailable","45 - 54 years","M","","N","unavailable","unavailable",3
202410,"unavailable","SYD","AKL","P","A","IE","unavailable","unavailable","25 - 34 years","F","","N","unavailable","unavailable",3
202410,"unavailable","SYD","CHC","P","A","BE","unavailable","unavailable","25 - 34 years","M","","N","unavailable","unavailable",3
202410,"unavailable","BNE","WLG","P","A","AU","unavailable","unavailable","35 - 44 years","F","","N","unavailable","unavailable",3
202410,"unavailable","NRT","AKL","P","A","JP","unavailable","unavailable","Less than 1 year","F","","N","unavailable","unavailable",3
202410,"unavailable","DPS","AKL","P","A","ID","unavailable","unavailable","45 - 54 years","F","","N","unavailable","unavailable",3
202410,"unavailable","DOH","AKL","P","A","AE","unavailable","unavailable","01 - 11 years","F","","N","unavailable","unavailable",3
202410,"unavailable","SYD","AKL","P","A","CA","unavailable","unavailable","35 - 44 years","M","","N","unavailable","unavailable",3
202410,"unavailable","SIN","AKL","P","A","LK","unavailable","unavailable","19 - 24 years","M","","N","unavailable","unavailable",3
202410,"unavailable","CAN","AKL","P","A","XX","unavailable","unavailable","Less than 1 year","F","","N","unavailable","unavailable",3
202410,"unavailable","YVR","AKL","P","A","DE","unavailable","unavailable","65 - 74 years","M","","N","unavailable","unavailable",3
202410,"unavailable","MEL","ZQN","P","A","AU","unavailable","unavailable","19 - 24 years","F","","N","unavailable","unavailable",3
202410,"unavailable","DXB","AKL","P","A","GB","unavailable","unavailable","19 - 24 years","F","","N","unavailable","unavailable",3
202410,"unavailable","MEL","AKL","P","A","XX","unavailable","unavailable","19 - 24 years","M","","N","unavailable","unavailable",3
202410,"unavailable","BNE","AKL","P","A","TW","unavailable","unavailable","01 - 11 years","M","","N","unavailable","unavailable",3
202410,"unavailable","OOL","WLG","P","A","AU","unavailable","unavailable","25 - 34 years","M","","N","unavailable","unavailable",3
202410,"unavailable","IAH","AKL","P","A","GB","unavailable","unavailable","65 - 74 years","F","","N","unavailable","unavailable",3
202410,"unavailable","SIN","AKL","P","A","KW","unavailable","unavailable","35 - 44 years","M","","N","unavailable","unavailable",3
202410,"unavailable","BNE","WLG","P","A","AU","unavailable","unavailable","01 - 11 years","F","","N","unavailable","unavailable",3
202410,"unavailable","MEL","ZQN","P","A","CA","unavailable","unavailable","19 - 24 years","F","","N","unavailable","unavailable",3
202410,"unavailable","BNE","WLG","P","A","AU","unavailable","unavailable","55 - 64 years","F","","N","unavailable","unavailable",3
202410,"unavailable","RAR","AKL","P","A","CK","unavailable","unavailable","65 - 74 years","F","","N","unavailable","unavailable",3
202410,"unavailable","HKG","AKL","P","A","VN","unavailable","unavailable","35 - 44 years","M","","N","unavailable","unavailable",3
202410,"unavailable","SCL","AKL","P","A","BR","unavailable","unavailable","45 - 54 years","F","","N","unavailable","unavailable",3
202410,"unavailable","KUL","AKL","P","A","PH","unavailable","unavailable","12 - 18 years","F","","N","unavailable","unavailable",3
202410,"unavailable","CAN","CHC","P","A","GB","unavailable","unavailable","25 - 34 years","M","","N","unavailable","unavailable",3
202410,"unavailable","YVR","AKL","P","A","GB","unavailable","unavailable","19 - 24 years","F","","N","unavailable","unavailable",3
202410,"unavailable","SYD","AKL","P","A","CN","unavailable","unavailable","55 - 64 years","M","","N","unavailable","unavailable",3
202410,"unavailable","SYD","AKL","P","A","GB","unavailable","unavailable","45 - 54 years","M","","N","unavailable","unavailable",3
202410,"unavailable","RAR","AKL","P","A","XX","unavailable","unavailable","25 - 34 years","F","","N","unavailable","unavailable",3
202410,"unavailable","DXB","AKL","P","A","AF","unavailable","unavailable","12 - 18 years","F","","N","unavailable","unavailable",3
202410,"unavailable","CAN","AKL","P","A","CN","unavailable","unavailable","Less than 1 year","M","","N","unavailable","unavailable",3
202410,"unavailable","YVR","AKL","P","A","CZ","unavailable","unavailable","25 - 34 years","M","","N","unavailable","unavailable",3
202410,"unavailable","XXA","AKL","P","A","DE","unavailable","unavailable","25 - 34 years","M","","N","unavailable","unavailable",3
202410,"unavailable","SIN","AKL","P","A","XX","unavailable","unavailable","Less than 1 year","M","","N","unavailable","unavailable",3
202410,"unavailable","DXB","AKL","P","A","ZA","unavailable","unavailable","12 - 18 years","M","","N","unavailable","unavailable",3
202410,"unavailable","SIN","AKL","P","A","AE","unavailable","unavailable","25 - 34 years","F","","N","unavailable","unavailable",3
202410,"unavailable","LAX","AKL","P","A","GB","unavailable","unavailable","55 - 64 years","F","","N","unavailable","unavailable",3
202410,"unavailable","SYD","AKL","P","A","DE","unavailable","unavailable","19 - 24 years","M","","N","unavailable","unavailable",3
202410,"unavailable","SHA","AKL","P","A","VN","unavailable","unavailable","35 - 44 years","M","","N","unavailable","unavailable",3
202410,"unavailable","XXA","AKL","P","A","BE","unavailable","unavailable","19 - 24 years","M","","N","unavailable","unavailable",3
202410,"unavailable","DXB","AKL","P","A","LV","unavailable","unavailable","45 - 54 years","M","","N","unavailable","unavailable",3
202410,"unavailable","SHA","AKL","P","A","GB","unavailable","unavailable","35 - 44 years","F","","N","unavailable","unavailable",3
202410,"unavailable","DPS","AKL","P","A","XX","unavailable","unavailable","25 - 34 years","F","","N","unavailable","unavailable",3
202410,"unavailable","DXB","AKL","P","A","IR","unavailable","unavailable","75+","M","","N","unavailable","unavailable",3
202410,"unavailable","BNE","CHC","P","A","XX","unavailable","unavailable","65 - 74 years","F","","N","unavailable","unavailable",3
202410,"unavailable","KUL","AKL","P","A","LK","unavailable","unavailable","35 - 44 years","M","","N","unavailable","unavailable",3
202410,"unavailable","XXA","AKL","P","A","DE","unavailable","unavailable","12 - 18 years","F","","N","unavailable","unavailable",3
202410,"unavailable","SZX","AKL","P","A","BE","unavailable","unavailable","25 - 34 years","F","","N","unavailable","unavailable",3
202410,"unavailable","SIN","AKL","P","A","BD","unavailable","unavailable","01 - 11 years","M","","N","unavailable","unavailable",3
202410,"unavailable","BNE","CHC","P","A","GB","unavailable","unavailable","25 - 34 years","F","","N","unavailable","unavailable",3
202410,"unavailable","BNE","CHC","P","A","PG","unavailable","unavailable","12 - 18 years","M","","N","unavailable","unavailable",3
202410,"unavailable","SYD","CHC","P","A","KR","unavailable","unavailable","55 - 64 years","F","","N","unavailable","unavailable",3
202410,"unavailable","XXA","AKL","P","A","DE","unavailable","unavailable","19 - 24 years","F","","N","unavailable","unavailable",3
202410,"unavailable","MEL","AKL","P","A","TH","unavailable","unavailable","35 - 44 years","M","","N","unavailable","unavailable",3
202410,"unavailable","BNE","ZQN","P","A","AU","unavailable","unavailable","25 - 34 years","F","","N","unavailable","unavailable",3
202410,"unavailable","SIN","AKL","P","A","AU","unavailable","unavailable","35 - 44 years","F","","N","unavailable","unavailable",3
202410,"unavailable","RAR","AKL","P","A","CK","unavailable","unavailable","75+","M","","N","unavailable","unavailable",3
202410,"unavailable","SYD","AKL","P","A","ID","unavailable","unavailable","01 - 11 years","M","","N","unavailable","unavailable",3
202410,"unavailable","SHA","AKL","P","A","PH","unavailable","unavailable","19 - 24 years","F","","N","unavailable","unavailable",3
202410,"unavailable","LAX","AKL","P","A","XX","unavailable","unavailable","55 - 64 years","M","","N","unavailable","unavailable",3
202410,"unavailable","KUL","AKL","P","A","DE","unavailable","unavailable","25 - 34 years","M","","N","unavailable","unavailable",3
202410,"unavailable","SIN","AKL","P","A","IN","unavailable","unavailable","Less than 1 year","M","","N","unavailable","unavailable",3
202410,"unavailable","HKG","AKL","P","A","FR","unavailable","unavailable","25 - 34 years","M","","N","unavailable","unavailable",3
202410,"unavailable","NAN","CHC","P","A","AU","unavailable","unavailable","01 - 11 years","M","","N","unavailable","unavailable",3
202410,"unavailable","NAN","AKL","P","A","TO","unavailable","unavailable","19 - 24 years","F","","N","unavailable","unavailable",3
202410,"unavailable","NAN","AKL","P","A","XX","unavailable","unavailable","35 - 44 years","F","","N","unavailable","unavailable",3
202410,"unavailable","OOL","CHC","P","A","AU","unavailable","unavailable","25 - 34 years","F","","N","unavailable","unavailable",3
202410,"unavailable","DOH","AKL","P","A","FJ","unavailable","unavailable","35 - 44 years","F","","N","unavailable","unavailable",3
202410,"unavailable","MEL","AKL","P","A","FI","unavailable","unavailable","25 - 34 years","M","","N","unavailable","unavailable",3
202410,"unavailable","DXB","AKL","P","A","AF","unavailable","unavailable","45 - 54 years","M","","N","unavailable","unavailable",3
202410,"unavailable","HKG","AKL","P","A","AE","unavailable","unavailable","35 - 44 years","F","","N","unavailable","unavailable",3
202410,"unavailable","NAN","AKL","P","A","WS","unavailable","unavailable","19 - 24 years","F","","N","unavailable","unavailable",3
202410,"unavailable","KUL","AKL","P","A","SG","unavailable","unavailable","45 - 54 years","M","","N","unavailable","unavailable",3
202410,"unavailable","NRT","AKL","P","A","JP","unavailable","unavailable","01 - 11 years","M","","N","unavailable","unavailable",3
202410,"unavailable","PEK","AKL","P","A","GB","unavailable","unavailable","01 - 11 years","F","","N","unavailable","unavailable",3
202410,"unavailable","NAN","CHC","P","A","US","unavailable","unavailable","25 - 34 years","F","","N","unavailable","unavailable",3
202410,"unavailable","NAN","AKL","P","A","XX","unavailable","unavailable","19 - 24 years","M","","N","unavailable","unavailable",3
202410,"unavailable","DXB","AKL","P","A","ZA","unavailable","unavailable","19 - 24 years","M","","N","unavailable","unavailable",3
202410,"unavailable","NAN","AKL","P","A","DE","unavailable","unavailable","25 - 34 years","F","","N","unavailable","unavailable",3
202410,"unavailable","SIN","CHC","P","A","SG","unavailable","unavailable","01 - 11 years","F","","N","unavailable","unavailable",3
202410,"unavailable","SEL","AKL","P","A","KR","unavailable","unavailable","65 - 74 years","M","","N","unavailable","unavailable",3
202410,"unavailable","PPT","AKL","P","A","XX","unavailable","unavailable","25 - 34 years","M","","N","unavailable","unavailable",3
202410,"unavailable","BNE","AKL","P","A","XX","unavailable","unavailable","01 - 11 years","M","","N","unavailable","unavailable",3
202410,"unavailable","SYD","AKL","P","A","VN","unavailable","unavailable","35 - 44 years","F","","N","unavailable","unavailable",3
202410,"unavailable","SHA","AKL","P","A","AE","unavailable","unavailable","01 - 11 years","F","","N","unavailable","unavailable",3
202410,"unavailable","SIN","AKL","P","A","VN","unavailable","unavailable","25 - 34 years","M","","N","unavailable","unavailable",3
202410,"unavailable","DXB","AKL","P","A","AE","unavailable","unavailable","25 - 34 years","M","","N","unavailable","unavailable",3
202410,"unavailable","NAN","AKL","P","A","KI","unavailable","unavailable","25 - 34 years","F","","N","unavailable","unavailable",3
202410,"unavailable","SYD","CHC","P","A","ZA","unavailable","unavailable","35 - 44 years","F","","N","unavailable","unavailable",3
202410,"unavailable","CAN","AKL","P","A","PK","unavailable","unavailable","Less than 1 year","F","","N","unavailable","unavailable",3
202410,"unavailable","SYD","AKL","P","A","NL","unavailable","unavailable","35 - 44 years","M","","N","unavailable","unavailable",3
202410,"unavailable","HKG","AKL","P","A","JP","unavailable","unavailable","25 - 34 years","F","","N","unavailable","unavailable",3
202410,"unavailable","DXB","AKL","P","A","ES","unavailable","unavailable","01 - 11 years","M","","N","unavailable","unavailable",3
202410,"unavailable","HKG","AKL","P","A","US","unavailable","unavailable","25 - 34 years","M","","N","unavailable","unavailable",3
202410,"unavailable","TPE","AKL","P","A","TW","unavailable","unavailable","35 - 44 years","M","","N","unavailable","unavailable",3
202410,"unavailable","DXB","AKL","P","A","MU","unavailable","unavailable","25 - 34 years","M","","N","unavailable","unavailable",3
202410,"unavailable","NAN","CHC","P","A","WS","unavailable","unavailable","25 - 34 years","F","","N","unavailable","unavailable",3
202410,"unavailable","TPE","AKL","P","A","TW","unavailable","unavailable","25 - 34 years","F","","N","unavailable","unavailable",3
202410,"unavailable","SIN","AKL","P","A","NL","unavailable","unavailable","55 - 64 years","F","","N","unavailable","unavailable",3
202410,"unavailable","NAN","AKL","P","A","IN","unavailable","unavailable","35 - 44 years","M","","N","unavailable","unavailable",3
202410,"unavailable","XXA","AKL","P","A","AU","unavailable","unavailable","35 - 44 years","M","","N","unavailable","unavailable",3
202410,"unavailable","MEL","CHC","P","A","LK","unavailable","unavailable","25 - 34 years","F","","N","unavailable","unavailable",3
202410,"unavailable","LAX","AKL","P","A","CA","unavailable","unavailable","25 - 34 years","M","","N","unavailable","unavailable",3
202410,"unavailable","HKG","AKL","P","A","HK","unavailable","unavailable","12 - 18 years","M","","N","unavailable","unavailable",3
202410,"unavailable","DOH","AKL","P","A","CZ","unavailable","unavailable","25 - 34 years","F","","N","unavailable","unavailable",3
202410,"unavailable","SYD","CHC","P","A","XX","unavailable","unavailable","12 - 18 years","F","","N","unavailable","unavailable",3
202410,"unavailable","HKG","AKL","P","A","CN","unavailable","unavailable","01 - 11 years","F","","N","unavailable","unavailable",3
202410,"unavailable","SCL","AKL","P","A","CO","unavailable","unavailable","19 - 24 years","M","","N","unavailable","unavailable",3
202410,"unavailable","DXB","AKL","P","A","IT","unavailable","unavailable","35 - 44 years","F","","N","unavailable","unavailable",3
202410,"unavailable","DOH","AKL","P","A","XX","unavailable","unavailable","19 - 24 years","F","","N","unavailable","unavailable",3
202410,"unavailable","SIN","CHC","P","A","IN","unavailable","unavailable","55 - 64 years","F","","N","unavailable","unavailable",3
202410,"unavailable","DOH","AKL","P","A","ZA","unavailable","unavailable","35 - 44 years","M","","N","unavailable","unavailable",3
202410,"unavailable","XXA","AKL","P","A","KR","unavailable","unavailable","25 - 34 years","F","","N","unavailable","unavailable",3
202410,"unavailable","DOH","AKL","P","A","XX","unavailable","unavailable","01 - 11 years","M","","N","unavailable","unavailable",3
202410,"unavailable","SYD","AKL","P","A","FR","unavailable","unavailable","25 - 34 years","F","","N","unavailable","unavailable",3
202410,"unavailable","NOU","OPX","P","A","XX","unavailable","unavailable","55 - 64 years","F","","N","unavailable","unavailable",3
202410,"unavailable","SYD","AKL","P","A","TH","unavailable","unavailable","65 - 74 years","M","","N","unavailable","unavailable",3
202410,"unavailable","KUL","AKL","P","A","NL","unavailable","unavailable","25 - 34 years","F","","N","unavailable","unavailable",3
202410,"unavailable","KUL","AKL","P","A","LK","unavailable","unavailable","25 - 34 years","F","","N","unavailable","unavailable",3
202410,"unavailable","SIN","CHC","P","A","KR","unavailable","unavailable","35 - 44 years","M","","N","unavailable","unavailable",3
202410,"unavailable","SIN","AKL","P","A","ID","unavailable","unavailable","25 - 34 years","F","","N","unavailable","unavailable",3
202410,"unavailable","DXB","AKL","P","A","AF","unavailable","unavailable","25 - 34 years","M","","N","unavailable","unavailable",3
202410,"unavailable","MEL","AKL","P","A","AU","unavailable","unavailable","65 - 74 years","F","","N","unavailable","unavailable",3
202410,"unavailable","SZX","AKL","P","A","CN","unavailable","unavailable","45 - 54 years","F","","N","unavailable","unavailable",3
202410,"unavailable","MEL","WLG","P","A","AU","unavailable","unavailable","65 - 74 years","F","","N","unavailable","unavailable",3
202410,"unavailable","DXB","AKL","P","A","IR","unavailable","unavailable","19 - 24 years","F","","N","unavailable","unavailable",3
202410,"unavailable","SIN","AKL","P","A","GB","unavailable","unavailable","75+","M","","N","unavailable","unavailable",3
202410,"unavailable","HKG","AKL","P","A","MO","unavailable","unavailable","35 - 44 years","F","","N","unavailable","unavailable",3
202410,"unavailable","SIN","CHC","P","A","GB","unavailable","unavailable","55 - 64 years","M","","N","unavailable","unavailable",3
202410,"unavailable","DOH","AKL","P","A","ZA","unavailable","unavailable","45 - 54 years","M","","N","unavailable","unavailable",3
202410,"unavailable","PPT","AKL","P","A","US","unavailable","unavailable","25 - 34 years","M","","N","unavailable","unavailable",3
202410,"unavailable","MEL","AKL","P","A","IE","unavailable","unavailable","25 - 34 years","M","","N","unavailable","unavailable",3
202410,"unavailable","SYD","WLG","P","A","FR","unavailable","unavailable","19 - 24 years","M","","N","unavailable","unavailable",3
202410,"unavailable","BNE","ZQN","P","A","AU","unavailable","unavailable","55 - 64 years","F","","N","unavailable","unavailable",3
202410,"unavailable","MEL","AKL","P","A","DE","unavailable","unavailable","25 - 34 years","M","","N","unavailable","unavailable",3
202410,"unavailable","SYD","WLG","P","A","FR","unavailable","unavailable","19 - 24 years","F","","N","unavailable","unavailable",3
202410,"unavailable","SHA","AKL","P","A","IS","unavailable","unavailable","25 - 34 years","M","","N","unavailable","unavailable",3
202410,"unavailable","MEL","AKL","P","A","BT","unavailable","unavailable","35 - 44 years","F","","N","unavailable","unavailable",3
202410,"unavailable","DXB","AKL","P","A","AU","unavailable","unavailable","25 - 34 years","M","","N","unavailable","unavailable",3
202410,"unavailable","SYD","CHC","P","A","PH","unavailable","unavailable","25 - 34 years","F","","N","unavailable","unavailable",3
202410,"unavailable","SYD","AKL","P","A","GB","unavailable","unavailable","35 - 44 years","M","","N","unavailable","unavailable",3
202410,"unavailable","CAN","AKL","P","A","KH","unavailable","unavailable","45 - 54 years","M","","N","unavailable","unavailable",3
202410,"unavailable","SFO","AKL","P","A","US","unavailable","unavailable","35 - 44 years","F","","N","unavailable","unavailable",3
202410,"unavailable","MEL","CHC","P","A","AU","unavailable","unavailable","12 - 18 years","F","","N","unavailable","unavailable",3
202410,"unavailable","SIN","CHC","P","A","XX","unavailable","unavailable","25 - 34 years","F","","N","unavailable","unavailable",3
202410,"unavailable","YVR","AKL","P","A","XX","unavailable","unavailable","25 - 34 years","F","","N","unavailable","unavailable",3
202410,"unavailable","KUL","AKL","P","A","MY","unavailable","unavailable","25 - 34 years","M","","N","unavailable","unavailable",3
202410,"unavailable","SIN","AKL","P","A","IN","unavailable","unavailable","75+","F","","N","unavailable","unavailable",3
202410,"unavailable","SFO","AKL","P","A","GB","unavailable","unavailable","01 - 11 years","M","","N","unavailable","unavailable",3
202410,"unavailable","DOH","AKL","P","A","GB","unavailable","unavailable","12 - 18 years","F","","N","unavailable","unavailable",3
202410,"unavailable","DOH","AKL","P","A","XX","unavailable","unavailable","19 - 24 years","M","","N","unavailable","unavailable",3
202410,"unavailable","HKG","AKL","P","A","ZA","unavailable","unavailable","01 - 11 years","F","","N","unavailable","unavailable",3
202410,"unavailable","SYD","ZQN","P","A","AU","unavailable","unavailable","35 - 44 years","F","","N","unavailable","unavailable",3
202410,"unavailable","SIN","CHC","P","A","NL","unavailable","unavailable","01 - 11 years","M","","N","unavailable","unavailable",3
202410,"unavailable","SIN","AKL","P","A","ES","unavailable","unavailable","19 - 24 years","M","","N","unavailable","unavailable",3
202410,"unavailable","MEL","WLG","P","A","IN","unavailable","unavailable","25 - 34 years","M","","N","unavailable","unavailable",3
202410,"unavailable","MEL","WLG","P","A","AU","unavailable","unavailable","35 - 44 years","M","","N","unavailable","unavailable",3
202410,"unavailable","SCL","AKL","P","A","UY","unavailable","unavailable","19 - 24 years","M","","N","unavailable","unavailable",3
202410,"unavailable","DOH","AKL","P","A","BE","unavailable","unavailable","25 - 34 years","F","","N","unavailable","unavailable",3
202410,"unavailable","SYD","CHC","P","A","IE","unavailable","unavailable","19 - 24 years","M","","N","unavailable","unavailable",3
202410,"unavailable","MEL","WLG","P","A","AU","unavailable","unavailable","25 - 34 years","F","","N","unavailable","unavailable",3
202410,"unavailable","XXA","AKL","P","A","CZ","unavailable","unavailable","25 - 34 years","M","","N","unavailable","unavailable",3
202410,"unavailable","LAX","AKL","P","A","IE","unavailable","unavailable","45 - 54 years","F","","N","unavailable","unavailable",3
202410,"unavailable","NAN","AKL","P","A","XX","unavailable","unavailable","55 - 64 years","F","","N","unavailable","unavailable",3
202410,"unavailable","YVR","AKL","P","A","CA","unavailable","unavailable","12 - 18 years","F","","N","unavailable","unavailable",3
202410,"unavailable","DOH","AKL","P","A","IR","unavailable","unavailable","45 - 54 years","M","","N","unavailable","unavailable",3
202410,"unavailable","BNE","CHC","P","A","XX","unavailable","unavailable","25 - 34 years","F","","N","unavailable","unavailable",3
202410,"unavailable","BNE","WLG","P","A","EG","unavailable","unavailable","35 - 44 years","F","","N","unavailable","unavailable",3
202410,"unavailable","SIN","AKL","P","A","GB","unavailable","unavailable","35 - 44 years","F","","N","unavailable","unavailable",3
202410,"unavailable","NOU","AKL","P","A","NC","unavailable","unavailable","25 - 34 years","M","","N","unavailable","unavailable",3
202410,"unavailable","IAH","AKL","P","A","GB","unavailable","unavailable","25 - 34 years","F","","N","unavailable","unavailable",3
202410,"unavailable","DPS","AKL","P","A","TH","unavailable","unavailable","25 - 34 years","M","","N","unavailable","unavailable",3
202410,"unavailable","HKG","AKL","P","A","JP","unavailable","unavailable","19 - 24 years","F","","N","unavailable","unavailable",3
202410,"unavailable","SIN","CHC","P","A","SG","unavailable","unavailable","01 - 11 years","M","","N","unavailable","unavailable",3
202410,"unavailable","DPS","AKL","P","A","TH","unavailable","unavailable","19 - 24 years","M","","N","unavailable","unavailable",3
202410,"unavailable","SYD","CHC","P","A","IT","unavailable","unavailable","25 - 34 years","F","","N","unavailable","unavailable",3
202410,"unavailable","HKG","AKL","P","A","CH","unavailable","unavailable","19 - 24 years","F","","N","unavailable","unavailable",3
202410,"unavailable","OOL","AKL","P","A","XX","unavailable","unavailable","45 - 54 years","M","","N","unavailable","unavailable",3
202410,"unavailable","SYD","WLG","P","A","XX","unavailable","unavailable","45 - 54 years","F","","N","unavailable","unavailable",3
202410,"unavailable","SHA","AKL","P","A","XX","unavailable","unavailable","55 - 64 years","M","","N","unavailable","unavailable",3
202410,"unavailable","DXB","AKL","P","A","IL","unavailable","unavailable","01 - 11 years","M","","N","unavailable","unavailable",3
202410,"unavailable","SYD","AKL","P","A","SG","unavailable","unavailable","35 - 44 years","M","","N","unavailable","unavailable",3
202410,"unavailable","SYD","AKL","P","A","DE","unavailable","unavailable","12 - 18 years","M","","N","unavailable","unavailable",3
202410,"unavailable","DOH","AKL","P","A","ES","unavailable","unavailable","25 - 34 years","M","","N","unavailable","unavailable",3
202410,"unavailable","ZZS","AKL","P","A","FR","unavailable","unavailable","25 - 34 years","F","","N","unavailable","unavailable",3
202410,"unavailable","SYD","AKL","P","A","GB","unavailable","unavailable","35 - 44 years","F","","N","unavailable","unavailable",3
202410,"unavailable","LAX","AKL","P","A","SE","unavailable","unavailable","25 - 34 years","F","","N","unavailable","unavailable",3
202410,"unavailable","HKG","AKL","P","A","JP","unavailable","unavailable","25 - 34 years","M","","N","unavailable","unavailable",3
202410,"unavailable","YVR","AKL","P","A","CA","unavailable","unavailable","01 - 11 years","F","","N","unavailable","unavailable",3
202410,"unavailable","MEL","CHC","P","A","GB","unavailable","unavailable","25 - 34 years","F","","N","unavailable","unavailable",3
202410,"unavailable","MEL","AKL","P","A","VN","unavailable","unavailable","01 - 11 years","F","","N","unavailable","unavailable",3
202410,"unavailable","OOL","AKL","P","A","GB","unavailable","unavailable","25 - 34 years","F","","N","unavailable","unavailable",3
202410,"unavailable","KUL","AKL","P","A","JP","unavailable","unavailable","45 - 54 years","M","","N","unavailable","unavailable",3
202410,"unavailable","MEL","CHC","P","A","AU","unavailable","unavailable","75+","F","","N","unavailable","unavailable",3
202410,"unavailable","LAX","AKL","P","A","CO","unavailable","unavailable","Less than 1 year","F","","N","unavailable","unavailable",3
202410,"unavailable","SYD","WLG","P","A","AU","unavailable","unavailable","55 - 64 years","M","","N","unavailable","unavailable",3
202410,"unavailable","BNE","AKL","P","A","GB","unavailable","unavailable","25 - 34 years","M","","N","unavailable","unavailable",3
202410,"unavailable","MEL","CHC","P","A","AU","unavailable","unavailable","45 - 54 years","M","","N","unavailable","unavailable",3
202410,"unavailable","SYD","WLG","P","A","ZA","unavailable","unavailable","55 - 64 years","M","","N","unavailable","unavailable",3
202410,"unavailable","SYD","AKL","P","A","JP","unavailable","unavailable","25 - 34 years","F","","N","unavailable","unavailable",3
202410,"unavailable","DXB","AKL","P","A","XX","unavailable","unavailable","75+","F","","N","unavailable","unavailable",3
202410,"unavailable","RAR","AKL","P","A","CK","unavailable","unavailable","Less than 1 year","F","","N","unavailable","unavailable",3
202410,"unavailable","SYD","CHC","P","A","SZ","unavailable","unavailable","12 - 18 years","M","","N","unavailable","unavailable",3
202410,"unavailable","SIN","CHC","P","A","IN","unavailable","unavailable","35 - 44 years","F","","N","unavailable","unavailable",3
202410,"unavailable","DOH","AKL","P","A","GB","unavailable","unavailable","45 - 54 years","F","","N","unavailable","unavailable",3
202410,"unavailable","SZX","AKL","P","A","CN","unavailable","unavailable","45 - 54 years","M","","N","unavailable","unavailable",3
202410,"unavailable","NAN","AKL","P","A","XX","unavailable","unavailable","25 - 34 years","M","","N","unavailable","unavailable",3
202410,"unavailable","SIN","AKL","P","A","JP","unavailable","unavailable","19 - 24 years","M","","N","unavailable","unavailable",3
202410,"unavailable","MEL","AKL","P","A","BH","unavailable","unavailable","45 - 54 years","F","","N","unavailable","unavailable",3
202410,"unavailable","CAN","AKL","P","A","VN","unavailable","unavailable","19 - 24 years","F","","N","unavailable","unavailable",3
202410,"unavailable","SIN","CHC","P","A","GB","unavailable","unavailable","35 - 44 years","F","","N","unavailable","unavailable",3
202410,"unavailable","SYD","AKL","P","A","CA","unavailable","unavailable","19 - 24 years","F","","N","unavailable","unavailable",3
202410,"unavailable","KUL","AKL","P","A","AE","unavailable","unavailable","25 - 34 years","M","","N","unavailable","unavailable",3
202410,"unavailable","CAN","AKL","P","A","AE","unavailable","unavailable","35 - 44 years","M","","N","unavailable","unavailable",3
202410,"unavailable","LAX","AKL","P","A","GB","unavailable","unavailable","19 - 24 years","F","","N","unavailable","unavailable",3
202410,"unavailable","YVR","AKL","P","A","XX","unavailable","unavailable","19 - 24 years","F","","N","unavailable","unavailable",3
202410,"unavailable","HKG","AKL","P","A","CN","unavailable","unavailable","25 - 34 years","M","","N","unavailable","unavailable",3
202410,"unavailable","CAN","AKL","P","A","VN","unavailable","unavailable","12 - 18 years","M","","N","unavailable","unavailable",3
202410,"unavailable","SYD","ZQN","P","A","XX","unavailable","unavailable","65 - 74 years","F","","N","unavailable","unavailable",3
202410,"unavailable","NAN","AKL","P","A","US","unavailable","unavailable","01 - 11 years","M","","N","unavailable","unavailable",3
202410,"unavailable","HKG","AKL","P","A","TW","unavailable","unavailable","55 - 64 years","F","","N","unavailable","unavailable",3
202410,"unavailable","SIN","AKL","P","A","ES","unavailable","unavailable","45 - 54 years","M","","N","unavailable","unavailable",3
202410,"unavailable","BNE","ZQN","P","A","AU","unavailable","unavailable","19 - 24 years","F","","N","unavailable","unavailable",3
202410,"unavailable","SHA","AKL","P","A","XX","unavailable","unavailable","55 - 64 years","F","","N","unavailable","unavailable",3
202410,"unavailable","TBU","AKL","P","A","TO","unavailable","unavailable","19 - 24 years","F","","N","unavailable","unavailable",3
202410,"unavailable","SFO","AKL","P","A","US","unavailable","unavailable","12 - 18 years","F","","N","unavailable","unavailable",3
202410,"unavailable","XXA","AKL","P","A","IE","unavailable","unavailable","19 - 24 years","M","","N","unavailable","unavailable",3
202410,"unavailable","SHA","AKL","P","A","US","unavailable","unavailable","25 - 34 years","M","","N","unavailable","unavailable",3
202410,"unavailable","DXB","AKL","P","A","XX","unavailable","unavailable","35 - 44 years","F","","N","unavailable","unavailable",3
202410,"unavailable","SYD","CHC","P","A","AU","unavailable","unavailable","19 - 24 years","F","","N","unavailable","unavailable",3
202410,"unavailable","SIN","AKL","P","A","GB","unavailable","unavailable","Less than 1 year","M","","N","unavailable","unavailable",3
202410,"unavailable","MEL","ZQN","P","A","FR","unavailable","unavailable","19 - 24 years","M","","N","unavailable","unavailable",3
202410,"unavailable","IAH","AKL","P","A","US","unavailable","unavailable","01 - 11 years","M","","N","unavailable","unavailable",3
202410,"unavailable","SFO","AKL","P","A","AU","unavailable","unavailable","01 - 11 years","M","","N","unavailable","unavailable",3
202410,"unavailable","BNE","AKL","P","A","CA","unavailable","unavailable","25 - 34 years","F","","N","unavailable","unavailable",3
202410,"unavailable","SYD","ZQN","P","A","ES","unavailable","unavailable","25 - 34 years","F","","N","unavailable","unavailable",3
202410,"unavailable","SFO","AKL","P","A","US","unavailable","unavailable","35 - 44 years","M","","N","unavailable","unavailable",3
202410,"unavailable","HKG","AKL","P","A","PH","unavailable","unavailable","45 - 54 years","M","","N","unavailable","unavailable",3
202410,"unavailable","HKG","AKL","P","A","GB","unavailable","unavailable","01 - 11 years","F","","N","unavailable","unavailable",3
202410,"unavailable","PEK","AKL","P","A","AU","unavailable","unavailable","25 - 34 years","F","","N","unavailable","unavailable",3
202410,"unavailable","HKG","AKL","P","A","TW","unavailable","unavailable","19 - 24 years","F","","N","unavailable","unavailable",3
202410,"unavailable","SIN","AKL","P","A","NL","unavailable","unavailable","55 - 64 years","M","","N","unavailable","unavailable",3
202410,"unavailable","DOH","AKL","P","A","XX","unavailable","unavailable","45 - 54 years","M","","N","unavailable","unavailable",3
202410,"unavailable","DXB","AKL","P","A","IR","unavailable","unavailable","35 - 44 years","F","","N","unavailable","unavailable",3
202410,"unavailable","YVR","AKL","P","A","CA","unavailable","unavailable","35 - 44 years","F","","N","unavailable","unavailable",3
202410,"unavailable","BNE","AKL","P","A","XX","unavailable","unavailable","45 - 54 years","M","","N","unavailable","unavailable",3
202410,"unavailable","NAN","AKL","P","A","KI","unavailable","unavailable","25 - 34 years","M","","N","unavailable","unavailable",3
202410,"unavailable","SYD","CHC","P","A","IE","unavailable","unavailable","25 - 34 years","M","","N","unavailable","unavailable",3
202410,"unavailable","SYD","AKL","P","A","TW","unavailable","unavailable","25 - 34 years","M","","N","unavailable","unavailable",3
202410,"unavailable","SIN","AKL","P","A","ZA","unavailable","unavailable","55 - 64 years","F","","N","unavailable","unavailable",3
202410,"unavailable","NAN","WLG","P","A","IN","unavailable","unavailable","25 - 34 years","M","","N","unavailable","unavailable",3
202410,"unavailable","BNE","AKL","P","A","AU","unavailable","unavailable","75+","F","","N","unavailable","unavailable",3
202410,"unavailable","DXB","AKL","P","A","IR","unavailable","unavailable","65 - 74 years","F","","N","unavailable","unavailable",3
202410,"unavailable","SCL","AKL","P","A","AR","unavailable","unavailable","19 - 24 years","F","","N","unavailable","unavailable",3
202410,"unavailable","SYD","AKL","P","A","LK","unavailable","unavailable","01 - 11 years","M","","N","unavailable","unavailable",3
202410,"unavailable","DOH","AKL","P","A","IQ","unavailable","unavailable","55 - 64 years","F","","N","unavailable","unavailable",3
202410,"unavailable","DXB","AKL","P","A","AE","unavailable","unavailable","25 - 34 years","F","","N","unavailable","unavailable",3
202410,"unavailable","MEL","AKL","P","A","XX","unavailable","unavailable","35 - 44 years","M","","N","unavailable","unavailable",3
202410,"unavailable","SHA","AKL","P","A","AE","unavailable","unavailable","01 - 11 years","M","","N","unavailable","unavailable",3
202410,"unavailable","SYD","AKL","P","A","XX","unavailable","unavailable","01 - 11 years","F","","N","unavailable","unavailable",3
202410,"unavailable","HKG","AKL","P","A","BH","unavailable","unavailable","35 - 44 years","M","","N","unavailable","unavailable",3
202410,"unavailable","SIN","AKL","P","A","GB","unavailable","unavailable","75+","F","","N","unavailable","unavailable",3
202410,"unavailable","SYD","ZQN","P","A","PH","unavailable","unavailable","12 - 18 years","M","","N","unavailable","unavailable",3
202410,"unavailable","XXA","AKL","P","A","XX","unavailable","unavailable","01 - 11 years","F","","N","unavailable","unavailable",3
202410,"unavailable","SIN","AKL","P","A","KW","unavailable","unavailable","25 - 34 years","M","","N","unavailable","unavailable",3
202410,"unavailable","DXB","AKL","P","A","ZA","unavailable","unavailable","75+","M","","N","unavailable","unavailable",3
202410,"unavailable","SYD","AKL","P","A","LK","unavailable","unavailable","12 - 18 years","F","","N","unavailable","unavailable",3
202410,"unavailable","DXB","AKL","P","A","IR","unavailable","unavailable","25 - 34 years","F","","N","unavailable","unavailable",3
202410,"unavailable","MEL","AKL","P","A","SG","unavailable","unavailable","25 - 34 years","M","","N","unavailable","unavailable",3
202410,"unavailable","SYD","AKL","P","A","LK","unavailable","unavailable","45 - 54 years","M","","N","unavailable","unavailable",3
202410,"unavailable","SYD","ZQN","P","A","AU","unavailable","unavailable","45 - 54 years","M","","N","unavailable","unavailable",3
202410,"unavailable","DOH","AKL","P","A","AF","unavailable","unavailable","45 - 54 years","F","","N","unavailable","unavailable",3
202410,"unavailable","BNE","AKL","P","A","JP","unavailable","unavailable","25 - 34 years","F","","N","unavailable","unavailable",3
202410,"unavailable","XXA","AKL","P","A","DE","unavailable","unavailable","12 - 18 years","M","","N","unavailable","unavailable",3
202410,"unavailable","SYD","WLG","P","A","IN","unavailable","unavailable","55 - 64 years","F","","N","unavailable","unavailable",3
202410,"unavailable","DXB","AKL","P","A","US","unavailable","unavailable","19 - 24 years","M","","N","unavailable","unavailable",3
202410,"unavailable","PEK","AKL","P","A","GP","unavailable","unavailable","19 - 24 years","M","","N","unavailable","unavailable",3
202410,"unavailable","BNE","AKL","P","A","JP","unavailable","unavailable","19 - 24 years","M","","N","unavailable","unavailable",3
202410,"unavailable","SYD","CHC","P","A","ZA","unavailable","unavailable","01 - 11 years","M","","N","unavailable","unavailable",3
202410,"unavailable","SYD","ZQN","P","A","GB","unavailable","unavailable","19 - 24 years","M","","N","unavailable","unavailable",3
202410,"unavailable","CAN","AKL","P","A","PK","unavailable","unavailable","01 - 11 years","F","","N","unavailable","unavailable",3
202410,"unavailable","KUL","AKL","P","A","XX","unavailable","unavailable","35 - 44 years","M","","N","unavailable","unavailable",3
202410,"unavailable","CAN","AKL","P","A","AE","unavailable","unavailable","45 - 54 years","M","","N","unavailable","unavailable",3
202410,"unavailable","SYD","AKL","P","A","XX","unavailable","unavailable","19 - 24 years","F","","N","unavailable","unavailable",3
202410,"unavailable","BNE","AKL","P","A","PH","unavailable","unavailable","45 - 54 years","M","","N","unavailable","unavailable",3
202410,"unavailable","NAN","CHC","P","A","US","unavailable","unavailable","25 - 34 years","M","","N","unavailable","unavailable",3
202410,"unavailable","SYD","AKL","P","A","PT","unavailable","unavailable","25 - 34 years","M","","N","unavailable","unavailable",3
202410,"unavailable","HNL","AKL","P","A","DE","unavailable","unavailable","25 - 34 years","M","","N","unavailable","unavailable",3
202410,"unavailable","SYD","CHC","P","A","JP","unavailable","unavailable","25 - 34 years","F","","N","unavailable","unavailable",3
202410,"unavailable","SYD","WLG","P","A","SG","unavailable","unavailable","35 - 44 years","M","","N","unavailable","unavailable",3
202410,"unavailable","DXB","AKL","P","A","IT","unavailable","unavailable","35 - 44 years","M","","N","unavailable","unavailable",3
202410,"unavailable","SYD","AKL","P","A","AE","unavailable","unavailable","35 - 44 years","M","","N","unavailable","unavailable",3
202410,"unavailable","SIN","CHC","P","A","LK","unavailable","unavailable","25 - 34 years","M","","N","unavailable","unavailable",3
202410,"unavailable","MEL","AKL","P","A","XX","unavailable","unavailable","01 - 11 years","M","","N","unavailable","unavailable",3
202410,"unavailable","SYD","AKL","P","A","JP","unavailable","unavailable","19 - 24 years","M","","N","unavailable","unavailable",3
202410,"unavailable","SYD","AKL","P","A","XX","unavailable","unavailable","12 - 18 years","F","","N","unavailable","unavailable",3
202410,"unavailable","BNE","CHC","P","A","NL","unavailable","unavailable","25 - 34 years","F","","N","unavailable","unavailable",3
202410,"unavailable","SFO","AKL","P","A","FJ","unavailable","unavailable","25 - 34 years","M","","N","unavailable","unavailable",3
202410,"unavailable","VLI","AKL","P","A","VU","unavailable","unavailable","45 - 54 years","F","","N","unavailable","unavailable",3
202410,"unavailable","MEL","WLG","P","A","GB","unavailable","unavailable","25 - 34 years","F","","N","unavailable","unavailable",3
202410,"unavailable","SIN","AKL","P","A","ZW","unavailable","unavailable","12 - 18 years","M","","N","unavailable","unavailable",3
202410,"unavailable","YVR","AKL","P","A","CA","unavailable","unavailable","55 - 64 years","M","","N","unavailable","unavailable",3
202410,"unavailable","CAN","AKL","P","A","LT","unavailable","unavailable","25 - 34 years","F","","N","unavailable","unavailable",3
202410,"unavailable","SYD","AKL","P","A","XX","unavailable","unavailable","01 - 11 years","M","","N","unavailable","unavailable",3
202410,"unavailable","DOH","AKL","P","A","BR","unavailable","unavailable","25 - 34 years","M","","N","unavailable","unavailable",3
202410,"unavailable","SHA","AKL","P","A","CN","unavailable","unavailable","Less than 1 year","M","","N","unavailable","unavailable",3
202410,"unavailable","BNE","CHC","P","A","PG","unavailable","unavailable","01 - 11 years","F","","N","unavailable","unavailable",3
202410,"unavailable","SYD","AKL","P","A","SE","unavailable","unavailable","19 - 24 years","M","","N","unavailable","unavailable",3
202410,"unavailable","LAX","AKL","P","A","JM","unavailable","unavailable","35 - 44 years","F","","N","unavailable","unavailable",3
202410,"unavailable","XXA","AKL","P","A","CZ","unavailable","unavailable","25 - 34 years","F","","N","unavailable","unavailable",3
