"MonthOfTravel","DayOfTravel","OverSeasPort","customs_port_code","passenger_type_code","direction_code","clnpr_code","overseas_state_code","main_country_visited_code","AgeAtTravelRange","sex_code","losa_range","travel_purpose_code","occupation_code","ta_code","TotalPassengerMovements"
202306,"unavailable","SIN","AKL","P","A","IN","unavailable","unavailable","25 - 34 years","M","","N","unavailable","unavailable",246
202306,"unavailable","DXB","AKL","P","A","IN","unavailable","unavailable","25 - 34 years","M","","N","unavailable","unavailable",150
202306,"unavailable","HKG","AKL","P","A","IN","unavailable","unavailable","25 - 34 years","M","","N","unavailable","unavailable",141
202306,"unavailable","SIN","AKL","P","A","IN","unavailable","unavailable","25 - 34 years","F","","N","unavailable","unavailable",138
202306,"unavailable","SHA","AKL","P","A","CN","unavailable","unavailable","35 - 44 years","M","","N","unavailable","unavailable",138
202306,"unavailable","KUL","AKL","P","A","IN","unavailable","unavailable","25 - 34 years","M","","N","unavailable","unavailable",138
202306,"unavailable","NAN","AKL","P","A","FJ","unavailable","unavailable","25 - 34 years","M","","N","unavailable","unavailable",126
202306,"unavailable","SIN","AKL","P","A","IN","unavailable","unavailable","35 - 44 years","M","","N","unavailable","unavailable",123
202306,"unavailable","SIN","AKL","P","A","IN","unavailable","unavailable","19 - 24 years","M","","N","unavailable","unavailable",123
202306,"unavailable","NAN","AKL","P","A","FJ","unavailable","unavailable","25 - 34 years","F","","N","unavailable","unavailable",120
202306,"unavailable","HKG","AKL","P","A","PH","unavailable","unavailable","35 - 44 years","M","","N","unavailable","unavailable",111
202306,"unavailable","SHA","AKL","P","A","CN","unavailable","unavailable","35 - 44 years","F","","N","unavailable","unavailable",102
202306,"unavailable","SHA","AKL","P","A","CN","unavailable","unavailable","25 - 34 years","F","","N","unavailable","unavailable",99
202306,"unavailable","NAN","AKL","P","A","FJ","unavailable","unavailable","01 - 11 years","M","","N","unavailable","unavailable",99
202306,"unavailable","SHA","AKL","P","A","CN","unavailable","unavailable","25 - 34 years","M","","N","unavailable","unavailable",93
202306,"unavailable","NAN","AKL","P","A","FJ","unavailable","unavailable","35 - 44 years","M","","N","unavailable","unavailable",90
202306,"unavailable","NAN","AKL","P","A","FJ","unavailable","unavailable","35 - 44 years","F","","N","unavailable","unavailable",87
202306,"unavailable","KUL","AKL","P","A","IN","unavailable","unavailable","35 - 44 years","M","","N","unavailable","unavailable",81
202306,"unavailable","NAN","AKL","P","A","FJ","unavailable","unavailable","01 - 11 years","F","","N","unavailable","unavailable",81
202306,"unavailable","HKG","AKL","P","A","PH","unavailable","unavailable","25 - 34 years","M","","N","unavailable","unavailable",81
202306,"unavailable","HKG","AKL","P","A","PH","unavailable","unavailable","35 - 44 years","F","","N","unavailable","unavailable",81
202306,"unavailable","SIN","AKL","P","A","IN","unavailable","unavailable","01 - 11 years","M","","N","unavailable","unavailable",75
202306,"unavailable","DXB","AKL","P","A","IN","unavailable","unavailable","19 - 24 years","M","","N","unavailable","unavailable",75
202306,"unavailable","CAN","AKL","P","A","CN","unavailable","unavailable","35 - 44 years","M","","N","unavailable","unavailable",69
202306,"unavailable","SYD","AKL","P","A","PH","unavailable","unavailable","35 - 44 years","M","","N","unavailable","unavailable",66
202306,"unavailable","HKG","AKL","P","A","IN","unavailable","unavailable","19 - 24 years","M","","N","unavailable","unavailable",63
202306,"unavailable","HKG","AKL","P","A","IN","unavailable","unavailable","35 - 44 years","M","","N","unavailable","unavailable",63
202306,"unavailable","KUL","AKL","P","A","IN","unavailable","unavailable","19 - 24 years","M","","N","unavailable","unavailable",60
202306,"unavailable","CAN","AKL","P","A","CN","unavailable","unavailable","25 - 34 years","M","","N","unavailable","unavailable",60
202306,"unavailable","KUL","AKL","P","A","IN","unavailable","unavailable","25 - 34 years","F","","N","unavailable","unavailable",60
202306,"unavailable","SIN","AKL","P","A","IN","unavailable","unavailable","01 - 11 years","F","","N","unavailable","unavailable",60
202306,"unavailable","CAN","AKL","P","A","CN","unavailable","unavailable","35 - 44 years","F","","N","unavailable","unavailable",60
202306,"unavailable","CAN","AKL","P","A","CN","unavailable","unavailable","25 - 34 years","F","","N","unavailable","unavailable",60
202306,"unavailable","SIN","AKL","P","A","IN","unavailable","unavailable","35 - 44 years","F","","N","unavailable","unavailable",60
202306,"unavailable","SCL","AKL","P","A","CL","unavailable","unavailable","25 - 34 years","M","","N","unavailable","unavailable",57
202306,"unavailable","SCL","AKL","P","A","CL","unavailable","unavailable","25 - 34 years","F","","N","unavailable","unavailable",57
202306,"unavailable","SHA","AKL","P","A","CN","unavailable","unavailable","45 - 54 years","M","","N","unavailable","unavailable",54
202306,"unavailable","SHA","AKL","P","A","CN","unavailable","unavailable","01 - 11 years","M","","N","unavailable","unavailable",54
202306,"unavailable","NAN","AKL","P","A","FJ","unavailable","unavailable","12 - 18 years","M","","N","unavailable","unavailable",51
202306,"unavailable","CAN","AKL","P","A","VN","unavailable","unavailable","25 - 34 years","M","","N","unavailable","unavailable",51
202306,"unavailable","SYD","AKL","P","A","PH","unavailable","unavailable","35 - 44 years","F","","N","unavailable","unavailable",51
202306,"unavailable","DXB","AKL","P","A","IN","unavailable","unavailable","35 - 44 years","M","","N","unavailable","unavailable",48
202306,"unavailable","SHA","AKL","P","A","CN","unavailable","unavailable","45 - 54 years","F","","N","unavailable","unavailable",48
202306,"unavailable","HKG","AKL","P","A","PH","unavailable","unavailable","25 - 34 years","F","","N","unavailable","unavailable",48
202306,"unavailable","SYD","AKL","P","A","PH","unavailable","unavailable","01 - 11 years","F","","N","unavailable","unavailable",48
202306,"unavailable","PEK","AKL","P","A","CN","unavailable","unavailable","35 - 44 years","F","","N","unavailable","unavailable",45
202306,"unavailable","HKG","AKL","P","A","PH","unavailable","unavailable","01 - 11 years","F","","N","unavailable","unavailable",45
202306,"unavailable","DXB","AKL","P","A","ZA","unavailable","unavailable","35 - 44 years","M","","N","unavailable","unavailable",45
202306,"unavailable","CAN","AKL","P","A","CN","unavailable","unavailable","01 - 11 years","M","","N","unavailable","unavailable",45
202306,"unavailable","HKG","AKL","P","A","PH","unavailable","unavailable","01 - 11 years","M","","N","unavailable","unavailable",45
202306,"unavailable","CAN","AKL","P","A","VN","unavailable","unavailable","35 - 44 years","M","","N","unavailable","unavailable",45
202306,"unavailable","DXB","AKL","P","A","IN","unavailable","unavailable","25 - 34 years","F","","N","unavailable","unavailable",45
202306,"unavailable","SHA","AKL","P","A","CN","unavailable","unavailable","19 - 24 years","M","","N","unavailable","unavailable",42
202306,"unavailable","SIN","CHC","P","A","IN","unavailable","unavailable","25 - 34 years","M","","N","unavailable","unavailable",42
202306,"unavailable","SHA","AKL","P","A","CN","unavailable","unavailable","19 - 24 years","F","","N","unavailable","unavailable",42
202306,"unavailable","CAN","AKL","P","A","CN","unavailable","unavailable","45 - 54 years","M","","N","unavailable","unavailable",39
202306,"unavailable","KUL","AKL","P","A","IN","unavailable","unavailable","01 - 11 years","M","","N","unavailable","unavailable",39
202306,"unavailable","HKG","AKL","P","A","IN","unavailable","unavailable","25 - 34 years","F","","N","unavailable","unavailable",39
202306,"unavailable","SIN","AKL","P","A","IN","unavailable","unavailable","19 - 24 years","F","","N","unavailable","unavailable",39
202306,"unavailable","NAN","AKL","P","A","FJ","unavailable","unavailable","12 - 18 years","F","","N","unavailable","unavailable",39
202306,"unavailable","SYD","AKL","P","A","PH","unavailable","unavailable","25 - 34 years","M","","N","unavailable","unavailable",39
202306,"unavailable","CAN","AKL","P","A","VN","unavailable","unavailable","25 - 34 years","F","","N","unavailable","unavailable",39
202306,"unavailable","PEK","AKL","P","A","CN","unavailable","unavailable","25 - 34 years","F","","N","unavailable","unavailable",39
202306,"unavailable","NRT","AKL","P","A","JP","unavailable","unavailable","25 - 34 years","F","","N","unavailable","unavailable",39
202306,"unavailable","SCL","AKL","P","A","AR","unavailable","unavailable","25 - 34 years","F","","N","unavailable","unavailable",39
202306,"unavailable","NAN","AKL","P","A","FJ","unavailable","unavailable","19 - 24 years","M","","N","unavailable","unavailable",39
202306,"unavailable","HKG","AKL","P","A","PH","unavailable","unavailable","12 - 18 years","M","","N","unavailable","unavailable",39
202306,"unavailable","HKG","AKL","P","A","PH","unavailable","unavailable","19 - 24 years","F","","N","unavailable","unavailable",36
202306,"unavailable","DXB","AKL","P","A","ZA","unavailable","unavailable","35 - 44 years","F","","N","unavailable","unavailable",36
202306,"unavailable","SCL","AKL","P","A","AR","unavailable","unavailable","25 - 34 years","M","","N","unavailable","unavailable",36
202306,"unavailable","SHA","AKL","P","A","CN","unavailable","unavailable","12 - 18 years","M","","N","unavailable","unavailable",36
202306,"unavailable","SYD","AKL","P","A","PH","unavailable","unavailable","12 - 18 years","F","","N","unavailable","unavailable",36
202306,"unavailable","SIN","CHC","P","A","IN","unavailable","unavailable","25 - 34 years","F","","N","unavailable","unavailable",36
202306,"unavailable","HKG","AKL","P","A","PH","unavailable","unavailable","19 - 24 years","M","","N","unavailable","unavailable",36
202306,"unavailable","CAN","AKL","P","A","CN","unavailable","unavailable","45 - 54 years","F","","N","unavailable","unavailable",36
202306,"unavailable","DXB","AKL","P","A","ZA","unavailable","unavailable","01 - 11 years","M","","N","unavailable","unavailable",33
202306,"unavailable","SEL","AKL","P","A","KR","unavailable","unavailable","25 - 34 years","F","","N","unavailable","unavailable",33
202306,"unavailable","SIN","AKL","P","A","LK","unavailable","unavailable","35 - 44 years","M","","N","unavailable","unavailable",33
202306,"unavailable","SHA","AKL","P","A","CN","unavailable","unavailable","01 - 11 years","F","","N","unavailable","unavailable",33
202306,"unavailable","HKG","AKL","P","A","PH","unavailable","unavailable","45 - 54 years","F","","N","unavailable","unavailable",33
202306,"unavailable","SYD","AKL","P","A","PH","unavailable","unavailable","01 - 11 years","M","","N","unavailable","unavailable",33
202306,"unavailable","TPE","AKL","P","A","TW","unavailable","unavailable","25 - 34 years","F","","N","unavailable","unavailable",33
202306,"unavailable","HKG","AKL","P","A","PH","unavailable","unavailable","12 - 18 years","F","","N","unavailable","unavailable",33
202306,"unavailable","SIN","AKL","P","A","SG","unavailable","unavailable","35 - 44 years","M","","N","unavailable","unavailable",30
202306,"unavailable","SYD","AKL","P","A","PH","unavailable","unavailable","25 - 34 years","F","","N","unavailable","unavailable",30
202306,"unavailable","PEK","AKL","P","A","CN","unavailable","unavailable","25 - 34 years","M","","N","unavailable","unavailable",30
202306,"unavailable","DXB","AKL","P","A","ZA","unavailable","unavailable","25 - 34 years","M","","N","unavailable","unavailable",30
202306,"unavailable","DXB","AKL","P","A","ZA","unavailable","unavailable","01 - 11 years","F","","N","unavailable","unavailable",30
202306,"unavailable","SYD","AKL","P","A","PH","unavailable","unavailable","12 - 18 years","M","","N","unavailable","unavailable",30
202306,"unavailable","KUL","AKL","P","A","IN","unavailable","unavailable","01 - 11 years","F","","N","unavailable","unavailable",30
202306,"unavailable","SYD","AKL","P","A","PH","unavailable","unavailable","19 - 24 years","F","","N","unavailable","unavailable",30
202306,"unavailable","CAN","AKL","P","A","CN","unavailable","unavailable","12 - 18 years","M","","N","unavailable","unavailable",30
202306,"unavailable","CAN","AKL","P","A","PH","unavailable","unavailable","25 - 34 years","M","","N","unavailable","unavailable",27
202306,"unavailable","CAN","AKL","P","A","CN","unavailable","unavailable","12 - 18 years","F","","N","unavailable","unavailable",27
202306,"unavailable","HKG","AKL","P","A","VN","unavailable","unavailable","35 - 44 years","M","","N","unavailable","unavailable",27
202306,"unavailable","KUL","AKL","P","A","IN","unavailable","unavailable","35 - 44 years","F","","N","unavailable","unavailable",27
202306,"unavailable","DXB","AKL","P","A","ZA","unavailable","unavailable","25 - 34 years","F","","N","unavailable","unavailable",27
202306,"unavailable","PEK","AKL","P","A","CN","unavailable","unavailable","35 - 44 years","M","","N","unavailable","unavailable",27
202306,"unavailable","SIN","AKL","P","A","SG","unavailable","unavailable","25 - 34 years","F","","N","unavailable","unavailable",27
202306,"unavailable","HKG","AKL","P","A","PH","unavailable","unavailable","45 - 54 years","M","","N","unavailable","unavailable",27
202306,"unavailable","SYD","AKL","P","A","PH","unavailable","unavailable","19 - 24 years","M","","N","unavailable","unavailable",27
202306,"unavailable","SYD","AKL","P","A","PH","unavailable","unavailable","45 - 54 years","M","","N","unavailable","unavailable",24
202306,"unavailable","CAN","AKL","P","A","CN","unavailable","unavailable","19 - 24 years","M","","N","unavailable","unavailable",24
202306,"unavailable","SIN","AKL","P","A","IN","unavailable","unavailable","45 - 54 years","M","","N","unavailable","unavailable",24
202306,"unavailable","SEL","AKL","P","A","KR","unavailable","unavailable","19 - 24 years","F","","N","unavailable","unavailable",24
202306,"unavailable","SHA","AKL","P","A","CN","unavailable","unavailable","12 - 18 years","F","","N","unavailable","unavailable",24
202306,"unavailable","CAN","AKL","P","A","PH","unavailable","unavailable","35 - 44 years","F","","N","unavailable","unavailable",24
202306,"unavailable","CAN","AKL","P","A","PH","unavailable","unavailable","35 - 44 years","M","","N","unavailable","unavailable",24
202306,"unavailable","KUL","AKL","P","A","LK","unavailable","unavailable","35 - 44 years","M","","N","unavailable","unavailable",24
202306,"unavailable","SYD","CHC","P","A","PH","unavailable","unavailable","35 - 44 years","F","","N","unavailable","unavailable",24
202306,"unavailable","NAN","AKL","P","A","FJ","unavailable","unavailable","45 - 54 years","M","","N","unavailable","unavailable",24
202306,"unavailable","HKG","AKL","P","A","VN","unavailable","unavailable","25 - 34 years","M","","N","unavailable","unavailable",24
202306,"unavailable","SIN","CHC","P","A","IN","unavailable","unavailable","35 - 44 years","M","","N","unavailable","unavailable",24
202306,"unavailable","HKG","AKL","P","A","VN","unavailable","unavailable","25 - 34 years","F","","N","unavailable","unavailable",24
202306,"unavailable","SIN","AKL","P","A","SG","unavailable","unavailable","25 - 34 years","M","","N","unavailable","unavailable",24
202306,"unavailable","SYD","WLG","P","A","PH","unavailable","unavailable","35 - 44 years","F","","N","unavailable","unavailable",24
202306,"unavailable","SYD","AKL","P","A","AU","unavailable","unavailable","25 - 34 years","M","","N","unavailable","unavailable",24
202306,"unavailable","HKG","AKL","P","A","IN","unavailable","unavailable","01 - 11 years","F","","N","unavailable","unavailable",21
202306,"unavailable","PEK","AKL","P","A","CN","unavailable","unavailable","12 - 18 years","F","","N","unavailable","unavailable",21
202306,"unavailable","DXB","AKL","P","A","ZA","unavailable","unavailable","45 - 54 years","M","","N","unavailable","unavailable",21
202306,"unavailable","SZX","AKL","P","A","CN","unavailable","unavailable","25 - 34 years","M","","N","unavailable","unavailable",21
202306,"unavailable","CAN","AKL","P","A","PH","unavailable","unavailable","01 - 11 years","M","","N","unavailable","unavailable",21
202306,"unavailable","SYD","CHC","P","A","PH","unavailable","unavailable","01 - 11 years","F","","N","unavailable","unavailable",21
202306,"unavailable","DXB","AKL","P","A","AE","unavailable","unavailable","35 - 44 years","M","","N","unavailable","unavailable",21
202306,"unavailable","SIN","AKL","P","A","IN","unavailable","unavailable","12 - 18 years","M","","N","unavailable","unavailable",21
202306,"unavailable","SIN","CHC","P","A","IN","unavailable","unavailable","19 - 24 years","M","","N","unavailable","unavailable",21
202306,"unavailable","APW","AKL","P","A","WS","unavailable","unavailable","12 - 18 years","M","","N","unavailable","unavailable",21
202306,"unavailable","SIN","AKL","P","A","IN","unavailable","unavailable","12 - 18 years","F","","N","unavailable","unavailable",21
202306,"unavailable","SYD","WLG","P","A","PH","unavailable","unavailable","01 - 11 years","M","","N","unavailable","unavailable",21
202306,"unavailable","NRT","AKL","P","A","JP","unavailable","unavailable","19 - 24 years","F","","N","unavailable","unavailable",21
202306,"unavailable","HKG","AKL","P","A","IN","unavailable","unavailable","01 - 11 years","M","","N","unavailable","unavailable",21
202306,"unavailable","CAN","AKL","P","A","CN","unavailable","unavailable","01 - 11 years","F","","N","unavailable","unavailable",21
202306,"unavailable","CAN","AKL","P","A","CN","unavailable","unavailable","19 - 24 years","F","","N","unavailable","unavailable",21
202306,"unavailable","SIN","AKL","P","A","LK","unavailable","unavailable","35 - 44 years","F","","N","unavailable","unavailable",21
202306,"unavailable","SIN","CHC","P","A","IN","unavailable","unavailable","01 - 11 years","M","","N","unavailable","unavailable",18
202306,"unavailable","SIN","CHC","P","A","IN","unavailable","unavailable","35 - 44 years","F","","N","unavailable","unavailable",18
202306,"unavailable","SIN","AKL","P","A","SG","unavailable","unavailable","35 - 44 years","F","","N","unavailable","unavailable",18
202306,"unavailable","DXB","AKL","P","A","IN","unavailable","unavailable","19 - 24 years","F","","N","unavailable","unavailable",18
202306,"unavailable","PEK","AKL","P","A","CN","unavailable","unavailable","01 - 11 years","M","","N","unavailable","unavailable",18
202306,"unavailable","SYD","AKL","P","A","AU","unavailable","unavailable","35 - 44 years","M","","N","unavailable","unavailable",18
202306,"unavailable","MEL","AKL","P","A","AU","unavailable","unavailable","25 - 34 years","M","","N","unavailable","unavailable",18
202306,"unavailable","KUL","AKL","P","A","LK","unavailable","unavailable","35 - 44 years","F","","N","unavailable","unavailable",18
202306,"unavailable","MEL","AKL","P","A","AU","unavailable","unavailable","25 - 34 years","F","","N","unavailable","unavailable",18
202306,"unavailable","KUL","AKL","P","A","PH","unavailable","unavailable","35 - 44 years","M","","N","unavailable","unavailable",18
202306,"unavailable","SCL","AKL","P","A","BR","unavailable","unavailable","25 - 34 years","F","","N","unavailable","unavailable",18
202306,"unavailable","SIN","AKL","P","A","LK","unavailable","unavailable","25 - 34 years","M","","N","unavailable","unavailable",18
202306,"unavailable","SYD","CHC","P","A","PH","unavailable","unavailable","01 - 11 years","M","","N","unavailable","unavailable",18
202306,"unavailable","CAN","AKL","P","A","CN","unavailable","unavailable","65 - 74 years","F","","N","unavailable","unavailable",18
202306,"unavailable","SHA","AKL","P","A","CN","unavailable","unavailable","55 - 64 years","F","","N","unavailable","unavailable",18
202306,"unavailable","SYD","CHC","P","A","PH","unavailable","unavailable","12 - 18 years","F","","N","unavailable","unavailable",18
202306,"unavailable","SYD","CHC","P","A","PH","unavailable","unavailable","12 - 18 years","M","","N","unavailable","unavailable",18
202306,"unavailable","SYD","CHC","P","A","PH","unavailable","unavailable","25 - 34 years","M","","N","unavailable","unavailable",18
202306,"unavailable","HKG","AKL","P","A","XX","unavailable","unavailable","35 - 44 years","M","","N","unavailable","unavailable",18
202306,"unavailable","SIN","AKL","P","A","LK","unavailable","unavailable","25 - 34 years","F","","N","unavailable","unavailable",18
202306,"unavailable","SIN","AKL","P","A","AE","unavailable","unavailable","35 - 44 years","M","","N","unavailable","unavailable",18
202306,"unavailable","SHA","AKL","P","A","CN","unavailable","unavailable","65 - 74 years","F","","N","unavailable","unavailable",18
202306,"unavailable","KUL","AKL","P","A","LK","unavailable","unavailable","25 - 34 years","M","","N","unavailable","unavailable",18
202306,"unavailable","DXB","AKL","P","A","ZA","unavailable","unavailable","12 - 18 years","F","","N","unavailable","unavailable",18
202306,"unavailable","APW","AKL","P","A","WS","unavailable","unavailable","12 - 18 years","F","","N","unavailable","unavailable",18
202306,"unavailable","CAN","AKL","P","A","VN","unavailable","unavailable","01 - 11 years","M","","N","unavailable","unavailable",18
202306,"unavailable","SYD","CHC","P","A","PH","unavailable","unavailable","19 - 24 years","M","","N","unavailable","unavailable",18
202306,"unavailable","DXB","AKL","P","A","AE","unavailable","unavailable","25 - 34 years","M","","N","unavailable","unavailable",18
202306,"unavailable","DXB","AKL","P","A","GB","unavailable","unavailable","25 - 34 years","M","","N","unavailable","unavailable",18
202306,"unavailable","KUL","AKL","P","A","LK","unavailable","unavailable","01 - 11 years","F","","N","unavailable","unavailable",15
202306,"unavailable","CAN","AKL","P","A","PH","unavailable","unavailable","19 - 24 years","M","","N","unavailable","unavailable",15
202306,"unavailable","SIN","AKL","P","A","LK","unavailable","unavailable","01 - 11 years","M","","N","unavailable","unavailable",15
202306,"unavailable","DXB","AKL","P","A","ZA","unavailable","unavailable","12 - 18 years","M","","N","unavailable","unavailable",15
202306,"unavailable","SYD","AKL","P","A","XX","unavailable","unavailable","35 - 44 years","M","","N","unavailable","unavailable",15
202306,"unavailable","PEK","AKL","P","A","CN","unavailable","unavailable","19 - 24 years","M","","N","unavailable","unavailable",15
202306,"unavailable","NRT","AKL","P","A","JP","unavailable","unavailable","25 - 34 years","M","","N","unavailable","unavailable",15
202306,"unavailable","SYD","CHC","P","A","PH","unavailable","unavailable","45 - 54 years","F","","N","unavailable","unavailable",15
202306,"unavailable","SYD","AKL","P","A","AU","unavailable","unavailable","25 - 34 years","F","","N","unavailable","unavailable",15
202306,"unavailable","HKG","AKL","P","A","XX","unavailable","unavailable","25 - 34 years","M","","N","unavailable","unavailable",15
202306,"unavailable","SIN","CHC","P","A","IN","unavailable","unavailable","19 - 24 years","F","","N","unavailable","unavailable",15
202306,"unavailable","CAN","AKL","P","A","NP","unavailable","unavailable","19 - 24 years","M","","N","unavailable","unavailable",15
202306,"unavailable","DXB","AKL","P","A","GB","unavailable","unavailable","25 - 34 years","F","","N","unavailable","unavailable",15
202306,"unavailable","PEK","AKL","P","A","CN","unavailable","unavailable","12 - 18 years","M","","N","unavailable","unavailable",15
202306,"unavailable","SIN","AKL","P","A","XX","unavailable","unavailable","25 - 34 years","M","","N","unavailable","unavailable",15
202306,"unavailable","SCL","AKL","P","A","CL","unavailable","unavailable","35 - 44 years","M","","N","unavailable","unavailable",15
202306,"unavailable","SIN","AKL","P","A","PH","unavailable","unavailable","25 - 34 years","F","","N","unavailable","unavailable",15
202306,"unavailable","CAN","AKL","P","A","PH","unavailable","unavailable","12 - 18 years","M","","N","unavailable","unavailable",15
202306,"unavailable","SHA","AKL","P","A","CN","unavailable","unavailable","65 - 74 years","M","","N","unavailable","unavailable",15
202306,"unavailable","CAN","AKL","P","A","PH","unavailable","unavailable","12 - 18 years","F","","N","unavailable","unavailable",15
202306,"unavailable","CAN","AKL","P","A","XX","unavailable","unavailable","35 - 44 years","M","","N","unavailable","unavailable",15
202306,"unavailable","NAN","AKL","P","A","FJ","unavailable","unavailable","19 - 24 years","F","","N","unavailable","unavailable",15
202306,"unavailable","ADL","AKL","P","A","ZA","unavailable","unavailable","35 - 44 years","F","","N","unavailable","unavailable",15
202306,"unavailable","TBU","AKL","P","A","TO","unavailable","unavailable","25 - 34 years","M","","N","unavailable","unavailable",15
202306,"unavailable","KUL","AKL","P","A","IN","unavailable","unavailable","12 - 18 years","M","","N","unavailable","unavailable",15
202306,"unavailable","SYD","CHC","P","A","PH","unavailable","unavailable","35 - 44 years","M","","N","unavailable","unavailable",15
202306,"unavailable","HKG","AKL","P","A","VN","unavailable","unavailable","01 - 11 years","F","","N","unavailable","unavailable",15
202306,"unavailable","TBU","AKL","P","A","TO","unavailable","unavailable","01 - 11 years","F","","N","unavailable","unavailable",15
202306,"unavailable","BNE","AKL","P","A","AU","unavailable","unavailable","25 - 34 years","M","","N","unavailable","unavailable",15
202306,"unavailable","SIN","AKL","P","A","LK","unavailable","unavailable","45 - 54 years","M","","N","unavailable","unavailable",15
202306,"unavailable","APW","AKL","P","A","WS","unavailable","unavailable","01 - 11 years","F","","N","unavailable","unavailable",15
202306,"unavailable","SEL","AKL","P","A","KR","unavailable","unavailable","25 - 34 years","M","","N","unavailable","unavailable",15
202306,"unavailable","HKG","AKL","P","A","IN","unavailable","unavailable","19 - 24 years","F","","N","unavailable","unavailable",15
202306,"unavailable","PEK","AKL","P","A","CN","unavailable","unavailable","45 - 54 years","M","","N","unavailable","unavailable",15
202306,"unavailable","CAN","AKL","P","A","CN","unavailable","unavailable","65 - 74 years","M","","N","unavailable","unavailable",15
202306,"unavailable","SIN","AKL","P","A","GB","unavailable","unavailable","25 - 34 years","F","","N","unavailable","unavailable",15
202306,"unavailable","HKG","AKL","P","A","VN","unavailable","unavailable","35 - 44 years","F","","N","unavailable","unavailable",15
202306,"unavailable","SYD","CHC","P","A","PH","unavailable","unavailable","19 - 24 years","F","","N","unavailable","unavailable",15
202306,"unavailable","TBU","AKL","P","A","TO","unavailable","unavailable","19 - 24 years","M","","N","unavailable","unavailable",15
202306,"unavailable","SCL","AKL","P","A","CL","unavailable","unavailable","35 - 44 years","F","","N","unavailable","unavailable",15
202306,"unavailable","PEK","AKL","P","A","CN","unavailable","unavailable","01 - 11 years","F","","N","unavailable","unavailable",15
202306,"unavailable","SIN","AKL","P","A","LK","unavailable","unavailable","01 - 11 years","F","","N","unavailable","unavailable",15
202306,"unavailable","SIN","AKL","P","A","AE","unavailable","unavailable","25 - 34 years","M","","N","unavailable","unavailable",15
202306,"unavailable","CAN","AKL","P","A","VN","unavailable","unavailable","01 - 11 years","F","","N","unavailable","unavailable",15
202306,"unavailable","HKG","AKL","P","A","VN","unavailable","unavailable","19 - 24 years","F","","N","unavailable","unavailable",15
202306,"unavailable","HKG","AKL","P","A","IN","unavailable","unavailable","35 - 44 years","F","","N","unavailable","unavailable",15
202306,"unavailable","SIN","AKL","P","A","PH","unavailable","unavailable","35 - 44 years","M","","N","unavailable","unavailable",12
202306,"unavailable","SCL","AKL","P","A","UY","unavailable","unavailable","25 - 34 years","F","","N","unavailable","unavailable",12
202306,"unavailable","TBU","AKL","P","A","TO","unavailable","unavailable","12 - 18 years","F","","N","unavailable","unavailable",12
202306,"unavailable","BNE","AKL","P","A","AU","unavailable","unavailable","19 - 24 years","F","","N","unavailable","unavailable",12
202306,"unavailable","TBU","AKL","P","A","TO","unavailable","unavailable","12 - 18 years","M","","N","unavailable","unavailable",12
202306,"unavailable","ADL","AKL","P","A","ZA","unavailable","unavailable","01 - 11 years","M","","N","unavailable","unavailable",12
202306,"unavailable","SYD","AKL","P","A","GB","unavailable","unavailable","25 - 34 years","F","","N","unavailable","unavailable",12
202306,"unavailable","HKG","AKL","P","A","XX","unavailable","unavailable","01 - 11 years","M","","N","unavailable","unavailable",12
202306,"unavailable","KUL","AKL","P","A","IN","unavailable","unavailable","19 - 24 years","F","","N","unavailable","unavailable",12
202306,"unavailable","ADL","AKL","P","A","QA","unavailable","unavailable","35 - 44 years","M","","N","unavailable","unavailable",12
202306,"unavailable","APW","AKL","P","A","WS","unavailable","unavailable","19 - 24 years","F","","N","unavailable","unavailable",12
202306,"unavailable","HKG","AKL","P","A","CN","unavailable","unavailable","25 - 34 years","F","","N","unavailable","unavailable",12
202306,"unavailable","DXB","AKL","P","A","IN","unavailable","unavailable","01 - 11 years","M","","N","unavailable","unavailable",12
202306,"unavailable","SYD","WLG","P","A","PH","unavailable","unavailable","45 - 54 years","F","","N","unavailable","unavailable",12
202306,"unavailable","NRT","AKL","P","A","JP","unavailable","unavailable","19 - 24 years","M","","N","unavailable","unavailable",12
202306,"unavailable","TPE","AKL","P","A","TW","unavailable","unavailable","25 - 34 years","M","","N","unavailable","unavailable",12
202306,"unavailable","CAN","AKL","P","A","VN","unavailable","unavailable","35 - 44 years","F","","N","unavailable","unavailable",12
202306,"unavailable","NAN","CHC","P","A","FJ","unavailable","unavailable","01 - 11 years","F","","N","unavailable","unavailable",12
202306,"unavailable","DXB","AKL","P","A","XX","unavailable","unavailable","35 - 44 years","M","","N","unavailable","unavailable",12
202306,"unavailable","NAN","WLG","P","A","FJ","unavailable","unavailable","25 - 34 years","F","","N","unavailable","unavailable",12
202306,"unavailable","NAN","AKL","P","A","FJ","unavailable","unavailable","45 - 54 years","F","","N","unavailable","unavailable",12
202306,"unavailable","DXB","AKL","P","A","XX","unavailable","unavailable","25 - 34 years","M","","N","unavailable","unavailable",12
202306,"unavailable","KUL","AKL","P","A","LK","unavailable","unavailable","01 - 11 years","M","","N","unavailable","unavailable",12
202306,"unavailable","BNE","AKL","P","A","AU","unavailable","unavailable","25 - 34 years","F","","N","unavailable","unavailable",12
202306,"unavailable","SCL","AKL","P","A","AR","unavailable","unavailable","35 - 44 years","M","","N","unavailable","unavailable",12
202306,"unavailable","SFO","AKL","P","A","US","unavailable","unavailable","19 - 24 years","F","","N","unavailable","unavailable",12
202306,"unavailable","CAN","AKL","P","A","PH","unavailable","unavailable","25 - 34 years","F","","N","unavailable","unavailable",12
202306,"unavailable","SYD","WLG","P","A","PH","unavailable","unavailable","25 - 34 years","F","","N","unavailable","unavailable",12
202306,"unavailable","APW","AKL","P","A","WS","unavailable","unavailable","01 - 11 years","M","","N","unavailable","unavailable",12
202306,"unavailable","NAN","CHC","P","A","FJ","unavailable","unavailable","01 - 11 years","M","","N","unavailable","unavailable",12
202306,"unavailable","DXB","AKL","P","A","AE","unavailable","unavailable","35 - 44 years","F","","N","unavailable","unavailable",12
202306,"unavailable","SYD","WLG","P","A","PH","unavailable","unavailable","19 - 24 years","F","","N","unavailable","unavailable",12
202306,"unavailable","MEL","AKL","P","A","PH","unavailable","unavailable","25 - 34 years","F","","N","unavailable","unavailable",12
202306,"unavailable","DXB","AKL","P","A","XX","unavailable","unavailable","01 - 11 years","M","","N","unavailable","unavailable",12
202306,"unavailable","BNE","AKL","P","A","TW","unavailable","unavailable","25 - 34 years","F","","N","unavailable","unavailable",12
202306,"unavailable","BNE","AKL","P","A","PH","unavailable","unavailable","35 - 44 years","M","","N","unavailable","unavailable",12
202306,"unavailable","HKG","AKL","P","A","AE","unavailable","unavailable","35 - 44 years","M","","N","unavailable","unavailable",12
202306,"unavailable","SYD","CHC","P","A","ZA","unavailable","unavailable","35 - 44 years","M","","N","unavailable","unavailable",12
202306,"unavailable","CAN","AKL","P","A","PH","unavailable","unavailable","01 - 11 years","F","","N","unavailable","unavailable",12
202306,"unavailable","TBU","AKL","P","A","TO","unavailable","unavailable","35 - 44 years","M","","N","unavailable","unavailable",12
202306,"unavailable","SFO","AKL","P","A","US","unavailable","unavailable","25 - 34 years","M","","N","unavailable","unavailable",12
202306,"unavailable","NAN","CHC","P","A","FJ","unavailable","unavailable","25 - 34 years","M","","N","unavailable","unavailable",12
202306,"unavailable","SEL","AKL","P","A","KR","unavailable","unavailable","35 - 44 years","F","","N","unavailable","unavailable",12
202306,"unavailable","SEL","AKL","P","A","KR","unavailable","unavailable","19 - 24 years","M","","N","unavailable","unavailable",12
202306,"unavailable","SIN","AKL","P","A","PH","unavailable","unavailable","01 - 11 years","M","","N","unavailable","unavailable",12
202306,"unavailable","SYD","WLG","P","A","PH","unavailable","unavailable","01 - 11 years","F","","N","unavailable","unavailable",12
202306,"unavailable","DXB","AKL","P","A","XX","unavailable","unavailable","12 - 18 years","F","","N","unavailable","unavailable",12
202306,"unavailable","PEK","AKL","P","A","CN","unavailable","unavailable","45 - 54 years","F","","N","unavailable","unavailable",12
202306,"unavailable","BNE","AKL","P","A","AU","unavailable","unavailable","35 - 44 years","M","","N","unavailable","unavailable",12
202306,"unavailable","NAN","CHC","P","A","FJ","unavailable","unavailable","35 - 44 years","F","","N","unavailable","unavailable",12
202306,"unavailable","MEL","AKL","P","A","AU","unavailable","unavailable","01 - 11 years","M","","N","unavailable","unavailable",12
202306,"unavailable","SYD","WLG","P","A","PH","unavailable","unavailable","12 - 18 years","M","","N","unavailable","unavailable",12
202306,"unavailable","MEL","AKL","P","A","AU","unavailable","unavailable","01 - 11 years","F","","N","unavailable","unavailable",12
202306,"unavailable","HKG","AKL","P","A","VN","unavailable","unavailable","19 - 24 years","M","","N","unavailable","unavailable",12
202306,"unavailable","NAN","CHC","P","A","FJ","unavailable","unavailable","25 - 34 years","F","","N","unavailable","unavailable",12
202306,"unavailable","DXB","AKL","P","A","ZA","unavailable","unavailable","45 - 54 years","F","","N","unavailable","unavailable",12
202306,"unavailable","NAN","WLG","P","A","FJ","unavailable","unavailable","25 - 34 years","M","","N","unavailable","unavailable",12
202306,"unavailable","HKG","AKL","P","A","CN","unavailable","unavailable","35 - 44 years","F","","N","unavailable","unavailable",12
202306,"unavailable","TBU","AKL","P","A","TO","unavailable","unavailable","01 - 11 years","M","","N","unavailable","unavailable",12
202306,"unavailable","KUL","AKL","P","A","LK","unavailable","unavailable","25 - 34 years","F","","N","unavailable","unavailable",12
202306,"unavailable","ADL","AKL","P","A","SA","unavailable","unavailable","35 - 44 years","M","","N","unavailable","unavailable",12
202306,"unavailable","KUL","AKL","P","A","GB","unavailable","unavailable","19 - 24 years","F","","N","unavailable","unavailable",12
202306,"unavailable","ADL","AKL","P","A","ZA","unavailable","unavailable","12 - 18 years","M","","N","unavailable","unavailable",12
202306,"unavailable","HKG","AKL","P","A","IN","unavailable","unavailable","12 - 18 years","M","","N","unavailable","unavailable",12
202306,"unavailable","SYD","WLG","P","A","PH","unavailable","unavailable","12 - 18 years","F","","N","unavailable","unavailable",12
202306,"unavailable","DXB","AKL","P","A","XX","unavailable","unavailable","12 - 18 years","M","","N","unavailable","unavailable",12
202306,"unavailable","CAN","AKL","P","A","VN","unavailable","unavailable","19 - 24 years","M","","N","unavailable","unavailable",12
202306,"unavailable","DXB","AKL","P","A","LK","unavailable","unavailable","25 - 34 years","M","","N","unavailable","unavailable",12
202306,"unavailable","YVR","AKL","P","A","CA","unavailable","unavailable","25 - 34 years","F","","N","unavailable","unavailable",12
202306,"unavailable","SYD","AKL","P","A","AU","unavailable","unavailable","19 - 24 years","F","","N","unavailable","unavailable",9
202306,"unavailable","SEL","AKL","P","A","FR","unavailable","unavailable","25 - 34 years","F","","N","unavailable","unavailable",9
202306,"unavailable","TPE","AKL","P","A","TW","unavailable","unavailable","01 - 11 years","F","","N","unavailable","unavailable",9
202306,"unavailable","SYD","ZQN","P","A","PH","unavailable","unavailable","12 - 18 years","F","","N","unavailable","unavailable",9
202306,"unavailable","TPE","AKL","P","A","TW","unavailable","unavailable","35 - 44 years","M","","N","unavailable","unavailable",9
202306,"unavailable","ADL","AKL","P","A","ZA","unavailable","unavailable","12 - 18 years","F","","N","unavailable","unavailable",9
202306,"unavailable","DXB","AKL","P","A","ZW","unavailable","unavailable","25 - 34 years","F","","N","unavailable","unavailable",9
202306,"unavailable","PER","AKL","P","A","AU","unavailable","unavailable","25 - 34 years","F","","N","unavailable","unavailable",9
202306,"unavailable","SYD","WLG","P","A","IN","unavailable","unavailable","25 - 34 years","F","","N","unavailable","unavailable",9
202306,"unavailable","SHA","AKL","P","A","CN","unavailable","unavailable","55 - 64 years","M","","N","unavailable","unavailable",9
202306,"unavailable","HKG","AKL","P","A","IN","unavailable","unavailable","45 - 54 years","M","","N","unavailable","unavailable",9
202306,"unavailable","DXB","AKL","P","A","IT","unavailable","unavailable","25 - 34 years","M","","N","unavailable","unavailable",9
202306,"unavailable","DXB","AKL","P","A","GB","unavailable","unavailable","19 - 24 years","F","","N","unavailable","unavailable",9
202306,"unavailable","MEL","AKL","P","A","AU","unavailable","unavailable","12 - 18 years","M","","N","unavailable","unavailable",9
202306,"unavailable","SZX","AKL","P","A","CN","unavailable","unavailable","35 - 44 years","M","","N","unavailable","unavailable",9
202306,"unavailable","SZX","AKL","P","A","CN","unavailable","unavailable","25 - 34 years","F","","N","unavailable","unavailable",9
202306,"unavailable","CAN","AKL","P","A","VN","unavailable","unavailable","19 - 24 years","F","","N","unavailable","unavailable",9
202306,"unavailable","DXB","AKL","P","A","GB","unavailable","unavailable","19 - 24 years","M","","N","unavailable","unavailable",9
202306,"unavailable","IAH","AKL","P","A","US","unavailable","unavailable","25 - 34 years","M","","N","unavailable","unavailable",9
202306,"unavailable","DXB","AKL","P","A","XX","unavailable","unavailable","19 - 24 years","F","","N","unavailable","unavailable",9
202306,"unavailable","SYD","AKL","P","A","XX","unavailable","unavailable","25 - 34 years","F","","N","unavailable","unavailable",9
202306,"unavailable","DXB","AKL","P","A","GB","unavailable","unavailable","35 - 44 years","M","","N","unavailable","unavailable",9
202306,"unavailable","KUL","AKL","P","A","PH","unavailable","unavailable","25 - 34 years","M","","N","unavailable","unavailable",9
202306,"unavailable","SIN","AKL","P","A","GB","unavailable","unavailable","25 - 34 years","M","","N","unavailable","unavailable",9
202306,"unavailable","HKG","AKL","P","A","NP","unavailable","unavailable","19 - 24 years","M","","N","unavailable","unavailable",9
202306,"unavailable","HKG","AKL","P","A","CN","unavailable","unavailable","01 - 11 years","F","","N","unavailable","unavailable",9
202306,"unavailable","HNL","AKL","P","A","US","unavailable","unavailable","25 - 34 years","F","","N","unavailable","unavailable",9
202306,"unavailable","SYD","WLG","P","A","IN","unavailable","unavailable","01 - 11 years","F","","N","unavailable","unavailable",9
202306,"unavailable","SCL","AKL","P","A","UY","unavailable","unavailable","25 - 34 years","M","","N","unavailable","unavailable",9
202306,"unavailable","SCL","AKL","P","A","AR","unavailable","unavailable","19 - 24 years","M","","N","unavailable","unavailable",9
202306,"unavailable","HKG","AKL","P","A","TH","unavailable","unavailable","25 - 34 years","F","","N","unavailable","unavailable",9
202306,"unavailable","SYD","AKL","P","A","ZA","unavailable","unavailable","35 - 44 years","F","","N","unavailable","unavailable",9
202306,"unavailable","SIN","AKL","P","A","XX","unavailable","unavailable","35 - 44 years","M","","N","unavailable","unavailable",9
202306,"unavailable","ADL","AKL","P","A","QA","unavailable","unavailable","35 - 44 years","F","","N","unavailable","unavailable",9
202306,"unavailable","KUL","AKL","P","A","IN","unavailable","unavailable","12 - 18 years","F","","N","unavailable","unavailable",9
202306,"unavailable","ADL","AKL","P","A","XX","unavailable","unavailable","01 - 11 years","M","","N","unavailable","unavailable",9
202306,"unavailable","SYD","AKL","P","A","AU","unavailable","unavailable","35 - 44 years","F","","N","unavailable","unavailable",9
202306,"unavailable","CAN","AKL","P","A","GB","unavailable","unavailable","25 - 34 years","M","","N","unavailable","unavailable",9
202306,"unavailable","DXB","AKL","P","A","PK","unavailable","unavailable","25 - 34 years","F","","N","unavailable","unavailable",9
202306,"unavailable","DXB","AKL","P","A","IN","unavailable","unavailable","35 - 44 years","F","","N","unavailable","unavailable",9
202306,"unavailable","MEL","AKL","P","A","PH","unavailable","unavailable","35 - 44 years","M","","N","unavailable","unavailable",9
202306,"unavailable","IAH","AKL","P","A","US","unavailable","unavailable","19 - 24 years","M","","N","unavailable","unavailable",9
202306,"unavailable","SFO","AKL","P","A","US","unavailable","unavailable","25 - 34 years","F","","N","unavailable","unavailable",9
202306,"unavailable","SYD","ZQN","P","A","PH","unavailable","unavailable","25 - 34 years","F","","N","unavailable","unavailable",9
202306,"unavailable","HKG","AKL","P","A","CN","unavailable","unavailable","25 - 34 years","M","","N","unavailable","unavailable",9
202306,"unavailable","HKG","AKL","P","A","HK","unavailable","unavailable","35 - 44 years","M","","N","unavailable","unavailable",9
202306,"unavailable","DXB","AKL","P","A","PK","unavailable","unavailable","25 - 34 years","M","","N","unavailable","unavailable",9
202306,"unavailable","HKG","AKL","P","A","VN","unavailable","unavailable","12 - 18 years","M","","N","unavailable","unavailable",9
202306,"unavailable","MEL","CHC","P","A","AU","unavailable","unavailable","25 - 34 years","M","","N","unavailable","unavailable",9
202306,"unavailable","SYD","CHC","P","A","AU","unavailable","unavailable","25 - 34 years","M","","N","unavailable","unavailable",9
202306,"unavailable","SYD","ZQN","P","A","PH","unavailable","unavailable","01 - 11 years","M","","N","unavailable","unavailable",9
202306,"unavailable","SYD","WLG","P","A","PH","unavailable","unavailable","35 - 44 years","M","","N","unavailable","unavailable",9
202306,"unavailable","SYD","AKL","P","A","AU","unavailable","unavailable","19 - 24 years","M","","N","unavailable","unavailable",9
202306,"unavailable","YVR","AKL","P","A","CA","unavailable","unavailable","25 - 34 years","M","","N","unavailable","unavailable",9
202306,"unavailable","BNE","AKL","P","A","PH","unavailable","unavailable","45 - 54 years","F","","N","unavailable","unavailable",9
202306,"unavailable","SEL","AKL","P","A","KR","unavailable","unavailable","01 - 11 years","M","","N","unavailable","unavailable",9
202306,"unavailable","NAN","AKL","P","A","FJ","unavailable","unavailable","55 - 64 years","M","","N","unavailable","unavailable",9
202306,"unavailable","KUL","AKL","P","A","IN","unavailable","unavailable","45 - 54 years","M","","N","unavailable","unavailable",9
202306,"unavailable","DXB","AKL","P","A","ZW","unavailable","unavailable","25 - 34 years","M","","N","unavailable","unavailable",9
202306,"unavailable","SIN","AKL","P","A","SG","unavailable","unavailable","01 - 11 years","F","","N","unavailable","unavailable",9
202306,"unavailable","DXB","AKL","P","A","IR","unavailable","unavailable","35 - 44 years","F","","N","unavailable","unavailable",9
202306,"unavailable","SIN","AKL","P","A","BD","unavailable","unavailable","25 - 34 years","F","","N","unavailable","unavailable",9
202306,"unavailable","SYD","WLG","P","A","PH","unavailable","unavailable","19 - 24 years","M","","N","unavailable","unavailable",9
202306,"unavailable","SYD","CHC","P","A","PH","unavailable","unavailable","25 - 34 years","F","","N","unavailable","unavailable",9
202306,"unavailable","HKG","AKL","P","A","VN","unavailable","unavailable","12 - 18 years","F","","N","unavailable","unavailable",9
202306,"unavailable","SIN","AKL","P","A","LK","unavailable","unavailable","12 - 18 years","F","","N","unavailable","unavailable",9
202306,"unavailable","MEL","AKL","P","A","GB","unavailable","unavailable","25 - 34 years","M","","N","unavailable","unavailable",9
202306,"unavailable","APW","AKL","P","A","WS","unavailable","unavailable","19 - 24 years","M","","N","unavailable","unavailable",9
202306,"unavailable","MEL","AKL","P","A","AU","unavailable","unavailable","35 - 44 years","M","","N","unavailable","unavailable",9
202306,"unavailable","KUL","AKL","P","A","LK","unavailable","unavailable","45 - 54 years","M","","N","unavailable","unavailable",9
202306,"unavailable","SIN","AKL","P","A","GB","unavailable","unavailable","19 - 24 years","F","","N","unavailable","unavailable",9
202306,"unavailable","SIN","CHC","P","A","IN","unavailable","unavailable","01 - 11 years","F","","N","unavailable","unavailable",9
202306,"unavailable","SIN","AKL","P","A","LK","unavailable","unavailable","45 - 54 years","F","","N","unavailable","unavailable",9
202306,"unavailable","DXB","AKL","P","A","LK","unavailable","unavailable","35 - 44 years","M","","N","unavailable","unavailable",9
202306,"unavailable","SYD","AKL","P","A","IN","unavailable","unavailable","25 - 34 years","M","","N","unavailable","unavailable",9
202306,"unavailable","DXB","AKL","P","A","LK","unavailable","unavailable","25 - 34 years","F","","N","unavailable","unavailable",9
202306,"unavailable","SCL","AKL","P","A","PE","unavailable","unavailable","25 - 34 years","F","","N","unavailable","unavailable",9
202306,"unavailable","SEL","AKL","P","A","KR","unavailable","unavailable","01 - 11 years","F","","N","unavailable","unavailable",9
202306,"unavailable","OOL","AKL","P","A","AU","unavailable","unavailable","01 - 11 years","M","","N","unavailable","unavailable",9
202306,"unavailable","APW","AKL","P","A","WS","unavailable","unavailable","25 - 34 years","M","","N","unavailable","unavailable",9
202306,"unavailable","PEK","AKL","P","A","CN","unavailable","unavailable","55 - 64 years","M","","N","unavailable","unavailable",9
202306,"unavailable","DXB","AKL","P","A","ZA","unavailable","unavailable","19 - 24 years","F","","N","unavailable","unavailable",9
202306,"unavailable","CAN","AKL","P","A","CN","unavailable","unavailable","55 - 64 years","M","","N","unavailable","unavailable",9
202306,"unavailable","DXB","AKL","P","A","IR","unavailable","unavailable","35 - 44 years","M","","N","unavailable","unavailable",9
202306,"unavailable","SEL","AKL","P","A","FR","unavailable","unavailable","25 - 34 years","M","","N","unavailable","unavailable",9
202306,"unavailable","DXB","AKL","P","A","IR","unavailable","unavailable","25 - 34 years","F","","N","unavailable","unavailable",9
202306,"unavailable","SYD","ZQN","P","A","GB","unavailable","unavailable","25 - 34 years","M","","N","unavailable","unavailable",9
202306,"unavailable","APW","AKL","P","A","WS","unavailable","unavailable","25 - 34 years","F","","N","unavailable","unavailable",9
202306,"unavailable","NAN","CHC","P","A","FJ","unavailable","unavailable","12 - 18 years","F","","N","unavailable","unavailable",9
202306,"unavailable","MEL","CHC","P","A","PH","unavailable","unavailable","25 - 34 years","F","","N","unavailable","unavailable",9
202306,"unavailable","SCL","AKL","P","A","XX","unavailable","unavailable","25 - 34 years","M","","N","unavailable","unavailable",9
202306,"unavailable","LAX","AKL","P","A","US","unavailable","unavailable","35 - 44 years","F","","N","unavailable","unavailable",9
202306,"unavailable","SIN","AKL","P","A","PH","unavailable","unavailable","01 - 11 years","F","","N","unavailable","unavailable",9
202306,"unavailable","SCL","AKL","P","A","AR","unavailable","unavailable","01 - 11 years","M","","N","unavailable","unavailable",9
202306,"unavailable","BNE","AKL","P","A","AU","unavailable","unavailable","01 - 11 years","F","","N","unavailable","unavailable",9
202306,"unavailable","SYD","CHC","P","A","ZA","unavailable","unavailable","35 - 44 years","F","","N","unavailable","unavailable",9
202306,"unavailable","SIN","AKL","P","A","PH","unavailable","unavailable","35 - 44 years","F","","N","unavailable","unavailable",9
202306,"unavailable","NRT","AKL","P","A","CZ","unavailable","unavailable","25 - 34 years","F","","N","unavailable","unavailable",9
202306,"unavailable","OOL","AKL","P","A","JP","unavailable","unavailable","25 - 34 years","F","","N","unavailable","unavailable",9
202306,"unavailable","SIN","AKL","P","A","IN","unavailable","unavailable","45 - 54 years","F","","N","unavailable","unavailable",9
202306,"unavailable","KUL","AKL","P","A","AE","unavailable","unavailable","25 - 34 years","M","","N","unavailable","unavailable",9
202306,"unavailable","MEL","AKL","P","A","PH","unavailable","unavailable","25 - 34 years","M","","N","unavailable","unavailable",9
202306,"unavailable","IAH","AKL","P","A","US","unavailable","unavailable","01 - 11 years","M","","N","unavailable","unavailable",9
202306,"unavailable","DXB","AKL","P","A","GB","unavailable","unavailable","01 - 11 years","F","","N","unavailable","unavailable",9
202306,"unavailable","SCL","AKL","P","A","BR","unavailable","unavailable","25 - 34 years","M","","N","unavailable","unavailable",9
202306,"unavailable","DXB","AKL","P","A","IR","unavailable","unavailable","01 - 11 years","F","","N","unavailable","unavailable",9
202306,"unavailable","SZX","AKL","P","A","CN","unavailable","unavailable","35 - 44 years","F","","N","unavailable","unavailable",9
202306,"unavailable","PPT","AKL","P","A","US","unavailable","unavailable","19 - 24 years","F","","N","unavailable","unavailable",9
202306,"unavailable","DXB","AKL","P","A","AE","unavailable","unavailable","25 - 34 years","F","","N","unavailable","unavailable",9
202306,"unavailable","HKG","AKL","P","A","SA","unavailable","unavailable","35 - 44 years","M","","N","unavailable","unavailable",9
202306,"unavailable","CAN","AKL","P","A","XX","unavailable","unavailable","01 - 11 years","F","","N","unavailable","unavailable",9
202306,"unavailable","SYD","CHC","P","A","ZA","unavailable","unavailable","01 - 11 years","M","","N","unavailable","unavailable",9
202306,"unavailable","SYD","AKL","P","A","PH","unavailable","unavailable","45 - 54 years","F","","N","unavailable","unavailable",9
202306,"unavailable","SYD","AKL","P","A","GB","unavailable","unavailable","25 - 34 years","M","","N","unavailable","unavailable",9
202306,"unavailable","IAH","AKL","P","A","US","unavailable","unavailable","35 - 44 years","M","","N","unavailable","unavailable",9
202306,"unavailable","TPE","AKL","P","A","TW","unavailable","unavailable","35 - 44 years","F","","N","unavailable","unavailable",9
202306,"unavailable","CAN","AKL","P","A","NP","unavailable","unavailable","25 - 34 years","M","","N","unavailable","unavailable",9
202306,"unavailable","SYD","WLG","P","A","PH","unavailable","unavailable","25 - 34 years","M","","N","unavailable","unavailable",9
202306,"unavailable","PEK","AKL","P","A","CN","unavailable","unavailable","19 - 24 years","F","","N","unavailable","unavailable",6
202306,"unavailable","HKG","AKL","P","A","AE","unavailable","unavailable","25 - 34 years","M","","N","unavailable","unavailable",6
202306,"unavailable","BNE","AKL","P","A","PH","unavailable","unavailable","12 - 18 years","F","","N","unavailable","unavailable",6
202306,"unavailable","HKG","AKL","P","A","HK","unavailable","unavailable","35 - 44 years","F","","N","unavailable","unavailable",6
202306,"unavailable","SIN","AKL","P","A","PH","unavailable","unavailable","12 - 18 years","M","","N","unavailable","unavailable",6
202306,"unavailable","NAN","AKL","P","A","WS","unavailable","unavailable","01 - 11 years","F","","N","unavailable","unavailable",6
202306,"unavailable","SZX","AKL","P","A","CN","unavailable","unavailable","12 - 18 years","M","","N","unavailable","unavailable",6
202306,"unavailable","SIN","AKL","P","A","VN","unavailable","unavailable","25 - 34 years","M","","N","unavailable","unavailable",6
202306,"unavailable","NAN","WLG","P","A","FJ","unavailable","unavailable","01 - 11 years","M","","N","unavailable","unavailable",6
202306,"unavailable","SYD","WLG","P","A","IN","unavailable","unavailable","35 - 44 years","M","","N","unavailable","unavailable",6
202306,"unavailable","TPE","AKL","P","A","TW","unavailable","unavailable","19 - 24 years","F","","N","unavailable","unavailable",6
202306,"unavailable","KUL","AKL","P","A","IN","unavailable","unavailable","55 - 64 years","M","","N","unavailable","unavailable",6
202306,"unavailable","SIN","CHC","P","A","LK","unavailable","unavailable","25 - 34 years","F","","N","unavailable","unavailable",6
202306,"unavailable","DXB","AKL","P","A","GB","unavailable","unavailable","45 - 54 years","M","","N","unavailable","unavailable",6
202306,"unavailable","SIN","CHC","P","A","PH","unavailable","unavailable","01 - 11 years","M","","N","unavailable","unavailable",6
202306,"unavailable","MEL","AKL","P","A","PH","unavailable","unavailable","19 - 24 years","M","","N","unavailable","unavailable",6
202306,"unavailable","HKG","AKL","P","A","AE","unavailable","unavailable","45 - 54 years","M","","N","unavailable","unavailable",6
202306,"unavailable","HKG","AKL","P","A","VN","unavailable","unavailable","45 - 54 years","M","","N","unavailable","unavailable",6
202306,"unavailable","MEL","AKL","P","A","AU","unavailable","unavailable","55 - 64 years","M","","N","unavailable","unavailable",6
202306,"unavailable","SCL","AKL","P","A","AR","unavailable","unavailable","35 - 44 years","F","","N","unavailable","unavailable",6
202306,"unavailable","SIN","CHC","P","A","PH","unavailable","unavailable","35 - 44 years","F","","N","unavailable","unavailable",6
202306,"unavailable","MEL","AKL","P","A","PH","unavailable","unavailable","19 - 24 years","F","","N","unavailable","unavailable",6
202306,"unavailable","SFO","AKL","P","A","CA","unavailable","unavailable","25 - 34 years","M","","N","unavailable","unavailable",6
202306,"unavailable","MEL","WLG","P","A","ZA","unavailable","unavailable","25 - 34 years","M","","N","unavailable","unavailable",6
202306,"unavailable","BNE","AKL","P","A","AU","unavailable","unavailable","19 - 24 years","M","","N","unavailable","unavailable",6
202306,"unavailable","BNE","AKL","P","A","AU","unavailable","unavailable","65 - 74 years","M","","N","unavailable","unavailable",6
202306,"unavailable","KUL","AKL","P","A","MY","unavailable","unavailable","35 - 44 years","F","","N","unavailable","unavailable",6
202306,"unavailable","TPE","AKL","P","A","PH","unavailable","unavailable","25 - 34 years","M","","N","unavailable","unavailable",6
202306,"unavailable","MEL","AKL","P","A","PH","unavailable","unavailable","45 - 54 years","F","","N","unavailable","unavailable",6
202306,"unavailable","HKG","AKL","P","A","XX","unavailable","unavailable","19 - 24 years","M","","N","unavailable","unavailable",6
202306,"unavailable","ADL","AKL","P","A","ZA","unavailable","unavailable","01 - 11 years","F","","N","unavailable","unavailable",6
202306,"unavailable","ADL","AKL","P","A","ZA","unavailable","unavailable","25 - 34 years","M","","N","unavailable","unavailable",6
202306,"unavailable","DXB","AKL","P","A","ZW","unavailable","unavailable","01 - 11 years","F","","N","unavailable","unavailable",6
202306,"unavailable","CAN","AKL","P","A","IN","unavailable","unavailable","25 - 34 years","M","","N","unavailable","unavailable",6
202306,"unavailable","SIN","CHC","P","A","SG","unavailable","unavailable","25 - 34 years","F","","N","unavailable","unavailable",6
202306,"unavailable","IAH","AKL","P","A","US","unavailable","unavailable","35 - 44 years","F","","N","unavailable","unavailable",6
202306,"unavailable","SYD","AKL","P","A","US","unavailable","unavailable","01 - 11 years","F","","N","unavailable","unavailable",6
202306,"unavailable","SYD","WLG","P","A","PH","unavailable","unavailable","45 - 54 years","M","","N","unavailable","unavailable",6
202306,"unavailable","SZX","AKL","P","A","CN","unavailable","unavailable","01 - 11 years","F","","N","unavailable","unavailable",6
202306,"unavailable","DXB","AKL","P","A","IN","unavailable","unavailable","12 - 18 years","M","","N","unavailable","unavailable",6
202306,"unavailable","BNE","AKL","P","A","PH","unavailable","unavailable","01 - 11 years","F","","N","unavailable","unavailable",6
202306,"unavailable","MEL","AKL","P","A","AU","unavailable","unavailable","Less than 1 year","M","","N","unavailable","unavailable",6
202306,"unavailable","DXB","AKL","P","A","AE","unavailable","unavailable","01 - 11 years","F","","N","unavailable","unavailable",6
202306,"unavailable","KUL","AKL","P","A","IN","unavailable","unavailable","Less than 1 year","M","","N","unavailable","unavailable",6
202306,"unavailable","ADL","AKL","P","A","QA","unavailable","unavailable","01 - 11 years","F","","N","unavailable","unavailable",6
202306,"unavailable","PER","AKL","P","A","AU","unavailable","unavailable","35 - 44 years","F","","N","unavailable","unavailable",6
202306,"unavailable","SYD","CHC","P","A","GB","unavailable","unavailable","25 - 34 years","F","","N","unavailable","unavailable",6
202306,"unavailable","KUL","AKL","P","A","PH","unavailable","unavailable","19 - 24 years","M","","N","unavailable","unavailable",6
202306,"unavailable","HKG","AKL","P","A","CN","unavailable","unavailable","35 - 44 years","M","","N","unavailable","unavailable",6
202306,"unavailable","SYD","CHC","P","A","PH","unavailable","unavailable","45 - 54 years","M","","N","unavailable","unavailable",6
202306,"unavailable","NAN","WLG","P","A","FJ","unavailable","unavailable","35 - 44 years","F","","N","unavailable","unavailable",6
202306,"unavailable","SYD","ZQN","P","A","PH","unavailable","unavailable","25 - 34 years","M","","N","unavailable","unavailable",6
202306,"unavailable","SYD","AKL","P","A","FR","unavailable","unavailable","25 - 34 years","F","","N","unavailable","unavailable",6
202306,"unavailable","TBU","AKL","P","A","TO","unavailable","unavailable","25 - 34 years","F","","N","unavailable","unavailable",6
202306,"unavailable","SIN","AKL","P","A","SA","unavailable","unavailable","25 - 34 years","M","","N","unavailable","unavailable",6
202306,"unavailable","SIN","AKL","P","A","BD","unavailable","unavailable","25 - 34 years","M","","N","unavailable","unavailable",6
202306,"unavailable","CAN","AKL","P","A","XX","unavailable","unavailable","45 - 54 years","F","","N","unavailable","unavailable",6
202306,"unavailable","MEL","CHC","P","A","PH","unavailable","unavailable","35 - 44 years","F","","N","unavailable","unavailable",6
202306,"unavailable","PEK","AKL","P","A","CN","unavailable","unavailable","55 - 64 years","F","","N","unavailable","unavailable",6
202306,"unavailable","MEL","WLG","P","A","PH","unavailable","unavailable","01 - 11 years","F","","N","unavailable","unavailable",6
202306,"unavailable","SIN","AKL","P","A","IN","unavailable","unavailable","65 - 74 years","F","","N","unavailable","unavailable",6
202306,"unavailable","NAN","WLG","P","A","FJ","unavailable","unavailable","35 - 44 years","M","","N","unavailable","unavailable",6
202306,"unavailable","APW","AKL","P","A","WS","unavailable","unavailable","45 - 54 years","M","","N","unavailable","unavailable",6
202306,"unavailable","HKG","AKL","P","A","XX","unavailable","unavailable","01 - 11 years","F","","N","unavailable","unavailable",6
202306,"unavailable","SIN","AKL","P","A","FR","unavailable","unavailable","19 - 24 years","M","","N","unavailable","unavailable",6
202306,"unavailable","KUL","AKL","P","A","NP","unavailable","unavailable","25 - 34 years","F","","N","unavailable","unavailable",6
202306,"unavailable","MEL","AKL","P","A","PH","unavailable","unavailable","35 - 44 years","F","","N","unavailable","unavailable",6
202306,"unavailable","CAN","AKL","P","A","PH","unavailable","unavailable","45 - 54 years","M","","N","unavailable","unavailable",6
202306,"unavailable","APW","AKL","P","A","WS","unavailable","unavailable","35 - 44 years","M","","N","unavailable","unavailable",6
202306,"unavailable","HKG","AKL","P","A","HK","unavailable","unavailable","01 - 11 years","M","","N","unavailable","unavailable",6
202306,"unavailable","SIN","AKL","P","A","GB","unavailable","unavailable","01 - 11 years","F","","N","unavailable","unavailable",6
202306,"unavailable","BNE","AKL","P","A","AU","unavailable","unavailable","35 - 44 years","F","","N","unavailable","unavailable",6
202306,"unavailable","SIN","AKL","P","A","KH","unavailable","unavailable","35 - 44 years","F","","N","unavailable","unavailable",6
202306,"unavailable","SIN","CHC","P","A","SG","unavailable","unavailable","35 - 44 years","M","","N","unavailable","unavailable",6
202306,"unavailable","TPE","AKL","P","A","TW","unavailable","unavailable","01 - 11 years","M","","N","unavailable","unavailable",6
202306,"unavailable","DXB","AKL","P","A","SA","unavailable","unavailable","35 - 44 years","M","","N","unavailable","unavailable",6
202306,"unavailable","CAN","AKL","P","A","PH","unavailable","unavailable","45 - 54 years","F","","N","unavailable","unavailable",6
202306,"unavailable","KUL","AKL","P","A","SG","unavailable","unavailable","25 - 34 years","M","","N","unavailable","unavailable",6
202306,"unavailable","CAN","AKL","P","A","KH","unavailable","unavailable","35 - 44 years","F","","N","unavailable","unavailable",6
202306,"unavailable","SCL","AKL","P","A","BR","unavailable","unavailable","01 - 11 years","M","","N","unavailable","unavailable",6
202306,"unavailable","DXB","AKL","P","A","IR","unavailable","unavailable","12 - 18 years","F","","N","unavailable","unavailable",6
202306,"unavailable","HKG","AKL","P","A","XX","unavailable","unavailable","35 - 44 years","F","","N","unavailable","unavailable",6
202306,"unavailable","DXB","AKL","P","A","AE","unavailable","unavailable","01 - 11 years","M","","N","unavailable","unavailable",6
202306,"unavailable","MEL","CHC","P","A","PH","unavailable","unavailable","01 - 11 years","M","","N","unavailable","unavailable",6
202306,"unavailable","HKG","AKL","P","A","TW","unavailable","unavailable","25 - 34 years","F","","N","unavailable","unavailable",6
202306,"unavailable","SYD","AKL","P","A","XX","unavailable","unavailable","01 - 11 years","F","","N","unavailable","unavailable",6
202306,"unavailable","OOL","AKL","P","A","AU","unavailable","unavailable","25 - 34 years","M","","N","unavailable","unavailable",6
202306,"unavailable","SYD","AKL","P","A","ZA","unavailable","unavailable","01 - 11 years","M","","N","unavailable","unavailable",6
202306,"unavailable","MEL","AKL","P","A","AU","unavailable","unavailable","19 - 24 years","M","","N","unavailable","unavailable",6
202306,"unavailable","SIN","AKL","P","A","LK","unavailable","unavailable","19 - 24 years","M","","N","unavailable","unavailable",6
202306,"unavailable","SHA","AKL","P","A","GB","unavailable","unavailable","25 - 34 years","F","","N","unavailable","unavailable",6
202306,"unavailable","SIN","AKL","P","A","SA","unavailable","unavailable","35 - 44 years","M","","N","unavailable","unavailable",6
202306,"unavailable","DXB","AKL","P","A","FR","unavailable","unavailable","25 - 34 years","M","","N","unavailable","unavailable",6
202306,"unavailable","SYD","AKL","P","A","XX","unavailable","unavailable","01 - 11 years","M","","N","unavailable","unavailable",6
202306,"unavailable","LAX","AKL","P","A","US","unavailable","unavailable","45 - 54 years","M","","N","unavailable","unavailable",6
202306,"unavailable","BNE","AKL","P","A","PH","unavailable","unavailable","25 - 34 years","M","","N","unavailable","unavailable",6
202306,"unavailable","KUL","AKL","P","A","PH","unavailable","unavailable","25 - 34 years","F","","N","unavailable","unavailable",6
202306,"unavailable","MEL","AKL","P","A","GB","unavailable","unavailable","25 - 34 years","F","","N","unavailable","unavailable",6
202306,"unavailable","YVR","AKL","P","A","CA","unavailable","unavailable","35 - 44 years","M","","N","unavailable","unavailable",6
202306,"unavailable","MEL","AKL","P","A","PH","unavailable","unavailable","12 - 18 years","F","","N","unavailable","unavailable",6
202306,"unavailable","SYD","WLG","P","A","AU","unavailable","unavailable","01 - 11 years","F","","N","unavailable","unavailable",6
202306,"unavailable","ADL","AKL","P","A","ZA","unavailable","unavailable","25 - 34 years","F","","N","unavailable","unavailable",6
202306,"unavailable","CAN","AKL","P","A","TH","unavailable","unavailable","25 - 34 years","M","","N","unavailable","unavailable",6
202306,"unavailable","DXB","AKL","P","A","XX","unavailable","unavailable","45 - 54 years","M","","N","unavailable","unavailable",6
202306,"unavailable","OOL","AKL","P","A","JP","unavailable","unavailable","25 - 34 years","M","","N","unavailable","unavailable",6
202306,"unavailable","SIN","AKL","P","A","NP","unavailable","unavailable","19 - 24 years","M","","N","unavailable","unavailable",6
202306,"unavailable","KUL","AKL","P","A","FR","unavailable","unavailable","25 - 34 years","F","","N","unavailable","unavailable",6
202306,"unavailable","HKG","AKL","P","A","PH","unavailable","unavailable","55 - 64 years","M","","N","unavailable","unavailable",6
202306,"unavailable","NAN","AKL","P","A","FJ","unavailable","unavailable","Less than 1 year","F","","N","unavailable","unavailable",6
202306,"unavailable","SYD","AKL","P","A","SA","unavailable","unavailable","35 - 44 years","M","","N","unavailable","unavailable",6
202306,"unavailable","SIN","CHC","P","A","NP","unavailable","unavailable","25 - 34 years","F","","N","unavailable","unavailable",6
202306,"unavailable","HKG","AKL","P","A","PH","unavailable","unavailable","55 - 64 years","F","","N","unavailable","unavailable",6
202306,"unavailable","SIN","CHC","P","A","NP","unavailable","unavailable","19 - 24 years","M","","N","unavailable","unavailable",6
202306,"unavailable","NAN","CHC","P","A","FJ","unavailable","unavailable","19 - 24 years","M","","N","unavailable","unavailable",6
202306,"unavailable","LAX","AKL","P","A","US","unavailable","unavailable","25 - 34 years","M","","N","unavailable","unavailable",6
202306,"unavailable","KUL","AKL","P","A","MY","unavailable","unavailable","12 - 18 years","M","","N","unavailable","unavailable",6
202306,"unavailable","DXB","AKL","P","A","SA","unavailable","unavailable","25 - 34 years","M","","N","unavailable","unavailable",6
202306,"unavailable","MEL","AKL","P","A","PH","unavailable","unavailable","01 - 11 years","M","","N","unavailable","unavailable",6
202306,"unavailable","IAH","AKL","P","A","US","unavailable","unavailable","12 - 18 years","F","","N","unavailable","unavailable",6
202306,"unavailable","SIN","AKL","P","A","IN","unavailable","unavailable","Less than 1 year","F","","N","unavailable","unavailable",6
202306,"unavailable","SIN","AKL","P","A","AE","unavailable","unavailable","35 - 44 years","F","","N","unavailable","unavailable",6
202306,"unavailable","BNE","AKL","P","A","PH","unavailable","unavailable","19 - 24 years","M","","N","unavailable","unavailable",6
202306,"unavailable","SIN","AKL","P","A","PH","unavailable","unavailable","12 - 18 years","F","","N","unavailable","unavailable",6
202306,"unavailable","HKG","AKL","P","A","NP","unavailable","unavailable","25 - 34 years","M","","N","unavailable","unavailable",6
202306,"unavailable","SIN","AKL","P","A","KW","unavailable","unavailable","35 - 44 years","M","","N","unavailable","unavailable",6
202306,"unavailable","RAR","AKL","P","A","CK","unavailable","unavailable","01 - 11 years","M","","N","unavailable","unavailable",6
202306,"unavailable","SIN","AKL","P","A","KH","unavailable","unavailable","25 - 34 years","F","","N","unavailable","unavailable",6
202306,"unavailable","CAN","AKL","P","A","NP","unavailable","unavailable","19 - 24 years","F","","N","unavailable","unavailable",6
202306,"unavailable","ADL","AKL","P","A","QA","unavailable","unavailable","01 - 11 years","M","","N","unavailable","unavailable",6
202306,"unavailable","BNE","AKL","P","A","PH","unavailable","unavailable","25 - 34 years","F","","N","unavailable","unavailable",6
202306,"unavailable","HNL","AKL","P","A","US","unavailable","unavailable","25 - 34 years","M","","N","unavailable","unavailable",6
202306,"unavailable","SCL","AKL","P","A","BR","unavailable","unavailable","35 - 44 years","M","","N","unavailable","unavailable",6
202306,"unavailable","HKG","AKL","P","A","HK","unavailable","unavailable","55 - 64 years","F","","N","unavailable","unavailable",6
202306,"unavailable","SIN","AKL","P","A","SG","unavailable","unavailable","01 - 11 years","M","","N","unavailable","unavailable",6
202306,"unavailable","SYD","AKL","P","A","AU","unavailable","unavailable","12 - 18 years","F","","N","unavailable","unavailable",6
202306,"unavailable","DXB","AKL","P","A","AE","unavailable","unavailable","12 - 18 years","M","","N","unavailable","unavailable",6
202306,"unavailable","SYD","AKL","P","A","MY","unavailable","unavailable","01 - 11 years","F","","N","unavailable","unavailable",6
202306,"unavailable","CAN","AKL","P","A","CN","unavailable","unavailable","55 - 64 years","F","","N","unavailable","unavailable",6
202306,"unavailable","SYD","AKL","P","A","AU","unavailable","unavailable","01 - 11 years","F","","N","unavailable","unavailable",6
202306,"unavailable","DXB","AKL","P","A","IN","unavailable","unavailable","01 - 11 years","F","","N","unavailable","unavailable",6
202306,"unavailable","BNE","AKL","P","A","AU","unavailable","unavailable","01 - 11 years","M","","N","unavailable","unavailable",6
202306,"unavailable","SYD","CHC","P","A","ZA","unavailable","unavailable","25 - 34 years","M","","N","unavailable","unavailable",6
202306,"unavailable","IAH","AKL","P","A","US","unavailable","unavailable","45 - 54 years","M","","N","unavailable","unavailable",6
202306,"unavailable","BNE","AKL","P","A","TW","unavailable","unavailable","25 - 34 years","M","","N","unavailable","unavailable",6
202306,"unavailable","SIN","AKL","P","A","XX","unavailable","unavailable","25 - 34 years","F","","N","unavailable","unavailable",6
202306,"unavailable","CAN","AKL","P","A","VN","unavailable","unavailable","45 - 54 years","M","","N","unavailable","unavailable",6
202306,"unavailable","DXB","AKL","P","A","NP","unavailable","unavailable","19 - 24 years","M","","N","unavailable","unavailable",6
202306,"unavailable","SYD","AKL","P","A","TH","unavailable","unavailable","45 - 54 years","F","","N","unavailable","unavailable",6
202306,"unavailable","SIN","AKL","P","A","SG","unavailable","unavailable","45 - 54 years","F","","N","unavailable","unavailable",6
202306,"unavailable","HKG","AKL","P","A","VN","unavailable","unavailable","01 - 11 years","M","","N","unavailable","unavailable",6
202306,"unavailable","ADL","AKL","P","A","QA","unavailable","unavailable","45 - 54 years","M","","N","unavailable","unavailable",6
202306,"unavailable","SEL","AKL","P","A","KR","unavailable","unavailable","45 - 54 years","F","","N","unavailable","unavailable",6
202306,"unavailable","SCL","AKL","P","A","UY","unavailable","unavailable","19 - 24 years","M","","N","unavailable","unavailable",6
202306,"unavailable","MEL","AKL","P","A","AU","unavailable","unavailable","35 - 44 years","F","","N","unavailable","unavailable",6
202306,"unavailable","DXB","AKL","P","A","IR","unavailable","unavailable","12 - 18 years","M","","N","unavailable","unavailable",6
202306,"unavailable","LAX","AKL","P","A","US","unavailable","unavailable","19 - 24 years","F","","N","unavailable","unavailable",6
202306,"unavailable","KUL","AKL","P","A","XX","unavailable","unavailable","25 - 34 years","M","","N","unavailable","unavailable",6
202306,"unavailable","KUL","AKL","P","A","XX","unavailable","unavailable","01 - 11 years","F","","N","unavailable","unavailable",6
202306,"unavailable","LAX","AKL","P","A","US","unavailable","unavailable","01 - 11 years","F","","N","unavailable","unavailable",6
202306,"unavailable","CAN","AKL","P","A","PH","unavailable","unavailable","19 - 24 years","F","","N","unavailable","unavailable",6
202306,"unavailable","SFO","AKL","P","A","US","unavailable","unavailable","35 - 44 years","F","","N","unavailable","unavailable",6
202306,"unavailable","DXB","AKL","P","A","XX","unavailable","unavailable","19 - 24 years","M","","N","unavailable","unavailable",6
202306,"unavailable","SIN","AKL","P","A","KH","unavailable","unavailable","01 - 11 years","M","","N","unavailable","unavailable",6
202306,"unavailable","BNE","AKL","P","A","PH","unavailable","unavailable","01 - 11 years","M","","N","unavailable","unavailable",6
202306,"unavailable","DXB","AKL","P","A","IN","unavailable","unavailable","45 - 54 years","M","","N","unavailable","unavailable",6
202306,"unavailable","CAN","AKL","P","A","GB","unavailable","unavailable","25 - 34 years","F","","N","unavailable","unavailable",6
202306,"unavailable","DXB","AKL","P","A","XX","unavailable","unavailable","25 - 34 years","F","","N","unavailable","unavailable",6
202306,"unavailable","SYD","AKL","P","A","IN","unavailable","unavailable","35 - 44 years","F","","N","unavailable","unavailable",6
202306,"unavailable","SZX","AKL","P","A","CN","unavailable","unavailable","19 - 24 years","F","","N","unavailable","unavailable",6
202306,"unavailable","SYD","WLG","P","A","ZA","unavailable","unavailable","01 - 11 years","M","","N","unavailable","unavailable",6
202306,"unavailable","SYD","AKL","P","A","XX","unavailable","unavailable","45 - 54 years","F","","N","unavailable","unavailable",6
202306,"unavailable","LAX","AKL","P","A","GB","unavailable","unavailable","35 - 44 years","F","","N","unavailable","unavailable",6
202306,"unavailable","SIN","CHC","P","A","PH","unavailable","unavailable","35 - 44 years","M","","N","unavailable","unavailable",6
202306,"unavailable","SHA","AKL","P","A","GB","unavailable","unavailable","25 - 34 years","M","","N","unavailable","unavailable",6
202306,"unavailable","PER","AKL","P","A","AU","unavailable","unavailable","01 - 11 years","F","","N","unavailable","unavailable",6
202306,"unavailable","SYD","WLG","P","A","ZA","unavailable","unavailable","25 - 34 years","F","","N","unavailable","unavailable",6
202306,"unavailable","MEL","AKL","P","A","DE","unavailable","unavailable","25 - 34 years","F","","N","unavailable","unavailable",6
202306,"unavailable","SCL","AKL","P","A","CL","unavailable","unavailable","01 - 11 years","F","","N","unavailable","unavailable",6
202306,"unavailable","SIN","AKL","P","A","QA","unavailable","unavailable","35 - 44 years","M","","N","unavailable","unavailable",6
202306,"unavailable","SYD","CHC","P","A","ZA","unavailable","unavailable","01 - 11 years","F","","N","unavailable","unavailable",6
202306,"unavailable","SYD","ZQN","P","A","AU","unavailable","unavailable","25 - 34 years","M","","N","unavailable","unavailable",6
202306,"unavailable","SFO","AKL","P","A","CA","unavailable","unavailable","25 - 34 years","F","","N","unavailable","unavailable",6
202306,"unavailable","DXB","AKL","P","A","GB","unavailable","unavailable","35 - 44 years","F","","N","unavailable","unavailable",6
202306,"unavailable","MEL","CHC","P","A","PH","unavailable","unavailable","19 - 24 years","M","","N","unavailable","unavailable",6
202306,"unavailable","ADL","AKL","P","A","AE","unavailable","unavailable","35 - 44 years","M","","N","unavailable","unavailable",6
202306,"unavailable","MEL","AKL","P","A","LK","unavailable","unavailable","01 - 11 years","M","","N","unavailable","unavailable",6
202306,"unavailable","BNE","AKL","P","A","AU","unavailable","unavailable","55 - 64 years","M","","N","unavailable","unavailable",6
202306,"unavailable","KUL","AKL","P","A","IN","unavailable","unavailable","Less than 1 year","F","","N","unavailable","unavailable",6
202306,"unavailable","RAR","AKL","P","A","CK","unavailable","unavailable","01 - 11 years","F","","N","unavailable","unavailable",6
202306,"unavailable","PPT","AKL","P","A","MX","unavailable","unavailable","25 - 34 years","M","","N","unavailable","unavailable",6
202306,"unavailable","KUL","AKL","P","A","MY","unavailable","unavailable","25 - 34 years","F","","N","unavailable","unavailable",6
202306,"unavailable","SIN","AKL","P","A","BD","unavailable","unavailable","01 - 11 years","M","","N","unavailable","unavailable",6
202306,"unavailable","BNE","AKL","P","A","AU","unavailable","unavailable","55 - 64 years","F","","N","unavailable","unavailable",6
202306,"unavailable","DXB","AKL","P","A","IE","unavailable","unavailable","25 - 34 years","F","","N","unavailable","unavailable",6
202306,"unavailable","BNE","AKL","P","A","PH","unavailable","unavailable","19 - 24 years","F","","N","unavailable","unavailable",6
202306,"unavailable","BNE","AKL","P","A","PH","unavailable","unavailable","45 - 54 years","M","","N","unavailable","unavailable",6
202306,"unavailable","KUL","AKL","P","A","GB","unavailable","unavailable","25 - 34 years","F","","N","unavailable","unavailable",6
202306,"unavailable","IAH","AKL","P","A","US","unavailable","unavailable","19 - 24 years","F","","N","unavailable","unavailable",6
202306,"unavailable","KUL","AKL","P","A","NP","unavailable","unavailable","19 - 24 years","M","","N","unavailable","unavailable",6
202306,"unavailable","SYD","WLG","P","A","IN","unavailable","unavailable","25 - 34 years","M","","N","unavailable","unavailable",6
202306,"unavailable","NAN","AKL","P","A","FJ","unavailable","unavailable","Less than 1 year","M","","N","unavailable","unavailable",6
202306,"unavailable","SFO","AKL","P","A","US","unavailable","unavailable","35 - 44 years","M","","N","unavailable","unavailable",6
202306,"unavailable","SIN","AKL","P","A","VN","unavailable","unavailable","01 - 11 years","M","","N","unavailable","unavailable",6
202306,"unavailable","DXB","AKL","P","A","ZA","unavailable","unavailable","55 - 64 years","M","","N","unavailable","unavailable",6
202306,"unavailable","TBU","AKL","P","A","TO","unavailable","unavailable","19 - 24 years","F","","N","unavailable","unavailable",6
202306,"unavailable","SIN","AKL","P","A","FR","unavailable","unavailable","19 - 24 years","F","","N","unavailable","unavailable",6
202306,"unavailable","MEL","AKL","P","A","AU","unavailable","unavailable","45 - 54 years","F","","N","unavailable","unavailable",6
202306,"unavailable","DXB","AKL","P","A","PK","unavailable","unavailable","35 - 44 years","F","","N","unavailable","unavailable",6
202306,"unavailable","TPE","AKL","P","A","TW","unavailable","unavailable","55 - 64 years","F","","N","unavailable","unavailable",6
202306,"unavailable","SYD","WLG","P","A","GB","unavailable","unavailable","25 - 34 years","F","","N","unavailable","unavailable",6
202306,"unavailable","SIN","AKL","P","A","CZ","unavailable","unavailable","25 - 34 years","M","","N","unavailable","unavailable",6
202306,"unavailable","OOL","AKL","P","A","JP","unavailable","unavailable","19 - 24 years","M","","N","unavailable","unavailable",6
202306,"unavailable","SCL","AKL","P","A","BR","unavailable","unavailable","01 - 11 years","F","","N","unavailable","unavailable",6
202306,"unavailable","HKG","AKL","P","A","JP","unavailable","unavailable","25 - 34 years","M","","N","unavailable","unavailable",6
202306,"unavailable","SCL","AKL","P","A","AR","unavailable","unavailable","19 - 24 years","F","","N","unavailable","unavailable",6
202306,"unavailable","SYD","AKL","P","A","TH","unavailable","unavailable","25 - 34 years","M","","N","unavailable","unavailable",6
202306,"unavailable","PEK","AKL","P","A","CN","unavailable","unavailable","65 - 74 years","F","","N","unavailable","unavailable",6
202306,"unavailable","SHA","AKL","P","A","SG","unavailable","unavailable","35 - 44 years","M","","N","unavailable","unavailable",6
202306,"unavailable","DXB","AKL","P","A","PK","unavailable","unavailable","19 - 24 years","M","","N","unavailable","unavailable",6
202306,"unavailable","ADL","AKL","P","A","BR","unavailable","unavailable","25 - 34 years","M","","N","unavailable","unavailable",6
202306,"unavailable","SYD","CHC","P","A","ZA","unavailable","unavailable","25 - 34 years","F","","N","unavailable","unavailable",6
202306,"unavailable","NRT","AKL","P","A","CZ","unavailable","unavailable","25 - 34 years","M","","N","unavailable","unavailable",6
202306,"unavailable","SIN","AKL","P","A","VN","unavailable","unavailable","35 - 44 years","F","","N","unavailable","unavailable",6
202306,"unavailable","BNE","AKL","P","A","PH","unavailable","unavailable","35 - 44 years","F","","N","unavailable","unavailable",6
202306,"unavailable","BNE","AKL","P","A","AU","unavailable","unavailable","45 - 54 years","F","","N","unavailable","unavailable",6
202306,"unavailable","NAN","CHC","P","A","FJ","unavailable","unavailable","35 - 44 years","M","","N","unavailable","unavailable",6
202306,"unavailable","DXB","AKL","P","A","IE","unavailable","unavailable","19 - 24 years","M","","N","unavailable","unavailable",6
202306,"unavailable","MEL","AKL","P","A","PH","unavailable","unavailable","01 - 11 years","F","","N","unavailable","unavailable",6
202306,"unavailable","MEL","AKL","P","A","PH","unavailable","unavailable","45 - 54 years","M","","N","unavailable","unavailable",6
202306,"unavailable","APW","AKL","P","A","WS","unavailable","unavailable","35 - 44 years","F","","N","unavailable","unavailable",6
202306,"unavailable","SYD","ZQN","P","A","PH","unavailable","unavailable","45 - 54 years","F","","N","unavailable","unavailable",6
202306,"unavailable","ADL","AKL","P","A","AR","unavailable","unavailable","25 - 34 years","F","","N","unavailable","unavailable",6
202306,"unavailable","TPE","AKL","P","A","PH","unavailable","unavailable","35 - 44 years","M","","N","unavailable","unavailable",6
202306,"unavailable","SIN","AKL","P","A","KH","unavailable","unavailable","19 - 24 years","M","","N","unavailable","unavailable",6
202306,"unavailable","SIN","AKL","P","A","TR","unavailable","unavailable","25 - 34 years","M","","N","unavailable","unavailable",6
202306,"unavailable","DXB","AKL","P","A","XX","unavailable","unavailable","35 - 44 years","F","","N","unavailable","unavailable",6
202306,"unavailable","TBU","AKL","P","A","TO","unavailable","unavailable","35 - 44 years","F","","N","unavailable","unavailable",6
202306,"unavailable","NAN","CHC","P","A","FJ","unavailable","unavailable","12 - 18 years","M","","N","unavailable","unavailable",6
202306,"unavailable","DXB","AKL","P","A","XX","unavailable","unavailable","01 - 11 years","F","","N","unavailable","unavailable",6
202306,"unavailable","MEL","AKL","P","A","PH","unavailable","unavailable","12 - 18 years","M","","N","unavailable","unavailable",6
202306,"unavailable","SIN","AKL","P","A","KH","unavailable","unavailable","25 - 34 years","M","","N","unavailable","unavailable",6
202306,"unavailable","SCL","AKL","P","A","BR","unavailable","unavailable","35 - 44 years","F","","N","unavailable","unavailable",6
202306,"unavailable","KUL","AKL","P","A","XX","unavailable","unavailable","35 - 44 years","M","","N","unavailable","unavailable",6
202306,"unavailable","LAX","AKL","P","A","US","unavailable","unavailable","01 - 11 years","M","","N","unavailable","unavailable",6
202306,"unavailable","DXB","AKL","P","A","PK","unavailable","unavailable","01 - 11 years","M","","N","unavailable","unavailable",6
202306,"unavailable","SIN","AKL","P","A","CZ","unavailable","unavailable","25 - 34 years","F","","N","unavailable","unavailable",6
202306,"unavailable","CAN","AKL","P","A","CN","unavailable","unavailable","75+","F","","N","unavailable","unavailable",6
202306,"unavailable","SYD","AKL","P","A","FR","unavailable","unavailable","25 - 34 years","M","","N","unavailable","unavailable",6
202306,"unavailable","SEL","AKL","P","A","FR","unavailable","unavailable","19 - 24 years","M","","N","unavailable","unavailable",6
202306,"unavailable","KUL","AKL","P","A","NP","unavailable","unavailable","19 - 24 years","F","","N","unavailable","unavailable",6
202306,"unavailable","SIN","CHC","P","A","IN","unavailable","unavailable","12 - 18 years","F","","N","unavailable","unavailable",6
202306,"unavailable","SIN","CHC","P","A","NP","unavailable","unavailable","01 - 11 years","F","","N","unavailable","unavailable",6
202306,"unavailable","KUL","AKL","P","A","IN","unavailable","unavailable","45 - 54 years","F","","N","unavailable","unavailable",6
202306,"unavailable","NRT","AKL","P","A","JP","unavailable","unavailable","01 - 11 years","F","","N","unavailable","unavailable",3
202306,"unavailable","HKG","AKL","P","A","TR","unavailable","unavailable","35 - 44 years","M","","N","unavailable","unavailable",3
202306,"unavailable","ADL","AKL","P","A","SR","unavailable","unavailable","35 - 44 years","M","","N","unavailable","unavailable",3
202306,"unavailable","ADL","AKL","P","A","BR","unavailable","unavailable","01 - 11 years","F","","N","unavailable","unavailable",3
202306,"unavailable","SIN","AKL","P","A","MM","unavailable","unavailable","35 - 44 years","F","","N","unavailable","unavailable",3
202306,"unavailable","SHA","AKL","P","A","IT","unavailable","unavailable","19 - 24 years","M","","N","unavailable","unavailable",3
202306,"unavailable","OOL","ZQN","P","A","AU","unavailable","unavailable","12 - 18 years","F","","N","unavailable","unavailable",3
202306,"unavailable","HKG","AKL","P","A","TH","unavailable","unavailable","35 - 44 years","M","","N","unavailable","unavailable",3
202306,"unavailable","ADL","AKL","P","A","AU","unavailable","unavailable","65 - 74 years","F","","N","unavailable","unavailable",3
202306,"unavailable","BNE","ZQN","P","A","AU","unavailable","unavailable","12 - 18 years","M","","N","unavailable","unavailable",3
202306,"unavailable","IAH","AKL","P","A","US","unavailable","unavailable","65 - 74 years","F","","N","unavailable","unavailable",3
202306,"unavailable","KUL","AKL","P","A","MM","unavailable","unavailable","19 - 24 years","F","","N","unavailable","unavailable",3
202306,"unavailable","DXB","AKL","P","A","AE","unavailable","unavailable","19 - 24 years","M","","N","unavailable","unavailable",3
202306,"unavailable","SYD","WLG","P","A","GB","unavailable","unavailable","35 - 44 years","F","","N","unavailable","unavailable",3
202306,"unavailable","HKG","AKL","P","A","QA","unavailable","unavailable","45 - 54 years","M","","N","unavailable","unavailable",3
202306,"unavailable","SCL","AKL","P","A","UY","unavailable","unavailable","12 - 18 years","M","","N","unavailable","unavailable",3
202306,"unavailable","SYD","AKL","P","A","IE","unavailable","unavailable","25 - 34 years","M","","N","unavailable","unavailable",3
202306,"unavailable","HKG","AKL","P","A","DE","unavailable","unavailable","01 - 11 years","M","","N","unavailable","unavailable",3
202306,"unavailable","SYD","AKL","P","A","MY","unavailable","unavailable","19 - 24 years","M","","N","unavailable","unavailable",3
202306,"unavailable","YVR","AKL","P","A","CA","unavailable","unavailable","65 - 74 years","M","","N","unavailable","unavailable",3
202306,"unavailable","SIN","AKL","P","A","ZW","unavailable","unavailable","25 - 34 years","M","","N","unavailable","unavailable",3
202306,"unavailable","SYD","AKL","P","A","MY","unavailable","unavailable","19 - 24 years","F","","N","unavailable","unavailable",3
202306,"unavailable","SIN","AKL","P","A","SG","unavailable","unavailable","19 - 24 years","F","","N","unavailable","unavailable",3
202306,"unavailable","SCL","AKL","P","A","DK","unavailable","unavailable","25 - 34 years","M","","N","unavailable","unavailable",3
202306,"unavailable","SHA","AKL","P","A","US","unavailable","unavailable","35 - 44 years","M","","N","unavailable","unavailable",3
202306,"unavailable","SYD","AKL","P","A","LK","unavailable","unavailable","12 - 18 years","M","","N","unavailable","unavailable",3
202306,"unavailable","SCL","AKL","P","A","BR","unavailable","unavailable","12 - 18 years","F","","N","unavailable","unavailable",3
202306,"unavailable","LAX","AKL","P","A","IE","unavailable","unavailable","25 - 34 years","F","","N","unavailable","unavailable",3
202306,"unavailable","KUL","AKL","P","A","VN","unavailable","unavailable","65 - 74 years","M","","N","unavailable","unavailable",3
202306,"unavailable","NAN","AKL","P","A","CN","unavailable","unavailable","12 - 18 years","M","","N","unavailable","unavailable",3
202306,"unavailable","NAN","AKL","P","A","LA","unavailable","unavailable","01 - 11 years","F","","N","unavailable","unavailable",3
202306,"unavailable","SYD","CHC","P","A","ZA","unavailable","unavailable","45 - 54 years","F","","N","unavailable","unavailable",3
202306,"unavailable","CAN","AKL","P","A","CK","unavailable","unavailable","35 - 44 years","M","","N","unavailable","unavailable",3
202306,"unavailable","SYD","WLG","P","A","SG","unavailable","unavailable","25 - 34 years","F","","N","unavailable","unavailable",3
202306,"unavailable","BNE","AKL","P","A","AU","unavailable","unavailable","12 - 18 years","F","","N","unavailable","unavailable",3
202306,"unavailable","KUL","AKL","P","A","LK","unavailable","unavailable","19 - 24 years","M","","N","unavailable","unavailable",3
202306,"unavailable","BNE","ZQN","P","A","AU","unavailable","unavailable","25 - 34 years","M","","N","unavailable","unavailable",3
202306,"unavailable","LAX","AKL","P","A","US","unavailable","unavailable","19 - 24 years","M","","N","unavailable","unavailable",3
202306,"unavailable","SIN","CHC","P","A","SG","unavailable","unavailable","25 - 34 years","M","","N","unavailable","unavailable",3
202306,"unavailable","OOL","AKL","P","A","AU","unavailable","unavailable","12 - 18 years","F","","N","unavailable","unavailable",3
202306,"unavailable","NAN","AKL","P","A","US","unavailable","unavailable","35 - 44 years","F","","N","unavailable","unavailable",3
202306,"unavailable","ORD","AKL","P","A","US","unavailable","unavailable","01 - 11 years","M","","N","unavailable","unavailable",3
202306,"unavailable","SHA","AKL","P","A","CU","unavailable","unavailable","45 - 54 years","M","","N","unavailable","unavailable",3
202306,"unavailable","NRT","AKL","P","A","JP","unavailable","unavailable","01 - 11 years","M","","N","unavailable","unavailable",3
202306,"unavailable","SCL","AKL","P","A","DZ","unavailable","unavailable","25 - 34 years","M","","N","unavailable","unavailable",3
202306,"unavailable","OOL","WLG","P","A","JP","unavailable","unavailable","25 - 34 years","F","","N","unavailable","unavailable",3
202306,"unavailable","SIN","CHC","P","A","IN","unavailable","unavailable","55 - 64 years","F","","N","unavailable","unavailable",3
202306,"unavailable","DXB","AKL","P","A","IN","unavailable","unavailable","Less than 1 year","M","","N","unavailable","unavailable",3
202306,"unavailable","SHA","AKL","P","A","TD","unavailable","unavailable","19 - 24 years","F","","N","unavailable","unavailable",3
202306,"unavailable","DXB","AKL","P","A","PK","unavailable","unavailable","45 - 54 years","M","","N","unavailable","unavailable",3
202306,"unavailable","DXB","AKL","P","A","GB","unavailable","unavailable","75+","M","","N","unavailable","unavailable",3
202306,"unavailable","SFO","AKL","P","A","US","unavailable","unavailable","12 - 18 years","M","","N","unavailable","unavailable",3
202306,"unavailable","DXB","AKL","P","A","ES","unavailable","unavailable","35 - 44 years","M","","N","unavailable","unavailable",3
202306,"unavailable","DXB","AKL","P","A","ET","unavailable","unavailable","12 - 18 years","F","","N","unavailable","unavailable",3
202306,"unavailable","BNE","CHC","P","A","AU","unavailable","unavailable","35 - 44 years","F","","N","unavailable","unavailable",3
202306,"unavailable","SIN","AKL","P","A","SA","unavailable","unavailable","01 - 11 years","M","","N","unavailable","unavailable",3
202306,"unavailable","SIN","CHC","P","A","GB","unavailable","unavailable","01 - 11 years","M","","N","unavailable","unavailable",3
202306,"unavailable","NAN","AKL","P","A","WS","unavailable","unavailable","65 - 74 years","M","","N","unavailable","unavailable",3
202306,"unavailable","TBU","AKL","P","A","XX","unavailable","unavailable","19 - 24 years","M","","N","unavailable","unavailable",3
202306,"unavailable","HKG","AKL","P","A","GR","unavailable","unavailable","35 - 44 years","M","","N","unavailable","unavailable",3
202306,"unavailable","TPE","AKL","P","A","TW","unavailable","unavailable","75+","M","","N","unavailable","unavailable",3
202306,"unavailable","SYD","CHC","P","A","GB","unavailable","unavailable","25 - 34 years","M","","N","unavailable","unavailable",3
202306,"unavailable","CAN","AKL","P","A","GB","unavailable","unavailable","19 - 24 years","M","","N","unavailable","unavailable",3
202306,"unavailable","SCL","AKL","P","A","TN","unavailable","unavailable","25 - 34 years","M","","N","unavailable","unavailable",3
202306,"unavailable","HKG","AKL","P","A","BH","unavailable","unavailable","35 - 44 years","M","","N","unavailable","unavailable",3
202306,"unavailable","HKG","AKL","P","A","XX","unavailable","unavailable","12 - 18 years","F","","N","unavailable","unavailable",3
202306,"unavailable","MEL","CHC","P","A","IE","unavailable","unavailable","35 - 44 years","M","","N","unavailable","unavailable",3
202306,"unavailable","SYD","AKL","P","A","AT","unavailable","unavailable","35 - 44 years","F","","N","unavailable","unavailable",3
202306,"unavailable","KUL","AKL","P","A","JO","unavailable","unavailable","12 - 18 years","F","","N","unavailable","unavailable",3
202306,"unavailable","SIN","AKL","P","A","VN","unavailable","unavailable","12 - 18 years","M","","N","unavailable","unavailable",3
202306,"unavailable","BNE","WLG","P","A","AU","unavailable","unavailable","25 - 34 years","M","","N","unavailable","unavailable",3
202306,"unavailable","MEL","ZQN","P","A","MX","unavailable","unavailable","35 - 44 years","M","","N","unavailable","unavailable",3
202306,"unavailable","MEL","CHC","P","A","GB","unavailable","unavailable","25 - 34 years","F","","N","unavailable","unavailable",3
202306,"unavailable","MEL","CHC","P","A","PH","unavailable","unavailable","45 - 54 years","F","","N","unavailable","unavailable",3
202306,"unavailable","HKG","AKL","P","A","ID","unavailable","unavailable","25 - 34 years","F","","N","unavailable","unavailable",3
202306,"unavailable","SYD","AKL","P","A","BR","unavailable","unavailable","19 - 24 years","M","","N","unavailable","unavailable",3
202306,"unavailable","IAH","AKL","P","A","US","unavailable","unavailable","45 - 54 years","F","","N","unavailable","unavailable",3
202306,"unavailable","KUL","AKL","P","A","BH","unavailable","unavailable","01 - 11 years","F","","N","unavailable","unavailable",3
202306,"unavailable","NAN","AKL","P","A","US","unavailable","unavailable","01 - 11 years","M","","N","unavailable","unavailable",3
202306,"unavailable","SIN","AKL","P","A","JP","unavailable","unavailable","19 - 24 years","F","","N","unavailable","unavailable",3
202306,"unavailable","SHA","AKL","P","A","KI","unavailable","unavailable","01 - 11 years","M","","N","unavailable","unavailable",3
202306,"unavailable","CAN","AKL","P","A","JO","unavailable","unavailable","25 - 34 years","M","","N","unavailable","unavailable",3
202306,"unavailable","HKG","AKL","P","A","CL","unavailable","unavailable","01 - 11 years","F","","N","unavailable","unavailable",3
202306,"unavailable","SYD","WLG","P","A","ZA","unavailable","unavailable","35 - 44 years","F","","N","unavailable","unavailable",3
202306,"unavailable","CAN","AKL","P","A","SG","unavailable","unavailable","25 - 34 years","M","","N","unavailable","unavailable",3
202306,"unavailable","SIN","CHC","P","A","GB","unavailable","unavailable","01 - 11 years","F","","N","unavailable","unavailable",3
202306,"unavailable","SYD","CHC","P","A","AU","unavailable","unavailable","Less than 1 year","F","","N","unavailable","unavailable",3
202306,"unavailable","SIN","CHC","P","A","CN","unavailable","unavailable","19 - 24 years","F","","N","unavailable","unavailable",3
202306,"unavailable","CAN","AKL","P","A","KH","unavailable","unavailable","19 - 24 years","M","","N","unavailable","unavailable",3
202306,"unavailable","SHA","AKL","P","A","FR","unavailable","unavailable","25 - 34 years","M","","N","unavailable","unavailable",3
202306,"unavailable","MEL","WLG","P","A","PH","unavailable","unavailable","25 - 34 years","F","","N","unavailable","unavailable",3
202306,"unavailable","CAN","AKL","P","A","SA","unavailable","unavailable","35 - 44 years","F","","N","unavailable","unavailable",3
202306,"unavailable","OOL","CHC","P","A","AU","unavailable","unavailable","35 - 44 years","M","","N","unavailable","unavailable",3
202306,"unavailable","TPE","AKL","P","A","IT","unavailable","unavailable","25 - 34 years","M","","N","unavailable","unavailable",3
202306,"unavailable","SYD","ZQN","P","A","AU","unavailable","unavailable","25 - 34 years","F","","N","unavailable","unavailable",3
202306,"unavailable","SIN","CHC","P","A","AU","unavailable","unavailable","25 - 34 years","M","","N","unavailable","unavailable",3
202306,"unavailable","SIN","AKL","P","A","KW","unavailable","unavailable","35 - 44 years","F","","N","unavailable","unavailable",3
202306,"unavailable","SIN","CHC","P","A","KW","unavailable","unavailable","25 - 34 years","M","","N","unavailable","unavailable",3
202306,"unavailable","DXB","AKL","P","A","NP","unavailable","unavailable","25 - 34 years","M","","N","unavailable","unavailable",3
202306,"unavailable","DXB","AKL","P","A","LK","unavailable","unavailable","19 - 24 years","M","","N","unavailable","unavailable",3
202306,"unavailable","BNE","AKL","P","A","XX","unavailable","unavailable","25 - 34 years","F","","N","unavailable","unavailable",3
202306,"unavailable","DXB","AKL","P","A","OM","unavailable","unavailable","35 - 44 years","M","","N","unavailable","unavailable",3
202306,"unavailable","DXB","AKL","P","A","XX","unavailable","unavailable","55 - 64 years","M","","N","unavailable","unavailable",3
202306,"unavailable","SYD","WLG","P","A","VN","unavailable","unavailable","19 - 24 years","F","","N","unavailable","unavailable",3
202306,"unavailable","SIN","AKL","P","A","XX","unavailable","unavailable","65 - 74 years","M","","N","unavailable","unavailable",3
202306,"unavailable","SFO","AKL","P","A","CA","unavailable","unavailable","35 - 44 years","M","","N","unavailable","unavailable",3
202306,"unavailable","SYD","CHC","P","A","GB","unavailable","unavailable","19 - 24 years","F","","N","unavailable","unavailable",3
202306,"unavailable","SYD","AKL","P","A","CL","unavailable","unavailable","35 - 44 years","F","","N","unavailable","unavailable",3
202306,"unavailable","KUL","AKL","P","A","MY","unavailable","unavailable","19 - 24 years","M","","N","unavailable","unavailable",3
202306,"unavailable","IAH","AKL","P","A","NI","unavailable","unavailable","35 - 44 years","M","","N","unavailable","unavailable",3
202306,"unavailable","SIN","AKL","P","A","VN","unavailable","unavailable","12 - 18 years","F","","N","unavailable","unavailable",3
202306,"unavailable","SIN","AKL","P","A","ZA","unavailable","unavailable","12 - 18 years","M","","N","unavailable","unavailable",3
202306,"unavailable","SEL","AKL","P","A","DE","unavailable","unavailable","19 - 24 years","M","","N","unavailable","unavailable",3
202306,"unavailable","SYD","ZQN","P","A","AU","unavailable","unavailable","19 - 24 years","M","","N","unavailable","unavailable",3
202306,"unavailable","CAN","AKL","P","A","TH","unavailable","unavailable","45 - 54 years","M","","N","unavailable","unavailable",3
202306,"unavailable","MEL","CHC","P","A","PH","unavailable","unavailable","25 - 34 years","M","","N","unavailable","unavailable",3
202306,"unavailable","SYD","AKL","P","A","CR","unavailable","unavailable","45 - 54 years","M","","N","unavailable","unavailable",3
202306,"unavailable","HKG","AKL","P","A","DK","unavailable","unavailable","45 - 54 years","M","","N","unavailable","unavailable",3
202306,"unavailable","SYD","ZQN","P","A","LT","unavailable","unavailable","25 - 34 years","F","","N","unavailable","unavailable",3
202306,"unavailable","HKG","AKL","P","A","US","unavailable","unavailable","12 - 18 years","F","","N","unavailable","unavailable",3
202306,"unavailable","SCL","AKL","P","A","BR","unavailable","unavailable","Less than 1 year","M","","N","unavailable","unavailable",3
202306,"unavailable","DXB","AKL","P","A","IN","unavailable","unavailable","12 - 18 years","F","","N","unavailable","unavailable",3
202306,"unavailable","KUL","AKL","P","A","US","unavailable","unavailable","12 - 18 years","M","","N","unavailable","unavailable",3
202306,"unavailable","MEL","WLG","P","A","AU","unavailable","unavailable","55 - 64 years","F","","N","unavailable","unavailable",3
202306,"unavailable","MEL","WLG","P","A","KR","unavailable","unavailable","19 - 24 years","F","","N","unavailable","unavailable",3
202306,"unavailable","NAN","AKL","P","A","XX","unavailable","unavailable","45 - 54 years","M","","N","unavailable","unavailable",3
202306,"unavailable","SIN","CHC","P","A","KW","unavailable","unavailable","35 - 44 years","M","","N","unavailable","unavailable",3
202306,"unavailable","SYD","AKL","P","A","PH","unavailable","unavailable","55 - 64 years","F","","N","unavailable","unavailable",3
202306,"unavailable","HKG","AKL","P","A","CN","unavailable","unavailable","01 - 11 years","M","","N","unavailable","unavailable",3
202306,"unavailable","YVR","AKL","P","A","CA","unavailable","unavailable","01 - 11 years","F","","N","unavailable","unavailable",3
202306,"unavailable","SIN","AKL","P","A","CH","unavailable","unavailable","01 - 11 years","M","","N","unavailable","unavailable",3
202306,"unavailable","CAN","AKL","P","A","IN","unavailable","unavailable","01 - 11 years","M","","N","unavailable","unavailable",3
202306,"unavailable","SIN","CHC","P","A","GB","unavailable","unavailable","35 - 44 years","M","","N","unavailable","unavailable",3
202306,"unavailable","MEL","CHC","P","A","PH","unavailable","unavailable","19 - 24 years","F","","N","unavailable","unavailable",3
202306,"unavailable","MEL","WLG","P","A","PH","unavailable","unavailable","19 - 24 years","M","","N","unavailable","unavailable",3
202306,"unavailable","LAX","AKL","P","A","GB","unavailable","unavailable","25 - 34 years","M","","N","unavailable","unavailable",3
202306,"unavailable","BNE","AKL","P","A","XX","unavailable","unavailable","45 - 54 years","F","","N","unavailable","unavailable",3
202306,"unavailable","PER","AKL","P","A","GB","unavailable","unavailable","25 - 34 years","M","","N","unavailable","unavailable",3
202306,"unavailable","HKG","AKL","P","A","NP","unavailable","unavailable","35 - 44 years","M","","N","unavailable","unavailable",3
202306,"unavailable","CAN","AKL","P","A","SG","unavailable","unavailable","35 - 44 years","M","","N","unavailable","unavailable",3
202306,"unavailable","SYD","AKL","P","A","CL","unavailable","unavailable","25 - 34 years","M","","N","unavailable","unavailable",3
202306,"unavailable","MEL","CHC","P","A","AU","unavailable","unavailable","45 - 54 years","F","","N","unavailable","unavailable",3
202306,"unavailable","SIN","AKL","P","A","SO","unavailable","unavailable","45 - 54 years","F","","N","unavailable","unavailable",3
202306,"unavailable","BNE","CHC","P","A","XX","unavailable","unavailable","75+","F","","N","unavailable","unavailable",3
202306,"unavailable","MEL","WLG","P","A","ET","unavailable","unavailable","65 - 74 years","F","","N","unavailable","unavailable",3
202306,"unavailable","BNE","AKL","P","A","SA","unavailable","unavailable","35 - 44 years","M","","N","unavailable","unavailable",3
202306,"unavailable","KUL","AKL","P","A","KW","unavailable","unavailable","01 - 11 years","F","","N","unavailable","unavailable",3
202306,"unavailable","MEL","AKL","P","A","QA","unavailable","unavailable","35 - 44 years","F","","N","unavailable","unavailable",3
202306,"unavailable","NAN","AKL","P","A","IN","unavailable","unavailable","25 - 34 years","M","","N","unavailable","unavailable",3
202306,"unavailable","DXB","AKL","P","A","DE","unavailable","unavailable","19 - 24 years","M","","N","unavailable","unavailable",3
202306,"unavailable","NAN","AKL","P","A","SB","unavailable","unavailable","25 - 34 years","F","","N","unavailable","unavailable",3
202306,"unavailable","TBU","AKL","P","A","TO","unavailable","unavailable","55 - 64 years","F","","N","unavailable","unavailable",3
202306,"unavailable","SIN","CHC","P","A","PH","unavailable","unavailable","12 - 18 years","M","","N","unavailable","unavailable",3
202306,"unavailable","DXB","AKL","P","A","JM","unavailable","unavailable","35 - 44 years","F","","N","unavailable","unavailable",3
202306,"unavailable","DXB","AKL","P","A","CZ","unavailable","unavailable","35 - 44 years","M","","N","unavailable","unavailable",3
202306,"unavailable","NAN","AKL","P","A","WS","unavailable","unavailable","12 - 18 years","M","","N","unavailable","unavailable",3
202306,"unavailable","SIN","CHC","P","A","IN","unavailable","unavailable","55 - 64 years","M","","N","unavailable","unavailable",3
202306,"unavailable","TPE","AKL","P","A","PH","unavailable","unavailable","25 - 34 years","F","","N","unavailable","unavailable",3
202306,"unavailable","SYD","CHC","P","A","AE","unavailable","unavailable","01 - 11 years","M","","N","unavailable","unavailable",3
202306,"unavailable","SHA","AKL","P","A","XX","unavailable","unavailable","35 - 44 years","M","","N","unavailable","unavailable",3
202306,"unavailable","SIN","AKL","P","A","QA","unavailable","unavailable","35 - 44 years","F","","N","unavailable","unavailable",3
202306,"unavailable","SIN","AKL","P","A","XX","unavailable","unavailable","45 - 54 years","M","","N","unavailable","unavailable",3
202306,"unavailable","SIN","AKL","P","A","TH","unavailable","unavailable","12 - 18 years","F","","N","unavailable","unavailable",3
202306,"unavailable","SCL","AKL","P","A","CL","unavailable","unavailable","19 - 24 years","F","","N","unavailable","unavailable",3
202306,"unavailable","LAX","AKL","P","A","GB","unavailable","unavailable","19 - 24 years","F","","N","unavailable","unavailable",3
202306,"unavailable","SYD","AKL","P","A","AE","unavailable","unavailable","35 - 44 years","M","","N","unavailable","unavailable",3
202306,"unavailable","SIN","CHC","P","A","NP","unavailable","unavailable","25 - 34 years","M","","N","unavailable","unavailable",3
202306,"unavailable","SIN","AKL","P","A","US","unavailable","unavailable","01 - 11 years","M","","N","unavailable","unavailable",3
202306,"unavailable","CAN","AKL","P","A","SG","unavailable","unavailable","12 - 18 years","F","","N","unavailable","unavailable",3
202306,"unavailable","SIN","CHC","P","A","JP","unavailable","unavailable","25 - 34 years","F","","N","unavailable","unavailable",3
202306,"unavailable","CAN","AKL","P","A","PT","unavailable","unavailable","25 - 34 years","F","","N","unavailable","unavailable",3
202306,"unavailable","MEL","WLG","P","A","TH","unavailable","unavailable","01 - 11 years","M","","N","unavailable","unavailable",3
202306,"unavailable","MEL","CHC","P","A","LK","unavailable","unavailable","01 - 11 years","M","","N","unavailable","unavailable",3
202306,"unavailable","HBA","AKL","P","A","AU","unavailable","unavailable","75+","M","","N","unavailable","unavailable",3
202306,"unavailable","ORD","AKL","P","A","US","unavailable","unavailable","65 - 74 years","F","","N","unavailable","unavailable",3
202306,"unavailable","SYD","AKL","P","A","ID","unavailable","unavailable","55 - 64 years","M","","N","unavailable","unavailable",3
202306,"unavailable","SYD","CHC","P","A","AE","unavailable","unavailable","19 - 24 years","M","","N","unavailable","unavailable",3
202306,"unavailable","PEK","AKL","P","A","PH","unavailable","unavailable","25 - 34 years","M","","N","unavailable","unavailable",3
202306,"unavailable","TPE","AKL","P","A","AU","unavailable","unavailable","25 - 34 years","F","","N","unavailable","unavailable",3
202306,"unavailable","SIN","AKL","P","A","ID","unavailable","unavailable","12 - 18 years","F","","N","unavailable","unavailable",3
202306,"unavailable","SEL","AKL","P","A","UZ","unavailable","unavailable","45 - 54 years","M","","N","unavailable","unavailable",3
202306,"unavailable","ADL","AKL","P","A","FI","unavailable","unavailable","01 - 11 years","F","","N","unavailable","unavailable",3
202306,"unavailable","KUL","AKL","P","A","LK","unavailable","unavailable","55 - 64 years","M","","N","unavailable","unavailable",3
202306,"unavailable","BNE","AKL","P","A","AU","unavailable","unavailable","45 - 54 years","M","","N","unavailable","unavailable",3
202306,"unavailable","BNE","AKL","P","A","IN","unavailable","unavailable","65 - 74 years","M","","N","unavailable","unavailable",3
202306,"unavailable","MEL","AKL","P","A","XX","unavailable","unavailable","45 - 54 years","M","","N","unavailable","unavailable",3
202306,"unavailable","OOL","AKL","P","A","DE","unavailable","unavailable","25 - 34 years","M","","N","unavailable","unavailable",3
202306,"unavailable","ADL","AKL","P","A","BE","unavailable","unavailable","25 - 34 years","F","","N","unavailable","unavailable",3
202306,"unavailable","MEL","CHC","P","A","CN","unavailable","unavailable","65 - 74 years","M","","N","unavailable","unavailable",3
202306,"unavailable","SIN","AKL","P","A","ZW","unavailable","unavailable","01 - 11 years","F","","N","unavailable","unavailable",3
202306,"unavailable","KUL","AKL","P","A","NP","unavailable","unavailable","01 - 11 years","M","","N","unavailable","unavailable",3
202306,"unavailable","BNE","CHC","P","A","FR","unavailable","unavailable","45 - 54 years","M","","N","unavailable","unavailable",3
202306,"unavailable","SIN","AKL","P","A","US","unavailable","unavailable","25 - 34 years","M","","N","unavailable","unavailable",3
202306,"unavailable","SFO","AKL","P","A","CA","unavailable","unavailable","19 - 24 years","F","","N","unavailable","unavailable",3
202306,"unavailable","SIN","AKL","P","A","GB","unavailable","unavailable","12 - 18 years","F","","N","unavailable","unavailable",3
202306,"unavailable","DXB","AKL","P","A","LK","unavailable","unavailable","45 - 54 years","F","","N","unavailable","unavailable",3
202306,"unavailable","SYD","WLG","P","A","TW","unavailable","unavailable","25 - 34 years","F","","N","unavailable","unavailable",3
202306,"unavailable","SYD","WLG","P","A","MT","unavailable","unavailable","12 - 18 years","M","","N","unavailable","unavailable",3
202306,"unavailable","SEL","AKL","P","A","KR","unavailable","unavailable","55 - 64 years","M","","N","unavailable","unavailable",3
202306,"unavailable","ADL","AKL","P","A","GB","unavailable","unavailable","19 - 24 years","F","","N","unavailable","unavailable",3
202306,"unavailable","CAN","AKL","P","A","GB","unavailable","unavailable","19 - 24 years","F","","N","unavailable","unavailable",3
202306,"unavailable","DXB","AKL","P","A","AU","unavailable","unavailable","12 - 18 years","F","","N","unavailable","unavailable",3
202306,"unavailable","OOL","ZQN","P","A","AU","unavailable","unavailable","45 - 54 years","F","","N","unavailable","unavailable",3
202306,"unavailable","SHA","AKL","P","A","RU","unavailable","unavailable","12 - 18 years","F","","N","unavailable","unavailable",3
202306,"unavailable","ADL","AKL","P","A","ES","unavailable","unavailable","19 - 24 years","F","","N","unavailable","unavailable",3
202306,"unavailable","SYD","AKL","P","A","FJ","unavailable","unavailable","35 - 44 years","M","","N","unavailable","unavailable",3
202306,"unavailable","SYD","AKL","P","A","ID","unavailable","unavailable","12 - 18 years","F","","N","unavailable","unavailable",3
202306,"unavailable","IAH","AKL","P","A","CA","unavailable","unavailable","19 - 24 years","M","","N","unavailable","unavailable",3
202306,"unavailable","SCL","AKL","P","A","AR","unavailable","unavailable","01 - 11 years","F","","N","unavailable","unavailable",3
202306,"unavailable","SEL","AKL","P","A","KR","unavailable","unavailable","35 - 44 years","M","","N","unavailable","unavailable",3
202306,"unavailable","ADL","AKL","P","A","NP","unavailable","unavailable","25 - 34 years","F","","N","unavailable","unavailable",3
202306,"unavailable","SIN","AKL","P","A","NP","unavailable","unavailable","Less than 1 year","M","","N","unavailable","unavailable",3
202306,"unavailable","MEL","WLG","P","A","SG","unavailable","unavailable","35 - 44 years","F","","N","unavailable","unavailable",3
202306,"unavailable","SYD","CHC","P","A","AU","unavailable","unavailable","65 - 74 years","M","","N","unavailable","unavailable",3
202306,"unavailable","DXB","AKL","P","A","FR","unavailable","unavailable","25 - 34 years","F","","N","unavailable","unavailable",3
202306,"unavailable","YVR","AKL","P","A","MX","unavailable","unavailable","35 - 44 years","F","","N","unavailable","unavailable",3
202306,"unavailable","SIN","CHC","P","A","VN","unavailable","unavailable","45 - 54 years","M","","N","unavailable","unavailable",3
202306,"unavailable","BNE","CHC","P","A","AU","unavailable","unavailable","25 - 34 years","F","","N","unavailable","unavailable",3
202306,"unavailable","DXB","AKL","P","A","RU","unavailable","unavailable","55 - 64 years","F","","N","unavailable","unavailable",3
202306,"unavailable","SYD","ZQN","P","A","PH","unavailable","unavailable","45 - 54 years","M","","N","unavailable","unavailable",3
202306,"unavailable","DPS","AKL","P","A","ID","unavailable","unavailable","25 - 34 years","M","","N","unavailable","unavailable",3
202306,"unavailable","SIN","AKL","P","A","MM","unavailable","unavailable","19 - 24 years","M","","N","unavailable","unavailable",3
202306,"unavailable","OOL","AKL","P","A","AU","unavailable","unavailable","25 - 34 years","F","","N","unavailable","unavailable",3
202306,"unavailable","SYD","ZQN","P","A","PH","unavailable","unavailable","35 - 44 years","F","","N","unavailable","unavailable",3
202306,"unavailable","NRT","AKL","P","A","GB","unavailable","unavailable","19 - 24 years","M","","N","unavailable","unavailable",3
202306,"unavailable","HKG","AKL","P","A","HK","unavailable","unavailable","19 - 24 years","F","","N","unavailable","unavailable",3
202306,"unavailable","SYD","AKL","P","A","GB","unavailable","unavailable","19 - 24 years","F","","N","unavailable","unavailable",3
202306,"unavailable","CAN","AKL","P","A","XX","unavailable","unavailable","12 - 18 years","F","","N","unavailable","unavailable",3
202306,"unavailable","SIN","AKL","P","A","QA","unavailable","unavailable","12 - 18 years","M","","N","unavailable","unavailable",3
202306,"unavailable","SIN","AKL","P","A","IN","unavailable","unavailable","Less than 1 year","M","","N","unavailable","unavailable",3
202306,"unavailable","SIN","AKL","P","A","ZA","unavailable","unavailable","12 - 18 years","F","","N","unavailable","unavailable",3
202306,"unavailable","KUL","AKL","P","A","PH","unavailable","unavailable","45 - 54 years","F","","N","unavailable","unavailable",3
202306,"unavailable","SIN","AKL","P","A","FR","unavailable","unavailable","Less than 1 year","M","","N","unavailable","unavailable",3
202306,"unavailable","ORD","AKL","P","A","US","unavailable","unavailable","45 - 54 years","F","","N","unavailable","unavailable",3
202306,"unavailable","TPE","AKL","P","A","US","unavailable","unavailable","25 - 34 years","F","","N","unavailable","unavailable",3
202306,"unavailable","BNE","ZQN","P","A","GB","unavailable","unavailable","25 - 34 years","M","","N","unavailable","unavailable",3
202306,"unavailable","SIN","AKL","P","A","XX","unavailable","unavailable","55 - 64 years","F","","N","unavailable","unavailable",3
202306,"unavailable","ADL","AKL","P","A","BR","unavailable","unavailable","25 - 34 years","F","","N","unavailable","unavailable",3
202306,"unavailable","JFK","AKL","P","A","US","unavailable","unavailable","45 - 54 years","F","","N","unavailable","unavailable",3
202306,"unavailable","KUL","AKL","P","A","US","unavailable","unavailable","01 - 11 years","M","","N","unavailable","unavailable",3
202306,"unavailable","NRT","AKL","P","A","JP","unavailable","unavailable","12 - 18 years","M","","N","unavailable","unavailable",3
202306,"unavailable","SYD","AKL","P","A","LT","unavailable","unavailable","25 - 34 years","M","","N","unavailable","unavailable",3
202306,"unavailable","LAX","AKL","P","A","US","unavailable","unavailable","55 - 64 years","M","","N","unavailable","unavailable",3
202306,"unavailable","MEL","CHC","P","A","CH","unavailable","unavailable","45 - 54 years","M","","N","unavailable","unavailable",3
202306,"unavailable","ADL","AKL","P","A","FR","unavailable","unavailable","25 - 34 years","F","","N","unavailable","unavailable",3
202306,"unavailable","LAX","AKL","P","A","US","unavailable","unavailable","12 - 18 years","M","","N","unavailable","unavailable",3
202306,"unavailable","SIN","AKL","P","A","PH","unavailable","unavailable","45 - 54 years","F","","N","unavailable","unavailable",3
202306,"unavailable","SYD","AKL","P","A","ZA","unavailable","unavailable","45 - 54 years","M","","N","unavailable","unavailable",3
202306,"unavailable","SCL","AKL","P","A","US","unavailable","unavailable","25 - 34 years","M","","N","unavailable","unavailable",3
202306,"unavailable","IAH","AKL","P","A","GB","unavailable","unavailable","19 - 24 years","F","","N","unavailable","unavailable",3
202306,"unavailable","SIN","CHC","P","A","CN","unavailable","unavailable","01 - 11 years","M","","N","unavailable","unavailable",3
202306,"unavailable","KUL","AKL","P","A","IT","unavailable","unavailable","25 - 34 years","M","","N","unavailable","unavailable",3
202306,"unavailable","YVR","AKL","P","A","AU","unavailable","unavailable","35 - 44 years","F","","N","unavailable","unavailable",3
202306,"unavailable","MEL","CHC","P","A","IN","unavailable","unavailable","19 - 24 years","M","","N","unavailable","unavailable",3
202306,"unavailable","LAX","AKL","P","A","US","unavailable","unavailable","45 - 54 years","F","","N","unavailable","unavailable",3
202306,"unavailable","SFO","AKL","P","A","MX","unavailable","unavailable","45 - 54 years","F","","N","unavailable","unavailable",3
202306,"unavailable","HKG","AKL","P","A","FR","unavailable","unavailable","19 - 24 years","M","","N","unavailable","unavailable",3
202306,"unavailable","SEL","AKL","P","A","KR","unavailable","unavailable","45 - 54 years","M","","N","unavailable","unavailable",3
202306,"unavailable","SIN","AKL","P","A","PH","unavailable","unavailable","19 - 24 years","F","","N","unavailable","unavailable",3
202306,"unavailable","SHA","AKL","P","A","TH","unavailable","unavailable","01 - 11 years","M","","N","unavailable","unavailable",3
202306,"unavailable","MEL","AKL","P","A","AU","unavailable","unavailable","65 - 74 years","M","","N","unavailable","unavailable",3
202306,"unavailable","APW","AKL","P","A","XX","unavailable","unavailable","19 - 24 years","M","","N","unavailable","unavailable",3
202306,"unavailable","SEL","AKL","P","A","GB","unavailable","unavailable","25 - 34 years","M","","N","unavailable","unavailable",3
202306,"unavailable","KUL","AKL","P","A","AE","unavailable","unavailable","35 - 44 years","M","","N","unavailable","unavailable",3
202306,"unavailable","NRT","AKL","P","A","JP","unavailable","unavailable","55 - 64 years","M","","N","unavailable","unavailable",3
202306,"unavailable","SIN","AKL","P","A","FJ","unavailable","unavailable","12 - 18 years","M","","N","unavailable","unavailable",3
202306,"unavailable","SIN","AKL","P","A","TH","unavailable","unavailable","35 - 44 years","M","","N","unavailable","unavailable",3
202306,"unavailable","SIN","AKL","P","A","QA","unavailable","unavailable","25 - 34 years","F","","N","unavailable","unavailable",3
202306,"unavailable","PER","AKL","P","A","US","unavailable","unavailable","45 - 54 years","F","","N","unavailable","unavailable",3
202306,"unavailable","SIN","AKL","P","A","CA","unavailable","unavailable","25 - 34 years","F","","N","unavailable","unavailable",3
202306,"unavailable","SCL","AKL","P","A","CN","unavailable","unavailable","35 - 44 years","M","","N","unavailable","unavailable",3
202306,"unavailable","NAN","AKL","P","A","FJ","unavailable","unavailable","55 - 64 years","F","","N","unavailable","unavailable",3
202306,"unavailable","RAR","AKL","P","A","CK","unavailable","unavailable","25 - 34 years","F","","N","unavailable","unavailable",3
202306,"unavailable","DXB","AKL","P","A","ZW","unavailable","unavailable","01 - 11 years","M","","N","unavailable","unavailable",3
202306,"unavailable","CAN","AKL","P","A","TR","unavailable","unavailable","25 - 34 years","M","","N","unavailable","unavailable",3
202306,"unavailable","MEL","CHC","P","A","LK","unavailable","unavailable","35 - 44 years","M","","N","unavailable","unavailable",3
202306,"unavailable","NAN","AKL","P","A","FI","unavailable","unavailable","12 - 18 years","F","","N","unavailable","unavailable",3
202306,"unavailable","PEK","AKL","P","A","GB","unavailable","unavailable","01 - 11 years","M","","N","unavailable","unavailable",3
202306,"unavailable","SIN","AKL","P","A","CN","unavailable","unavailable","35 - 44 years","F","","N","unavailable","unavailable",3
202306,"unavailable","KUL","AKL","P","A","MO","unavailable","unavailable","12 - 18 years","M","","N","unavailable","unavailable",3
202306,"unavailable","SCL","AKL","P","A","CL","unavailable","unavailable","Less than 1 year","M","","N","unavailable","unavailable",3
202306,"unavailable","SYD","WLG","P","A","VN","unavailable","unavailable","01 - 11 years","M","","N","unavailable","unavailable",3
202306,"unavailable","SYD","CHC","P","A","AU","unavailable","unavailable","55 - 64 years","M","","N","unavailable","unavailable",3
202306,"unavailable","SIN","AKL","P","A","VN","unavailable","unavailable","35 - 44 years","M","","N","unavailable","unavailable",3
202306,"unavailable","DXB","AKL","P","A","AE","unavailable","unavailable","12 - 18 years","F","","N","unavailable","unavailable",3
202306,"unavailable","SYD","ZQN","P","A","SG","unavailable","unavailable","25 - 34 years","F","","N","unavailable","unavailable",3
202306,"unavailable","SIN","CHC","P","A","PH","unavailable","unavailable","01 - 11 years","F","","N","unavailable","unavailable",3
202306,"unavailable","ADL","AKL","P","A","ZA","unavailable","unavailable","45 - 54 years","M","","N","unavailable","unavailable",3
202306,"unavailable","SIN","AKL","P","A","CA","unavailable","unavailable","25 - 34 years","M","","N","unavailable","unavailable",3
202306,"unavailable","SYD","AKL","P","A","TH","unavailable","unavailable","25 - 34 years","F","","N","unavailable","unavailable",3
202306,"unavailable","SCL","AKL","P","A","CL","unavailable","unavailable","12 - 18 years","F","","N","unavailable","unavailable",3
202306,"unavailable","PEK","AKL","P","A","SA","unavailable","unavailable","35 - 44 years","M","","N","unavailable","unavailable",3
202306,"unavailable","SIN","AKL","P","A","LK","unavailable","unavailable","19 - 24 years","F","","N","unavailable","unavailable",3
202306,"unavailable","NAN","AKL","P","A","XX","unavailable","unavailable","12 - 18 years","F","","N","unavailable","unavailable",3
202306,"unavailable","DXB","AKL","P","A","JO","unavailable","unavailable","01 - 11 years","M","","N","unavailable","unavailable",3
202306,"unavailable","KUL","AKL","P","A","US","unavailable","unavailable","25 - 34 years","F","","N","unavailable","unavailable",3
202306,"unavailable","SZX","AKL","P","A","CN","unavailable","unavailable","45 - 54 years","F","","N","unavailable","unavailable",3
202306,"unavailable","SEL","AKL","P","A","MO","unavailable","unavailable","25 - 34 years","F","","N","unavailable","unavailable",3
202306,"unavailable","HKG","AKL","P","A","XX","unavailable","unavailable","45 - 54 years","M","","N","unavailable","unavailable",3
202306,"unavailable","BNE","CHC","P","A","AU","unavailable","unavailable","35 - 44 years","M","","N","unavailable","unavailable",3
202306,"unavailable","BNE","AKL","P","A","PG","unavailable","unavailable","25 - 34 years","F","","N","unavailable","unavailable",3
202306,"unavailable","SEL","AKL","P","A","HR","unavailable","unavailable","19 - 24 years","F","","N","unavailable","unavailable",3
202306,"unavailable","SIN","CHC","P","A","MY","unavailable","unavailable","45 - 54 years","M","","N","unavailable","unavailable",3
202306,"unavailable","SEL","AKL","P","A","IE","unavailable","unavailable","25 - 34 years","F","","N","unavailable","unavailable",3
202306,"unavailable","APW","AKL","P","A","WS","unavailable","unavailable","55 - 64 years","M","","N","unavailable","unavailable",3
202306,"unavailable","TBU","AKL","P","A","TO","unavailable","unavailable","45 - 54 years","M","","N","unavailable","unavailable",3
202306,"unavailable","SIN","AKL","P","A","IN","unavailable","unavailable","65 - 74 years","M","","N","unavailable","unavailable",3
202306,"unavailable","SYD","AKL","P","A","TH","unavailable","unavailable","12 - 18 years","F","","N","unavailable","unavailable",3
202306,"unavailable","SIN","AKL","P","A","CN","unavailable","unavailable","25 - 34 years","F","","N","unavailable","unavailable",3
202306,"unavailable","DXB","AKL","P","A","IT","unavailable","unavailable","45 - 54 years","M","","N","unavailable","unavailable",3
202306,"unavailable","SYD","WLG","P","A","VN","unavailable","unavailable","12 - 18 years","M","","N","unavailable","unavailable",3
202306,"unavailable","HKG","AKL","P","A","IN","unavailable","unavailable","65 - 74 years","F","","N","unavailable","unavailable",3
202306,"unavailable","SFO","AKL","P","A","US","unavailable","unavailable","75+","F","","N","unavailable","unavailable",3
202306,"unavailable","SIN","AKL","P","A","KW","unavailable","unavailable","01 - 11 years","F","","N","unavailable","unavailable",3
202306,"unavailable","SCL","AKL","P","A","BR","unavailable","unavailable","19 - 24 years","F","","N","unavailable","unavailable",3
202306,"unavailable","MEL","AKL","P","A","IN","unavailable","unavailable","25 - 34 years","M","","N","unavailable","unavailable",3
202306,"unavailable","MEL","AKL","P","A","LK","unavailable","unavailable","25 - 34 years","M","","N","unavailable","unavailable",3
202306,"unavailable","SYD","AKL","P","A","ZA","unavailable","unavailable","12 - 18 years","M","","N","unavailable","unavailable",3
202306,"unavailable","DXB","AKL","P","A","US","unavailable","unavailable","35 - 44 years","F","","N","unavailable","unavailable",3
202306,"unavailable","KUL","AKL","P","A","PH","unavailable","unavailable","12 - 18 years","M","","N","unavailable","unavailable",3
202306,"unavailable","PEK","AKL","P","A","GB","unavailable","unavailable","25 - 34 years","M","","N","unavailable","unavailable",3
202306,"unavailable","DXB","AKL","P","A","LK","unavailable","unavailable","19 - 24 years","F","","N","unavailable","unavailable",3
202306,"unavailable","PEK","AKL","P","A","GB","unavailable","unavailable","25 - 34 years","F","","N","unavailable","unavailable",3
202306,"unavailable","MEL","WLG","P","A","ZA","unavailable","unavailable","25 - 34 years","F","","N","unavailable","unavailable",3
202306,"unavailable","YVR","AKL","P","A","PK","unavailable","unavailable","25 - 34 years","M","","N","unavailable","unavailable",3
202306,"unavailable","YVR","AKL","P","A","CZ","unavailable","unavailable","19 - 24 years","M","","N","unavailable","unavailable",3
202306,"unavailable","SIN","AKL","P","A","FJ","unavailable","unavailable","35 - 44 years","M","","N","unavailable","unavailable",3
202306,"unavailable","CAN","AKL","P","A","KH","unavailable","unavailable","19 - 24 years","F","","N","unavailable","unavailable",3
202306,"unavailable","MEL","AKL","P","A","FR","unavailable","unavailable","19 - 24 years","M","","N","unavailable","unavailable",3
202306,"unavailable","SIN","CHC","P","A","SG","unavailable","unavailable","01 - 11 years","F","","N","unavailable","unavailable",3
202306,"unavailable","MEL","WLG","P","A","ZA","unavailable","unavailable","12 - 18 years","F","","N","unavailable","unavailable",3
202306,"unavailable","SIN","AKL","P","A","BJ","unavailable","unavailable","25 - 34 years","F","","N","unavailable","unavailable",3
202306,"unavailable","SYD","AKL","P","A","DZ","unavailable","unavailable","25 - 34 years","F","","N","unavailable","unavailable",3
202306,"unavailable","MEL","CHC","P","A","AU","unavailable","unavailable","35 - 44 years","F","","N","unavailable","unavailable",3
202306,"unavailable","DXB","AKL","P","A","RU","unavailable","unavailable","01 - 11 years","M","","N","unavailable","unavailable",3
202306,"unavailable","SIN","CHC","P","A","SG","unavailable","unavailable","35 - 44 years","F","","N","unavailable","unavailable",3
202306,"unavailable","SYD","AKL","P","A","US","unavailable","unavailable","12 - 18 years","M","","N","unavailable","unavailable",3
202306,"unavailable","BNE","CHC","P","A","AU","unavailable","unavailable","19 - 24 years","M","","N","unavailable","unavailable",3
202306,"unavailable","HKG","AKL","P","A","HK","unavailable","unavailable","25 - 34 years","F","","N","unavailable","unavailable",3
202306,"unavailable","NAN","AKL","P","A","US","unavailable","unavailable","19 - 24 years","F","","N","unavailable","unavailable",3
202306,"unavailable","ADL","AKL","P","A","PW","unavailable","unavailable","25 - 34 years","F","","N","unavailable","unavailable",3
202306,"unavailable","MEL","ZQN","P","A","AE","unavailable","unavailable","35 - 44 years","F","","N","unavailable","unavailable",3
202306,"unavailable","SYD","ZQN","P","A","PH","unavailable","unavailable","19 - 24 years","M","","N","unavailable","unavailable",3
202306,"unavailable","MEL","AKL","P","A","JP","unavailable","unavailable","25 - 34 years","M","","N","unavailable","unavailable",3
202306,"unavailable","SYD","WLG","P","A","IN","unavailable","unavailable","12 - 18 years","M","","N","unavailable","unavailable",3
202306,"unavailable","YVR","AKL","P","A","CA","unavailable","unavailable","19 - 24 years","M","","N","unavailable","unavailable",3
202306,"unavailable","SIN","CHC","P","A","KR","unavailable","unavailable","35 - 44 years","M","","N","unavailable","unavailable",3
202306,"unavailable","DXB","AKL","P","A","KW","unavailable","unavailable","01 - 11 years","F","","N","unavailable","unavailable",3
202306,"unavailable","SYD","AKL","P","A","GB","unavailable","unavailable","01 - 11 years","M","","N","unavailable","unavailable",3
202306,"unavailable","NRT","AKL","P","A","JP","unavailable","unavailable","55 - 64 years","F","","N","unavailable","unavailable",3
202306,"unavailable","OOL","AKL","P","A","FR","unavailable","unavailable","25 - 34 years","M","","N","unavailable","unavailable",3
202306,"unavailable","NLK","AKL","P","A","NF","unavailable","unavailable","55 - 64 years","F","","N","unavailable","unavailable",3
202306,"unavailable","TPE","AKL","P","A","XX","unavailable","unavailable","01 - 11 years","M","","N","unavailable","unavailable",3
202306,"unavailable","SYD","ZQN","P","A","GB","unavailable","unavailable","25 - 34 years","F","","N","unavailable","unavailable",3
202306,"unavailable","SIN","AKL","P","A","TH","unavailable","unavailable","35 - 44 years","F","","N","unavailable","unavailable",3
202306,"unavailable","DXB","AKL","P","A","OM","unavailable","unavailable","12 - 18 years","M","","N","unavailable","unavailable",3
202306,"unavailable","KUL","AKL","P","A","QA","unavailable","unavailable","35 - 44 years","M","","N","unavailable","unavailable",3
202306,"unavailable","SCL","AKL","P","A","CN","unavailable","unavailable","25 - 34 years","M","","N","unavailable","unavailable",3
202306,"unavailable","SYD","CHC","P","A","SA","unavailable","unavailable","35 - 44 years","M","","N","unavailable","unavailable",3
202306,"unavailable","SIN","AKL","P","A","BD","unavailable","unavailable","12 - 18 years","F","","N","unavailable","unavailable",3
202306,"unavailable","CAN","AKL","P","A","VN","unavailable","unavailable","12 - 18 years","M","","N","unavailable","unavailable",3
202306,"unavailable","KUL","AKL","P","A","IT","unavailable","unavailable","75+","M","","N","unavailable","unavailable",3
202306,"unavailable","SYD","WLG","P","A","ID","unavailable","unavailable","35 - 44 years","M","","N","unavailable","unavailable",3
202306,"unavailable","HKG","AKL","P","A","NP","unavailable","unavailable","01 - 11 years","F","","N","unavailable","unavailable",3
202306,"unavailable","IAH","AKL","P","A","US","unavailable","unavailable","12 - 18 years","M","","N","unavailable","unavailable",3
202306,"unavailable","SIN","AKL","P","A","FR","unavailable","unavailable","45 - 54 years","F","","N","unavailable","unavailable",3
202306,"unavailable","IAH","AKL","P","A","FR","unavailable","unavailable","25 - 34 years","M","","N","unavailable","unavailable",3
202306,"unavailable","DXB","AKL","P","A","PT","unavailable","unavailable","25 - 34 years","M","","N","unavailable","unavailable",3
202306,"unavailable","SCL","AKL","P","A","BT","unavailable","unavailable","25 - 34 years","M","","N","unavailable","unavailable",3
202306,"unavailable","CAN","AKL","P","A","FR","unavailable","unavailable","25 - 34 years","F","","N","unavailable","unavailable",3
202306,"unavailable","SCL","AKL","P","A","CA","unavailable","unavailable","35 - 44 years","F","","N","unavailable","unavailable",3
202306,"unavailable","SIN","AKL","P","A","LK","unavailable","unavailable","75+","M","","N","unavailable","unavailable",3
202306,"unavailable","NAN","CHC","P","A","FJ","unavailable","unavailable","45 - 54 years","M","","N","unavailable","unavailable",3
202306,"unavailable","SIN","AKL","P","A","PH","unavailable","unavailable","19 - 24 years","M","","N","unavailable","unavailable",3
202306,"unavailable","MEL","AKL","P","A","IN","unavailable","unavailable","35 - 44 years","M","","N","unavailable","unavailable",3
202306,"unavailable","ADL","AKL","P","A","XX","unavailable","unavailable","12 - 18 years","F","","N","unavailable","unavailable",3
202306,"unavailable","SYD","AKL","P","A","US","unavailable","unavailable","25 - 34 years","M","","N","unavailable","unavailable",3
202306,"unavailable","IAH","AKL","P","A","BR","unavailable","unavailable","01 - 11 years","M","","N","unavailable","unavailable",3
202306,"unavailable","SIN","CHC","P","A","BD","unavailable","unavailable","25 - 34 years","M","","N","unavailable","unavailable",3
202306,"unavailable","NAN","WLG","P","A","FJ","unavailable","unavailable","19 - 24 years","F","","N","unavailable","unavailable",3
202306,"unavailable","HKG","AKL","P","A","BH","unavailable","unavailable","45 - 54 years","M","","N","unavailable","unavailable",3
202306,"unavailable","LAX","AKL","P","A","MX","unavailable","unavailable","25 - 34 years","M","","N","unavailable","unavailable",3
202306,"unavailable","SYD","WLG","P","A","CR","unavailable","unavailable","01 - 11 years","M","","N","unavailable","unavailable",3
202306,"unavailable","BNE","CHC","P","A","XX","unavailable","unavailable","25 - 34 years","F","","N","unavailable","unavailable",3
202306,"unavailable","PER","AKL","P","A","AU","unavailable","unavailable","55 - 64 years","F","","N","unavailable","unavailable",3
202306,"unavailable","SIN","AKL","P","A","IT","unavailable","unavailable","19 - 24 years","M","","N","unavailable","unavailable",3
202306,"unavailable","SYD","AKL","P","A","CN","unavailable","unavailable","55 - 64 years","M","","N","unavailable","unavailable",3
202306,"unavailable","CAN","AKL","P","A","GB","unavailable","unavailable","65 - 74 years","M","","N","unavailable","unavailable",3
202306,"unavailable","BNE","AKL","P","A","GB","unavailable","unavailable","19 - 24 years","F","","N","unavailable","unavailable",3
202306,"unavailable","SIN","AKL","P","A","IN","unavailable","unavailable","55 - 64 years","F","","N","unavailable","unavailable",3
202306,"unavailable","SYD","AKL","P","A","AE","unavailable","unavailable","25 - 34 years","F","","N","unavailable","unavailable",3
202306,"unavailable","DXB","AKL","P","A","LT","unavailable","unavailable","25 - 34 years","M","","N","unavailable","unavailable",3
202306,"unavailable","SIN","AKL","P","A","QA","unavailable","unavailable","19 - 24 years","F","","N","unavailable","unavailable",3
202306,"unavailable","CAN","AKL","P","A","AU","unavailable","unavailable","19 - 24 years","M","","N","unavailable","unavailable",3
202306,"unavailable","SFO","AKL","P","A","MX","unavailable","unavailable","12 - 18 years","F","","N","unavailable","unavailable",3
202306,"unavailable","KUL","AKL","P","A","MY","unavailable","unavailable","45 - 54 years","F","","N","unavailable","unavailable",3
202306,"unavailable","SHA","AKL","P","A","AE","unavailable","unavailable","25 - 34 years","M","","N","unavailable","unavailable",3
202306,"unavailable","YVR","AKL","P","A","CA","unavailable","unavailable","01 - 11 years","M","","N","unavailable","unavailable",3
202306,"unavailable","MEL","AKL","P","A","AU","unavailable","unavailable","12 - 18 years","F","","N","unavailable","unavailable",3
202306,"unavailable","CAN","AKL","P","A","NP","unavailable","unavailable","01 - 11 years","M","","N","unavailable","unavailable",3
202306,"unavailable","CAN","AKL","P","A","KH","unavailable","unavailable","25 - 34 years","F","","N","unavailable","unavailable",3
202306,"unavailable","LAX","AKL","P","A","GB","unavailable","unavailable","19 - 24 years","M","","N","unavailable","unavailable",3
202306,"unavailable","HKG","AKL","P","A","US","unavailable","unavailable","25 - 34 years","M","","N","unavailable","unavailable",3
202306,"unavailable","HKG","AKL","P","A","GB","unavailable","unavailable","19 - 24 years","M","","N","unavailable","unavailable",3
202306,"unavailable","SIN","AKL","P","A","GU","unavailable","unavailable","25 - 34 years","F","","N","unavailable","unavailable",3
202306,"unavailable","SHA","AKL","P","A","US","unavailable","unavailable","12 - 18 years","M","","N","unavailable","unavailable",3
202306,"unavailable","SCL","AKL","P","A","UY","unavailable","unavailable","01 - 11 years","M","","N","unavailable","unavailable",3
202306,"unavailable","DXB","AKL","P","A","NL","unavailable","unavailable","25 - 34 years","M","","N","unavailable","unavailable",3
202306,"unavailable","SIN","CHC","P","A","TW","unavailable","unavailable","55 - 64 years","F","","N","unavailable","unavailable",3
202306,"unavailable","KUL","AKL","P","A","MM","unavailable","unavailable","35 - 44 years","F","","N","unavailable","unavailable",3
202306,"unavailable","SYD","WLG","P","A","AU","unavailable","unavailable","55 - 64 years","F","","N","unavailable","unavailable",3
202306,"unavailable","KUL","AKL","P","A","SA","unavailable","unavailable","35 - 44 years","M","","N","unavailable","unavailable",3
202306,"unavailable","CAN","AKL","P","A","AO","unavailable","unavailable","25 - 34 years","F","","N","unavailable","unavailable",3
202306,"unavailable","NAN","AKL","P","A","WS","unavailable","unavailable","19 - 24 years","M","","N","unavailable","unavailable",3
202306,"unavailable","TPE","AKL","P","A","TW","unavailable","unavailable","45 - 54 years","M","","N","unavailable","unavailable",3
202306,"unavailable","PER","AKL","P","A","AU","unavailable","unavailable","35 - 44 years","M","","N","unavailable","unavailable",3
202306,"unavailable","KUL","AKL","P","A","GB","unavailable","unavailable","25 - 34 years","M","","N","unavailable","unavailable",3
202306,"unavailable","DPS","AKL","P","A","ID","unavailable","unavailable","25 - 34 years","F","","N","unavailable","unavailable",3
202306,"unavailable","SCL","AKL","P","A","XX","unavailable","unavailable","12 - 18 years","M","","N","unavailable","unavailable",3
202306,"unavailable","TBU","AKL","P","A","XX","unavailable","unavailable","25 - 34 years","F","","N","unavailable","unavailable",3
202306,"unavailable","SYD","WLG","P","A","US","unavailable","unavailable","12 - 18 years","M","","N","unavailable","unavailable",3
202306,"unavailable","SHA","AKL","P","A","JP","unavailable","unavailable","35 - 44 years","M","","N","unavailable","unavailable",3
202306,"unavailable","SYD","CHC","P","A","CY","unavailable","unavailable","25 - 34 years","F","","N","unavailable","unavailable",3
202306,"unavailable","SIN","AKL","P","A","GB","unavailable","unavailable","01 - 11 years","M","","N","unavailable","unavailable",3
202306,"unavailable","DPS","AKL","P","A","DE","unavailable","unavailable","25 - 34 years","M","","N","unavailable","unavailable",3
202306,"unavailable","DXB","AKL","P","A","DE","unavailable","unavailable","45 - 54 years","M","","N","unavailable","unavailable",3
202306,"unavailable","SIN","AKL","P","A","NP","unavailable","unavailable","35 - 44 years","M","","N","unavailable","unavailable",3
202306,"unavailable","SHA","AKL","P","A","GB","unavailable","unavailable","19 - 24 years","F","","N","unavailable","unavailable",3
202306,"unavailable","SYD","CHC","P","A","SG","unavailable","unavailable","19 - 24 years","F","","N","unavailable","unavailable",3
202306,"unavailable","NRT","AKL","P","A","XX","unavailable","unavailable","25 - 34 years","F","","N","unavailable","unavailable",3
202306,"unavailable","DXB","AKL","P","A","LK","unavailable","unavailable","01 - 11 years","M","","N","unavailable","unavailable",3
202306,"unavailable","DXB","AKL","P","A","KW","unavailable","unavailable","45 - 54 years","F","","N","unavailable","unavailable",3
202306,"unavailable","SYD","AKL","P","A","GB","unavailable","unavailable","01 - 11 years","F","","N","unavailable","unavailable",3
202306,"unavailable","NRT","AKL","P","A","US","unavailable","unavailable","01 - 11 years","F","","N","unavailable","unavailable",3
202306,"unavailable","NAN","WLG","P","A","FJ","unavailable","unavailable","45 - 54 years","F","","N","unavailable","unavailable",3
202306,"unavailable","MEL","WLG","P","A","GB","unavailable","unavailable","35 - 44 years","M","","N","unavailable","unavailable",3
202306,"unavailable","NRT","AKL","P","A","US","unavailable","unavailable","35 - 44 years","F","","N","unavailable","unavailable",3
202306,"unavailable","SIN","CHC","P","A","CN","unavailable","unavailable","35 - 44 years","F","","N","unavailable","unavailable",3
202306,"unavailable","SIN","CHC","P","A","IN","unavailable","unavailable","Less than 1 year","F","","N","unavailable","unavailable",3
202306,"unavailable","HKG","AKL","P","A","TW","unavailable","unavailable","25 - 34 years","M","","N","unavailable","unavailable",3
202306,"unavailable","KUL","AKL","P","A","IN","unavailable","unavailable","65 - 74 years","F","","N","unavailable","unavailable",3
202306,"unavailable","KUL","AKL","P","A","SA","unavailable","unavailable","45 - 54 years","M","","N","unavailable","unavailable",3
202306,"unavailable","HKG","AKL","P","A","CN","unavailable","unavailable","12 - 18 years","F","","N","unavailable","unavailable",3
202306,"unavailable","SYD","CHC","P","A","CA","unavailable","unavailable","25 - 34 years","M","","N","unavailable","unavailable",3
202306,"unavailable","SYD","AKL","P","A","DE","unavailable","unavailable","19 - 24 years","M","","N","unavailable","unavailable",3
202306,"unavailable","MEL","WLG","P","A","SA","unavailable","unavailable","35 - 44 years","F","","N","unavailable","unavailable",3
202306,"unavailable","SIN","AKL","P","A","VN","unavailable","unavailable","19 - 24 years","M","","N","unavailable","unavailable",3
202306,"unavailable","DXB","AKL","P","A","IE","unavailable","unavailable","19 - 24 years","F","","N","unavailable","unavailable",3
202306,"unavailable","SIN","CHC","P","A","KR","unavailable","unavailable","25 - 34 years","F","","N","unavailable","unavailable",3
202306,"unavailable","SIN","AKL","P","A","KH","unavailable","unavailable","45 - 54 years","F","","N","unavailable","unavailable",3
202306,"unavailable","TBU","AKL","P","A","TO","unavailable","unavailable","Less than 1 year","F","","N","unavailable","unavailable",3
202306,"unavailable","SEL","AKL","P","A","MN","unavailable","unavailable","45 - 54 years","F","","N","unavailable","unavailable",3
202306,"unavailable","SIN","AKL","P","A","LA","unavailable","unavailable","45 - 54 years","M","","N","unavailable","unavailable",3
202306,"unavailable","MEL","CHC","P","A","LK","unavailable","unavailable","35 - 44 years","F","","N","unavailable","unavailable",3
202306,"unavailable","TPE","AKL","P","A","VN","unavailable","unavailable","35 - 44 years","F","","N","unavailable","unavailable",3
202306,"unavailable","ADL","AKL","P","A","IN","unavailable","unavailable","25 - 34 years","M","","N","unavailable","unavailable",3
202306,"unavailable","SIN","CHC","P","A","XX","unavailable","unavailable","01 - 11 years","F","","N","unavailable","unavailable",3
202306,"unavailable","KUL","AKL","P","A","NU","unavailable","unavailable","35 - 44 years","M","","N","unavailable","unavailable",3
202306,"unavailable","MEL","WLG","P","A","ZA","unavailable","unavailable","12 - 18 years","M","","N","unavailable","unavailable",3
202306,"unavailable","SIN","AKL","P","A","SA","unavailable","unavailable","25 - 34 years","F","","N","unavailable","unavailable",3
202306,"unavailable","SHA","AKL","P","A","KH","unavailable","unavailable","25 - 34 years","F","","N","unavailable","unavailable",3
202306,"unavailable","ADL","AKL","P","A","SA","unavailable","unavailable","45 - 54 years","F","","N","unavailable","unavailable",3
202306,"unavailable","DXB","AKL","P","A","EG","unavailable","unavailable","01 - 11 years","F","","N","unavailable","unavailable",3
202306,"unavailable","SCL","AKL","P","A","UY","unavailable","unavailable","01 - 11 years","F","","N","unavailable","unavailable",3
202306,"unavailable","KUL","AKL","P","A","NG","unavailable","unavailable","01 - 11 years","F","","N","unavailable","unavailable",3
202306,"unavailable","ADL","AKL","P","A","RS","unavailable","unavailable","01 - 11 years","F","","N","unavailable","unavailable",3
202306,"unavailable","HKG","AKL","P","A","TH","unavailable","unavailable","19 - 24 years","M","","N","unavailable","unavailable",3
202306,"unavailable","KUL","AKL","P","A","MY","unavailable","unavailable","01 - 11 years","M","","N","unavailable","unavailable",3
202306,"unavailable","HKG","AKL","P","A","MU","unavailable","unavailable","25 - 34 years","M","","N","unavailable","unavailable",3
202306,"unavailable","SHA","AKL","P","A","VN","unavailable","unavailable","25 - 34 years","M","","N","unavailable","unavailable",3
202306,"unavailable","MEL","WLG","P","A","IN","unavailable","unavailable","12 - 18 years","F","","N","unavailable","unavailable",3
202306,"unavailable","KUL","AKL","P","A","NG","unavailable","unavailable","35 - 44 years","M","","N","unavailable","unavailable",3
202306,"unavailable","KUL","AKL","P","A","JO","unavailable","unavailable","01 - 11 years","M","","N","unavailable","unavailable",3
202306,"unavailable","SIN","CHC","P","A","NP","unavailable","unavailable","12 - 18 years","F","","N","unavailable","unavailable",3
202306,"unavailable","SYD","AKL","P","A","IN","unavailable","unavailable","12 - 18 years","F","","N","unavailable","unavailable",3
202306,"unavailable","SHA","AKL","P","A","BO","unavailable","unavailable","35 - 44 years","M","","N","unavailable","unavailable",3
202306,"unavailable","CAN","AKL","P","A","CN","unavailable","unavailable","75+","M","","N","unavailable","unavailable",3
202306,"unavailable","ADL","AKL","P","A","AU","unavailable","unavailable","65 - 74 years","M","","N","unavailable","unavailable",3
202306,"unavailable","MEL","CHC","P","A","GB","unavailable","unavailable","19 - 24 years","M","","N","unavailable","unavailable",3
202306,"unavailable","MEL","AKL","P","A","LK","unavailable","unavailable","12 - 18 years","F","","N","unavailable","unavailable",3
202306,"unavailable","SEL","AKL","P","A","KZ","unavailable","unavailable","01 - 11 years","M","","N","unavailable","unavailable",3
202306,"unavailable","KUL","AKL","P","A","ZW","unavailable","unavailable","25 - 34 years","M","","N","unavailable","unavailable",3
202306,"unavailable","KUL","AKL","P","A","MY","unavailable","unavailable","45 - 54 years","M","","N","unavailable","unavailable",3
202306,"unavailable","SYD","CHC","P","A","XX","unavailable","unavailable","01 - 11 years","M","","N","unavailable","unavailable",3
202306,"unavailable","SIN","AKL","P","A","WF","unavailable","unavailable","35 - 44 years","M","","N","unavailable","unavailable",3
202306,"unavailable","SIN","AKL","P","A","ZA","unavailable","unavailable","25 - 34 years","M","","N","unavailable","unavailable",3
202306,"unavailable","SYD","AKL","P","A","AU","unavailable","unavailable","45 - 54 years","F","","N","unavailable","unavailable",3
202306,"unavailable","DXB","AKL","P","A","IR","unavailable","unavailable","01 - 11 years","M","","N","unavailable","unavailable",3
202306,"unavailable","TBU","AKL","P","A","NC","unavailable","unavailable","25 - 34 years","M","","N","unavailable","unavailable",3
202306,"unavailable","DXB","AKL","P","A","NP","unavailable","unavailable","25 - 34 years","F","","N","unavailable","unavailable",3
202306,"unavailable","PER","AKL","P","A","AU","unavailable","unavailable","55 - 64 years","M","","N","unavailable","unavailable",3
202306,"unavailable","SIN","CHC","P","A","XX","unavailable","unavailable","25 - 34 years","F","","N","unavailable","unavailable",3
202306,"unavailable","SEL","AKL","P","A","IL","unavailable","unavailable","75+","F","","N","unavailable","unavailable",3
202306,"unavailable","SHA","AKL","P","A","CZ","unavailable","unavailable","25 - 34 years","M","","N","unavailable","unavailable",3
202306,"unavailable","DXB","AKL","P","A","QA","unavailable","unavailable","35 - 44 years","M","","N","unavailable","unavailable",3
202306,"unavailable","KUL","AKL","P","A","PH","unavailable","unavailable","45 - 54 years","M","","N","unavailable","unavailable",3
202306,"unavailable","DXB","AKL","P","A",NA,"unavailable","unavailable","01 - 11 years","M","","N","unavailable","unavailable",3
202306,"unavailable","ADL","AKL","P","A","AR","unavailable","unavailable","35 - 44 years","M","","N","unavailable","unavailable",3
202306,"unavailable","HKG","AKL","P","A","IN","unavailable","unavailable","75+","M","","N","unavailable","unavailable",3
202306,"unavailable","ADL","AKL","P","A","XX","unavailable","unavailable","65 - 74 years","M","","N","unavailable","unavailable",3
202306,"unavailable","HKG","AKL","P","A","XX","unavailable","unavailable","45 - 54 years","F","","N","unavailable","unavailable",3
202306,"unavailable","SIN","AKL","P","A","GB","unavailable","unavailable","35 - 44 years","F","","N","unavailable","unavailable",3
202306,"unavailable","ADL","AKL","P","A","CH","unavailable","unavailable","25 - 34 years","M","","N","unavailable","unavailable",3
202306,"unavailable","DXB","AKL","P","A","CO","unavailable","unavailable","01 - 11 years","F","","N","unavailable","unavailable",3
202306,"unavailable","BNE","WLG","P","A","AU","unavailable","unavailable","35 - 44 years","F","","N","unavailable","unavailable",3
202306,"unavailable","OOL","AKL","P","A","US","unavailable","unavailable","19 - 24 years","M","","N","unavailable","unavailable",3
202306,"unavailable","SEL","AKL","P","A","NL","unavailable","unavailable","35 - 44 years","F","","N","unavailable","unavailable",3
202306,"unavailable","DXB","AKL","P","A","CZ","unavailable","unavailable","25 - 34 years","F","","N","unavailable","unavailable",3
202306,"unavailable","MEL","CHC","P","A","GB","unavailable","unavailable","19 - 24 years","F","","N","unavailable","unavailable",3
202306,"unavailable","KUL","AKL","P","A","KH","unavailable","unavailable","19 - 24 years","F","","N","unavailable","unavailable",3
202306,"unavailable","BNE","AKL","P","A","GB","unavailable","unavailable","35 - 44 years","F","","N","unavailable","unavailable",3
202306,"unavailable","SIN","AKL","P","A","VN","unavailable","unavailable","45 - 54 years","M","","N","unavailable","unavailable",3
202306,"unavailable","OOL","WLG","P","A","AU","unavailable","unavailable","12 - 18 years","M","","N","unavailable","unavailable",3
202306,"unavailable","HKG","AKL","P","A","ZA","unavailable","unavailable","12 - 18 years","F","","N","unavailable","unavailable",3
202306,"unavailable","YVR","AKL","P","A","CA","unavailable","unavailable","45 - 54 years","F","","N","unavailable","unavailable",3
202306,"unavailable","HKG","AKL","P","A","SA","unavailable","unavailable","35 - 44 years","F","","N","unavailable","unavailable",3
202306,"unavailable","CAN","AKL","P","A","AR","unavailable","unavailable","25 - 34 years","M","","N","unavailable","unavailable",3
202306,"unavailable","MEL","WLG","P","A","ZA","unavailable","unavailable","01 - 11 years","M","","N","unavailable","unavailable",3
202306,"unavailable","LAX","AKL","P","A","CA","unavailable","unavailable","19 - 24 years","M","","N","unavailable","unavailable",3
202306,"unavailable","HNL","AKL","P","A","US","unavailable","unavailable","12 - 18 years","M","","N","unavailable","unavailable",3
202306,"unavailable","NAN","CHC","P","A","IN","unavailable","unavailable","25 - 34 years","F","","N","unavailable","unavailable",3
202306,"unavailable","LAX","AKL","P","A","CA","unavailable","unavailable","35 - 44 years","M","","N","unavailable","unavailable",3
202306,"unavailable","NRT","AKL","P","A","US","unavailable","unavailable","35 - 44 years","M","","N","unavailable","unavailable",3
202306,"unavailable","DXB","AKL","P","A","TN","unavailable","unavailable","25 - 34 years","M","","N","unavailable","unavailable",3
202306,"unavailable","KUL","AKL","P","A","US","unavailable","unavailable","35 - 44 years","F","","N","unavailable","unavailable",3
202306,"unavailable","MEL","ZQN","P","A","AU","unavailable","unavailable","25 - 34 years","F","","N","unavailable","unavailable",3
202306,"unavailable","DXB","AKL","P","A","SA","unavailable","unavailable","19 - 24 years","M","","N","unavailable","unavailable",3
202306,"unavailable","LAX","AKL","P","A","GB","unavailable","unavailable","25 - 34 years","F","","N","unavailable","unavailable",3
202306,"unavailable","SYD","CHC","P","A","ZA","unavailable","unavailable","45 - 54 years","M","","N","unavailable","unavailable",3
202306,"unavailable","KUL","AKL","P","A","IT","unavailable","unavailable","25 - 34 years","F","","N","unavailable","unavailable",3
202306,"unavailable","KUL","AKL","P","A","SG","unavailable","unavailable","35 - 44 years","M","","N","unavailable","unavailable",3
202306,"unavailable","LAX","AKL","P","A","MX","unavailable","unavailable","19 - 24 years","F","","N","unavailable","unavailable",3
202306,"unavailable","HKG","AKL","P","A","GB","unavailable","unavailable","01 - 11 years","F","","N","unavailable","unavailable",3
202306,"unavailable","BNE","AKL","P","A","DE","unavailable","unavailable","25 - 34 years","F","","N","unavailable","unavailable",3
202306,"unavailable","MEL","AKL","P","A","IN","unavailable","unavailable","25 - 34 years","F","","N","unavailable","unavailable",3
202306,"unavailable","SIN","AKL","P","A","ZA","unavailable","unavailable","01 - 11 years","F","","N","unavailable","unavailable",3
202306,"unavailable","HKG","AKL","P","A","ZA","unavailable","unavailable","35 - 44 years","F","","N","unavailable","unavailable",3
202306,"unavailable","SYD","CHC","P","A","XX","unavailable","unavailable","01 - 11 years","F","","N","unavailable","unavailable",3
202306,"unavailable","LAX","AKL","P","A","US","unavailable","unavailable","12 - 18 years","F","","N","unavailable","unavailable",3
202306,"unavailable","NAN","AKL","P","A","IN","unavailable","unavailable","25 - 34 years","F","","N","unavailable","unavailable",3
202306,"unavailable","SYD","WLG","P","A","US","unavailable","unavailable","25 - 34 years","M","","N","unavailable","unavailable",3
202306,"unavailable","SYD","ZQN","P","A","TH","unavailable","unavailable","25 - 34 years","F","","N","unavailable","unavailable",3
202306,"unavailable","KUL","AKL","P","A","PH","unavailable","unavailable","19 - 24 years","F","","N","unavailable","unavailable",3
202306,"unavailable","SYD","AKL","P","A","MY","unavailable","unavailable","55 - 64 years","F","","N","unavailable","unavailable",3
202306,"unavailable","SYD","AKL","P","A","MY","unavailable","unavailable","25 - 34 years","M","","N","unavailable","unavailable",3
202306,"unavailable","NAN","WLG","P","A","FJ","unavailable","unavailable","12 - 18 years","M","","N","unavailable","unavailable",3
202306,"unavailable","NAN","AKL","P","A","GB","unavailable","unavailable","25 - 34 years","M","","N","unavailable","unavailable",3
202306,"unavailable","SYD","AKL","P","A","IE","unavailable","unavailable","25 - 34 years","F","","N","unavailable","unavailable",3
202306,"unavailable","PER","AKL","P","A","AU","unavailable","unavailable","01 - 11 years","M","","N","unavailable","unavailable",3
202306,"unavailable","NAN","AKL","P","A","KI","unavailable","unavailable","01 - 11 years","M","","N","unavailable","unavailable",3
202306,"unavailable","DXB","AKL","P","A","LK","unavailable","unavailable","55 - 64 years","M","","N","unavailable","unavailable",3
202306,"unavailable","IAH","AKL","P","A","US","unavailable","unavailable","75+","M","","N","unavailable","unavailable",3
202306,"unavailable","DXB","AKL","P","A","AL","unavailable","unavailable","19 - 24 years","M","","N","unavailable","unavailable",3
202306,"unavailable","LAX","AKL","P","A","CZ","unavailable","unavailable","25 - 34 years","F","","N","unavailable","unavailable",3
202306,"unavailable","CAN","AKL","P","A","XX","unavailable","unavailable","45 - 54 years","M","","N","unavailable","unavailable",3
202306,"unavailable","KUL","AKL","P","A","LK","unavailable","unavailable","12 - 18 years","F","","N","unavailable","unavailable",3
202306,"unavailable","YVR","AKL","P","A","CA","unavailable","unavailable","12 - 18 years","M","","N","unavailable","unavailable",3
202306,"unavailable","SIN","AKL","P","A","RS","unavailable","unavailable","12 - 18 years","M","","N","unavailable","unavailable",3
202306,"unavailable","DXB","AKL","P","A","AE","unavailable","unavailable","55 - 64 years","F","","N","unavailable","unavailable",3
202306,"unavailable","HKG","AKL","P","A","IE","unavailable","unavailable","19 - 24 years","M","","N","unavailable","unavailable",3
202306,"unavailable","HKG","AKL","P","A","HK","unavailable","unavailable","01 - 11 years","F","","N","unavailable","unavailable",3
202306,"unavailable","SYD","CHC","P","A","AE","unavailable","unavailable","35 - 44 years","F","","N","unavailable","unavailable",3
202306,"unavailable","NAN","AKL","P","A","GB","unavailable","unavailable","19 - 24 years","F","","N","unavailable","unavailable",3
202306,"unavailable","KUL","AKL","P","A","KW","unavailable","unavailable","65 - 74 years","M","","N","unavailable","unavailable",3
202306,"unavailable","MEL","ZQN","P","A","AU","unavailable","unavailable","25 - 34 years","M","","N","unavailable","unavailable",3
202306,"unavailable","SYD","CHC","P","A","ZA","unavailable","unavailable","19 - 24 years","F","","N","unavailable","unavailable",3
202306,"unavailable","CAN","AKL","P","A","US","unavailable","unavailable","12 - 18 years","F","","N","unavailable","unavailable",3
202306,"unavailable","PER","AKL","P","A","AU","unavailable","unavailable","Less than 1 year","F","","N","unavailable","unavailable",3
202306,"unavailable","SCL","AKL","P","A","MX","unavailable","unavailable","35 - 44 years","M","","N","unavailable","unavailable",3
202306,"unavailable","HKG","AKL","P","A","QA","unavailable","unavailable","25 - 34 years","M","","N","unavailable","unavailable",3
202306,"unavailable","SYD","AKL","P","A","TH","unavailable","unavailable","35 - 44 years","F","","N","unavailable","unavailable",3
202306,"unavailable","DXB","AKL","P","A","NL","unavailable","unavailable","25 - 34 years","F","","N","unavailable","unavailable",3
202306,"unavailable","MEL","ZQN","P","A","GB","unavailable","unavailable","25 - 34 years","M","","N","unavailable","unavailable",3
202306,"unavailable","CAN","AKL","P","A","DE","unavailable","unavailable","25 - 34 years","M","","N","unavailable","unavailable",3
202306,"unavailable","NRT","AKL","P","A","XX","unavailable","unavailable","25 - 34 years","M","","N","unavailable","unavailable",3
202306,"unavailable","SCL","AKL","P","A","PY","unavailable","unavailable","25 - 34 years","F","","N","unavailable","unavailable",3
202306,"unavailable","SIN","AKL","P","A","QA","unavailable","unavailable","01 - 11 years","M","","N","unavailable","unavailable",3
202306,"unavailable","SYD","AKL","P","A","XX","unavailable","unavailable","12 - 18 years","M","","N","unavailable","unavailable",3
202306,"unavailable","YVR","AKL","P","A","CA","unavailable","unavailable","45 - 54 years","M","","N","unavailable","unavailable",3
202306,"unavailable","PER","AKL","P","A","ZA","unavailable","unavailable","35 - 44 years","F","","N","unavailable","unavailable",3
202306,"unavailable","HKG","AKL","P","A","JP","unavailable","unavailable","35 - 44 years","M","","N","unavailable","unavailable",3
202306,"unavailable","SEL","AKL","P","A","XX","unavailable","unavailable","19 - 24 years","F","","N","unavailable","unavailable",3
202306,"unavailable","SIN","CHC","P","A","IN","unavailable","unavailable","12 - 18 years","M","","N","unavailable","unavailable",3
202306,"unavailable","SIN","AKL","P","A","DE","unavailable","unavailable","25 - 34 years","M","","N","unavailable","unavailable",3
202306,"unavailable","SCL","AKL","P","A","UY","unavailable","unavailable","19 - 24 years","F","","N","unavailable","unavailable",3
202306,"unavailable","SIN","AKL","P","A","ZA","unavailable","unavailable","01 - 11 years","M","","N","unavailable","unavailable",3
202306,"unavailable","SIN","AKL","P","A","AE","unavailable","unavailable","25 - 34 years","F","","N","unavailable","unavailable",3
202306,"unavailable","SYD","AKL","P","A","LT","unavailable","unavailable","25 - 34 years","F","","N","unavailable","unavailable",3
202306,"unavailable","SIN","CHC","P","A","CN","unavailable","unavailable","55 - 64 years","F","","N","unavailable","unavailable",3
202306,"unavailable","MEL","AKL","P","A","DE","unavailable","unavailable","25 - 34 years","M","","N","unavailable","unavailable",3
202306,"unavailable","IAH","AKL","P","A","US","unavailable","unavailable","25 - 34 years","F","","N","unavailable","unavailable",3
202306,"unavailable","HKG","AKL","P","A","CN","unavailable","unavailable","45 - 54 years","F","","N","unavailable","unavailable",3
202306,"unavailable","DXB","AKL","P","A","AE","unavailable","unavailable","Less than 1 year","M","","N","unavailable","unavailable",3
202306,"unavailable","MEL","WLG","P","A","ZA","unavailable","unavailable","35 - 44 years","F","","N","unavailable","unavailable",3
202306,"unavailable","SYD","AKL","P","A","IN","unavailable","unavailable","19 - 24 years","F","","N","unavailable","unavailable",3
202306,"unavailable","SYD","CHC","P","A","AE","unavailable","unavailable","01 - 11 years","F","","N","unavailable","unavailable",3
202306,"unavailable","DXB","AKL","P","A","NC","unavailable","unavailable","01 - 11 years","F","","N","unavailable","unavailable",3
202306,"unavailable","KUL","AKL","P","A","TH","unavailable","unavailable","75+","F","","N","unavailable","unavailable",3
202306,"unavailable","SYD","AKL","P","A","XX","unavailable","unavailable","35 - 44 years","F","","N","unavailable","unavailable",3
202306,"unavailable","KUL","AKL","P","A","XX","unavailable","unavailable","19 - 24 years","F","","N","unavailable","unavailable",3
202306,"unavailable","OOL","CHC","P","A","JP","unavailable","unavailable","25 - 34 years","F","","N","unavailable","unavailable",3
202306,"unavailable","ADL","AKL","P","A","BR","unavailable","unavailable","35 - 44 years","M","","N","unavailable","unavailable",3
202306,"unavailable","SIN","AKL","P","A","NP","unavailable","unavailable","01 - 11 years","M","","N","unavailable","unavailable",3
202306,"unavailable","NAN","AKL","P","A","SB","unavailable","unavailable","25 - 34 years","M","","N","unavailable","unavailable",3
202306,"unavailable","SYD","ZQN","P","A","PH","unavailable","unavailable","01 - 11 years","F","","N","unavailable","unavailable",3
202306,"unavailable","SYD","AKL","P","A","XX","unavailable","unavailable","55 - 64 years","F","","N","unavailable","unavailable",3
202306,"unavailable","OOL","AKL","P","A","AU","unavailable","unavailable","12 - 18 years","M","","N","unavailable","unavailable",3
202306,"unavailable","NAN","AKL","P","A","CN","unavailable","unavailable","25 - 34 years","F","","N","unavailable","unavailable",3
202306,"unavailable","SIN","CHC","P","A","NP","unavailable","unavailable","12 - 18 years","M","","N","unavailable","unavailable",3
202306,"unavailable","DXB","AKL","P","A","BH","unavailable","unavailable","25 - 34 years","M","","N","unavailable","unavailable",3
202306,"unavailable","SEL","AKL","P","A","DE","unavailable","unavailable","25 - 34 years","M","","N","unavailable","unavailable",3
202306,"unavailable","DXB","AKL","P","A","LV","unavailable","unavailable","35 - 44 years","F","","N","unavailable","unavailable",3
202306,"unavailable","OOL","AKL","P","A","AU","unavailable","unavailable","35 - 44 years","F","","N","unavailable","unavailable",3
202306,"unavailable","SCL","AKL","P","A","IE","unavailable","unavailable","25 - 34 years","F","","N","unavailable","unavailable",3
202306,"unavailable","LAX","AKL","P","A","GB","unavailable","unavailable","45 - 54 years","M","","N","unavailable","unavailable",3
202306,"unavailable","PPT","AKL","P","A","US","unavailable","unavailable","25 - 34 years","M","","N","unavailable","unavailable",3
202306,"unavailable","SYD","AKL","P","A","MY","unavailable","unavailable","45 - 54 years","F","","N","unavailable","unavailable",3
202306,"unavailable","ADL","AKL","P","A","PL","unavailable","unavailable","25 - 34 years","F","","N","unavailable","unavailable",3
202306,"unavailable","SYD","AKL","P","A","ZA","unavailable","unavailable","25 - 34 years","F","","N","unavailable","unavailable",3
202306,"unavailable","SYD","AKL","P","A","AU","unavailable","unavailable","12 - 18 years","M","","N","unavailable","unavailable",3
202306,"unavailable","HKG","AKL","P","A","XX","unavailable","unavailable","75+","M","","N","unavailable","unavailable",3
202306,"unavailable","BNE","AKL","P","A","CA","unavailable","unavailable","25 - 34 years","F","","N","unavailable","unavailable",3
202306,"unavailable","SYD","AKL","P","A","IR","unavailable","unavailable","01 - 11 years","M","","N","unavailable","unavailable",3
202306,"unavailable","SYD","ZQN","P","A","US","unavailable","unavailable","19 - 24 years","M","","N","unavailable","unavailable",3
202306,"unavailable","SYD","AKL","P","A","UY","unavailable","unavailable","25 - 34 years","F","","N","unavailable","unavailable",3
202306,"unavailable","ADL","AKL","P","A","HR","unavailable","unavailable","35 - 44 years","M","","N","unavailable","unavailable",3
202306,"unavailable","DXB","AKL","P","A","ET","unavailable","unavailable","25 - 34 years","F","","N","unavailable","unavailable",3
202306,"unavailable","SYD","CHC","P","A","ZA","unavailable","unavailable","12 - 18 years","F","","N","unavailable","unavailable",3
202306,"unavailable","SYD","CHC","P","A","AU","unavailable","unavailable","25 - 34 years","F","","N","unavailable","unavailable",3
202306,"unavailable","MEL","CHC","P","A","QA","unavailable","unavailable","45 - 54 years","F","","N","unavailable","unavailable",3
202306,"unavailable","SYD","WLG","P","A","ZA","unavailable","unavailable","35 - 44 years","M","","N","unavailable","unavailable",3
202306,"unavailable","MEL","CHC","P","A","IN","unavailable","unavailable","12 - 18 years","M","","N","unavailable","unavailable",3
202306,"unavailable","OOL","AKL","P","A","CA","unavailable","unavailable","25 - 34 years","F","","N","unavailable","unavailable",3
202306,"unavailable","HKG","AKL","P","A","XX","unavailable","unavailable","12 - 18 years","M","","N","unavailable","unavailable",3
202306,"unavailable","SCL","AKL","P","A","XX","unavailable","unavailable","35 - 44 years","F","","N","unavailable","unavailable",3
202306,"unavailable","SCL","AKL","P","A","CZ","unavailable","unavailable","19 - 24 years","M","","N","unavailable","unavailable",3
202306,"unavailable","APW","AKL","P","A","XX","unavailable","unavailable","45 - 54 years","F","","N","unavailable","unavailable",3
202306,"unavailable","DXB","AKL","P","A","ZA","unavailable","unavailable","55 - 64 years","F","","N","unavailable","unavailable",3
202306,"unavailable","DXB","AKL","P","A","EG","unavailable","unavailable","45 - 54 years","F","","N","unavailable","unavailable",3
202306,"unavailable","SCL","AKL","P","A","BR","unavailable","unavailable","45 - 54 years","F","","N","unavailable","unavailable",3
202306,"unavailable","KUL","AKL","P","A","KH","unavailable","unavailable","25 - 34 years","M","","N","unavailable","unavailable",3
202306,"unavailable","SYD","AKL","P","A","HK","unavailable","unavailable","35 - 44 years","M","","N","unavailable","unavailable",3
202306,"unavailable","BNE","AKL","P","A","AU","unavailable","unavailable","12 - 18 years","M","","N","unavailable","unavailable",3
202306,"unavailable","SIN","AKL","P","A","VN","unavailable","unavailable","01 - 11 years","F","","N","unavailable","unavailable",3
202306,"unavailable","CAN","AKL","P","A","XX","unavailable","unavailable","75+","M","","N","unavailable","unavailable",3
202306,"unavailable","HKG","AKL","P","A","IN","unavailable","unavailable","55 - 64 years","M","","N","unavailable","unavailable",3
202306,"unavailable","MEL","WLG","P","A","PH","unavailable","unavailable","19 - 24 years","F","","N","unavailable","unavailable",3
202306,"unavailable","HKG","AKL","P","A","GY","unavailable","unavailable","01 - 11 years","M","","N","unavailable","unavailable",3
202306,"unavailable","SCL","AKL","P","A","MX","unavailable","unavailable","25 - 34 years","F","","N","unavailable","unavailable",3
202306,"unavailable","SIN","CHC","P","A","AE","unavailable","unavailable","45 - 54 years","M","","N","unavailable","unavailable",3
202306,"unavailable","SIN","CHC","P","A","VN","unavailable","unavailable","25 - 34 years","F","","N","unavailable","unavailable",3
202306,"unavailable","SYD","WLG","P","A","AU","unavailable","unavailable","01 - 11 years","M","","N","unavailable","unavailable",3
202306,"unavailable","TPE","AKL","P","A","PH","unavailable","unavailable","45 - 54 years","F","","N","unavailable","unavailable",3
202306,"unavailable","SIN","CHC","P","A","IN","unavailable","unavailable","45 - 54 years","F","","N","unavailable","unavailable",3
202306,"unavailable","DXB","AKL","P","A","IE","unavailable","unavailable","25 - 34 years","M","","N","unavailable","unavailable",3
202306,"unavailable","SYD","ZQN","P","A","GB","unavailable","unavailable","19 - 24 years","M","","N","unavailable","unavailable",3
202306,"unavailable","ORD","AKL","P","A","US","unavailable","unavailable","45 - 54 years","M","","N","unavailable","unavailable",3
202306,"unavailable","SEL","AKL","P","A","DE","unavailable","unavailable","19 - 24 years","F","","N","unavailable","unavailable",3
202306,"unavailable","SIN","AKL","P","A","KR","unavailable","unavailable","25 - 34 years","M","","N","unavailable","unavailable",3
202306,"unavailable","PEK","AKL","P","A","FJ","unavailable","unavailable","55 - 64 years","F","","N","unavailable","unavailable",3
202306,"unavailable","SIN","AKL","P","A","ZW","unavailable","unavailable","25 - 34 years","F","","N","unavailable","unavailable",3
202306,"unavailable","DXB","AKL","P","A","NL","unavailable","unavailable","19 - 24 years","M","","N","unavailable","unavailable",3
202306,"unavailable","DXB","AKL","P","A","UA","unavailable","unavailable","19 - 24 years","F","","N","unavailable","unavailable",3
202306,"unavailable","NAN","AKL","P","A","MX","unavailable","unavailable","25 - 34 years","M","","N","unavailable","unavailable",3
202306,"unavailable","SIN","AKL","P","A","AE","unavailable","unavailable","01 - 11 years","M","","N","unavailable","unavailable",3
202306,"unavailable","NAN","CHC","P","A","US","unavailable","unavailable","45 - 54 years","F","","N","unavailable","unavailable",3
202306,"unavailable","SFO","AKL","P","A","GB","unavailable","unavailable","45 - 54 years","M","","N","unavailable","unavailable",3
202306,"unavailable","MEL","AKL","P","A","LK","unavailable","unavailable","35 - 44 years","M","","N","unavailable","unavailable",3
202306,"unavailable","DXB","AKL","P","A","LK","unavailable","unavailable","35 - 44 years","F","","N","unavailable","unavailable",3
202306,"unavailable","HKG","AKL","P","A","XX","unavailable","unavailable","55 - 64 years","M","","N","unavailable","unavailable",3
202306,"unavailable","SYD","CHC","P","A","ID","unavailable","unavailable","35 - 44 years","M","","N","unavailable","unavailable",3
202306,"unavailable","SYD","AKL","P","A","IN","unavailable","unavailable","65 - 74 years","F","","N","unavailable","unavailable",3
202306,"unavailable","IUE","AKL","P","A","NU","unavailable","unavailable","12 - 18 years","M","","N","unavailable","unavailable",3
202306,"unavailable","SYD","AKL","P","A","SA","unavailable","unavailable","45 - 54 years","M","","N","unavailable","unavailable",3
202306,"unavailable","IAH","AKL","P","A","TN","unavailable","unavailable","25 - 34 years","M","","N","unavailable","unavailable",3
202306,"unavailable","SIN","CHC","P","A","JP","unavailable","unavailable","45 - 54 years","M","","N","unavailable","unavailable",3
202306,"unavailable","BNE","CHC","P","A","AU","unavailable","unavailable","65 - 74 years","M","","N","unavailable","unavailable",3
202306,"unavailable","DXB","AKL","P","A","DE","unavailable","unavailable","25 - 34 years","M","","N","unavailable","unavailable",3
202306,"unavailable","NRT","AKL","P","A","CN","unavailable","unavailable","35 - 44 years","F","","N","unavailable","unavailable",3
202306,"unavailable","SYD","AKL","P","A","LK","unavailable","unavailable","25 - 34 years","M","","N","unavailable","unavailable",3
202306,"unavailable","SCL","AKL","P","A","CN","unavailable","unavailable","25 - 34 years","F","","N","unavailable","unavailable",3
202306,"unavailable","MEL","WLG","P","A","ZA","unavailable","unavailable","35 - 44 years","M","","N","unavailable","unavailable",3
202306,"unavailable","SEL","AKL","P","A","KR","unavailable","unavailable","12 - 18 years","M","","N","unavailable","unavailable",3
202306,"unavailable","SYD","AKL","P","A","MO","unavailable","unavailable","25 - 34 years","M","","N","unavailable","unavailable",3
202306,"unavailable","HKG","AKL","P","A","NL","unavailable","unavailable","45 - 54 years","F","","N","unavailable","unavailable",3
202306,"unavailable","HKG","AKL","P","A","TH","unavailable","unavailable","35 - 44 years","F","","N","unavailable","unavailable",3
202306,"unavailable","CAN","AKL","P","A","KR","unavailable","unavailable","45 - 54 years","M","","N","unavailable","unavailable",3
202306,"unavailable","DXB","AKL","P","A","NP","unavailable","unavailable","19 - 24 years","F","","N","unavailable","unavailable",3
202306,"unavailable","SCL","AKL","P","A","XX","unavailable","unavailable","55 - 64 years","F","","N","unavailable","unavailable",3
202306,"unavailable","MEL","AKL","P","A","PK","unavailable","unavailable","35 - 44 years","M","","N","unavailable","unavailable",3
202306,"unavailable","BNE","CHC","P","A","AU","unavailable","unavailable","01 - 11 years","F","","N","unavailable","unavailable",3
202306,"unavailable","YVR","AKL","P","A","XX","unavailable","unavailable","45 - 54 years","F","","N","unavailable","unavailable",3
202306,"unavailable","IAH","AKL","P","A","GB","unavailable","unavailable","25 - 34 years","F","","N","unavailable","unavailable",3
202306,"unavailable","IAH","AKL","P","A","NL","unavailable","unavailable","25 - 34 years","M","","N","unavailable","unavailable",3
202306,"unavailable","NRT","AKL","P","A","FR","unavailable","unavailable","25 - 34 years","M","","N","unavailable","unavailable",3
202306,"unavailable","SYD","WLG","P","A","TH","unavailable","unavailable","12 - 18 years","F","","N","unavailable","unavailable",3
202306,"unavailable","MEL","AKL","P","A","ID","unavailable","unavailable","75+","F","","N","unavailable","unavailable",3
202306,"unavailable","KUL","AKL","P","A","NP","unavailable","unavailable","35 - 44 years","M","","N","unavailable","unavailable",3
202306,"unavailable","SIN","AKL","P","A","PL","unavailable","unavailable","45 - 54 years","M","","N","unavailable","unavailable",3
202306,"unavailable","ADL","AKL","P","A","QA","unavailable","unavailable","25 - 34 years","M","","N","unavailable","unavailable",3
202306,"unavailable","NAN","WLG","P","A","FJ","unavailable","unavailable","01 - 11 years","F","","N","unavailable","unavailable",3
202306,"unavailable","BNE","CHC","P","A","AU","unavailable","unavailable","12 - 18 years","M","","N","unavailable","unavailable",3
202306,"unavailable","SYD","AKL","P","A","WF","unavailable","unavailable","25 - 34 years","F","","N","unavailable","unavailable",3
202306,"unavailable","SCL","AKL","P","A","CL","unavailable","unavailable","19 - 24 years","M","","N","unavailable","unavailable",3
202306,"unavailable","PPT","AKL","P","A","IN","unavailable","unavailable","55 - 64 years","F","","N","unavailable","unavailable",3
202306,"unavailable","DXB","AKL","P","A","IS","unavailable","unavailable","25 - 34 years","F","","N","unavailable","unavailable",3
202306,"unavailable","SYD","AKL","P","A","TH","unavailable","unavailable","12 - 18 years","M","","N","unavailable","unavailable",3
202306,"unavailable","CAN","AKL","P","A","XX","unavailable","unavailable","35 - 44 years","F","","N","unavailable","unavailable",3
202306,"unavailable","SEL","AKL","P","A","KR","unavailable","unavailable","55 - 64 years","F","","N","unavailable","unavailable",3
202306,"unavailable","LAX","AKL","P","A","US","unavailable","unavailable","65 - 74 years","M","","N","unavailable","unavailable",3
202306,"unavailable","KUL","AKL","P","A","KW","unavailable","unavailable","25 - 34 years","M","","N","unavailable","unavailable",3
202306,"unavailable","SYD","CHC","P","A","JO","unavailable","unavailable","25 - 34 years","M","","N","unavailable","unavailable",3
202306,"unavailable","SHA","AKL","P","A","GB","unavailable","unavailable","19 - 24 years","M","","N","unavailable","unavailable",3
202306,"unavailable","RAR","AKL","P","A","XX","unavailable","unavailable","25 - 34 years","F","","N","unavailable","unavailable",3
202306,"unavailable","SIN","AKL","P","A","NP","unavailable","unavailable","25 - 34 years","F","","N","unavailable","unavailable",3
202306,"unavailable","LAX","AKL","P","A","XX","unavailable","unavailable","25 - 34 years","M","","N","unavailable","unavailable",3
202306,"unavailable","SIN","AKL","P","A","TR","unavailable","unavailable","35 - 44 years","F","","N","unavailable","unavailable",3
202306,"unavailable","SIN","CHC","P","A","BN","unavailable","unavailable","25 - 34 years","M","","N","unavailable","unavailable",3
202306,"unavailable","SYD","AKL","P","A","NU","unavailable","unavailable","01 - 11 years","M","","N","unavailable","unavailable",3
202306,"unavailable","ADL","AKL","P","A","XX","unavailable","unavailable","35 - 44 years","F","","N","unavailable","unavailable",3
202306,"unavailable","MEL","CHC","P","A","LK","unavailable","unavailable","01 - 11 years","F","","N","unavailable","unavailable",3
202306,"unavailable","HNL","AKL","P","A","US","unavailable","unavailable","55 - 64 years","F","","N","unavailable","unavailable",3
202306,"unavailable","KUL","AKL","P","A","PH","unavailable","unavailable","12 - 18 years","F","","N","unavailable","unavailable",3
202306,"unavailable","SEL","AKL","P","A","XX","unavailable","unavailable","55 - 64 years","M","","N","unavailable","unavailable",3
202306,"unavailable","SYD","AKL","P","A","IN","unavailable","unavailable","25 - 34 years","F","","N","unavailable","unavailable",3
202306,"unavailable","NAN","CHC","P","A","XX","unavailable","unavailable","25 - 34 years","F","","N","unavailable","unavailable",3
202306,"unavailable","MEL","CHC","P","A","BR","unavailable","unavailable","01 - 11 years","M","","N","unavailable","unavailable",3
202306,"unavailable","RAR","AKL","P","A","CK","unavailable","unavailable","Less than 1 year","M","","N","unavailable","unavailable",3
202306,"unavailable","SIN","AKL","P","A","DE","unavailable","unavailable","35 - 44 years","M","","N","unavailable","unavailable",3
202306,"unavailable","MEL","AKL","P","A","AU","unavailable","unavailable","65 - 74 years","F","","N","unavailable","unavailable",3
202306,"unavailable","ADL","AKL","P","A","ES","unavailable","unavailable","25 - 34 years","M","","N","unavailable","unavailable",3
202306,"unavailable","CAN","AKL","P","A","CA","unavailable","unavailable","25 - 34 years","F","","N","unavailable","unavailable",3
202306,"unavailable","SEL","AKL","P","A","IN","unavailable","unavailable","25 - 34 years","F","","N","unavailable","unavailable",3
202306,"unavailable","SYD","WLG","P","A","ZA","unavailable","unavailable","45 - 54 years","F","","N","unavailable","unavailable",3
202306,"unavailable","SYD","WLG","P","A","VN","unavailable","unavailable","12 - 18 years","F","","N","unavailable","unavailable",3
202306,"unavailable","SCL","AKL","P","A","DE","unavailable","unavailable","25 - 34 years","F","","N","unavailable","unavailable",3
202306,"unavailable","BNE","AKL","P","A","TW","unavailable","unavailable","19 - 24 years","F","","N","unavailable","unavailable",3
202306,"unavailable","SYD","AKL","P","A","CA","unavailable","unavailable","25 - 34 years","M","","N","unavailable","unavailable",3
202306,"unavailable","SCL","AKL","P","A","EC","unavailable","unavailable","25 - 34 years","M","","N","unavailable","unavailable",3
202306,"unavailable","NRT","AKL","P","A","LK","unavailable","unavailable","25 - 34 years","M","","N","unavailable","unavailable",3
202306,"unavailable","SIN","AKL","P","A","US","unavailable","unavailable","01 - 11 years","F","","N","unavailable","unavailable",3
202306,"unavailable","DXB","AKL","P","A","NP","unavailable","unavailable","35 - 44 years","M","","N","unavailable","unavailable",3
202306,"unavailable","SIN","AKL","P","A","CZ","unavailable","unavailable","19 - 24 years","M","","N","unavailable","unavailable",3
202306,"unavailable","DXB","AKL","P","A","IL","unavailable","unavailable","25 - 34 years","M","","N","unavailable","unavailable",3
202306,"unavailable","SHA","AKL","P","A","US","unavailable","unavailable","25 - 34 years","M","","N","unavailable","unavailable",3
202306,"unavailable","SIN","AKL","P","A","SA","unavailable","unavailable","19 - 24 years","M","","N","unavailable","unavailable",3
202306,"unavailable","KUL","AKL","P","A","IT","unavailable","unavailable","35 - 44 years","M","","N","unavailable","unavailable",3
202306,"unavailable","CAN","AKL","P","A","IN","unavailable","unavailable","19 - 24 years","M","","N","unavailable","unavailable",3
202306,"unavailable","ADL","AKL","P","A","KY","unavailable","unavailable","45 - 54 years","M","","N","unavailable","unavailable",3
202306,"unavailable","HNL","AKL","P","A","US","unavailable","unavailable","19 - 24 years","F","","N","unavailable","unavailable",3
202306,"unavailable","SYD","AKL","P","A","SA","unavailable","unavailable","25 - 34 years","M","","N","unavailable","unavailable",3
202306,"unavailable","MEL","AKL","P","A","XX","unavailable","unavailable","25 - 34 years","M","","N","unavailable","unavailable",3
202306,"unavailable","SCL","AKL","P","A","XX","unavailable","unavailable","12 - 18 years","F","","N","unavailable","unavailable",3
202306,"unavailable","SIN","AKL","P","A","MX","unavailable","unavailable","01 - 11 years","M","","N","unavailable","unavailable",3
202306,"unavailable","SYD","WLG","P","A","AE","unavailable","unavailable","35 - 44 years","F","","N","unavailable","unavailable",3
202306,"unavailable","MEL","CHC","P","A","MY","unavailable","unavailable","19 - 24 years","M","","N","unavailable","unavailable",3
202306,"unavailable","KUL","AKL","P","A","QA","unavailable","unavailable","45 - 54 years","M","","N","unavailable","unavailable",3
202306,"unavailable","IAH","AKL","P","A","KY","unavailable","unavailable","35 - 44 years","F","","N","unavailable","unavailable",3
202306,"unavailable","SIN","AKL","P","A","US","unavailable","unavailable","25 - 34 years","F","","N","unavailable","unavailable",3
202306,"unavailable","MEL","AKL","P","A","SG","unavailable","unavailable","25 - 34 years","F","","N","unavailable","unavailable",3
202306,"unavailable","JFK","AKL","P","A","AR","unavailable","unavailable","19 - 24 years","M","","N","unavailable","unavailable",3
202306,"unavailable","HKG","AKL","P","A","NP","unavailable","unavailable","12 - 18 years","M","","N","unavailable","unavailable",3
202306,"unavailable","SIN","AKL","P","A","CH","unavailable","unavailable","25 - 34 years","F","","N","unavailable","unavailable",3
202306,"unavailable","MEL","WLG","P","A","PH","unavailable","unavailable","35 - 44 years","F","","N","unavailable","unavailable",3
202306,"unavailable","SIN","AKL","P","A","VN","unavailable","unavailable","45 - 54 years","F","","N","unavailable","unavailable",3
202306,"unavailable","SHA","AKL","P","A","US","unavailable","unavailable","25 - 34 years","F","","N","unavailable","unavailable",3
202306,"unavailable","SCL","AKL","P","A","CA","unavailable","unavailable","25 - 34 years","M","","N","unavailable","unavailable",3
202306,"unavailable","HKG","AKL","P","A","LA","unavailable","unavailable","12 - 18 years","M","","N","unavailable","unavailable",3
202306,"unavailable","SIN","AKL","P","A","PL","unavailable","unavailable","25 - 34 years","M","","N","unavailable","unavailable",3
202306,"unavailable","BNE","CHC","P","A","AU","unavailable","unavailable","45 - 54 years","M","","N","unavailable","unavailable",3
202306,"unavailable","MEL","WLG","P","A","ZA","unavailable","unavailable","45 - 54 years","M","","N","unavailable","unavailable",3
202306,"unavailable","MEL","ZQN","P","A","IN","unavailable","unavailable","25 - 34 years","M","","N","unavailable","unavailable",3
202306,"unavailable","DXB","AKL","P","A","DE","unavailable","unavailable","01 - 11 years","F","","N","unavailable","unavailable",3
202306,"unavailable","KUL","AKL","P","A","LK","unavailable","unavailable","12 - 18 years","M","","N","unavailable","unavailable",3
202306,"unavailable","SCL","AKL","P","A","CL","unavailable","unavailable","12 - 18 years","M","","N","unavailable","unavailable",3
202306,"unavailable","OOL","CHC","P","A","AU","unavailable","unavailable","25 - 34 years","M","","N","unavailable","unavailable",3
202306,"unavailable","APW","AKL","P","A","TK","unavailable","unavailable","55 - 64 years","F","","N","unavailable","unavailable",3
202306,"unavailable","SYD","WLG","P","A","AU","unavailable","unavailable","12 - 18 years","F","","N","unavailable","unavailable",3
202306,"unavailable","MEL","AKL","P","A","GB","unavailable","unavailable","19 - 24 years","F","","N","unavailable","unavailable",3
202306,"unavailable","RAR","AKL","P","A","CK","unavailable","unavailable","25 - 34 years","M","","N","unavailable","unavailable",3
202306,"unavailable","NAN","WLG","P","A","XX","unavailable","unavailable","01 - 11 years","F","","N","unavailable","unavailable",3
202306,"unavailable","SHA","AKL","P","A","TT","unavailable","unavailable","35 - 44 years","F","","N","unavailable","unavailable",3
202306,"unavailable","MEL","WLG","P","A","PH","unavailable","unavailable","45 - 54 years","F","","N","unavailable","unavailable",3
202306,"unavailable","SYD","WLG","P","A","US","unavailable","unavailable","19 - 24 years","M","","N","unavailable","unavailable",3
202306,"unavailable","SYD","WLG","P","A","AU","unavailable","unavailable","35 - 44 years","F","","N","unavailable","unavailable",3
202306,"unavailable","SIN","CHC","P","A","NG","unavailable","unavailable","01 - 11 years","M","","N","unavailable","unavailable",3
202306,"unavailable","BNE","AKL","P","A","AU","unavailable","unavailable","Less than 1 year","M","","N","unavailable","unavailable",3
202306,"unavailable","ADL","AKL","P","A","XX","unavailable","unavailable","01 - 11 years","F","","N","unavailable","unavailable",3
202306,"unavailable","SYD","AKL","P","A","CZ","unavailable","unavailable","19 - 24 years","M","","N","unavailable","unavailable",3
202306,"unavailable","SYD","WLG","P","A","TH","unavailable","unavailable","01 - 11 years","F","","N","unavailable","unavailable",3
202306,"unavailable","NRT","AKL","P","A","GB","unavailable","unavailable","25 - 34 years","M","","N","unavailable","unavailable",3
202306,"unavailable","NAN","AKL","P","A","WS","unavailable","unavailable","35 - 44 years","F","","N","unavailable","unavailable",3
202306,"unavailable","SIN","CHC","P","A","PH","unavailable","unavailable","12 - 18 years","F","","N","unavailable","unavailable",3
202306,"unavailable","SYD","ZQN","P","A","FR","unavailable","unavailable","25 - 34 years","F","","N","unavailable","unavailable",3
202306,"unavailable","SYD","AKL","P","A","AE","unavailable","unavailable","01 - 11 years","M","","N","unavailable","unavailable",3
202306,"unavailable","MEL","AKL","P","A","ID","unavailable","unavailable","25 - 34 years","F","","N","unavailable","unavailable",3
202306,"unavailable","CAN","AKL","P","A","FR","unavailable","unavailable","25 - 34 years","M","","N","unavailable","unavailable",3
202306,"unavailable","HKG","AKL","P","A","GB","unavailable","unavailable","19 - 24 years","F","","N","unavailable","unavailable",3
202306,"unavailable","SHA","AKL","P","A","WS","unavailable","unavailable","45 - 54 years","F","","N","unavailable","unavailable",3
202306,"unavailable","MEL","CHC","P","A","AU","unavailable","unavailable","55 - 64 years","M","","N","unavailable","unavailable",3
202306,"unavailable","YVR","AKL","P","A","MX","unavailable","unavailable","01 - 11 years","F","","N","unavailable","unavailable",3
202306,"unavailable","SFO","AKL","P","A","XX","unavailable","unavailable","25 - 34 years","M","","N","unavailable","unavailable",3
202306,"unavailable","HKG","AKL","P","A","IN","unavailable","unavailable","12 - 18 years","F","","N","unavailable","unavailable",3
202306,"unavailable","SCL","AKL","P","A","XX","unavailable","unavailable","01 - 11 years","M","","N","unavailable","unavailable",3
202306,"unavailable","DXB","AKL","P","A","AW","unavailable","unavailable","35 - 44 years","F","","N","unavailable","unavailable",3
202306,"unavailable","SYD","WLG","P","A","VN","unavailable","unavailable","35 - 44 years","F","","N","unavailable","unavailable",3
202306,"unavailable","SCL","AKL","P","A","UY","unavailable","unavailable","12 - 18 years","F","","N","unavailable","unavailable",3
202306,"unavailable","HKG","AKL","P","A","PH","unavailable","unavailable","Less than 1 year","M","","N","unavailable","unavailable",3
202306,"unavailable","DXB","AKL","P","A","ET","unavailable","unavailable","25 - 34 years","M","","N","unavailable","unavailable",3
202306,"unavailable","SYD","AKL","P","A","TW","unavailable","unavailable","25 - 34 years","F","","N","unavailable","unavailable",3
202306,"unavailable","SYD","WLG","P","A","VN","unavailable","unavailable","01 - 11 years","F","","N","unavailable","unavailable",3
202306,"unavailable","OOL","AKL","P","A","AU","unavailable","unavailable","55 - 64 years","M","","N","unavailable","unavailable",3
202306,"unavailable","CAN","AKL","P","A","NP","unavailable","unavailable","35 - 44 years","M","","N","unavailable","unavailable",3
202306,"unavailable","MEL","AKL","P","A","XX","unavailable","unavailable","25 - 34 years","F","","N","unavailable","unavailable",3
202306,"unavailable","DXB","AKL","P","A","EE","unavailable","unavailable","45 - 54 years","M","","N","unavailable","unavailable",3
202306,"unavailable","SYD","CHC","P","A","MV","unavailable","unavailable","19 - 24 years","M","","N","unavailable","unavailable",3
202306,"unavailable","CAN","AKL","P","A","CZ","unavailable","unavailable","25 - 34 years","F","","N","unavailable","unavailable",3
202306,"unavailable","DXB","AKL","P","A","IR","unavailable","unavailable","45 - 54 years","M","","N","unavailable","unavailable",3
202306,"unavailable","SIN","AKL","P","A","SN","unavailable","unavailable","35 - 44 years","M","","N","unavailable","unavailable",3
202306,"unavailable","JFK","AKL","P","A","US","unavailable","unavailable","25 - 34 years","F","","N","unavailable","unavailable",3
202306,"unavailable","SYD","CHC","P","A","VN","unavailable","unavailable","12 - 18 years","F","","N","unavailable","unavailable",3
202306,"unavailable","KUL","AKL","P","A","NG","unavailable","unavailable","12 - 18 years","F","","N","unavailable","unavailable",3
202306,"unavailable","SIN","AKL","P","A","KH","unavailable","unavailable","01 - 11 years","F","","N","unavailable","unavailable",3
202306,"unavailable","MEL","AKL","P","A","AU","unavailable","unavailable","19 - 24 years","F","","N","unavailable","unavailable",3
202306,"unavailable","BNE","AKL","P","A","AU","unavailable","unavailable","75+","F","","N","unavailable","unavailable",3
202306,"unavailable","SCL","AKL","P","A","CO","unavailable","unavailable","01 - 11 years","M","","N","unavailable","unavailable",3
202306,"unavailable","SYD","AKL","P","A","MX","unavailable","unavailable","25 - 34 years","F","","N","unavailable","unavailable",3
202306,"unavailable","SEL","AKL","P","A","GB","unavailable","unavailable","35 - 44 years","F","","N","unavailable","unavailable",3
202306,"unavailable","SYD","ZQN","P","A","IN","unavailable","unavailable","19 - 24 years","M","","N","unavailable","unavailable",3
202306,"unavailable","SYD","AKL","P","A","MY","unavailable","unavailable","45 - 54 years","M","","N","unavailable","unavailable",3
202306,"unavailable","SYD","WLG","P","A","XX","unavailable","unavailable","25 - 34 years","M","","N","unavailable","unavailable",3
202306,"unavailable","SIN","AKL","P","A","MM","unavailable","unavailable","01 - 11 years","M","","N","unavailable","unavailable",3
202306,"unavailable","HKG","AKL","P","A","GB","unavailable","unavailable","25 - 34 years","F","","N","unavailable","unavailable",3
202306,"unavailable","YVR","AKL","P","A","CZ","unavailable","unavailable","25 - 34 years","F","","N","unavailable","unavailable",3
202306,"unavailable","ORD","AKL","P","A","DE","unavailable","unavailable","19 - 24 years","F","","N","unavailable","unavailable",3
202306,"unavailable","SHA","AKL","P","A","CL","unavailable","unavailable","35 - 44 years","M","","N","unavailable","unavailable",3
202306,"unavailable","SHA","AKL","P","A","LY","unavailable","unavailable","45 - 54 years","M","","N","unavailable","unavailable",3
202306,"unavailable","SIN","AKL","P","A","GB","unavailable","unavailable","55 - 64 years","M","","N","unavailable","unavailable",3
202306,"unavailable","HKG","AKL","P","A","VN","unavailable","unavailable","45 - 54 years","F","","N","unavailable","unavailable",3
202306,"unavailable","SYD","AKL","P","A","XX","unavailable","unavailable","12 - 18 years","F","","N","unavailable","unavailable",3
202306,"unavailable","MEL","AKL","P","A","CY","unavailable","unavailable","25 - 34 years","F","","N","unavailable","unavailable",3
202306,"unavailable","SYD","WLG","P","A","GB","unavailable","unavailable","45 - 54 years","F","","N","unavailable","unavailable",3
202306,"unavailable","SIN","CHC","P","A","XX","unavailable","unavailable","35 - 44 years","M","","N","unavailable","unavailable",3
202306,"unavailable","SYD","WLG","P","A","ZA","unavailable","unavailable","01 - 11 years","F","","N","unavailable","unavailable",3
202306,"unavailable","SYD","AKL","P","A","KW","unavailable","unavailable","35 - 44 years","M","","N","unavailable","unavailable",3
202306,"unavailable","HKG","AKL","P","A","GB","unavailable","unavailable","55 - 64 years","F","","N","unavailable","unavailable",3
202306,"unavailable","OOL","AKL","P","A","CL","unavailable","unavailable","25 - 34 years","M","","N","unavailable","unavailable",3
202306,"unavailable","KUL","AKL","P","A","PL","unavailable","unavailable","19 - 24 years","M","","N","unavailable","unavailable",3
202306,"unavailable","SYD","AKL","P","A","GB","unavailable","unavailable","45 - 54 years","F","","N","unavailable","unavailable",3
202306,"unavailable","PPT","AKL","P","A","GB","unavailable","unavailable","25 - 34 years","M","","N","unavailable","unavailable",3
202306,"unavailable","SYD","AKL","P","A","TH","unavailable","unavailable","19 - 24 years","F","","N","unavailable","unavailable",3
202306,"unavailable","SIN","AKL","P","A","AE","unavailable","unavailable","45 - 54 years","M","","N","unavailable","unavailable",3
202306,"unavailable","JFK","AKL","P","A","US","unavailable","unavailable","19 - 24 years","M","","N","unavailable","unavailable",3
202306,"unavailable","DXB","AKL","P","A","ZW","unavailable","unavailable","12 - 18 years","F","","N","unavailable","unavailable",3
202306,"unavailable","DXB","AKL","P","A","CY","unavailable","unavailable","25 - 34 years","M","","N","unavailable","unavailable",3
202306,"unavailable","SIN","CHC","P","A","LK","unavailable","unavailable","35 - 44 years","F","","N","unavailable","unavailable",3
202306,"unavailable","HKG","AKL","P","A","GB","unavailable","unavailable","01 - 11 years","M","","N","unavailable","unavailable",3
202306,"unavailable","SIN","CHC","P","A","NP","unavailable","unavailable","01 - 11 years","M","","N","unavailable","unavailable",3
202306,"unavailable","MEL","WLG","P","A","VN","unavailable","unavailable","25 - 34 years","F","","N","unavailable","unavailable",3
202306,"unavailable","DXB","AKL","P","A","RU","unavailable","unavailable","01 - 11 years","F","","N","unavailable","unavailable",3
202306,"unavailable","SIN","CHC","P","A","SG","unavailable","unavailable","19 - 24 years","M","","N","unavailable","unavailable",3
202306,"unavailable","NRT","AKL","P","A","JP","unavailable","unavailable","45 - 54 years","M","","N","unavailable","unavailable",3
202306,"unavailable","ADL","AKL","P","A","XX","unavailable","unavailable","25 - 34 years","F","","N","unavailable","unavailable",3
202306,"unavailable","NAN","AKL","P","A","MX","unavailable","unavailable","25 - 34 years","F","","N","unavailable","unavailable",3
202306,"unavailable","MEL","CHC","P","A","GB","unavailable","unavailable","25 - 34 years","M","","N","unavailable","unavailable",3
202306,"unavailable","KUL","AKL","P","A","GB","unavailable","unavailable","12 - 18 years","F","","N","unavailable","unavailable",3
202306,"unavailable","MEL","WLG","P","A","CA","unavailable","unavailable","25 - 34 years","M","","N","unavailable","unavailable",3
202306,"unavailable","MEL","AKL","P","A","AU","unavailable","unavailable","55 - 64 years","F","","N","unavailable","unavailable",3
202306,"unavailable","MEL","WLG","P","A","TH","unavailable","unavailable","35 - 44 years","F","","N","unavailable","unavailable",3
202306,"unavailable","DXB","AKL","P","A",NA,"unavailable","unavailable","35 - 44 years","M","","N","unavailable","unavailable",3
202306,"unavailable","SIN","AKL","P","A","DE","unavailable","unavailable","12 - 18 years","M","","N","unavailable","unavailable",3
202306,"unavailable","DXB","AKL","P","A","LY","unavailable","unavailable","12 - 18 years","F","","N","unavailable","unavailable",3
202306,"unavailable","SYD","WLG","P","A","ID","unavailable","unavailable","19 - 24 years","M","","N","unavailable","unavailable",3
202306,"unavailable","PPT","AKL","P","A","IE","unavailable","unavailable","19 - 24 years","F","","N","unavailable","unavailable",3
202306,"unavailable","SFO","AKL","P","A","SE","unavailable","unavailable","25 - 34 years","F","","N","unavailable","unavailable",3
202306,"unavailable","SYD","ZQN","P","A","CL","unavailable","unavailable","25 - 34 years","M","","N","unavailable","unavailable",3
202306,"unavailable","SYD","ZQN","P","A","IN","unavailable","unavailable","25 - 34 years","M","","N","unavailable","unavailable",3
202306,"unavailable","MEL","ZQN","P","A","DE","unavailable","unavailable","19 - 24 years","F","","N","unavailable","unavailable",3
202306,"unavailable","NRT","AKL","P","A","GB","unavailable","unavailable","35 - 44 years","M","","N","unavailable","unavailable",3
202306,"unavailable","SYD","AKL","P","A","DK","unavailable","unavailable","19 - 24 years","M","","N","unavailable","unavailable",3
202306,"unavailable","DXB","AKL","P","A","ZA","unavailable","unavailable","65 - 74 years","F","","N","unavailable","unavailable",3
202306,"unavailable","SIN","AKL","P","A","MM","unavailable","unavailable","Less than 1 year","F","","N","unavailable","unavailable",3
202306,"unavailable","MEL","AKL","P","A","ZA","unavailable","unavailable","25 - 34 years","F","","N","unavailable","unavailable",3
202306,"unavailable","DXB","AKL","P","A","ET","unavailable","unavailable","35 - 44 years","F","","N","unavailable","unavailable",3
202306,"unavailable","KUL","AKL","P","A","BH","unavailable","unavailable","01 - 11 years","M","","N","unavailable","unavailable",3
202306,"unavailable","NAN","CHC","P","A","FJ","unavailable","unavailable","19 - 24 years","F","","N","unavailable","unavailable",3
202306,"unavailable","SHA","AKL","P","A","AU","unavailable","unavailable","65 - 74 years","M","","N","unavailable","unavailable",3
202306,"unavailable","DXB","AKL","P","A","KE","unavailable","unavailable","35 - 44 years","F","","N","unavailable","unavailable",3
202306,"unavailable","KUL","AKL","P","A","VN","unavailable","unavailable","01 - 11 years","F","","N","unavailable","unavailable",3
202306,"unavailable","SEL","AKL","P","A","CL","unavailable","unavailable","25 - 34 years","F","","N","unavailable","unavailable",3
202306,"unavailable","MEL","AKL","P","A","XX","unavailable","unavailable","35 - 44 years","M","","N","unavailable","unavailable",3
202306,"unavailable","HKG","AKL","P","A","LC","unavailable","unavailable","19 - 24 years","F","","N","unavailable","unavailable",3
202306,"unavailable","APW","AKL","P","A","BZ","unavailable","unavailable","01 - 11 years","M","","N","unavailable","unavailable",3
202306,"unavailable","SYD","AKL","P","A","CN","unavailable","unavailable","25 - 34 years","F","","N","unavailable","unavailable",3
202306,"unavailable","SIN","CHC","P","A","LK","unavailable","unavailable","01 - 11 years","M","","N","unavailable","unavailable",3
202306,"unavailable","ADL","AKL","P","A","MK","unavailable","unavailable","35 - 44 years","M","","N","unavailable","unavailable",3
202306,"unavailable","DXB","AKL","P","A","FJ","unavailable","unavailable","19 - 24 years","M","","N","unavailable","unavailable",3
202306,"unavailable","CAN","AKL","P","A","DE","unavailable","unavailable","25 - 34 years","F","","N","unavailable","unavailable",3
202306,"unavailable","NAN","AKL","P","A","ML","unavailable","unavailable","25 - 34 years","F","","N","unavailable","unavailable",3
202306,"unavailable","PEK","AKL","P","A","CN","unavailable","unavailable","65 - 74 years","M","","N","unavailable","unavailable",3
202306,"unavailable","SCL","AKL","P","A","CL","unavailable","unavailable","45 - 54 years","F","","N","unavailable","unavailable",3
202306,"unavailable","ADL","AKL","P","A","AE","unavailable","unavailable","25 - 34 years","F","","N","unavailable","unavailable",3
202306,"unavailable","SYD","AKL","P","A","ZA","unavailable","unavailable","45 - 54 years","F","","N","unavailable","unavailable",3
202306,"unavailable","KUL","AKL","P","A","CA","unavailable","unavailable","25 - 34 years","F","","N","unavailable","unavailable",3
202306,"unavailable","IAH","AKL","P","A","CZ","unavailable","unavailable","35 - 44 years","M","","N","unavailable","unavailable",3
202306,"unavailable","DXB","AKL","P","A","CZ","unavailable","unavailable","35 - 44 years","F","","N","unavailable","unavailable",3
202306,"unavailable","SYD","AKL","P","A","KR","unavailable","unavailable","25 - 34 years","F","","N","unavailable","unavailable",3
202306,"unavailable","BNE","AKL","P","A","FJ","unavailable","unavailable","12 - 18 years","M","","N","unavailable","unavailable",3
202306,"unavailable","MEL","AKL","P","A","QA","unavailable","unavailable","12 - 18 years","F","","N","unavailable","unavailable",3
202306,"unavailable","BNE","WLG","P","A","AU","unavailable","unavailable","25 - 34 years","F","","N","unavailable","unavailable",3
202306,"unavailable","NAN","AKL","P","A","CA","unavailable","unavailable","19 - 24 years","F","","N","unavailable","unavailable",3
202306,"unavailable","MEL","AKL","P","A","TH","unavailable","unavailable","25 - 34 years","F","","N","unavailable","unavailable",3
202306,"unavailable","SHA","AKL","P","A","FJ","unavailable","unavailable","12 - 18 years","F","","N","unavailable","unavailable",3
202306,"unavailable","NAN","WLG","P","A","KI","unavailable","unavailable","35 - 44 years","F","","N","unavailable","unavailable",3
202306,"unavailable","BNE","AKL","P","A","CA","unavailable","unavailable","45 - 54 years","F","","N","unavailable","unavailable",3
202306,"unavailable","DXB","AKL","P","A","ZW","unavailable","unavailable","35 - 44 years","M","","N","unavailable","unavailable",3
202306,"unavailable","SIN","CHC","P","A","PH","unavailable","unavailable","25 - 34 years","F","","N","unavailable","unavailable",3
202306,"unavailable","ADL","AKL","P","A","FR","unavailable","unavailable","25 - 34 years","M","","N","unavailable","unavailable",3
202306,"unavailable","SYD","AKL","P","A","JP","unavailable","unavailable","35 - 44 years","M","","N","unavailable","unavailable",3
202306,"unavailable","SYD","AKL","P","A","NO","unavailable","unavailable","25 - 34 years","F","","N","unavailable","unavailable",3
202306,"unavailable","SYD","CHC","P","A","JO","unavailable","unavailable","45 - 54 years","F","","N","unavailable","unavailable",3
202306,"unavailable","DXB","AKL","P","A","CN","unavailable","unavailable","35 - 44 years","F","","N","unavailable","unavailable",3
202306,"unavailable","SYD","CHC","P","A","TH","unavailable","unavailable","25 - 34 years","F","","N","unavailable","unavailable",3
202306,"unavailable","BNE","CHC","P","A","AU","unavailable","unavailable","55 - 64 years","F","","N","unavailable","unavailable",3
202306,"unavailable","PER","AKL","P","A","AU","unavailable","unavailable","12 - 18 years","M","","N","unavailable","unavailable",3
202306,"unavailable","HKG","AKL","P","A","KH","unavailable","unavailable","25 - 34 years","M","","N","unavailable","unavailable",3
202306,"unavailable","SIN","CHC","P","A","GB","unavailable","unavailable","19 - 24 years","M","","N","unavailable","unavailable",3
202306,"unavailable","SZX","AKL","P","A","CN","unavailable","unavailable","55 - 64 years","F","","N","unavailable","unavailable",3
202306,"unavailable","HKG","AKL","P","A","US","unavailable","unavailable","25 - 34 years","F","","N","unavailable","unavailable",3
202306,"unavailable","SYD","CHC","P","A","SA","unavailable","unavailable","45 - 54 years","M","","N","unavailable","unavailable",3
202306,"unavailable","SYD","AKL","P","A","TH","unavailable","unavailable","45 - 54 years","M","","N","unavailable","unavailable",3
202306,"unavailable","SYD","WLG","P","A","IN","unavailable","unavailable","35 - 44 years","F","","N","unavailable","unavailable",3
202306,"unavailable","RAR","AKL","P","A","CK","unavailable","unavailable","35 - 44 years","F","","N","unavailable","unavailable",3
202306,"unavailable","SYD","WLG","P","A","IN","unavailable","unavailable","01 - 11 years","M","","N","unavailable","unavailable",3
202306,"unavailable","ADL","AKL","P","A","XX","unavailable","unavailable","25 - 34 years","M","","N","unavailable","unavailable",3
202306,"unavailable","CNS","AKL","P","A","AU","unavailable","unavailable","75+","F","","N","unavailable","unavailable",3
202306,"unavailable","MEL","AKL","P","A","TH","unavailable","unavailable","45 - 54 years","F","","N","unavailable","unavailable",3
202306,"unavailable","SYD","CHC","P","A","CH","unavailable","unavailable","19 - 24 years","M","","N","unavailable","unavailable",3
202306,"unavailable","SYD","AKL","P","A","CZ","unavailable","unavailable","25 - 34 years","M","","N","unavailable","unavailable",3
202306,"unavailable","SIN","CHC","P","A","PH","unavailable","unavailable","45 - 54 years","M","","N","unavailable","unavailable",3
202306,"unavailable","ADL","AKL","P","A","TR","unavailable","unavailable","35 - 44 years","M","","N","unavailable","unavailable",3
202306,"unavailable","OOL","CHC","P","A","AU","unavailable","unavailable","12 - 18 years","F","","N","unavailable","unavailable",3
202306,"unavailable","SIN","CHC","P","A","KW","unavailable","unavailable","01 - 11 years","F","","N","unavailable","unavailable",3
202306,"unavailable","TPE","AKL","P","A","TW","unavailable","unavailable","65 - 74 years","F","","N","unavailable","unavailable",3
202306,"unavailable","MEL","WLG","P","A","PH","unavailable","unavailable","12 - 18 years","F","","N","unavailable","unavailable",3
202306,"unavailable","SYD","CHC","P","A","US","unavailable","unavailable","35 - 44 years","F","","N","unavailable","unavailable",3
202306,"unavailable","LAX","AKL","P","A","US","unavailable","unavailable","25 - 34 years","F","","N","unavailable","unavailable",3
202306,"unavailable","KUL","AKL","P","A","OM","unavailable","unavailable","01 - 11 years","F","","N","unavailable","unavailable",3
202306,"unavailable","APW","AKL","P","A","WS","unavailable","unavailable","55 - 64 years","F","","N","unavailable","unavailable",3
202306,"unavailable","TPE","AKL","P","A","PH","unavailable","unavailable","19 - 24 years","M","","N","unavailable","unavailable",3
202306,"unavailable","CAN","AKL","P","A","XX","unavailable","unavailable","25 - 34 years","M","","N","unavailable","unavailable",3
202306,"unavailable","SIN","AKL","P","A","XX","unavailable","unavailable","19 - 24 years","M","","N","unavailable","unavailable",3
202306,"unavailable","DXB","AKL","P","A","BH","unavailable","unavailable","35 - 44 years","M","","N","unavailable","unavailable",3
202306,"unavailable","KUL","AKL","P","A","FR","unavailable","unavailable","25 - 34 years","M","","N","unavailable","unavailable",3
202306,"unavailable","SYD","WLG","P","A","GB","unavailable","unavailable","19 - 24 years","F","","N","unavailable","unavailable",3
202306,"unavailable","BNE","ZQN","P","A","AU","unavailable","unavailable","55 - 64 years","F","","N","unavailable","unavailable",3
202306,"unavailable","PER","AKL","P","A","AU","unavailable","unavailable","45 - 54 years","F","","N","unavailable","unavailable",3
202306,"unavailable","SIN","AKL","P","A","AE","unavailable","unavailable","19 - 24 years","M","","N","unavailable","unavailable",3
202306,"unavailable","JFK","AKL","P","A","US","unavailable","unavailable","19 - 24 years","F","","N","unavailable","unavailable",3
202306,"unavailable","SIN","AKL","P","A","PL","unavailable","unavailable","01 - 11 years","F","","N","unavailable","unavailable",3
202306,"unavailable","CAN","AKL","P","A","XX","unavailable","unavailable","25 - 34 years","F","","N","unavailable","unavailable",3
202306,"unavailable","CAN","AKL","P","A","NP","unavailable","unavailable","35 - 44 years","F","","N","unavailable","unavailable",3
202306,"unavailable","SIN","AKL","P","A","CK","unavailable","unavailable","55 - 64 years","F","","N","unavailable","unavailable",3
202306,"unavailable","NAN","AKL","P","A","WS","unavailable","unavailable","01 - 11 years","M","","N","unavailable","unavailable",3
202306,"unavailable","SYD","AKL","P","A","SG","unavailable","unavailable","25 - 34 years","M","","N","unavailable","unavailable",3
202306,"unavailable","NAN","WLG","P","A","XX","unavailable","unavailable","12 - 18 years","M","","N","unavailable","unavailable",3
202306,"unavailable","NRT","AKL","P","A","CZ","unavailable","unavailable","35 - 44 years","M","","N","unavailable","unavailable",3
202306,"unavailable","SEL","AKL","P","A","CA","unavailable","unavailable","25 - 34 years","M","","N","unavailable","unavailable",3
202306,"unavailable","DXB","AKL","P","A","NL","unavailable","unavailable","35 - 44 years","M","","N","unavailable","unavailable",3
202306,"unavailable","KUL","AKL","P","A","XX","unavailable","unavailable","19 - 24 years","M","","N","unavailable","unavailable",3
202306,"unavailable","SYD","AKL","P","A","ID","unavailable","unavailable","12 - 18 years","M","","N","unavailable","unavailable",3
202306,"unavailable","ADL","AKL","P","A","DE","unavailable","unavailable","25 - 34 years","F","","N","unavailable","unavailable",3
202306,"unavailable","HKG","AKL","P","A","HK","unavailable","unavailable","45 - 54 years","M","","N","unavailable","unavailable",3
202306,"unavailable","SIN","AKL","P","A","BD","unavailable","unavailable","35 - 44 years","M","","N","unavailable","unavailable",3
202306,"unavailable","MEL","ZQN","P","A","GB","unavailable","unavailable","19 - 24 years","M","","N","unavailable","unavailable",3
202306,"unavailable","SYD","WLG","P","A","SB","unavailable","unavailable","01 - 11 years","F","","N","unavailable","unavailable",3
202306,"unavailable","SIN","AKL","P","A","VN","unavailable","unavailable","19 - 24 years","F","","N","unavailable","unavailable",3
202306,"unavailable","SYD","ZQN","P","A","AU","unavailable","unavailable","12 - 18 years","M","","N","unavailable","unavailable",3
202306,"unavailable","SIN","AKL","P","A","GB","unavailable","unavailable","55 - 64 years","F","","N","unavailable","unavailable",3
202306,"unavailable","MEL","AKL","P","A","GB","unavailable","unavailable","35 - 44 years","M","","N","unavailable","unavailable",3
202306,"unavailable","HKG","AKL","P","A","IN","unavailable","unavailable","65 - 74 years","M","","N","unavailable","unavailable",3
202306,"unavailable","CAN","AKL","P","A","NO","unavailable","unavailable","25 - 34 years","M","","N","unavailable","unavailable",3
202306,"unavailable","SYD","AKL","P","A","AU","unavailable","unavailable","01 - 11 years","M","","N","unavailable","unavailable",3
202306,"unavailable","BNE","WLG","P","A","SG","unavailable","unavailable","01 - 11 years","F","","N","unavailable","unavailable",3
202306,"unavailable","DXB","AKL","P","A","CZ","unavailable","unavailable","25 - 34 years","M","","N","unavailable","unavailable",3
202306,"unavailable","DXB","AKL","P","A","RS","unavailable","unavailable","01 - 11 years","F","","N","unavailable","unavailable",3
202306,"unavailable","SYD","CHC","P","A","LV","unavailable","unavailable","19 - 24 years","M","","N","unavailable","unavailable",3
202306,"unavailable","NAN","WLG","P","A","FJ","unavailable","unavailable","12 - 18 years","F","","N","unavailable","unavailable",3
202306,"unavailable","SIN","AKL","P","A","RS","unavailable","unavailable","01 - 11 years","M","","N","unavailable","unavailable",3
202306,"unavailable","MEL","AKL","P","A","PK","unavailable","unavailable","35 - 44 years","F","","N","unavailable","unavailable",3
202306,"unavailable","SYD","AKL","P","A","AE","unavailable","unavailable","25 - 34 years","M","","N","unavailable","unavailable",3
202306,"unavailable","MEL","ZQN","P","A","AU","unavailable","unavailable","19 - 24 years","F","","N","unavailable","unavailable",3
202306,"unavailable","KUL","AKL","P","A","VN","unavailable","unavailable","35 - 44 years","M","","N","unavailable","unavailable",3
202306,"unavailable","MEL","AKL","P","A","ID","unavailable","unavailable","35 - 44 years","F","","N","unavailable","unavailable",3
202306,"unavailable","BNE","AKL","P","A","PE","unavailable","unavailable","35 - 44 years","F","","N","unavailable","unavailable",3
202306,"unavailable","SIN","CHC","P","A","XX","unavailable","unavailable","25 - 34 years","M","","N","unavailable","unavailable",3
202306,"unavailable","BNE","WLG","P","A","AU","unavailable","unavailable","55 - 64 years","M","","N","unavailable","unavailable",3
202306,"unavailable","LAX","AKL","P","A","MX","unavailable","unavailable","25 - 34 years","F","","N","unavailable","unavailable",3
202306,"unavailable","SHA","AKL","P","A","CU","unavailable","unavailable","19 - 24 years","M","","N","unavailable","unavailable",3
202306,"unavailable","DXB","AKL","P","A","PK","unavailable","unavailable","35 - 44 years","M","","N","unavailable","unavailable",3
202306,"unavailable","DXB","AKL","P","A","JM","unavailable","unavailable","12 - 18 years","M","","N","unavailable","unavailable",3
202306,"unavailable","BNE","WLG","P","A","AU","unavailable","unavailable","12 - 18 years","F","","N","unavailable","unavailable",3
202306,"unavailable","SYD","CHC","P","A","AU","unavailable","unavailable","45 - 54 years","M","","N","unavailable","unavailable",3
202306,"unavailable","KUL","AKL","P","A","MY","unavailable","unavailable","19 - 24 years","F","","N","unavailable","unavailable",3
202306,"unavailable","MEL","CHC","P","A","PH","unavailable","unavailable","01 - 11 years","F","","N","unavailable","unavailable",3
202306,"unavailable","SCL","AKL","P","A","CO","unavailable","unavailable","25 - 34 years","F","","N","unavailable","unavailable",3
202306,"unavailable","ADL","AKL","P","A","CD","unavailable","unavailable","19 - 24 years","M","","N","unavailable","unavailable",3
202306,"unavailable","SYD","CHC","P","A","CN","unavailable","unavailable","35 - 44 years","F","","N","unavailable","unavailable",3
202306,"unavailable","SYD","ZQN","P","A","FR","unavailable","unavailable","19 - 24 years","M","","N","unavailable","unavailable",3
202306,"unavailable","SHA","AKL","P","A","CN","unavailable","unavailable","Less than 1 year","F","","N","unavailable","unavailable",3
202306,"unavailable","HKG","AKL","P","A","XX","unavailable","unavailable","55 - 64 years","F","","N","unavailable","unavailable",3
202306,"unavailable","SIN","CHC","P","A","PH","unavailable","unavailable","25 - 34 years","M","","N","unavailable","unavailable",3
202306,"unavailable","SCL","AKL","P","A","CO","unavailable","unavailable","19 - 24 years","M","","N","unavailable","unavailable",3
202306,"unavailable","SYD","AKL","P","A","CN","unavailable","unavailable","35 - 44 years","M","","N","unavailable","unavailable",3
202306,"unavailable","ADL","AKL","P","A","XX","unavailable","unavailable","19 - 24 years","F","","N","unavailable","unavailable",3
202306,"unavailable","LAX","AKL","P","A","CO","unavailable","unavailable","25 - 34 years","M","","N","unavailable","unavailable",3
202306,"unavailable","KUL","AKL","P","A","PH","unavailable","unavailable","01 - 11 years","F","","N","unavailable","unavailable",3
202306,"unavailable","DXB","AKL","P","A","IN","unavailable","unavailable","55 - 64 years","F","","N","unavailable","unavailable",3
202306,"unavailable","SHA","AKL","P","A","QA","unavailable","unavailable","35 - 44 years","M","","N","unavailable","unavailable",3
202306,"unavailable","MEL","AKL","P","A","TH","unavailable","unavailable","55 - 64 years","F","","N","unavailable","unavailable",3
202306,"unavailable","SIN","AKL","P","A","CH","unavailable","unavailable","35 - 44 years","M","","N","unavailable","unavailable",3
202306,"unavailable","DXB","AKL","P","A","PT","unavailable","unavailable","01 - 11 years","F","","N","unavailable","unavailable",3
202306,"unavailable","PEK","AKL","P","A","SA","unavailable","unavailable","45 - 54 years","M","","N","unavailable","unavailable",3
202306,"unavailable","MEL","WLG","P","A","IN","unavailable","unavailable","19 - 24 years","F","","N","unavailable","unavailable",3
202306,"unavailable","DPS","AKL","P","A","GB","unavailable","unavailable","35 - 44 years","F","","N","unavailable","unavailable",3
202306,"unavailable","SYD","CHC","P","A","IN","unavailable","unavailable","19 - 24 years","M","","N","unavailable","unavailable",3
202306,"unavailable","HKG","AKL","P","A","XX","unavailable","unavailable","19 - 24 years","F","","N","unavailable","unavailable",3
202306,"unavailable","DXB","AKL","P","A","GB","unavailable","unavailable","45 - 54 years","F","","N","unavailable","unavailable",3
202306,"unavailable","SYD","AKL","P","A","IN","unavailable","unavailable","35 - 44 years","M","","N","unavailable","unavailable",3
202306,"unavailable","NAN","WLG","P","A","FJ","unavailable","unavailable","19 - 24 years","M","","N","unavailable","unavailable",3
202306,"unavailable","HKG","AKL","P","A","QA","unavailable","unavailable","19 - 24 years","F","","N","unavailable","unavailable",3
202306,"unavailable","MEL","CHC","P","A","AU","unavailable","unavailable","55 - 64 years","F","","N","unavailable","unavailable",3
202306,"unavailable","MEL","AKL","P","A","TH","unavailable","unavailable","25 - 34 years","M","","N","unavailable","unavailable",3
202306,"unavailable","SIN","AKL","P","A","KH","unavailable","unavailable","55 - 64 years","F","","N","unavailable","unavailable",3
202306,"unavailable","SYD","AKL","P","A","AR","unavailable","unavailable","19 - 24 years","M","","N","unavailable","unavailable",3
202306,"unavailable","SIN","AKL","P","A","AO","unavailable","unavailable","35 - 44 years","M","","N","unavailable","unavailable",3
202306,"unavailable","SIN","AKL","P","A","NP","unavailable","unavailable","19 - 24 years","F","","N","unavailable","unavailable",3
202306,"unavailable","SCL","AKL","P","A","XX","unavailable","unavailable","25 - 34 years","F","","N","unavailable","unavailable",3
202306,"unavailable","SYD","CHC","P","A","DE","unavailable","unavailable","25 - 34 years","F","","N","unavailable","unavailable",3
202306,"unavailable","SIN","AKL","P","A","CN","unavailable","unavailable","19 - 24 years","F","","N","unavailable","unavailable",3
202306,"unavailable","SCL","AKL","P","A","BR","unavailable","unavailable","45 - 54 years","M","","N","unavailable","unavailable",3
202306,"unavailable","SYD","CHC","P","A","SA","unavailable","unavailable","25 - 34 years","M","","N","unavailable","unavailable",3
202306,"unavailable","DXB","AKL","P","A","DE","unavailable","unavailable","01 - 11 years","M","","N","unavailable","unavailable",3
202306,"unavailable","DXB","AKL","P","A","GB","unavailable","unavailable","12 - 18 years","M","","N","unavailable","unavailable",3
202306,"unavailable","KUL","AKL","P","A","SG","unavailable","unavailable","45 - 54 years","M","","N","unavailable","unavailable",3
202306,"unavailable","SCL","AKL","P","A","AU","unavailable","unavailable","25 - 34 years","M","","N","unavailable","unavailable",3
202306,"unavailable","SYD","AKL","P","A","ZA","unavailable","unavailable","Less than 1 year","M","","N","unavailable","unavailable",3
202306,"unavailable","MEL","AKL","P","A","XX","unavailable","unavailable","35 - 44 years","F","","N","unavailable","unavailable",3
202306,"unavailable","SIN","AKL","P","A","IT","unavailable","unavailable","25 - 34 years","M","","N","unavailable","unavailable",3
202306,"unavailable","HKG","AKL","P","A","CN","unavailable","unavailable","55 - 64 years","M","","N","unavailable","unavailable",3
202306,"unavailable","SYD","WLG","P","A","ID","unavailable","unavailable","45 - 54 years","F","","N","unavailable","unavailable",3
202306,"unavailable","SYD","WLG","P","A","SA","unavailable","unavailable","01 - 11 years","M","","N","unavailable","unavailable",3
202306,"unavailable","ADL","AKL","P","A","DK","unavailable","unavailable","45 - 54 years","F","","N","unavailable","unavailable",3
202306,"unavailable","SYD","WLG","P","A","TH","unavailable","unavailable","19 - 24 years","F","","N","unavailable","unavailable",3
202306,"unavailable","ADL","AKL","P","A","AE","unavailable","unavailable","35 - 44 years","F","","N","unavailable","unavailable",3
202306,"unavailable","HKG","AKL","P","A","GB","unavailable","unavailable","35 - 44 years","F","","N","unavailable","unavailable",3
202306,"unavailable","APW","AKL","P","A","US","unavailable","unavailable","19 - 24 years","F","","N","unavailable","unavailable",3
202306,"unavailable","NAN","WLG","P","A","FJ","unavailable","unavailable","Less than 1 year","M","","N","unavailable","unavailable",3
202306,"unavailable","SEL","AKL","P","A","PK","unavailable","unavailable","25 - 34 years","F","","N","unavailable","unavailable",3
202306,"unavailable","SYD","WLG","P","A","SA","unavailable","unavailable","35 - 44 years","M","","N","unavailable","unavailable",3
202306,"unavailable","SYD","CHC","P","A","AU","unavailable","unavailable","19 - 24 years","F","","N","unavailable","unavailable",3
202306,"unavailable","SYD","CHC","P","A","US","unavailable","unavailable","35 - 44 years","M","","N","unavailable","unavailable",3
202306,"unavailable","SFO","AKL","P","A","FJ","unavailable","unavailable","25 - 34 years","M","","N","unavailable","unavailable",3
202306,"unavailable","SYD","AKL","P","A","MY","unavailable","unavailable","65 - 74 years","M","","N","unavailable","unavailable",3
202306,"unavailable","CAN","AKL","P","A","CA","unavailable","unavailable","25 - 34 years","M","","N","unavailable","unavailable",3
202306,"unavailable","SYD","AKL","P","A","ZA","unavailable","unavailable","01 - 11 years","F","","N","unavailable","unavailable",3
202306,"unavailable","KUL","AKL","P","A","QA","unavailable","unavailable","25 - 34 years","M","","N","unavailable","unavailable",3
202306,"unavailable","ADL","AKL","P","A","IE","unavailable","unavailable","25 - 34 years","M","","N","unavailable","unavailable",3
202306,"unavailable","SEL","AKL","P","A","VN","unavailable","unavailable","35 - 44 years","M","","N","unavailable","unavailable",3
202306,"unavailable","SFO","AKL","P","A","US","unavailable","unavailable","45 - 54 years","M","","N","unavailable","unavailable",3
202306,"unavailable","NAN","AKL","P","A","MX","unavailable","unavailable","19 - 24 years","M","","N","unavailable","unavailable",3
202306,"unavailable","DXB","AKL","P","A","GU","unavailable","unavailable","35 - 44 years","F","","N","unavailable","unavailable",3
202306,"unavailable","ADL","AKL","P","A","DE","unavailable","unavailable","12 - 18 years","F","","N","unavailable","unavailable",3
202306,"unavailable","SFO","AKL","P","A","CH","unavailable","unavailable","25 - 34 years","M","","N","unavailable","unavailable",3
202306,"unavailable","DXB","AKL","P","A","US","unavailable","unavailable","35 - 44 years","M","","N","unavailable","unavailable",3
202306,"unavailable","DPS","AKL","P","A","IE","unavailable","unavailable","25 - 34 years","M","","N","unavailable","unavailable",3
202306,"unavailable","DXB","AKL","P","A","BD","unavailable","unavailable","35 - 44 years","M","","N","unavailable","unavailable",3
202306,"unavailable","HKG","AKL","P","A","AE","unavailable","unavailable","19 - 24 years","M","","N","unavailable","unavailable",3
202306,"unavailable","SIN","CHC","P","A","DE","unavailable","unavailable","55 - 64 years","F","","N","unavailable","unavailable",3
202306,"unavailable","KUL","AKL","P","A","XX","unavailable","unavailable","35 - 44 years","F","","N","unavailable","unavailable",3
202306,"unavailable","DXB","AKL","P","A","ET","unavailable","unavailable","01 - 11 years","F","","N","unavailable","unavailable",3
202306,"unavailable","SIN","AKL","P","A","KE","unavailable","unavailable","19 - 24 years","F","","N","unavailable","unavailable",3
202306,"unavailable","KUL","AKL","P","A","GB","unavailable","unavailable","01 - 11 years","F","","N","unavailable","unavailable",3
202306,"unavailable","CAN","AKL","P","A","TH","unavailable","unavailable","45 - 54 years","F","","N","unavailable","unavailable",3
202306,"unavailable","HKG","AKL","P","A","LT","unavailable","unavailable","25 - 34 years","M","","N","unavailable","unavailable",3
202306,"unavailable","SCL","AKL","P","A","CO","unavailable","unavailable","35 - 44 years","M","","N","unavailable","unavailable",3
202306,"unavailable","NAN","AKL","P","A","XX","unavailable","unavailable","25 - 34 years","M","","N","unavailable","unavailable",3
202306,"unavailable","HKG","AKL","P","A","LK","unavailable","unavailable","45 - 54 years","F","","N","unavailable","unavailable",3
202306,"unavailable","SYD","WLG","P","A","ZA","unavailable","unavailable","25 - 34 years","M","","N","unavailable","unavailable",3
202306,"unavailable","ADL","AKL","P","A","EE","unavailable","unavailable","12 - 18 years","M","","N","unavailable","unavailable",3
202306,"unavailable","SIN","CHC","P","A","DE","unavailable","unavailable","25 - 34 years","F","","N","unavailable","unavailable",3
202306,"unavailable","NRT","AKL","P","A","GB","unavailable","unavailable","25 - 34 years","F","","N","unavailable","unavailable",3
202306,"unavailable","SYD","AKL","P","A","GB","unavailable","unavailable","45 - 54 years","M","","N","unavailable","unavailable",3
202306,"unavailable","SIN","AKL","P","A","IN","unavailable","unavailable","55 - 64 years","M","","N","unavailable","unavailable",3
202306,"unavailable","CAN","AKL","P","A","NP","unavailable","unavailable","01 - 11 years","F","","N","unavailable","unavailable",3
202306,"unavailable","YVR","AKL","P","A","FJ","unavailable","unavailable","35 - 44 years","M","","N","unavailable","unavailable",3
202306,"unavailable","NAN","AKL","P","A","WS","unavailable","unavailable","25 - 34 years","F","","N","unavailable","unavailable",3
202306,"unavailable","KUL","AKL","P","A","KR","unavailable","unavailable","01 - 11 years","M","","N","unavailable","unavailable",3
202306,"unavailable","DXB","AKL","P","A","MT","unavailable","unavailable","25 - 34 years","M","","N","unavailable","unavailable",3
202306,"unavailable","SEL","AKL","P","A","MY","unavailable","unavailable","25 - 34 years","F","","N","unavailable","unavailable",3
202306,"unavailable","ADL","AKL","P","A","AU","unavailable","unavailable","35 - 44 years","M","","N","unavailable","unavailable",3
202306,"unavailable","MEL","AKL","P","A","XX","unavailable","unavailable","55 - 64 years","F","","N","unavailable","unavailable",3
202306,"unavailable","SIN","CHC","P","A","SA","unavailable","unavailable","25 - 34 years","F","","N","unavailable","unavailable",3
202306,"unavailable","SYD","WLG","P","A","XX","unavailable","unavailable","01 - 11 years","F","","N","unavailable","unavailable",3
202306,"unavailable","DXB","AKL","P","A","US","unavailable","unavailable","25 - 34 years","M","","N","unavailable","unavailable",3
202306,"unavailable","SYD","AKL","P","A","XX","unavailable","unavailable","45 - 54 years","M","","N","unavailable","unavailable",3
202306,"unavailable","SYD","CHC","P","A","US","unavailable","unavailable","45 - 54 years","F","","N","unavailable","unavailable",3
202306,"unavailable","SIN","AKL","P","A","DE","unavailable","unavailable","25 - 34 years","F","","N","unavailable","unavailable",3
202306,"unavailable","KUL","AKL","P","A","KH","unavailable","unavailable","25 - 34 years","F","","N","unavailable","unavailable",3
202306,"unavailable","SCL","AKL","P","A","PE","unavailable","unavailable","25 - 34 years","M","","N","unavailable","unavailable",3
202306,"unavailable","NAN","AKL","P","A","WS","unavailable","unavailable","12 - 18 years","F","","N","unavailable","unavailable",3
202306,"unavailable","KUL","AKL","P","A","XX","unavailable","unavailable","25 - 34 years","M","","V","unavailable","unavailable",3
202306,"unavailable","BNE","AKL","P","A","FJ","unavailable","unavailable","12 - 18 years","F","","N","unavailable","unavailable",3
202306,"unavailable","SYD","CHC","P","A","TN","unavailable","unavailable","25 - 34 years","M","","N","unavailable","unavailable",3
202306,"unavailable","CAN","AKL","P","A","US","unavailable","unavailable","35 - 44 years","F","","N","unavailable","unavailable",3
202306,"unavailable","MEL","AKL","P","A","AE","unavailable","unavailable","25 - 34 years","F","","N","unavailable","unavailable",3
202306,"unavailable","SIN","AKL","P","A","TR","unavailable","unavailable","25 - 34 years","F","","N","unavailable","unavailable",3
202306,"unavailable","CAN","AKL","P","A","PK","unavailable","unavailable","35 - 44 years","M","","N","unavailable","unavailable",3
202306,"unavailable","SIN","AKL","P","A","NP","unavailable","unavailable","25 - 34 years","M","","N","unavailable","unavailable",3
202306,"unavailable","SEL","AKL","P","A","JP","unavailable","unavailable","25 - 34 years","M","","N","unavailable","unavailable",3
202306,"unavailable","SYD","AKL","P","A","US","unavailable","unavailable","19 - 24 years","M","","N","unavailable","unavailable",3
202306,"unavailable","BNE","CHC","P","A","AU","unavailable","unavailable","19 - 24 years","F","","N","unavailable","unavailable",3
202306,"unavailable","SYD","AKL","P","A","HK","unavailable","unavailable","35 - 44 years","F","","N","unavailable","unavailable",3
202306,"unavailable","SIN","AKL","P","A","TR","unavailable","unavailable","01 - 11 years","M","","N","unavailable","unavailable",3
202306,"unavailable","MEL","CHC","P","A","JP","unavailable","unavailable","25 - 34 years","M","","N","unavailable","unavailable",3
202306,"unavailable","DXB","AKL","P","A","NL","unavailable","unavailable","35 - 44 years","F","","N","unavailable","unavailable",3
202306,"unavailable","PPT","AKL","P","A","XX","unavailable","unavailable","55 - 64 years","F","","N","unavailable","unavailable",3
202306,"unavailable","SIN","CHC","P","A","GB","unavailable","unavailable","25 - 34 years","F","","N","unavailable","unavailable",3
202306,"unavailable","TBU","AKL","P","A","NO","unavailable","unavailable","19 - 24 years","M","","N","unavailable","unavailable",3
202306,"unavailable","SEL","AKL","P","A","IE","unavailable","unavailable","19 - 24 years","F","","N","unavailable","unavailable",3
202306,"unavailable","SYD","AKL","P","A","XX","unavailable","unavailable","25 - 34 years","M","","N","unavailable","unavailable",3
202306,"unavailable","SZX","AKL","P","A","CN","unavailable","unavailable","45 - 54 years","M","","N","unavailable","unavailable",3
202306,"unavailable","SCL","AKL","P","A","UY","unavailable","unavailable","45 - 54 years","M","","N","unavailable","unavailable",3
202306,"unavailable","CAN","AKL","P","A","XX","unavailable","unavailable","01 - 11 years","M","","N","unavailable","unavailable",3
202306,"unavailable","ADL","AKL","P","A","GB","unavailable","unavailable","25 - 34 years","M","","N","unavailable","unavailable",3
202306,"unavailable","TPE","AKL","P","A","CN","unavailable","unavailable","25 - 34 years","F","","N","unavailable","unavailable",3
202306,"unavailable","SCL","AKL","P","A","AR","unavailable","unavailable","12 - 18 years","F","","N","unavailable","unavailable",3
202306,"unavailable","DXB","AKL","P","A","PL","unavailable","unavailable","35 - 44 years","F","","N","unavailable","unavailable",3
202306,"unavailable","CAN","AKL","P","A","TH","unavailable","unavailable","35 - 44 years","M","","N","unavailable","unavailable",3
202306,"unavailable","APW","AKL","P","A","DE","unavailable","unavailable","19 - 24 years","M","","N","unavailable","unavailable",3
202306,"unavailable","BNE","AKL","P","A","XX","unavailable","unavailable","12 - 18 years","F","","N","unavailable","unavailable",3
202306,"unavailable","SYD","AKL","P","A","MX","unavailable","unavailable","25 - 34 years","M","","N","unavailable","unavailable",3
202306,"unavailable","PPT","AKL","P","A","MX","unavailable","unavailable","25 - 34 years","F","","N","unavailable","unavailable",3
202306,"unavailable","SYD","CHC","P","A","IN","unavailable","unavailable","25 - 34 years","M","","N","unavailable","unavailable",3
202306,"unavailable","SYD","WLG","P","A","GB","unavailable","unavailable","45 - 54 years","M","","N","unavailable","unavailable",3
202306,"unavailable","NAN","CHC","P","A","IN","unavailable","unavailable","25 - 34 years","M","","N","unavailable","unavailable",3
202306,"unavailable","ADL","AKL","P","A","XX","unavailable","unavailable","35 - 44 years","M","","N","unavailable","unavailable",3
202306,"unavailable","SIN","AKL","P","A","FJ","unavailable","unavailable","25 - 34 years","F","","N","unavailable","unavailable",3
202306,"unavailable","IAH","AKL","P","A","BR","unavailable","unavailable","35 - 44 years","F","","N","unavailable","unavailable",3
202306,"unavailable","PER","AKL","P","A","AU","unavailable","unavailable","19 - 24 years","M","","N","unavailable","unavailable",3
202306,"unavailable","SYD","AKL","P","A","TH","unavailable","unavailable","55 - 64 years","M","","N","unavailable","unavailable",3
202306,"unavailable","CAN","AKL","P","A","KH","unavailable","unavailable","35 - 44 years","M","","N","unavailable","unavailable",3
202306,"unavailable","DXB","AKL","P","A","ES","unavailable","unavailable","25 - 34 years","M","","N","unavailable","unavailable",3
202306,"unavailable","MEL","AKL","P","A","XX","unavailable","unavailable","45 - 54 years","F","","N","unavailable","unavailable",3
202306,"unavailable","SIN","AKL","P","A","BD","unavailable","unavailable","19 - 24 years","F","","N","unavailable","unavailable",3
202306,"unavailable","KUL","AKL","P","A","SA","unavailable","unavailable","35 - 44 years","F","","N","unavailable","unavailable",3
202306,"unavailable","MEL","WLG","P","A","AU","unavailable","unavailable","25 - 34 years","M","","N","unavailable","unavailable",3
202306,"unavailable","SIN","AKL","P","A","JP","unavailable","unavailable","25 - 34 years","F","","N","unavailable","unavailable",3
202306,"unavailable","DXB","AKL","P","A","AF","unavailable","unavailable","12 - 18 years","F","","N","unavailable","unavailable",3
202306,"unavailable","SIN","AKL","P","A","AE","unavailable","unavailable","12 - 18 years","M","","N","unavailable","unavailable",3
202306,"unavailable","SYD","AKL","P","A","DE","unavailable","unavailable","25 - 34 years","M","","N","unavailable","unavailable",3
202306,"unavailable","SCL","AKL","P","A","CL","unavailable","unavailable","01 - 11 years","M","","N","unavailable","unavailable",3
202306,"unavailable","SYD","AKL","P","A","UY","unavailable","unavailable","19 - 24 years","F","","N","unavailable","unavailable",3
202306,"unavailable","HKG","AKL","P","A","CN","unavailable","unavailable","45 - 54 years","M","","N","unavailable","unavailable",3
202306,"unavailable","MEL","ZQN","P","A","PH","unavailable","unavailable","25 - 34 years","M","","N","unavailable","unavailable",3
202306,"unavailable","DXB","AKL","P","A","MZ","unavailable","unavailable","25 - 34 years","F","","N","unavailable","unavailable",3
202306,"unavailable","SIN","AKL","P","A","AE","unavailable","unavailable","01 - 11 years","F","","N","unavailable","unavailable",3
202306,"unavailable","SYD","WLG","P","A","AU","unavailable","unavailable","25 - 34 years","M","","N","unavailable","unavailable",3
202306,"unavailable","OOL","AKL","P","A","JP","unavailable","unavailable","45 - 54 years","F","","N","unavailable","unavailable",3
202306,"unavailable","DXB","AKL","P","A","DE","unavailable","unavailable","35 - 44 years","M","","N","unavailable","unavailable",3
202306,"unavailable","BNE","WLG","P","A","AU","unavailable","unavailable","01 - 11 years","F","","N","unavailable","unavailable",3
202306,"unavailable","MEL","CHC","P","A","AU","unavailable","unavailable","45 - 54 years","M","","N","unavailable","unavailable",3
202306,"unavailable","MEL","AKL","P","A","WS","unavailable","unavailable","19 - 24 years","F","","N","unavailable","unavailable",3
202306,"unavailable","MEL","CHC","P","A","SG","unavailable","unavailable","55 - 64 years","M","","N","unavailable","unavailable",3
202306,"unavailable","SYD","AKL","P","A","US","unavailable","unavailable","45 - 54 years","M","","N","unavailable","unavailable",3
202306,"unavailable","SYD","AKL","P","A","SG","unavailable","unavailable","25 - 34 years","F","","N","unavailable","unavailable",3
202306,"unavailable","SIN","AKL","P","A","IL","unavailable","unavailable","25 - 34 years","M","","N","unavailable","unavailable",3
202306,"unavailable","IAH","AKL","P","A","CN","unavailable","unavailable","45 - 54 years","F","","N","unavailable","unavailable",3
202306,"unavailable","SYD","AKL","P","A","MY","unavailable","unavailable","35 - 44 years","F","","N","unavailable","unavailable",3
202306,"unavailable","SYD","AKL","P","A","ID","unavailable","unavailable","01 - 11 years","M","","N","unavailable","unavailable",3
202306,"unavailable","NRT","AKL","P","A","JP","unavailable","unavailable","35 - 44 years","F","","N","unavailable","unavailable",3
202306,"unavailable","KUL","AKL","P","A","XX","unavailable","unavailable","45 - 54 years","M","","N","unavailable","unavailable",3
202306,"unavailable","ADL","AKL","P","A","AR","unavailable","unavailable","35 - 44 years","F","","N","unavailable","unavailable",3
202306,"unavailable","HKG","AKL","P","A","NL","unavailable","unavailable","25 - 34 years","F","","N","unavailable","unavailable",3
202306,"unavailable","SIN","AKL","P","A","VN","unavailable","unavailable","25 - 34 years","F","","N","unavailable","unavailable",3
202306,"unavailable","SIN","AKL","P","A","ID","unavailable","unavailable","01 - 11 years","F","","N","unavailable","unavailable",3
202306,"unavailable","SYD","AKL","P","A","AE","unavailable","unavailable","45 - 54 years","M","","N","unavailable","unavailable",3
202306,"unavailable","HKG","AKL","P","A","CN","unavailable","unavailable","55 - 64 years","F","","N","unavailable","unavailable",3
202306,"unavailable","SIN","AKL","P","A","XX","unavailable","unavailable","01 - 11 years","M","","N","unavailable","unavailable",3
202306,"unavailable","SIN","AKL","P","A","QA","unavailable","unavailable","01 - 11 years","F","","N","unavailable","unavailable",3
202306,"unavailable","SHA","AKL","P","A","PH","unavailable","unavailable","25 - 34 years","M","","N","unavailable","unavailable",3
202306,"unavailable","DXB","AKL","P","A","TN","unavailable","unavailable","01 - 11 years","M","","N","unavailable","unavailable",3
202306,"unavailable","NRT","AKL","P","A","JP","unavailable","unavailable","45 - 54 years","F","","N","unavailable","unavailable",3
202306,"unavailable","KUL","AKL","P","A","MY","unavailable","unavailable","25 - 34 years","M","","N","unavailable","unavailable",3
202306,"unavailable","SYD","WLG","P","A","TZ","unavailable","unavailable","45 - 54 years","F","","N","unavailable","unavailable",3
202306,"unavailable","SIN","AKL","P","A","FR","unavailable","unavailable","75+","F","","N","unavailable","unavailable",3
202306,"unavailable","SIN","CHC","P","A","NP","unavailable","unavailable","35 - 44 years","M","","N","unavailable","unavailable",3
202306,"unavailable","CAN","AKL","P","A","CZ","unavailable","unavailable","25 - 34 years","M","","N","unavailable","unavailable",3
202306,"unavailable","BNE","AKL","P","A","SI","unavailable","unavailable","19 - 24 years","F","","N","unavailable","unavailable",3
202306,"unavailable","KUL","AKL","P","A","KW","unavailable","unavailable","25 - 34 years","F","","N","unavailable","unavailable",3
202306,"unavailable","MEL","WLG","P","A","IN","unavailable","unavailable","19 - 24 years","M","","N","unavailable","unavailable",3
202306,"unavailable","CAN","AKL","P","A","IN","unavailable","unavailable","25 - 34 years","F","","N","unavailable","unavailable",3
202306,"unavailable","SIN","CHC","P","A","AE","unavailable","unavailable","35 - 44 years","M","","N","unavailable","unavailable",3
202306,"unavailable","DXB","AKL","P","A","US","unavailable","unavailable","01 - 11 years","M","","N","unavailable","unavailable",3
202306,"unavailable","SYD","AKL","P","A","GB","unavailable","unavailable","19 - 24 years","M","","N","unavailable","unavailable",3
202306,"unavailable","BNE","AKL","P","A","IN","unavailable","unavailable","25 - 34 years","F","","N","unavailable","unavailable",3
202306,"unavailable","APW","AKL","P","A","TK","unavailable","unavailable","01 - 11 years","F","","N","unavailable","unavailable",3
202306,"unavailable","DXB","AKL","P","A","SO","unavailable","unavailable","19 - 24 years","M","","N","unavailable","unavailable",3
202306,"unavailable","IAH","AKL","P","A","US","unavailable","unavailable","01 - 11 years","F","","N","unavailable","unavailable",3
202306,"unavailable","MEL","AKL","P","A","AU","unavailable","unavailable","45 - 54 years","M","","N","unavailable","unavailable",3
202306,"unavailable","LAX","AKL","P","A","US","unavailable","unavailable","35 - 44 years","M","","N","unavailable","unavailable",3
202306,"unavailable","KUL","AKL","P","A","NU","unavailable","unavailable","35 - 44 years","F","","N","unavailable","unavailable",3
202306,"unavailable","KUL","AKL","P","A","US","unavailable","unavailable","25 - 34 years","M","","N","unavailable","unavailable",3
202306,"unavailable","DXB","AKL","P","A","IN","unavailable","unavailable","45 - 54 years","F","","N","unavailable","unavailable",3
202306,"unavailable","TPE","AKL","P","A","VN","unavailable","unavailable","25 - 34 years","F","","N","unavailable","unavailable",3
202306,"unavailable","SHA","AKL","P","A","TH","unavailable","unavailable","35 - 44 years","M","","N","unavailable","unavailable",3
202306,"unavailable","SYD","CHC","P","A","PK","unavailable","unavailable","25 - 34 years","F","","N","unavailable","unavailable",3
202306,"unavailable","SZX","AKL","P","A","CN","unavailable","unavailable","12 - 18 years","F","","N","unavailable","unavailable",3
202306,"unavailable","SYD","AKL","P","A","ZA","unavailable","unavailable","25 - 34 years","M","","N","unavailable","unavailable",3
202306,"unavailable","SYD","WLG","P","A","GB","unavailable","unavailable","25 - 34 years","M","","N","unavailable","unavailable",3
202306,"unavailable","DXB","AKL","P","A","JO","unavailable","unavailable","25 - 34 years","M","","N","unavailable","unavailable",3
202306,"unavailable","SHA","AKL","P","A","RU","unavailable","unavailable","35 - 44 years","M","","N","unavailable","unavailable",3
202306,"unavailable","BNE","AKL","P","A","XX","unavailable","unavailable","19 - 24 years","F","","N","unavailable","unavailable",3
202306,"unavailable","BNE","AKL","P","A","CA","unavailable","unavailable","19 - 24 years","M","","N","unavailable","unavailable",3
202306,"unavailable","NAN","AKL","P","A","WS","unavailable","unavailable","35 - 44 years","M","","N","unavailable","unavailable",3
202306,"unavailable","IAH","AKL","P","A","MX","unavailable","unavailable","35 - 44 years","M","","N","unavailable","unavailable",3
202306,"unavailable","ADL","AKL","P","A","IR","unavailable","unavailable","55 - 64 years","M","","N","unavailable","unavailable",3
202306,"unavailable","DPS","AKL","P","A","MY","unavailable","unavailable","19 - 24 years","M","","N","unavailable","unavailable",3
202306,"unavailable","SIN","AKL","P","A","GB","unavailable","unavailable","45 - 54 years","M","","N","unavailable","unavailable",3
202306,"unavailable","KUL","AKL","P","A","MY","unavailable","unavailable","35 - 44 years","M","","N","unavailable","unavailable",3
202306,"unavailable","SYD","WLG","P","A","PK","unavailable","unavailable","35 - 44 years","M","","N","unavailable","unavailable",3
202306,"unavailable","SIN","AKL","P","A","GB","unavailable","unavailable","35 - 44 years","M","","N","unavailable","unavailable",3
202306,"unavailable","PEK","AKL","P","A","AE","unavailable","unavailable","35 - 44 years","F","","N","unavailable","unavailable",3
202306,"unavailable","SFO","AKL","P","A","XX","unavailable","unavailable","19 - 24 years","M","","N","unavailable","unavailable",3
202306,"unavailable","SYD","ZQN","P","A","ID","unavailable","unavailable","12 - 18 years","M","","N","unavailable","unavailable",3
202306,"unavailable","SYD","AKL","P","A","CL","unavailable","unavailable","12 - 18 years","F","","N","unavailable","unavailable",3
202306,"unavailable","SIN","CHC","P","A","KW","unavailable","unavailable","01 - 11 years","M","","N","unavailable","unavailable",3
202306,"unavailable","BNE","CHC","P","A","AU","unavailable","unavailable","25 - 34 years","M","","N","unavailable","unavailable",3
202306,"unavailable","MEL","WLG","P","A","AU","unavailable","unavailable","45 - 54 years","M","","N","unavailable","unavailable",3
202306,"unavailable","SIN","CHC","P","A","VN","unavailable","unavailable","01 - 11 years","F","","N","unavailable","unavailable",3
202306,"unavailable","KUL","AKL","P","A","KW","unavailable","unavailable","45 - 54 years","M","","N","unavailable","unavailable",3
202306,"unavailable","NAN","AKL","P","A","CN","unavailable","unavailable","25 - 34 years","M","","N","unavailable","unavailable",3
202306,"unavailable","KUL","AKL","P","A","XX","unavailable","unavailable","01 - 11 years","M","","N","unavailable","unavailable",3
202306,"unavailable","MEL","AKL","P","A","FR","unavailable","unavailable","25 - 34 years","F","","N","unavailable","unavailable",3
202306,"unavailable","CAN","AKL","P","A","TW","unavailable","unavailable","25 - 34 years","F","","N","unavailable","unavailable",3
202306,"unavailable","SHA","AKL","P","A","SG","unavailable","unavailable","25 - 34 years","F","","N","unavailable","unavailable",3
202306,"unavailable","SHA","AKL","P","A","DE","unavailable","unavailable","25 - 34 years","M","","N","unavailable","unavailable",3
202306,"unavailable","SCL","AKL","P","A","US","unavailable","unavailable","19 - 24 years","M","","N","unavailable","unavailable",3
202306,"unavailable","SFO","AKL","P","A","AR","unavailable","unavailable","25 - 34 years","F","","N","unavailable","unavailable",3
202306,"unavailable","NAN","AKL","P","A","SG","unavailable","unavailable","25 - 34 years","M","","N","unavailable","unavailable",3
202306,"unavailable","HKG","AKL","P","A","AU","unavailable","unavailable","19 - 24 years","M","","N","unavailable","unavailable",3
202306,"unavailable","KUL","AKL","P","A","FR","unavailable","unavailable","19 - 24 years","M","","N","unavailable","unavailable",3
202306,"unavailable","CAN","AKL","P","A","FJ","unavailable","unavailable","25 - 34 years","M","","N","unavailable","unavailable",3
202306,"unavailable","SEL","AKL","P","A","FR","unavailable","unavailable","19 - 24 years","F","","N","unavailable","unavailable",3
202306,"unavailable","SIN","AKL","P","A","BZ","unavailable","unavailable","35 - 44 years","M","","N","unavailable","unavailable",3
202306,"unavailable","KUL","AKL","P","A","JO","unavailable","unavailable","25 - 34 years","F","","N","unavailable","unavailable",3
202306,"unavailable","APW","AKL","P","A","WS","unavailable","unavailable","65 - 74 years","M","","N","unavailable","unavailable",3
202306,"unavailable","SIN","CHC","P","A","SG","unavailable","unavailable","45 - 54 years","M","","N","unavailable","unavailable",3
202306,"unavailable","ORD","AKL","P","A","US","unavailable","unavailable","25 - 34 years","F","","N","unavailable","unavailable",3
202306,"unavailable","SYD","CHC","P","A","AU","unavailable","unavailable","01 - 11 years","M","","N","unavailable","unavailable",3
202306,"unavailable","SYD","ZQN","P","A","DK","unavailable","unavailable","19 - 24 years","M","","N","unavailable","unavailable",3
202306,"unavailable","CAN","AKL","P","A","JP","unavailable","unavailable","35 - 44 years","M","","N","unavailable","unavailable",3
202306,"unavailable","DXB","AKL","P","A","XX","unavailable","unavailable","45 - 54 years","F","","N","unavailable","unavailable",3
202306,"unavailable","SHA","AKL","P","A","EG","unavailable","unavailable","25 - 34 years","F","","N","unavailable","unavailable",3
202306,"unavailable","CAN","AKL","P","A","PL","unavailable","unavailable","35 - 44 years","M","","N","unavailable","unavailable",3
202306,"unavailable","OOL","AKL","P","A","AU","unavailable","unavailable","65 - 74 years","M","","N","unavailable","unavailable",3
202306,"unavailable","SYD","CHC","P","A","AU","unavailable","unavailable","45 - 54 years","F","","N","unavailable","unavailable",3
202306,"unavailable","SIN","AKL","P","A","XX","unavailable","unavailable","35 - 44 years","F","","N","unavailable","unavailable",3
202306,"unavailable","CAN","AKL","P","A","US","unavailable","unavailable","45 - 54 years","M","","N","unavailable","unavailable",3
202306,"unavailable","SIN","CHC","P","A","IN","unavailable","unavailable","45 - 54 years","M","","N","unavailable","unavailable",3
202306,"unavailable","YVR","AKL","P","A","MX","unavailable","unavailable","25 - 34 years","F","","N","unavailable","unavailable",3
202306,"unavailable","SEL","AKL","P","A","KR","unavailable","unavailable","12 - 18 years","F","","N","unavailable","unavailable",3
202306,"unavailable","CNS","AKL","P","A","GB","unavailable","unavailable","19 - 24 years","F","","N","unavailable","unavailable",3
202306,"unavailable","ORD","AKL","P","A","CA","unavailable","unavailable","19 - 24 years","M","","N","unavailable","unavailable",3
202306,"unavailable","BNE","CHC","P","A","AU","unavailable","unavailable","45 - 54 years","F","","N","unavailable","unavailable",3
202306,"unavailable","DXB","AKL","P","A","TV","unavailable","unavailable","45 - 54 years","M","","N","unavailable","unavailable",3
202306,"unavailable","SIN","AKL","P","A","SG","unavailable","unavailable","45 - 54 years","M","","N","unavailable","unavailable",3
202306,"unavailable","MEL","AKL","P","A","ID","unavailable","unavailable","12 - 18 years","M","","N","unavailable","unavailable",3
202306,"unavailable","SYD","WLG","P","A","AU","unavailable","unavailable","12 - 18 years","M","","N","unavailable","unavailable",3
202306,"unavailable","SIN","AKL","P","A","SG","unavailable","unavailable","12 - 18 years","M","","N","unavailable","unavailable",3
202306,"unavailable","SIN","AKL","P","A","CN","unavailable","unavailable","25 - 34 years","M","","N","unavailable","unavailable",3
202306,"unavailable","SFO","AKL","P","A","US","unavailable","unavailable","65 - 74 years","F","","N","unavailable","unavailable",3
202306,"unavailable","YVR","AKL","P","A","CA","unavailable","unavailable","35 - 44 years","F","","N","unavailable","unavailable",3
202306,"unavailable","BNE","AKL","P","A","SB","unavailable","unavailable","19 - 24 years","M","","N","unavailable","unavailable",3
202306,"unavailable","ADL","AKL","P","A","NG","unavailable","unavailable","35 - 44 years","M","","N","unavailable","unavailable",3
202306,"unavailable","ADL","AKL","P","A","TR","unavailable","unavailable","25 - 34 years","F","","N","unavailable","unavailable",3
202306,"unavailable","SYD","AKL","P","A","CN","unavailable","unavailable","12 - 18 years","F","","N","unavailable","unavailable",3
202306,"unavailable","SIN","AKL","P","A","ZA","unavailable","unavailable","25 - 34 years","F","","N","unavailable","unavailable",3
202306,"unavailable","HKG","AKL","P","A","AU","unavailable","unavailable","65 - 74 years","F","","N","unavailable","unavailable",3
202306,"unavailable","KUL","AKL","P","A","NG","unavailable","unavailable","25 - 34 years","M","","N","unavailable","unavailable",3
202306,"unavailable","SIN","CHC","P","A","MY","unavailable","unavailable","19 - 24 years","F","","N","unavailable","unavailable",3
202306,"unavailable","SYD","AKL","P","A","AU","unavailable","unavailable","65 - 74 years","M","","N","unavailable","unavailable",3
202306,"unavailable","SYD","AKL","P","A","FR","unavailable","unavailable","19 - 24 years","F","","N","unavailable","unavailable",3
202306,"unavailable","HKG","AKL","P","A","ZW","unavailable","unavailable","35 - 44 years","M","","N","unavailable","unavailable",3
202306,"unavailable","BNE","AKL","P","A","CZ","unavailable","unavailable","25 - 34 years","M","","N","unavailable","unavailable",3
202306,"unavailable","NAN","AKL","P","A","KI","unavailable","unavailable","19 - 24 years","F","","N","unavailable","unavailable",3
202306,"unavailable","SYD","AKL","P","A","CZ","unavailable","unavailable","25 - 34 years","F","","N","unavailable","unavailable",3
202306,"unavailable","DXB","AKL","P","A","AE","unavailable","unavailable","45 - 54 years","M","","N","unavailable","unavailable",3
202306,"unavailable","BNE","AKL","P","A","XX","unavailable","unavailable","01 - 11 years","M","","N","unavailable","unavailable",3
202306,"unavailable","SYD","CHC","P","A","AU","unavailable","unavailable","35 - 44 years","M","","N","unavailable","unavailable",3
202306,"unavailable","HKG","AKL","P","A","DE","unavailable","unavailable","25 - 34 years","M","","N","unavailable","unavailable",3
202306,"unavailable","SYD","AKL","P","A","VN","unavailable","unavailable","25 - 34 years","M","","N","unavailable","unavailable",3
202306,"unavailable","SCL","AKL","P","A","EC","unavailable","unavailable","35 - 44 years","M","","N","unavailable","unavailable",3
202306,"unavailable","SIN","AKL","P","A","BD","unavailable","unavailable","01 - 11 years","F","","N","unavailable","unavailable",3
202306,"unavailable","DXB","AKL","P","A","DE","unavailable","unavailable","25 - 34 years","F","","N","unavailable","unavailable",3
202306,"unavailable","SYD","AKL","P","A","MY","unavailable","unavailable","12 - 18 years","F","","N","unavailable","unavailable",3
202306,"unavailable","SYD","WLG","P","A","AE","unavailable","unavailable","25 - 34 years","M","","N","unavailable","unavailable",3
202306,"unavailable","HKG","AKL","P","A","SA","unavailable","unavailable","25 - 34 years","M","","N","unavailable","unavailable",3
202306,"unavailable","YVR","AKL","P","A","US","unavailable","unavailable","01 - 11 years","F","","N","unavailable","unavailable",3
202306,"unavailable","DXB","AKL","P","A","WS","unavailable","unavailable","25 - 34 years","F","","N","unavailable","unavailable",3
202306,"unavailable","CAN","AKL","P","A","TH","unavailable","unavailable","01 - 11 years","F","","N","unavailable","unavailable",3
202306,"unavailable","NAN","CHC","P","A","US","unavailable","unavailable","35 - 44 years","M","","N","unavailable","unavailable",3
202306,"unavailable","SHA","AKL","P","A","RU","unavailable","unavailable","19 - 24 years","M","","N","unavailable","unavailable",3
202306,"unavailable","PPT","AKL","P","A","US","unavailable","unavailable","35 - 44 years","F","","N","unavailable","unavailable",3
202306,"unavailable","KUL","AKL","P","A","KW","unavailable","unavailable","35 - 44 years","M","","N","unavailable","unavailable",3
202306,"unavailable","HKG","AKL","P","A","HK","unavailable","unavailable","12 - 18 years","F","","N","unavailable","unavailable",3
202306,"unavailable","BNE","CHC","P","A","AU","unavailable","unavailable","01 - 11 years","M","","N","unavailable","unavailable",3
202306,"unavailable","TBU","AKL","P","A","TO","unavailable","unavailable","Less than 1 year","M","","N","unavailable","unavailable",3
202306,"unavailable","ORD","AKL","P","A","US","unavailable","unavailable","19 - 24 years","F","","N","unavailable","unavailable",3
202306,"unavailable","MEL","WLG","P","A","AU","unavailable","unavailable","25 - 34 years","F","","N","unavailable","unavailable",3
202306,"unavailable","SYD","AKL","P","A","SE","unavailable","unavailable","19 - 24 years","F","","N","unavailable","unavailable",3
202306,"unavailable","MEL","WLG","P","A","TH","unavailable","unavailable","45 - 54 years","M","","N","unavailable","unavailable",3
202306,"unavailable","MEL","CHC","P","A","XX","unavailable","unavailable","35 - 44 years","M","","N","unavailable","unavailable",3
202306,"unavailable","LAX","AKL","P","A","US","unavailable","unavailable","55 - 64 years","F","","N","unavailable","unavailable",3
202306,"unavailable","SIN","AKL","P","A","FR","unavailable","unavailable","25 - 34 years","F","","N","unavailable","unavailable",3
202306,"unavailable","MEL","ZQN","P","A","GB","unavailable","unavailable","25 - 34 years","F","","N","unavailable","unavailable",3
202306,"unavailable","BNE","AKL","P","A","GB","unavailable","unavailable","01 - 11 years","F","","N","unavailable","unavailable",3
202306,"unavailable","MEL","AKL","P","A","LK","unavailable","unavailable","25 - 34 years","F","","N","unavailable","unavailable",3
202306,"unavailable","SYD","WLG","P","A","IN","unavailable","unavailable","19 - 24 years","F","","N","unavailable","unavailable",3
202306,"unavailable","SHA","AKL","P","A","GB","unavailable","unavailable","45 - 54 years","F","","N","unavailable","unavailable",3
202306,"unavailable","SIN","AKL","P","A","MY","unavailable","unavailable","25 - 34 years","M","","N","unavailable","unavailable",3
202306,"unavailable","HNL","AKL","P","A","US","unavailable","unavailable","35 - 44 years","F","","N","unavailable","unavailable",3
202306,"unavailable","HKG","AKL","P","A","US","unavailable","unavailable","01 - 11 years","M","","N","unavailable","unavailable",3
202306,"unavailable","SYD","AKL","P","A","ID","unavailable","unavailable","25 - 34 years","F","","N","unavailable","unavailable",3
202306,"unavailable","HKG","AKL","P","A","CL","unavailable","unavailable","01 - 11 years","M","","N","unavailable","unavailable",3
202306,"unavailable","SCL","AKL","P","A","GB","unavailable","unavailable","25 - 34 years","M","","N","unavailable","unavailable",3
202306,"unavailable","DXB","AKL","P","A","XX","unavailable","unavailable","55 - 64 years","F","","N","unavailable","unavailable",3
202306,"unavailable","ADL","AKL","P","A","DE","unavailable","unavailable","19 - 24 years","F","","N","unavailable","unavailable",3
202306,"unavailable","SIN","CHC","P","A","PH","unavailable","unavailable","45 - 54 years","F","","N","unavailable","unavailable",3
202306,"unavailable","SYD","CHC","P","A","FJ","unavailable","unavailable","25 - 34 years","F","","N","unavailable","unavailable",3
202306,"unavailable","HKG","AKL","P","A","KW","unavailable","unavailable","25 - 34 years","M","","N","unavailable","unavailable",3
202306,"unavailable","KUL","AKL","P","A","GB","unavailable","unavailable","19 - 24 years","M","","N","unavailable","unavailable",3
202306,"unavailable","KUL","AKL","P","A","IN","unavailable","unavailable","55 - 64 years","F","","N","unavailable","unavailable",3
202306,"unavailable","BNE","AKL","P","A","PG","unavailable","unavailable","45 - 54 years","F","","N","unavailable","unavailable",3
202306,"unavailable","DXB","AKL","P","A","KW","unavailable","unavailable","12 - 18 years","M","","N","unavailable","unavailable",3
202306,"unavailable","SYD","AKL","P","A","DO","unavailable","unavailable","45 - 54 years","M","","N","unavailable","unavailable",3
202306,"unavailable","SIN","AKL","P","A","GB","unavailable","unavailable","19 - 24 years","M","","N","unavailable","unavailable",3
202306,"unavailable","CAN","AKL","P","A","PH","unavailable","unavailable","55 - 64 years","M","","N","unavailable","unavailable",3
202306,"unavailable","DXB","AKL","P","A","PL","unavailable","unavailable","35 - 44 years","M","","N","unavailable","unavailable",3
202306,"unavailable","SIN","AKL","P","A","NL","unavailable","unavailable","12 - 18 years","M","","N","unavailable","unavailable",3
202306,"unavailable","NAN","AKL","P","A","US","unavailable","unavailable","35 - 44 years","M","","N","unavailable","unavailable",3
202306,"unavailable","MEL","CHC","P","A","AU","unavailable","unavailable","35 - 44 years","M","","N","unavailable","unavailable",3
202306,"unavailable","NRT","AKL","P","A","XX","unavailable","unavailable","35 - 44 years","F","","N","unavailable","unavailable",3
202306,"unavailable","CAN","AKL","P","A","AE","unavailable","unavailable","25 - 34 years","M","","N","unavailable","unavailable",3
202306,"unavailable","DXB","AKL","P","A","JO","unavailable","unavailable","12 - 18 years","M","","N","unavailable","unavailable",3
202306,"unavailable","SIN","AKL","P","A","KH","unavailable","unavailable","12 - 18 years","M","","N","unavailable","unavailable",3
202306,"unavailable","SHA","AKL","P","A","US","unavailable","unavailable","01 - 11 years","M","","N","unavailable","unavailable",3
202306,"unavailable","OOL","AKL","P","A","AU","unavailable","unavailable","65 - 74 years","F","","N","unavailable","unavailable",3
202306,"unavailable","HKG","AKL","P","A","FJ","unavailable","unavailable","45 - 54 years","M","","N","unavailable","unavailable",3
202306,"unavailable","BNE","AKL","P","A","US","unavailable","unavailable","25 - 34 years","F","","N","unavailable","unavailable",3
202306,"unavailable","SIN","CHC","P","A","TH","unavailable","unavailable","19 - 24 years","F","","N","unavailable","unavailable",3
202306,"unavailable","DXB","AKL","P","A","EG","unavailable","unavailable","35 - 44 years","M","","N","unavailable","unavailable",3
202306,"unavailable","HKG","AKL","P","A","IE","unavailable","unavailable","35 - 44 years","F","","N","unavailable","unavailable",3
202306,"unavailable","NAN","WLG","P","A","KI","unavailable","unavailable","01 - 11 years","F","","N","unavailable","unavailable",3
202306,"unavailable","SIN","CHC","P","A","FR","unavailable","unavailable","01 - 11 years","M","","N","unavailable","unavailable",3
202306,"unavailable","SIN","CHC","P","A","TW","unavailable","unavailable","01 - 11 years","F","","N","unavailable","unavailable",3
202306,"unavailable","SZX","AKL","P","A","CN","unavailable","unavailable","65 - 74 years","M","","N","unavailable","unavailable",3
202306,"unavailable","SIN","AKL","P","A","KW","unavailable","unavailable","25 - 34 years","F","","N","unavailable","unavailable",3
202306,"unavailable","SIN","AKL","P","A","SG","unavailable","unavailable","65 - 74 years","M","","N","unavailable","unavailable",3
202306,"unavailable","SYD","AKL","P","A","IS","unavailable","unavailable","25 - 34 years","F","","N","unavailable","unavailable",3
202306,"unavailable","SIN","AKL","P","A","DE","unavailable","unavailable","01 - 11 years","F","","N","unavailable","unavailable",3
202306,"unavailable","SYD","ZQN","P","A","PH","unavailable","unavailable","12 - 18 years","M","","N","unavailable","unavailable",3
202306,"unavailable","SHA","AKL","P","A","IT","unavailable","unavailable","19 - 24 years","F","","N","unavailable","unavailable",3
202306,"unavailable","SEL","AKL","P","A","ES","unavailable","unavailable","25 - 34 years","F","","N","unavailable","unavailable",3
202306,"unavailable","SCL","AKL","P","A","UY","unavailable","unavailable","35 - 44 years","M","","N","unavailable","unavailable",3
202306,"unavailable","SFO","AKL","P","A","US","unavailable","unavailable","45 - 54 years","F","","N","unavailable","unavailable",3
202306,"unavailable","SYD","AKL","P","A","AU","unavailable","unavailable","55 - 64 years","F","","N","unavailable","unavailable",3
202306,"unavailable","SIN","AKL","P","A","US","unavailable","unavailable","19 - 24 years","F","","N","unavailable","unavailable",3
202306,"unavailable","SYD","AKL","P","A","CA","unavailable","unavailable","25 - 34 years","F","","N","unavailable","unavailable",3
202306,"unavailable","SIN","AKL","P","A","SA","unavailable","unavailable","01 - 11 years","F","","N","unavailable","unavailable",3
202306,"unavailable","CAN","AKL","P","A","PK","unavailable","unavailable","19 - 24 years","M","","N","unavailable","unavailable",3
202306,"unavailable","SYD","AKL","P","A","AU","unavailable","unavailable","55 - 64 years","M","","N","unavailable","unavailable",3
202306,"unavailable","DXB","AKL","P","A","IN","unavailable","unavailable","55 - 64 years","M","","N","unavailable","unavailable",3
202306,"unavailable","SHA","AKL","P","A","SG","unavailable","unavailable","45 - 54 years","F","","N","unavailable","unavailable",3
202306,"unavailable","APW","AKL","P","A","TK","unavailable","unavailable","25 - 34 years","F","","N","unavailable","unavailable",3
202306,"unavailable","CAN","AKL","P","A","FR","unavailable","unavailable","01 - 11 years","M","","N","unavailable","unavailable",3
202306,"unavailable","DXB","AKL","P","A","MA","unavailable","unavailable","25 - 34 years","M","","N","unavailable","unavailable",3
202306,"unavailable","ADL","AKL","P","A","MK","unavailable","unavailable","35 - 44 years","F","","N","unavailable","unavailable",3
202306,"unavailable","DXB","AKL","P","A","IR","unavailable","unavailable","25 - 34 years","M","","N","unavailable","unavailable",3
202306,"unavailable","MEL","CHC","P","A","AR","unavailable","unavailable","25 - 34 years","F","","N","unavailable","unavailable",3
202306,"unavailable","ADL","AKL","P","A","ZA","unavailable","unavailable","35 - 44 years","M","","N","unavailable","unavailable",3
202306,"unavailable","SYD","CHC","P","A","AE","unavailable","unavailable","25 - 34 years","M","","N","unavailable","unavailable",3
202306,"unavailable","APW","AKL","P","A","KR","unavailable","unavailable","75+","F","","N","unavailable","unavailable",3
202306,"unavailable","DXB","AKL","P","A","ZW","unavailable","unavailable","35 - 44 years","F","","N","unavailable","unavailable",3
202306,"unavailable","SIN","AKL","P","A","OM","unavailable","unavailable","35 - 44 years","F","","N","unavailable","unavailable",3
202306,"unavailable","NRT","AKL","P","A","OM","unavailable","unavailable","35 - 44 years","F","","N","unavailable","unavailable",3
202306,"unavailable","SEL","AKL","P","A","XX","unavailable","unavailable","25 - 34 years","F","","N","unavailable","unavailable",3
202306,"unavailable","SYD","AKL","P","A","JP","unavailable","unavailable","25 - 34 years","F","","N","unavailable","unavailable",3
202306,"unavailable","CAN","AKL","P","A","JP","unavailable","unavailable","35 - 44 years","F","","N","unavailable","unavailable",3
202306,"unavailable","DXB","AKL","P","A","GB","unavailable","unavailable","55 - 64 years","M","","N","unavailable","unavailable",3
202306,"unavailable","BNE","AKL","P","A","KH","unavailable","unavailable","35 - 44 years","F","","N","unavailable","unavailable",3
202306,"unavailable","YVR","AKL","P","A","CA","unavailable","unavailable","55 - 64 years","M","","N","unavailable","unavailable",3
202306,"unavailable","MEL","CHC","P","A","AU","unavailable","unavailable","01 - 11 years","M","","N","unavailable","unavailable",3
202306,"unavailable","NRT","AKL","P","A","TH","unavailable","unavailable","12 - 18 years","F","","N","unavailable","unavailable",3
202306,"unavailable","RAR","AKL","P","A","CK","unavailable","unavailable","12 - 18 years","M","","N","unavailable","unavailable",3
202306,"unavailable","OOL","CHC","P","A","AU","unavailable","unavailable","25 - 34 years","F","","N","unavailable","unavailable",3
202306,"unavailable","CAN","AKL","P","A","CL","unavailable","unavailable","19 - 24 years","M","","N","unavailable","unavailable",3
202306,"unavailable","YVR","AKL","P","A","CA","unavailable","unavailable","19 - 24 years","F","","N","unavailable","unavailable",3
202306,"unavailable","SYD","ZQN","P","A","GB","unavailable","unavailable","19 - 24 years","F","","N","unavailable","unavailable",3
202306,"unavailable","ADL","AKL","P","A","SK","unavailable","unavailable","35 - 44 years","M","","N","unavailable","unavailable",3
202306,"unavailable","NAN","AKL","P","A","CK","unavailable","unavailable","35 - 44 years","F","","N","unavailable","unavailable",3
202306,"unavailable","DXB","AKL","P","A","NL","unavailable","unavailable","01 - 11 years","F","","N","unavailable","unavailable",3
202306,"unavailable","ADL","AKL","P","A","ZA","unavailable","unavailable","19 - 24 years","M","","N","unavailable","unavailable",3
202306,"unavailable","HKG","AKL","P","A","VN","unavailable","unavailable","55 - 64 years","F","","N","unavailable","unavailable",3
202306,"unavailable","DXB","AKL","P","A","NP","unavailable","unavailable","35 - 44 years","F","","N","unavailable","unavailable",3
202306,"unavailable","SYD","AKL","P","A","AU","unavailable","unavailable","65 - 74 years","F","","N","unavailable","unavailable",3
202306,"unavailable","JFK","AKL","P","A","GB","unavailable","unavailable","01 - 11 years","F","","N","unavailable","unavailable",3
202306,"unavailable","APW","AKL","P","A","DM","unavailable","unavailable","65 - 74 years","M","","N","unavailable","unavailable",3
202306,"unavailable","SYD","ZQN","P","A","AU","unavailable","unavailable","01 - 11 years","M","","N","unavailable","unavailable",3
202306,"unavailable","KUL","AKL","P","A","SA","unavailable","unavailable","01 - 11 years","F","","N","unavailable","unavailable",3
202306,"unavailable","SYD","WLG","P","A","AU","unavailable","unavailable","25 - 34 years","F","","N","unavailable","unavailable",3
202306,"unavailable","HKG","AKL","P","A","HK","unavailable","unavailable","45 - 54 years","F","","N","unavailable","unavailable",3
202306,"unavailable","SYD","CHC","P","A","AI","unavailable","unavailable","65 - 74 years","F","","N","unavailable","unavailable",3
202306,"unavailable","SYD","AKL","P","A","PS","unavailable","unavailable","25 - 34 years","M","","N","unavailable","unavailable",3
202306,"unavailable","MEL","AKL","P","A","US","unavailable","unavailable","25 - 34 years","M","","N","unavailable","unavailable",3
202306,"unavailable","SIN","AKL","P","A","IN","unavailable","unavailable","75+","M","","N","unavailable","unavailable",3
202306,"unavailable","VLI","AKL","P","A","VU","unavailable","unavailable","19 - 24 years","F","","N","unavailable","unavailable",3
202306,"unavailable","NAN","AKL","P","A","WS","unavailable","unavailable","19 - 24 years","F","","N","unavailable","unavailable",3
202306,"unavailable","MEL","CHC","P","A","TW","unavailable","unavailable","25 - 34 years","F","","N","unavailable","unavailable",3
202306,"unavailable","SYD","WLG","P","A","VN","unavailable","unavailable","25 - 34 years","F","","N","unavailable","unavailable",3
202306,"unavailable","ADL","AKL","P","A","SA","unavailable","unavailable","45 - 54 years","M","","N","unavailable","unavailable",3
202306,"unavailable","DXB","AKL","P","A","US","unavailable","unavailable","01 - 11 years","F","","N","unavailable","unavailable",3
202306,"unavailable","SEL","AKL","P","A","XX","unavailable","unavailable","35 - 44 years","M","","N","unavailable","unavailable",3
202306,"unavailable","SYD","AKL","P","A","ZA","unavailable","unavailable","35 - 44 years","M","","N","unavailable","unavailable",3
202306,"unavailable","SIN","CHC","P","A","GB","unavailable","unavailable","25 - 34 years","M","","N","unavailable","unavailable",3
202306,"unavailable","CAN","AKL","P","A","IE","unavailable","unavailable","19 - 24 years","M","","N","unavailable","unavailable",3
202306,"unavailable","NOU","AKL","P","A","NC","unavailable","unavailable","19 - 24 years","F","","N","unavailable","unavailable",3
202306,"unavailable","CAN","AKL","P","A","ES","unavailable","unavailable","25 - 34 years","F","","N","unavailable","unavailable",3
202306,"unavailable","BNE","AKL","P","A","FR","unavailable","unavailable","25 - 34 years","F","","N","unavailable","unavailable",3
202306,"unavailable","SHA","AKL","P","A","XX","unavailable","unavailable","55 - 64 years","M","","N","unavailable","unavailable",3
202306,"unavailable","KUL","AKL","P","A","PH","unavailable","unavailable","55 - 64 years","F","","N","unavailable","unavailable",3
202306,"unavailable","SIN","AKL","P","A","XX","unavailable","unavailable","12 - 18 years","M","","N","unavailable","unavailable",3
202306,"unavailable","SEL","AKL","P","A","JP","unavailable","unavailable","01 - 11 years","F","","N","unavailable","unavailable",3
202306,"unavailable","SYD","AKL","P","A","HK","unavailable","unavailable","55 - 64 years","F","","N","unavailable","unavailable",3
202306,"unavailable","SIN","AKL","P","A","OM","unavailable","unavailable","35 - 44 years","M","","N","unavailable","unavailable",3
202306,"unavailable","SCL","AKL","P","A","AR","unavailable","unavailable","12 - 18 years","M","","N","unavailable","unavailable",3
202306,"unavailable","SIN","AKL","P","A","IR","unavailable","unavailable","25 - 34 years","M","","N","unavailable","unavailable",3
202306,"unavailable","HKG","AKL","P","A","NP","unavailable","unavailable","25 - 34 years","F","","N","unavailable","unavailable",3
202306,"unavailable","SYD","WLG","P","A","VN","unavailable","unavailable","19 - 24 years","M","","N","unavailable","unavailable",3
202306,"unavailable","PER","AKL","P","A","US","unavailable","unavailable","Less than 1 year","F","","N","unavailable","unavailable",3
202306,"unavailable","SYD","AKL","P","A","XX","unavailable","unavailable","19 - 24 years","M","","N","unavailable","unavailable",3
202306,"unavailable","NAN","WLG","P","A","KI","unavailable","unavailable","01 - 11 years","M","","N","unavailable","unavailable",3
202306,"unavailable","SYD","WLG","P","A","SB","unavailable","unavailable","25 - 34 years","F","","N","unavailable","unavailable",3
202306,"unavailable","SIN","AKL","P","A","BD","unavailable","unavailable","45 - 54 years","M","","N","unavailable","unavailable",3
202306,"unavailable","SEL","AKL","P","A","CL","unavailable","unavailable","25 - 34 years","M","","N","unavailable","unavailable",3
202306,"unavailable","NAN","AKL","P","A","CL","unavailable","unavailable","01 - 11 years","F","","N","unavailable","unavailable",3
202306,"unavailable","SYD","CHC","P","A","CA","unavailable","unavailable","25 - 34 years","F","","N","unavailable","unavailable",3
202306,"unavailable","SIN","AKL","P","A","LK","unavailable","unavailable","12 - 18 years","M","","N","unavailable","unavailable",3
202306,"unavailable","KUL","AKL","P","A","TR","unavailable","unavailable","35 - 44 years","M","","N","unavailable","unavailable",3
202306,"unavailable","SYD","CHC","P","A","US","unavailable","unavailable","25 - 34 years","F","","N","unavailable","unavailable",3
202306,"unavailable","HKG","AKL","P","A","CG","unavailable","unavailable","25 - 34 years","M","","N","unavailable","unavailable",3
202306,"unavailable","SCL","AKL","P","A","UY","unavailable","unavailable","35 - 44 years","F","","N","unavailable","unavailable",3
202306,"unavailable","SYD","WLG","P","A","US","unavailable","unavailable","19 - 24 years","F","","N","unavailable","unavailable",3
202306,"unavailable","MEL","WLG","P","A","AU","unavailable","unavailable","19 - 24 years","M","","N","unavailable","unavailable",3
202306,"unavailable","SYD","CHC","P","A","HU","unavailable","unavailable","25 - 34 years","M","","N","unavailable","unavailable",3
202306,"unavailable","MEL","AKL","P","A","IN","unavailable","unavailable","01 - 11 years","M","","N","unavailable","unavailable",3
202306,"unavailable","SYD","AKL","P","A","XX","unavailable","unavailable","65 - 74 years","F","","N","unavailable","unavailable",3
202306,"unavailable","OOL","AKL","P","A","IE","unavailable","unavailable","25 - 34 years","F","","N","unavailable","unavailable",3
202306,"unavailable","SIN","AKL","P","A","QA","unavailable","unavailable","25 - 34 years","M","","N","unavailable","unavailable",3
202306,"unavailable","SCL","AKL","P","A","IT","unavailable","unavailable","25 - 34 years","F","","N","unavailable","unavailable",3
202306,"unavailable","NAN","AKL","P","A","AU","unavailable","unavailable","01 - 11 years","F","","N","unavailable","unavailable",3
202306,"unavailable","HKG","AKL","P","A","KY","unavailable","unavailable","35 - 44 years","M","","N","unavailable","unavailable",3
202306,"unavailable","MEL","WLG","P","A","GB","unavailable","unavailable","25 - 34 years","F","","N","unavailable","unavailable",3
202306,"unavailable","SHA","AKL","P","A","AR","unavailable","unavailable","25 - 34 years","M","","N","unavailable","unavailable",3
202306,"unavailable","SIN","CHC","P","A","TH","unavailable","unavailable","45 - 54 years","M","","N","unavailable","unavailable",3
202306,"unavailable","TPE","AKL","P","A","XX","unavailable","unavailable","25 - 34 years","F","","N","unavailable","unavailable",3
202306,"unavailable","CAN","AKL","P","A","NP","unavailable","unavailable","12 - 18 years","M","","N","unavailable","unavailable",3
202306,"unavailable","SZX","AKL","P","A","CN","unavailable","unavailable","01 - 11 years","M","","N","unavailable","unavailable",3
202306,"unavailable","SHA","AKL","P","A","KH","unavailable","unavailable","25 - 34 years","M","","N","unavailable","unavailable",3
202306,"unavailable","SYD","CHC","P","A","IE","unavailable","unavailable","19 - 24 years","F","","N","unavailable","unavailable",3
202306,"unavailable","SYD","CHC","P","A","TH","unavailable","unavailable","01 - 11 years","F","","N","unavailable","unavailable",3
202306,"unavailable","MEL","WLG","P","A","VN","unavailable","unavailable","01 - 11 years","F","","N","unavailable","unavailable",3
202306,"unavailable","CAN","AKL","P","A","KH","unavailable","unavailable","01 - 11 years","F","","N","unavailable","unavailable",3
202306,"unavailable","DXB","AKL","P","A","AU","unavailable","unavailable","35 - 44 years","F","","N","unavailable","unavailable",3
202306,"unavailable","SEL","AKL","P","A","ES","unavailable","unavailable","35 - 44 years","M","","N","unavailable","unavailable",3
202306,"unavailable","HKG","AKL","P","A","KR","unavailable","unavailable","25 - 34 years","F","","N","unavailable","unavailable",3
202306,"unavailable","SIN","AKL","P","A","SG","unavailable","unavailable","19 - 24 years","M","","N","unavailable","unavailable",3
202306,"unavailable","SYD","CHC","P","A","JP","unavailable","unavailable","35 - 44 years","F","","N","unavailable","unavailable",3
202306,"unavailable","SIN","AKL","P","A","MT","unavailable","unavailable","25 - 34 years","M","","N","unavailable","unavailable",3
202306,"unavailable","SIN","AKL","P","A","NP","unavailable","unavailable","45 - 54 years","M","","N","unavailable","unavailable",3
202306,"unavailable","BNE","AKL","P","A","CA","unavailable","unavailable","19 - 24 years","F","","N","unavailable","unavailable",3
202306,"unavailable","NRT","AKL","P","A","JP","unavailable","unavailable","12 - 18 years","F","","N","unavailable","unavailable",3
202306,"unavailable","SIN","AKL","P","A","GH","unavailable","unavailable","25 - 34 years","F","","N","unavailable","unavailable",3
202306,"unavailable","MEL","CHC","P","A","AU","unavailable","unavailable","01 - 11 years","F","","N","unavailable","unavailable",3
202306,"unavailable","DXB","AKL","P","A","AE","unavailable","unavailable","45 - 54 years","F","","N","unavailable","unavailable",3
202306,"unavailable","SIN","AKL","P","A","XX","unavailable","unavailable","55 - 64 years","M","","N","unavailable","unavailable",3
202306,"unavailable","BNE","AKL","P","A","SV","unavailable","unavailable","19 - 24 years","F","","N","unavailable","unavailable",3
202306,"unavailable","SYD","WLG","P","A","XX","unavailable","unavailable","25 - 34 years","F","","N","unavailable","unavailable",3
202306,"unavailable","SYD","AKL","P","A","AU","unavailable","unavailable","45 - 54 years","M","","N","unavailable","unavailable",3
202306,"unavailable","SYD","CHC","P","A","XX","unavailable","unavailable","35 - 44 years","F","","N","unavailable","unavailable",3
202306,"unavailable","DXB","AKL","P","A","GB","unavailable","unavailable","01 - 11 years","M","","N","unavailable","unavailable",3
202306,"unavailable","SIN","AKL","P","A","KW","unavailable","unavailable","25 - 34 years","M","","N","unavailable","unavailable",3
202306,"unavailable","DXB","AKL","P","A","NC","unavailable","unavailable","01 - 11 years","M","","N","unavailable","unavailable",3
202306,"unavailable","SIN","CHC","P","A","GB","unavailable","unavailable","35 - 44 years","F","","N","unavailable","unavailable",3
202306,"unavailable","HKG","AKL","P","A","CN","unavailable","unavailable","19 - 24 years","M","","N","unavailable","unavailable",3
202306,"unavailable","MEL","AKL","P","A","ID","unavailable","unavailable","35 - 44 years","M","","N","unavailable","unavailable",3
202306,"unavailable","CAN","AKL","P","A","IR","unavailable","unavailable","25 - 34 years","M","","N","unavailable","unavailable",3
202306,"unavailable","SYD","AKL","P","A","IN","unavailable","unavailable","01 - 11 years","F","","N","unavailable","unavailable",3
