"MonthOfTravel","DayOfTravel","OverSeasPort","customs_port_code","passenger_type_code","direction_code","clnpr_code","overseas_state_code","main_country_visited_code","AgeAtTravelRange","sex_code","losa_range","travel_purpose_code","occupation_code","ta_code","TotalPassengerMovements"
"202504","unavailable","KUL","AKL","P","A","IN","unavailable","unavailable","01 - 11 years","F","","N","unavailable","unavailable",45
"202504","unavailable","SIN","AKL","P","A","IN","unavailable","unavailable","25 - 34 years","F","","N","unavailable","unavailable",42
"202504","unavailable","KUL","AKL","P","A","IN","unavailable","unavailable","25 - 34 years","F","","N","unavailable","unavailable",39
"202504","unavailable","NRT","AKL","P","A","JP","unavailable","unavailable","25 - 34 years","F","","N","unavailable","unavailable",39
"202504","unavailable","NRT","AKL","P","A","JP","unavailable","unavailable","19 - 24 years","F","","N","unavailable","unavailable",36
"202504","unavailable","NRT","AKL","P","A","JP","unavailable","unavailable","19 - 24 years","M","","N","unavailable","unavailable",36
"202504","unavailable","KUL","AKL","P","A","IN","unavailable","unavailable","01 - 11 years","M","","N","unavailable","unavailable",36
"202504","unavailable","SIN","AKL","P","A","IN","unavailable","unavailable","01 - 11 years","M","","N","unavailable","unavailable",33
"202504","unavailable","KUL","AKL","P","A","IN","unavailable","unavailable","35 - 44 years","F","","N","unavailable","unavailable",33
"202504","unavailable","SIN","AKL","P","A","IN","unavailable","unavailable","25 - 34 years","M","","N","unavailable","unavailable",33
"202504","unavailable","KUL","AKL","P","A","IN","unavailable","unavailable","35 - 44 years","M","","N","unavailable","unavailable",27
"202504","unavailable","SIN","AKL","P","A","IN","unavailable","unavailable","01 - 11 years","F","","N","unavailable","unavailable",27
"202504","unavailable","SIN","AKL","P","A","IN","unavailable","unavailable","35 - 44 years","M","","N","unavailable","unavailable",27
"202504","unavailable","KUL","AKL","P","A","IN","unavailable","unavailable","25 - 34 years","M","","N","unavailable","unavailable",27
"202504","unavailable","APW","AKL","P","A","WS","unavailable","unavailable","01 - 11 years","M","","N","unavailable","unavailable",27
"202504","unavailable","KUL","AKL","P","A","IN","unavailable","unavailable","12 - 18 years","M","","N","unavailable","unavailable",27
"202504","unavailable","APW","AKL","P","A","WS","unavailable","unavailable","01 - 11 years","F","","N","unavailable","unavailable",24
"202504","unavailable","NRT","AKL","P","A","JP","unavailable","unavailable","12 - 18 years","F","","N","unavailable","unavailable",24
"202504","unavailable","SHA","AKL","P","A","CN","unavailable","unavailable","12 - 18 years","F","","N","unavailable","unavailable",24
"202504","unavailable","SIN","AKL","P","A","IN","unavailable","unavailable","35 - 44 years","F","","N","unavailable","unavailable",21
"202504","unavailable","MEL","AKL","P","A","AU","unavailable","unavailable","25 - 34 years","F","","N","unavailable","unavailable",21
"202504","unavailable","NRT","AKL","P","A","JP","unavailable","unavailable","25 - 34 years","M","","N","unavailable","unavailable",21
"202504","unavailable","APW","AKL","P","A","WS","unavailable","unavailable","75+","F","","N","unavailable","unavailable",21
"202504","unavailable","SYD","AKL","P","A","AU","unavailable","unavailable","25 - 34 years","F","","N","unavailable","unavailable",21
"202504","unavailable","APW","AKL","P","A","WS","unavailable","unavailable","75+","M","","N","unavailable","unavailable",21
"202504","unavailable","SHA","AKL","P","A","CN","unavailable","unavailable","35 - 44 years","F","","N","unavailable","unavailable",21
"202504","unavailable","SIN","AKL","P","A","IN","unavailable","unavailable","19 - 24 years","F","","N","unavailable","unavailable",18
"202504","unavailable","XXA","AKL","P","A","CN","unavailable","unavailable","12 - 18 years","M","","N","unavailable","unavailable",18
"202504","unavailable","BNE","AKL","P","A","AU","unavailable","unavailable","25 - 34 years","M","","N","unavailable","unavailable",18
"202504","unavailable","SHA","AKL","P","A","CN","unavailable","unavailable","35 - 44 years","M","","N","unavailable","unavailable",18
"202504","unavailable","SIN","AKL","P","A","LK","unavailable","unavailable","01 - 11 years","M","","N","unavailable","unavailable",18
"202504","unavailable","XXA","AKL","P","A","CN","unavailable","unavailable","25 - 34 years","F","","N","unavailable","unavailable",18
"202504","unavailable","NAN","AKL","P","A","FJ","unavailable","unavailable","01 - 11 years","M","","N","unavailable","unavailable",18
"202504","unavailable","BNE","AKL","P","A","AU","unavailable","unavailable","35 - 44 years","F","","N","unavailable","unavailable",18
"202504","unavailable","XXA","AKL","P","A","CN","unavailable","unavailable","19 - 24 years","M","","N","unavailable","unavailable",15
"202504","unavailable","SIN","AKL","P","A","LK","unavailable","unavailable","35 - 44 years","M","","N","unavailable","unavailable",15
"202504","unavailable","SHA","AKL","P","A","CN","unavailable","unavailable","25 - 34 years","F","","N","unavailable","unavailable",15
"202504","unavailable","YVR","AKL","P","A","CA","unavailable","unavailable","25 - 34 years","M","","N","unavailable","unavailable",15
"202504","unavailable","APW","AKL","P","A","WS","unavailable","unavailable","35 - 44 years","F","","N","unavailable","unavailable",15
"202504","unavailable","BNE","AKL","P","A","AU","unavailable","unavailable","55 - 64 years","M","","N","unavailable","unavailable",15
"202504","unavailable","SHA","AKL","P","A","CN","unavailable","unavailable","45 - 54 years","M","","N","unavailable","unavailable",15
"202504","unavailable","SIN","AKL","P","A","LK","unavailable","unavailable","25 - 34 years","M","","N","unavailable","unavailable",15
"202504","unavailable","MEL","AKL","P","A","AU","unavailable","unavailable","35 - 44 years","M","","N","unavailable","unavailable",15
"202504","unavailable","CAN","AKL","P","A","CN","unavailable","unavailable","25 - 34 years","F","","N","unavailable","unavailable",15
"202504","unavailable","KUL","AKL","P","A","IN","unavailable","unavailable","19 - 24 years","M","","N","unavailable","unavailable",15
"202504","unavailable","CAN","AKL","P","A","CN","unavailable","unavailable","65 - 74 years","F","","N","unavailable","unavailable",15
"202504","unavailable","SYD","AKL","P","A","AU","unavailable","unavailable","25 - 34 years","M","","N","unavailable","unavailable",15
"202504","unavailable","BNE","AKL","P","A","AU","unavailable","unavailable","01 - 11 years","F","","N","unavailable","unavailable",15
"202504","unavailable","DXB","AKL","P","A","XX","unavailable","unavailable","01 - 11 years","M","","N","unavailable","unavailable",15
"202504","unavailable","XXA","AKL","P","A","CN","unavailable","unavailable","35 - 44 years","F","","N","unavailable","unavailable",15
"202504","unavailable","XXA","AKL","P","A","CN","unavailable","unavailable","12 - 18 years","F","","N","unavailable","unavailable",15
"202504","unavailable","KUL","AKL","P","A","IN","unavailable","unavailable","19 - 24 years","F","","N","unavailable","unavailable",15
"202504","unavailable","SIN","AKL","P","A","LK","unavailable","unavailable","25 - 34 years","F","","N","unavailable","unavailable",15
"202504","unavailable","APW","AKL","P","A","WS","unavailable","unavailable","12 - 18 years","F","","N","unavailable","unavailable",15
"202504","unavailable","HKG","AKL","P","A","PH","unavailable","unavailable","25 - 34 years","F","","N","unavailable","unavailable",15
"202504","unavailable","BNE","AKL","P","A","AU","unavailable","unavailable","01 - 11 years","M","","N","unavailable","unavailable",15
"202504","unavailable","PER","AKL","P","A","AU","unavailable","unavailable","01 - 11 years","F","","N","unavailable","unavailable",15
"202504","unavailable","HKG","AKL","P","A","PH","unavailable","unavailable","01 - 11 years","M","","N","unavailable","unavailable",12
"202504","unavailable","SIN","AKL","P","A","GB","unavailable","unavailable","25 - 34 years","M","","N","unavailable","unavailable",12
"202504","unavailable","NAN","AKL","P","A","FJ","unavailable","unavailable","35 - 44 years","F","","N","unavailable","unavailable",12
"202504","unavailable","SZX","AKL","P","A","CN","unavailable","unavailable","25 - 34 years","M","","N","unavailable","unavailable",12
"202504","unavailable","SEL","AKL","P","A","KR","unavailable","unavailable","01 - 11 years","F","","N","unavailable","unavailable",12
"202504","unavailable","NRT","AKL","P","A","JP","unavailable","unavailable","12 - 18 years","M","","N","unavailable","unavailable",12
"202504","unavailable","CAN","AKL","P","A","CN","unavailable","unavailable","55 - 64 years","M","","N","unavailable","unavailable",12
"202504","unavailable","SEL","AKL","P","A","KR","unavailable","unavailable","35 - 44 years","F","","N","unavailable","unavailable",12
"202504","unavailable","CAN","AKL","P","A","CN","unavailable","unavailable","35 - 44 years","F","","N","unavailable","unavailable",12
"202504","unavailable","CAN","AKL","P","A","CN","unavailable","unavailable","12 - 18 years","M","","N","unavailable","unavailable",12
"202504","unavailable","KUL","AKL","P","A","LK","unavailable","unavailable","25 - 34 years","F","","N","unavailable","unavailable",12
"202504","unavailable","BNE","AKL","P","A","AU","unavailable","unavailable","35 - 44 years","M","","N","unavailable","unavailable",12
"202504","unavailable","BNE","CHC","P","A","AU","unavailable","unavailable","25 - 34 years","M","","N","unavailable","unavailable",12
"202504","unavailable","SIN","AKL","P","A","SG","unavailable","unavailable","25 - 34 years","F","","N","unavailable","unavailable",12
"202504","unavailable","HKG","AKL","P","A","IN","unavailable","unavailable","25 - 34 years","M","","N","unavailable","unavailable",12
"202504","unavailable","XXA","AKL","P","A","CN","unavailable","unavailable","35 - 44 years","M","","N","unavailable","unavailable",12
"202504","unavailable","DXB","AKL","P","A","XX","unavailable","unavailable","25 - 34 years","M","","N","unavailable","unavailable",12
"202504","unavailable","SCL","AKL","P","A","CL","unavailable","unavailable","25 - 34 years","M","","N","unavailable","unavailable",12
"202504","unavailable","SHA","AKL","P","A","CN","unavailable","unavailable","65 - 74 years","M","","N","unavailable","unavailable",12
"202504","unavailable","SHA","AKL","P","A","CN","unavailable","unavailable","25 - 34 years","M","","N","unavailable","unavailable",12
"202504","unavailable","SIN","AKL","P","A","IN","unavailable","unavailable","19 - 24 years","M","","N","unavailable","unavailable",12
"202504","unavailable","SIN","AKL","P","A","SG","unavailable","unavailable","01 - 11 years","M","","N","unavailable","unavailable",12
"202504","unavailable","SIN","CHC","P","A","IN","unavailable","unavailable","01 - 11 years","M","","N","unavailable","unavailable",12
"202504","unavailable","XXA","AKL","P","A","CN","unavailable","unavailable","01 - 11 years","M","","N","unavailable","unavailable",12
"202504","unavailable","CAN","AKL","P","A","NP","unavailable","unavailable","19 - 24 years","M","","N","unavailable","unavailable",12
"202504","unavailable","HKG","AKL","P","A","PH","unavailable","unavailable","25 - 34 years","M","","N","unavailable","unavailable",12
"202504","unavailable","SEL","AKL","P","A","KR","unavailable","unavailable","01 - 11 years","M","","N","unavailable","unavailable",12
"202504","unavailable","SHA","AKL","P","A","CN","unavailable","unavailable","12 - 18 years","M","","N","unavailable","unavailable",12
"202504","unavailable","SHA","AKL","P","A","FR","unavailable","unavailable","19 - 24 years","F","","N","unavailable","unavailable",12
"202504","unavailable","SIN","AKL","P","A","SG","unavailable","unavailable","25 - 34 years","M","","N","unavailable","unavailable",12
"202504","unavailable","CAN","AKL","P","A","CN","unavailable","unavailable","55 - 64 years","F","","N","unavailable","unavailable",12
"202504","unavailable","SIN","CHC","P","A","IN","unavailable","unavailable","25 - 34 years","F","","N","unavailable","unavailable",12
"202504","unavailable","CAN","AKL","P","A","CN","unavailable","unavailable","35 - 44 years","M","","N","unavailable","unavailable",12
"202504","unavailable","SIN","AKL","P","A","LK","unavailable","unavailable","01 - 11 years","F","","N","unavailable","unavailable",12
"202504","unavailable","MEL","AKL","P","A","AU","unavailable","unavailable","25 - 34 years","M","","N","unavailable","unavailable",12
"202504","unavailable","BNE","AKL","P","A","AU","unavailable","unavailable","45 - 54 years","M","","N","unavailable","unavailable",12
"202504","unavailable","DXB","AKL","P","A","XX","unavailable","unavailable","12 - 18 years","M","","N","unavailable","unavailable",12
"202504","unavailable","APW","AKL","P","A","WS","unavailable","unavailable","12 - 18 years","M","","N","unavailable","unavailable",12
"202504","unavailable","SHA","AKL","P","A","FR","unavailable","unavailable","25 - 34 years","M","","N","unavailable","unavailable",12
"202504","unavailable","PER","AKL","P","A","AU","unavailable","unavailable","25 - 34 years","M","","N","unavailable","unavailable",12
"202504","unavailable","LAX","AKL","P","A","US","unavailable","unavailable","19 - 24 years","F","","N","unavailable","unavailable",12
"202504","unavailable","NAN","AKL","P","A","FJ","unavailable","unavailable","35 - 44 years","M","","N","unavailable","unavailable",12
"202504","unavailable","BNE","AKL","P","A","AU","unavailable","unavailable","25 - 34 years","F","","N","unavailable","unavailable",12
"202504","unavailable","BNE","AKL","P","A","AU","unavailable","unavailable","19 - 24 years","M","","N","unavailable","unavailable",12
"202504","unavailable","PEK","AKL","P","A","CN","unavailable","unavailable","25 - 34 years","M","","N","unavailable","unavailable",12
"202504","unavailable","SYD","AKL","P","A","PH","unavailable","unavailable","25 - 34 years","F","","N","unavailable","unavailable",12
"202504","unavailable","MEL","AKL","P","A","AU","unavailable","unavailable","01 - 11 years","F","","N","unavailable","unavailable",12
"202504","unavailable","PEK","AKL","P","A","CN","unavailable","unavailable","35 - 44 years","F","","N","unavailable","unavailable",12
"202504","unavailable","CAN","AKL","P","A","CN","unavailable","unavailable","01 - 11 years","M","","N","unavailable","unavailable",12
"202504","unavailable","SIN","AKL","P","A","GB","unavailable","unavailable","25 - 34 years","F","","N","unavailable","unavailable",12
"202504","unavailable","SHA","AKL","P","A","FR","unavailable","unavailable","25 - 34 years","F","","N","unavailable","unavailable",12
"202504","unavailable","SHA","AKL","P","A","CN","unavailable","unavailable","19 - 24 years","M","","N","unavailable","unavailable",12
"202504","unavailable","KUL","AKL","P","A","IN","unavailable","unavailable","12 - 18 years","F","","N","unavailable","unavailable",12
"202504","unavailable","SYD","AKL","P","A","PH","unavailable","unavailable","01 - 11 years","M","","N","unavailable","unavailable",12
"202504","unavailable","SIN","AKL","P","A","LK","unavailable","unavailable","35 - 44 years","F","","N","unavailable","unavailable",12
"202504","unavailable","DXB","AKL","P","A","XX","unavailable","unavailable","01 - 11 years","F","","N","unavailable","unavailable",12
"202504","unavailable","HKG","AKL","P","A","PH","unavailable","unavailable","35 - 44 years","F","","N","unavailable","unavailable",12
"202504","unavailable","SHA","AKL","P","A","CN","unavailable","unavailable","55 - 64 years","F","","N","unavailable","unavailable",9
"202504","unavailable","SYD","AKL","P","A","AU","unavailable","unavailable","01 - 11 years","F","","N","unavailable","unavailable",9
"202504","unavailable","MEL","AKL","P","A","AU","unavailable","unavailable","55 - 64 years","F","","N","unavailable","unavailable",9
"202504","unavailable","BNE","AKL","P","A","JP","unavailable","unavailable","25 - 34 years","M","","N","unavailable","unavailable",9
"202504","unavailable","SCL","AKL","P","A","CL","unavailable","unavailable","25 - 34 years","F","","N","unavailable","unavailable",9
"202504","unavailable","LAX","AKL","P","A","US","unavailable","unavailable","25 - 34 years","F","","N","unavailable","unavailable",9
"202504","unavailable","BNE","AKL","P","A","AU","unavailable","unavailable","19 - 24 years","F","","N","unavailable","unavailable",9
"202504","unavailable","DOH","AKL","P","A","DE","unavailable","unavailable","25 - 34 years","M","","N","unavailable","unavailable",9
"202504","unavailable","HKG","AKL","P","A","CN","unavailable","unavailable","12 - 18 years","F","","N","unavailable","unavailable",9
"202504","unavailable","DXB","AKL","P","A","XX","unavailable","unavailable","35 - 44 years","F","","N","unavailable","unavailable",9
"202504","unavailable","DXB","AKL","P","A","PK","unavailable","unavailable","01 - 11 years","M","","N","unavailable","unavailable",9
"202504","unavailable","DOH","AKL","P","A","ZA","unavailable","unavailable","35 - 44 years","M","","N","unavailable","unavailable",9
"202504","unavailable","SHA","AKL","P","A","FR","unavailable","unavailable","19 - 24 years","M","","N","unavailable","unavailable",9
"202504","unavailable","SEL","AKL","P","A","KR","unavailable","unavailable","25 - 34 years","F","","N","unavailable","unavailable",9
"202504","unavailable","DXB","AKL","P","A","XX","unavailable","unavailable","25 - 34 years","F","","N","unavailable","unavailable",9
"202504","unavailable","HKG","AKL","P","A","PH","unavailable","unavailable","35 - 44 years","M","","N","unavailable","unavailable",9
"202504","unavailable","MEL","ZQN","P","A","AU","unavailable","unavailable","25 - 34 years","F","","N","unavailable","unavailable",9
"202504","unavailable","XXA","AKL","P","A","NP","unavailable","unavailable","25 - 34 years","M","","N","unavailable","unavailable",9
"202504","unavailable","CAN","AKL","P","A","CN","unavailable","unavailable","12 - 18 years","F","","N","unavailable","unavailable",9
"202504","unavailable","SYD","AKL","P","A","PH","unavailable","unavailable","12 - 18 years","F","","N","unavailable","unavailable",9
"202504","unavailable","SYD","ZQN","P","A","AU","unavailable","unavailable","25 - 34 years","M","","N","unavailable","unavailable",9
"202504","unavailable","SCL","AKL","P","A","AR","unavailable","unavailable","25 - 34 years","M","","N","unavailable","unavailable",9
"202504","unavailable","PEK","AKL","P","A","CN","unavailable","unavailable","12 - 18 years","M","","N","unavailable","unavailable",9
"202504","unavailable","SCL","AKL","P","A","BR","unavailable","unavailable","25 - 34 years","F","","N","unavailable","unavailable",9
"202504","unavailable","DXB","AKL","P","A","PK","unavailable","unavailable","01 - 11 years","F","","N","unavailable","unavailable",9
"202504","unavailable","DXB","AKL","P","A","XX","unavailable","unavailable","19 - 24 years","M","","N","unavailable","unavailable",9
"202504","unavailable","DOH","AKL","P","A","XX","unavailable","unavailable","25 - 34 years","M","","N","unavailable","unavailable",9
"202504","unavailable","XXA","AKL","P","A","CN","unavailable","unavailable","19 - 24 years","F","","N","unavailable","unavailable",9
"202504","unavailable","APW","AKL","P","A","XX","unavailable","unavailable","75+","M","","N","unavailable","unavailable",9
"202504","unavailable","SYD","AKL","P","A","AU","unavailable","unavailable","35 - 44 years","F","","N","unavailable","unavailable",9
"202504","unavailable","DOH","AKL","P","A","FR","unavailable","unavailable","25 - 34 years","F","","N","unavailable","unavailable",9
"202504","unavailable","PEK","AKL","P","A","CN","unavailable","unavailable","19 - 24 years","F","","N","unavailable","unavailable",9
"202504","unavailable","SYD","AKL","P","A","ZA","unavailable","unavailable","01 - 11 years","M","","N","unavailable","unavailable",9
"202504","unavailable","KUL","AKL","P","A","XX","unavailable","unavailable","01 - 11 years","M","","N","unavailable","unavailable",9
"202504","unavailable","MEL","AKL","P","A","AU","unavailable","unavailable","35 - 44 years","F","","N","unavailable","unavailable",9
"202504","unavailable","CAN","AKL","P","A","CN","unavailable","unavailable","65 - 74 years","M","","N","unavailable","unavailable",9
"202504","unavailable","DOH","AKL","P","A","DE","unavailable","unavailable","19 - 24 years","M","","N","unavailable","unavailable",9
"202504","unavailable","YVR","AKL","P","A","CA","unavailable","unavailable","25 - 34 years","F","","N","unavailable","unavailable",9
"202504","unavailable","SYD","AKL","P","A","AU","unavailable","unavailable","35 - 44 years","M","","N","unavailable","unavailable",9
"202504","unavailable","HKG","AKL","P","A","CN","unavailable","unavailable","35 - 44 years","M","","N","unavailable","unavailable",9
"202504","unavailable","SIN","AKL","P","A","IN","unavailable","unavailable","12 - 18 years","M","","N","unavailable","unavailable",9
"202504","unavailable","CAN","AKL","P","A","CN","unavailable","unavailable","01 - 11 years","F","","N","unavailable","unavailable",9
"202504","unavailable","KUL","AKL","P","A","LK","unavailable","unavailable","35 - 44 years","F","","N","unavailable","unavailable",9
"202504","unavailable","HKG","AKL","P","A","IN","unavailable","unavailable","25 - 34 years","F","","N","unavailable","unavailable",9
"202504","unavailable","SIN","AKL","P","A","SG","unavailable","unavailable","35 - 44 years","F","","N","unavailable","unavailable",9
"202504","unavailable","DOH","AKL","P","A","GB","unavailable","unavailable","35 - 44 years","M","","N","unavailable","unavailable",9
"202504","unavailable","BNE","AKL","P","A","XX","unavailable","unavailable","35 - 44 years","M","","N","unavailable","unavailable",9
"202504","unavailable","HKG","AKL","P","A","PH","unavailable","unavailable","01 - 11 years","F","","N","unavailable","unavailable",9
"202504","unavailable","XXA","AKL","P","A","GB","unavailable","unavailable","25 - 34 years","M","","N","unavailable","unavailable",9
"202504","unavailable","SYD","AKL","P","A","AU","unavailable","unavailable","45 - 54 years","F","","N","unavailable","unavailable",9
"202504","unavailable","SYD","AKL","P","A","AU","unavailable","unavailable","19 - 24 years","F","","N","unavailable","unavailable",9
"202504","unavailable","DXB","AKL","P","A","ZA","unavailable","unavailable","35 - 44 years","F","","N","unavailable","unavailable",9
"202504","unavailable","SYD","AKL","P","A","AU","unavailable","unavailable","19 - 24 years","M","","N","unavailable","unavailable",9
"202504","unavailable","SCL","AKL","P","A","BR","unavailable","unavailable","25 - 34 years","M","","N","unavailable","unavailable",9
"202504","unavailable","BNE","AKL","P","A","AU","unavailable","unavailable","12 - 18 years","F","","N","unavailable","unavailable",9
"202504","unavailable","MEL","AKL","P","A","AU","unavailable","unavailable","19 - 24 years","M","","N","unavailable","unavailable",9
"202504","unavailable","PEK","AKL","P","A","CN","unavailable","unavailable","12 - 18 years","F","","N","unavailable","unavailable",9
"202504","unavailable","SIN","CHC","P","A","IN","unavailable","unavailable","35 - 44 years","F","","N","unavailable","unavailable",9
"202504","unavailable","SYD","WLG","P","A","AU","unavailable","unavailable","25 - 34 years","M","","N","unavailable","unavailable",9
"202504","unavailable","SIN","AKL","P","A","IN","unavailable","unavailable","45 - 54 years","M","","N","unavailable","unavailable",9
"202504","unavailable","CAN","AKL","P","A","NP","unavailable","unavailable","25 - 34 years","F","","N","unavailable","unavailable",9
"202504","unavailable","SZX","AKL","P","A","CN","unavailable","unavailable","25 - 34 years","F","","N","unavailable","unavailable",9
"202504","unavailable","CAN","AKL","P","A","NP","unavailable","unavailable","25 - 34 years","M","","N","unavailable","unavailable",9
"202504","unavailable","XXA","AKL","P","A","CN","unavailable","unavailable","25 - 34 years","M","","N","unavailable","unavailable",9
"202504","unavailable","APW","AKL","P","A","WS","unavailable","unavailable","19 - 24 years","F","","N","unavailable","unavailable",9
"202504","unavailable","SHA","AKL","P","A","CN","unavailable","unavailable","01 - 11 years","M","","N","unavailable","unavailable",9
"202504","unavailable","DOH","AKL","P","A","GB","unavailable","unavailable","25 - 34 years","F","","N","unavailable","unavailable",9
"202504","unavailable","DOH","AKL","P","A","FR","unavailable","unavailable","25 - 34 years","M","","N","unavailable","unavailable",9
"202504","unavailable","PEK","AKL","P","A","CN","unavailable","unavailable","19 - 24 years","M","","N","unavailable","unavailable",9
"202504","unavailable","SIN","AKL","P","A","IN","unavailable","unavailable","12 - 18 years","F","","N","unavailable","unavailable",9
"202504","unavailable","SHA","AKL","P","A","CN","unavailable","unavailable","65 - 74 years","F","","N","unavailable","unavailable",9
"202504","unavailable","SYD","AKL","P","A","PH","unavailable","unavailable","01 - 11 years","F","","N","unavailable","unavailable",9
"202504","unavailable","SYD","AKL","P","A","XX","unavailable","unavailable","19 - 24 years","M","","N","unavailable","unavailable",9
"202504","unavailable","SHA","AKL","P","A","LK","unavailable","unavailable","25 - 34 years","M","","N","unavailable","unavailable",9
"202504","unavailable","DXB","AKL","P","A","IN","unavailable","unavailable","25 - 34 years","F","","N","unavailable","unavailable",9
"202504","unavailable","SEL","AKL","P","A","KR","unavailable","unavailable","25 - 34 years","M","","N","unavailable","unavailable",6
"202504","unavailable","LAX","AKL","P","A","US","unavailable","unavailable","35 - 44 years","M","","N","unavailable","unavailable",6
"202504","unavailable","KUL","AKL","P","A","XX","unavailable","unavailable","25 - 34 years","F","","N","unavailable","unavailable",6
"202504","unavailable","DOH","AKL","P","A","DK","unavailable","unavailable","19 - 24 years","M","","N","unavailable","unavailable",6
"202504","unavailable","DOH","AKL","P","A","ZA","unavailable","unavailable","35 - 44 years","F","","N","unavailable","unavailable",6
"202504","unavailable","HKG","AKL","P","A","CN","unavailable","unavailable","45 - 54 years","M","","N","unavailable","unavailable",6
"202504","unavailable","BNE","AKL","P","A","JP","unavailable","unavailable","19 - 24 years","M","","N","unavailable","unavailable",6
"202504","unavailable","SHA","AKL","P","A","CN","unavailable","unavailable","45 - 54 years","F","","N","unavailable","unavailable",6
"202504","unavailable","PEK","AKL","P","A","CN","unavailable","unavailable","35 - 44 years","M","","N","unavailable","unavailable",6
"202504","unavailable","SHA","AKL","P","A","CN","unavailable","unavailable","19 - 24 years","F","","N","unavailable","unavailable",6
"202504","unavailable","BNE","AKL","P","A","AU","unavailable","unavailable","45 - 54 years","F","","N","unavailable","unavailable",6
"202504","unavailable","DXB","AKL","P","A","IN","unavailable","unavailable","12 - 18 years","M","","N","unavailable","unavailable",6
"202504","unavailable","KUL","AKL","P","A","XX","unavailable","unavailable","01 - 11 years","F","","N","unavailable","unavailable",6
"202504","unavailable","DOH","AKL","P","A","GB","unavailable","unavailable","35 - 44 years","F","","N","unavailable","unavailable",6
"202504","unavailable","HKG","AKL","P","A","IN","unavailable","unavailable","01 - 11 years","M","","N","unavailable","unavailable",6
"202504","unavailable","DXB","AKL","P","A","PK","unavailable","unavailable","35 - 44 years","F","","N","unavailable","unavailable",6
"202504","unavailable","KUL","AKL","P","A","LK","unavailable","unavailable","01 - 11 years","F","","N","unavailable","unavailable",6
"202504","unavailable","SIN","CHC","P","A","IN","unavailable","unavailable","25 - 34 years","M","","N","unavailable","unavailable",6
"202504","unavailable","SYD","AKL","P","A","PH","unavailable","unavailable","35 - 44 years","F","","N","unavailable","unavailable",6
"202504","unavailable","HKG","AKL","P","A","TW","unavailable","unavailable","25 - 34 years","F","","N","unavailable","unavailable",6
"202504","unavailable","NRT","AKL","P","A","JP","unavailable","unavailable","01 - 11 years","M","","N","unavailable","unavailable",6
"202504","unavailable","SIN","AKL","P","A","XX","unavailable","unavailable","19 - 24 years","M","","N","unavailable","unavailable",6
"202504","unavailable","DOH","AKL","P","A","GB","unavailable","unavailable","01 - 11 years","F","","N","unavailable","unavailable",6
"202504","unavailable","SYD","AKL","P","A","ZA","unavailable","unavailable","35 - 44 years","F","","N","unavailable","unavailable",6
"202504","unavailable","HKG","AKL","P","A","NP","unavailable","unavailable","25 - 34 years","F","","N","unavailable","unavailable",6
"202504","unavailable","DXB","AKL","P","A","IN","unavailable","unavailable","35 - 44 years","M","","N","unavailable","unavailable",6
"202504","unavailable","SFO","AKL","P","A","GB","unavailable","unavailable","25 - 34 years","M","","N","unavailable","unavailable",6
"202504","unavailable","PER","AKL","P","A","AU","unavailable","unavailable","45 - 54 years","M","","N","unavailable","unavailable",6
"202504","unavailable","DOH","AKL","P","A","LK","unavailable","unavailable","25 - 34 years","M","","N","unavailable","unavailable",6
"202504","unavailable","KUL","AKL","P","A","LK","unavailable","unavailable","12 - 18 years","F","","N","unavailable","unavailable",6
"202504","unavailable","KUL","AKL","P","A","LK","unavailable","unavailable","45 - 54 years","M","","N","unavailable","unavailable",6
"202504","unavailable","SIN","CHC","P","A","IN","unavailable","unavailable","19 - 24 years","F","","N","unavailable","unavailable",6
"202504","unavailable","CAN","AKL","P","A","CN","unavailable","unavailable","25 - 34 years","M","","N","unavailable","unavailable",6
"202504","unavailable","SCL","AKL","P","A","AR","unavailable","unavailable","35 - 44 years","M","","N","unavailable","unavailable",6
"202504","unavailable","OOL","AKL","P","A","AU","unavailable","unavailable","25 - 34 years","M","","N","unavailable","unavailable",6
"202504","unavailable","KUL","AKL","P","A","XX","unavailable","unavailable","19 - 24 years","M","","N","unavailable","unavailable",6
"202504","unavailable","SYD","CHC","P","A","AU","unavailable","unavailable","19 - 24 years","F","","N","unavailable","unavailable",6
"202504","unavailable","APW","AKL","P","A","WS","unavailable","unavailable","45 - 54 years","F","","N","unavailable","unavailable",6
"202504","unavailable","BNE","AKL","P","A","JP","unavailable","unavailable","19 - 24 years","F","","N","unavailable","unavailable",6
"202504","unavailable","PER","AKL","P","A","AU","unavailable","unavailable","55 - 64 years","F","","N","unavailable","unavailable",6
"202504","unavailable","SIN","AKL","P","A","SG","unavailable","unavailable","35 - 44 years","M","","N","unavailable","unavailable",6
"202504","unavailable","BNE","AKL","P","A","AU","unavailable","unavailable","75+","F","","N","unavailable","unavailable",6
"202504","unavailable","SCL","AKL","P","A","AR","unavailable","unavailable","25 - 34 years","F","","N","unavailable","unavailable",6
"202504","unavailable","NAN","AKL","P","A","KI","unavailable","unavailable","12 - 18 years","F","","N","unavailable","unavailable",6
"202504","unavailable","MEL","AKL","P","A","AU","unavailable","unavailable","12 - 18 years","M","","N","unavailable","unavailable",6
"202504","unavailable","SHA","AKL","P","A","LK","unavailable","unavailable","25 - 34 years","F","","N","unavailable","unavailable",6
"202504","unavailable","DXB","AKL","P","A","IN","unavailable","unavailable","19 - 24 years","M","","N","unavailable","unavailable",6
"202504","unavailable","HKG","AKL","P","A","NP","unavailable","unavailable","25 - 34 years","M","","N","unavailable","unavailable",6
"202504","unavailable","SHA","AKL","P","A","XX","unavailable","unavailable","25 - 34 years","F","","N","unavailable","unavailable",6
"202504","unavailable","NAN","AKL","P","A","FJ","unavailable","unavailable","45 - 54 years","M","","N","unavailable","unavailable",6
"202504","unavailable","NAN","AKL","P","A","FJ","unavailable","unavailable","19 - 24 years","F","","N","unavailable","unavailable",6
"202504","unavailable","DXB","AKL","P","A","ZW","unavailable","unavailable","35 - 44 years","M","","N","unavailable","unavailable",6
"202504","unavailable","NAN","AKL","P","A","FJ","unavailable","unavailable","12 - 18 years","M","","N","unavailable","unavailable",6
"202504","unavailable","SEL","AKL","P","A","KR","unavailable","unavailable","45 - 54 years","F","","N","unavailable","unavailable",6
"202504","unavailable","SYD","CHC","P","A","AU","unavailable","unavailable","45 - 54 years","M","","N","unavailable","unavailable",6
"202504","unavailable","DXB","AKL","P","A","GB","unavailable","unavailable","25 - 34 years","M","","N","unavailable","unavailable",6
"202504","unavailable","SYD","AKL","P","A","AU","unavailable","unavailable","65 - 74 years","M","","N","unavailable","unavailable",6
"202504","unavailable","YVR","AKL","P","A","CA","unavailable","unavailable","19 - 24 years","M","","N","unavailable","unavailable",6
"202504","unavailable","LAX","AKL","P","A","CA","unavailable","unavailable","25 - 34 years","F","","N","unavailable","unavailable",6
"202504","unavailable","PEK","AKL","P","A","CN","unavailable","unavailable","25 - 34 years","F","","N","unavailable","unavailable",6
"202504","unavailable","SEL","AKL","P","A","KR","unavailable","unavailable","35 - 44 years","M","","N","unavailable","unavailable",6
"202504","unavailable","SYD","WLG","P","A","PH","unavailable","unavailable","35 - 44 years","F","","N","unavailable","unavailable",6
"202504","unavailable","SIN","AKL","P","A","LK","unavailable","unavailable","45 - 54 years","M","","N","unavailable","unavailable",6
"202504","unavailable","DXB","AKL","P","A","GB","unavailable","unavailable","25 - 34 years","F","","N","unavailable","unavailable",6
"202504","unavailable","SHA","AKL","P","A","CN","unavailable","unavailable","01 - 11 years","F","","N","unavailable","unavailable",6
"202504","unavailable","CAN","AKL","P","A","CN","unavailable","unavailable","19 - 24 years","M","","N","unavailable","unavailable",6
"202504","unavailable","KUL","AKL","P","A","IN","unavailable","unavailable","45 - 54 years","M","","N","unavailable","unavailable",6
"202504","unavailable","NAN","AKL","P","A","FJ","unavailable","unavailable","01 - 11 years","F","","N","unavailable","unavailable",6
"202504","unavailable","DXB","AKL","P","A","IN","unavailable","unavailable","01 - 11 years","F","","N","unavailable","unavailable",6
"202504","unavailable","MEL","AKL","P","A","XX","unavailable","unavailable","35 - 44 years","M","","N","unavailable","unavailable",6
"202504","unavailable","NAN","AKL","P","A","CA","unavailable","unavailable","19 - 24 years","F","","N","unavailable","unavailable",6
"202504","unavailable","SHA","AKL","P","A","CN","unavailable","unavailable","75+","F","","N","unavailable","unavailable",6
"202504","unavailable","SZX","AKL","P","A","ES","unavailable","unavailable","25 - 34 years","M","","N","unavailable","unavailable",6
"202504","unavailable","HKG","AKL","P","A","PH","unavailable","unavailable","12 - 18 years","M","","N","unavailable","unavailable",6
"202504","unavailable","KUL","AKL","P","A","MY","unavailable","unavailable","25 - 34 years","M","","N","unavailable","unavailable",6
"202504","unavailable","HKG","AKL","P","A","IN","unavailable","unavailable","19 - 24 years","M","","N","unavailable","unavailable",6
"202504","unavailable","SIN","AKL","P","A","SG","unavailable","unavailable","55 - 64 years","M","","N","unavailable","unavailable",6
"202504","unavailable","SFO","AKL","P","A","US","unavailable","unavailable","35 - 44 years","M","","N","unavailable","unavailable",6
"202504","unavailable","LAX","AKL","P","A","US","unavailable","unavailable","19 - 24 years","M","","N","unavailable","unavailable",6
"202504","unavailable","MEL","WLG","P","A","AU","unavailable","unavailable","25 - 34 years","M","","N","unavailable","unavailable",6
"202504","unavailable","SYD","AKL","P","A","PH","unavailable","unavailable","25 - 34 years","M","","N","unavailable","unavailable",6
"202504","unavailable","DXB","AKL","P","A","XX","unavailable","unavailable","45 - 54 years","M","","N","unavailable","unavailable",6
"202504","unavailable","DOH","AKL","P","A","DE","unavailable","unavailable","19 - 24 years","F","","N","unavailable","unavailable",6
"202504","unavailable","SIN","AKL","P","A","IN","unavailable","unavailable","65 - 74 years","M","","N","unavailable","unavailable",6
"202504","unavailable","SYD","AKL","P","A","ID","unavailable","unavailable","35 - 44 years","M","","N","unavailable","unavailable",6
"202504","unavailable","SIN","AKL","P","A","NP","unavailable","unavailable","25 - 34 years","M","","N","unavailable","unavailable",6
"202504","unavailable","PER","AKL","P","A","AU","unavailable","unavailable","35 - 44 years","M","","N","unavailable","unavailable",6
"202504","unavailable","SIN","CHC","P","A","IN","unavailable","unavailable","01 - 11 years","F","","N","unavailable","unavailable",6
"202504","unavailable","PER","AKL","P","A","AU","unavailable","unavailable","01 - 11 years","M","","N","unavailable","unavailable",6
"202504","unavailable","SCL","AKL","P","A","BR","unavailable","unavailable","01 - 11 years","M","","N","unavailable","unavailable",6
"202504","unavailable","HKG","AKL","P","A","VN","unavailable","unavailable","19 - 24 years","M","","N","unavailable","unavailable",6
"202504","unavailable","XXA","AKL","P","A","CN","unavailable","unavailable","45 - 54 years","M","","N","unavailable","unavailable",6
"202504","unavailable","KUL","AKL","P","A","NP","unavailable","unavailable","25 - 34 years","F","","N","unavailable","unavailable",6
"202504","unavailable","XXA","AKL","P","A","FR","unavailable","unavailable","25 - 34 years","M","","N","unavailable","unavailable",6
"202504","unavailable","SYD","AKL","P","A","PH","unavailable","unavailable","35 - 44 years","M","","N","unavailable","unavailable",6
"202504","unavailable","SIN","CHC","P","A","SG","unavailable","unavailable","25 - 34 years","F","","N","unavailable","unavailable",6
"202504","unavailable","SYD","AKL","P","A","AU","unavailable","unavailable","55 - 64 years","M","","N","unavailable","unavailable",6
"202504","unavailable","CAN","AKL","P","A","CN","unavailable","unavailable","45 - 54 years","F","","N","unavailable","unavailable",6
"202504","unavailable","APW","AKL","P","A","XX","unavailable","unavailable","75+","F","","N","unavailable","unavailable",6
"202504","unavailable","SYD","AKL","P","A","AU","unavailable","unavailable","55 - 64 years","F","","N","unavailable","unavailable",6
"202504","unavailable","MEL","CHC","P","A","AU","unavailable","unavailable","25 - 34 years","F","","N","unavailable","unavailable",6
"202504","unavailable","DXB","AKL","P","A","XX","unavailable","unavailable","45 - 54 years","F","","N","unavailable","unavailable",6
"202504","unavailable","MEL","CHC","P","A","AU","unavailable","unavailable","35 - 44 years","F","","N","unavailable","unavailable",6
"202504","unavailable","MEL","AKL","P","A","XX","unavailable","unavailable","25 - 34 years","F","","N","unavailable","unavailable",6
"202504","unavailable","SEL","AKL","P","A","KR","unavailable","unavailable","65 - 74 years","M","","N","unavailable","unavailable",6
"202504","unavailable","OOL","AKL","P","A","AU","unavailable","unavailable","25 - 34 years","F","","N","unavailable","unavailable",6
"202504","unavailable","DOH","AKL","P","A","GB","unavailable","unavailable","01 - 11 years","M","","N","unavailable","unavailable",6
"202504","unavailable","KUL","AKL","P","A","LK","unavailable","unavailable","01 - 11 years","M","","N","unavailable","unavailable",6
"202504","unavailable","LAX","AKL","P","A","US","unavailable","unavailable","25 - 34 years","M","","N","unavailable","unavailable",6
"202504","unavailable","SYD","AKL","P","A","GB","unavailable","unavailable","25 - 34 years","M","","N","unavailable","unavailable",6
"202504","unavailable","SIN","AKL","P","A","IN","unavailable","unavailable","55 - 64 years","F","","N","unavailable","unavailable",6
"202504","unavailable","LAX","AKL","P","A","CA","unavailable","unavailable","25 - 34 years","M","","N","unavailable","unavailable",6
"202504","unavailable","SYD","AKL","P","A","AU","unavailable","unavailable","01 - 11 years","M","","N","unavailable","unavailable",6
"202504","unavailable","DXB","AKL","P","A","XX","unavailable","unavailable","12 - 18 years","F","","N","unavailable","unavailable",6
"202504","unavailable","SIN","CHC","P","A","IN","unavailable","unavailable","12 - 18 years","F","","N","unavailable","unavailable",6
"202504","unavailable","PER","AKL","P","A","AU","unavailable","unavailable","25 - 34 years","F","","N","unavailable","unavailable",6
"202504","unavailable","MEL","AKL","P","A","AU","unavailable","unavailable","65 - 74 years","M","","N","unavailable","unavailable",6
"202504","unavailable","TPE","AKL","P","A","TW","unavailable","unavailable","25 - 34 years","M","","N","unavailable","unavailable",6
"202504","unavailable","DXB","AKL","P","A","XX","unavailable","unavailable","19 - 24 years","F","","N","unavailable","unavailable",6
"202504","unavailable","KUL","AKL","P","A","IN","unavailable","unavailable","65 - 74 years","M","","N","unavailable","unavailable",6
"202504","unavailable","SIN","AKL","P","A","IN","unavailable","unavailable","Less than 1 year","F","","N","unavailable","unavailable",6
"202504","unavailable","XXA","AKL","P","A","CN","unavailable","unavailable","01 - 11 years","F","","N","unavailable","unavailable",6
"202504","unavailable","APW","AKL","P","A","WS","unavailable","unavailable","35 - 44 years","M","","N","unavailable","unavailable",6
"202504","unavailable","SHA","AKL","P","A","CZ","unavailable","unavailable","25 - 34 years","F","","N","unavailable","unavailable",6
"202504","unavailable","KUL","AKL","P","A","FR","unavailable","unavailable","19 - 24 years","M","","N","unavailable","unavailable",6
"202504","unavailable","SIN","AKL","P","A","IN","unavailable","unavailable","65 - 74 years","F","","N","unavailable","unavailable",6
"202504","unavailable","HKG","AKL","P","A","CN","unavailable","unavailable","35 - 44 years","F","","N","unavailable","unavailable",6
"202504","unavailable","MEL","CHC","P","A","AU","unavailable","unavailable","45 - 54 years","F","","N","unavailable","unavailable",6
"202504","unavailable","DXB","AKL","P","A","IN","unavailable","unavailable","25 - 34 years","M","","N","unavailable","unavailable",6
"202504","unavailable","HKG","AKL","P","A","HK","unavailable","unavailable","25 - 34 years","F","","N","unavailable","unavailable",6
"202504","unavailable","MEL","AKL","P","A","AU","unavailable","unavailable","45 - 54 years","M","","N","unavailable","unavailable",6
"202504","unavailable","SIN","AKL","P","A","BD","unavailable","unavailable","01 - 11 years","M","","N","unavailable","unavailable",6
"202504","unavailable","SIN","AKL","P","A","GB","unavailable","unavailable","19 - 24 years","M","","N","unavailable","unavailable",6
"202504","unavailable","MEL","AKL","P","A","AU","unavailable","unavailable","55 - 64 years","M","","N","unavailable","unavailable",6
"202504","unavailable","PEK","AKL","P","A","CN","unavailable","unavailable","65 - 74 years","F","","N","unavailable","unavailable",6
"202504","unavailable","NAN","AKL","P","A","FJ","unavailable","unavailable","12 - 18 years","F","","N","unavailable","unavailable",6
"202504","unavailable","SHA","AKL","P","A","LK","unavailable","unavailable","35 - 44 years","F","","N","unavailable","unavailable",6
"202504","unavailable","CAN","AKL","P","A","PH","unavailable","unavailable","25 - 34 years","M","","N","unavailable","unavailable",6
"202504","unavailable","MEL","AKL","P","A","AU","unavailable","unavailable","45 - 54 years","F","","N","unavailable","unavailable",6
"202504","unavailable","MEL","AKL","P","A","AU","unavailable","unavailable","19 - 24 years","F","","N","unavailable","unavailable",6
"202504","unavailable","NAN","AKL","P","A","FJ","unavailable","unavailable","25 - 34 years","M","","N","unavailable","unavailable",6
"202504","unavailable","PER","AKL","P","A","AU","unavailable","unavailable","12 - 18 years","M","","N","unavailable","unavailable",6
"202504","unavailable","SCL","AKL","P","A","UY","unavailable","unavailable","25 - 34 years","F","","N","unavailable","unavailable",6
"202504","unavailable","SYD","AKL","P","A","XX","unavailable","unavailable","45 - 54 years","F","","N","unavailable","unavailable",6
"202504","unavailable","HKG","AKL","P","A","CN","unavailable","unavailable","25 - 34 years","F","","N","unavailable","unavailable",6
"202504","unavailable","XXA","AKL","P","A","CN","unavailable","unavailable","55 - 64 years","F","","N","unavailable","unavailable",6
"202504","unavailable","NAN","AKL","P","A","JP","unavailable","unavailable","25 - 34 years","F","","N","unavailable","unavailable",6
"202504","unavailable","NAN","AKL","P","A","FJ","unavailable","unavailable","25 - 34 years","F","","N","unavailable","unavailable",6
"202504","unavailable","DOH","AKL","P","A","GB","unavailable","unavailable","25 - 34 years","M","","N","unavailable","unavailable",6
"202504","unavailable","CAN","AKL","P","A","CN","unavailable","unavailable","19 - 24 years","F","","N","unavailable","unavailable",6
"202504","unavailable","SYD","AKL","P","A","JP","unavailable","unavailable","19 - 24 years","F","","N","unavailable","unavailable",6
"202504","unavailable","KUL","AKL","P","A","IN","unavailable","unavailable","55 - 64 years","F","","N","unavailable","unavailable",6
"202504","unavailable","PEK","AKL","P","A","CN","unavailable","unavailable","01 - 11 years","F","","N","unavailable","unavailable",6
"202504","unavailable","DOH","AKL","P","A","ES","unavailable","unavailable","25 - 34 years","M","","N","unavailable","unavailable",6
"202504","unavailable","SCL","AKL","P","A","UY","unavailable","unavailable","25 - 34 years","M","","N","unavailable","unavailable",6
"202504","unavailable","SYD","CHC","P","A","AU","unavailable","unavailable","25 - 34 years","M","","N","unavailable","unavailable",6
"202504","unavailable","DXB","AKL","P","A","ZA","unavailable","unavailable","01 - 11 years","M","","N","unavailable","unavailable",6
"202504","unavailable","BNE","AKL","P","A","AU","unavailable","unavailable","65 - 74 years","M","","N","unavailable","unavailable",6
"202504","unavailable","MEL","AKL","P","A","XX","unavailable","unavailable","01 - 11 years","M","","N","unavailable","unavailable",6
"202504","unavailable","DPS","AKL","P","A","ID","unavailable","unavailable","25 - 34 years","M","","N","unavailable","unavailable",6
"202504","unavailable","SIN","AKL","P","A","XX","unavailable","unavailable","25 - 34 years","F","","N","unavailable","unavailable",6
"202504","unavailable","SHA","AKL","P","A","JP","unavailable","unavailable","25 - 34 years","M","","N","unavailable","unavailable",6
"202504","unavailable","SHA","AKL","P","A","LK","unavailable","unavailable","35 - 44 years","M","","N","unavailable","unavailable",6
"202504","unavailable","HKG","AKL","P","A","HK","unavailable","unavailable","55 - 64 years","F","","N","unavailable","unavailable",6
"202504","unavailable","SIN","AKL","P","A","SG","unavailable","unavailable","12 - 18 years","M","","N","unavailable","unavailable",6
"202504","unavailable","HKG","AKL","P","A","IN","unavailable","unavailable","35 - 44 years","M","","N","unavailable","unavailable",6
"202504","unavailable","SYD","AKL","P","A","XX","unavailable","unavailable","12 - 18 years","F","","N","unavailable","unavailable",6
"202504","unavailable","SYD","ZQN","P","A","AU","unavailable","unavailable","25 - 34 years","F","","N","unavailable","unavailable",6
"202504","unavailable","PER","AKL","P","A","AU","unavailable","unavailable","35 - 44 years","F","","N","unavailable","unavailable",6
"202504","unavailable","BNE","AKL","P","A","AU","unavailable","unavailable","65 - 74 years","F","","N","unavailable","unavailable",6
"202504","unavailable","BNE","AKL","P","A","AU","unavailable","unavailable","55 - 64 years","F","","N","unavailable","unavailable",6
"202504","unavailable","TPE","AKL","P","A","TW","unavailable","unavailable","25 - 34 years","F","","N","unavailable","unavailable",6
"202504","unavailable","PEK","AKL","P","A","CN","unavailable","unavailable","45 - 54 years","F","","N","unavailable","unavailable",6
"202504","unavailable","SEL","AKL","P","A","KR","unavailable","unavailable","12 - 18 years","M","","N","unavailable","unavailable",6
"202504","unavailable","KUL","AKL","P","A","LK","unavailable","unavailable","25 - 34 years","M","","N","unavailable","unavailable",6
"202504","unavailable","KUL","AKL","P","A","MY","unavailable","unavailable","25 - 34 years","F","","N","unavailable","unavailable",6
"202504","unavailable","SYD","AKL","P","A","XX","unavailable","unavailable","35 - 44 years","M","","N","unavailable","unavailable",6
"202504","unavailable","HKG","AKL","P","A","PH","unavailable","unavailable","12 - 18 years","F","","N","unavailable","unavailable",6
"202504","unavailable","DXB","AKL","P","A","XX","unavailable","unavailable","55 - 64 years","F","","N","unavailable","unavailable",6
"202504","unavailable","SEL","AKL","P","A","KR","unavailable","unavailable","12 - 18 years","F","","N","unavailable","unavailable",6
"202504","unavailable","BNE","AKL","P","A","PH","unavailable","unavailable","01 - 11 years","M","","N","unavailable","unavailable",6
"202504","unavailable","SIN","AKL","P","A","XX","unavailable","unavailable","01 - 11 years","M","","N","unavailable","unavailable",6
"202504","unavailable","BNE","AKL","P","A","PH","unavailable","unavailable","35 - 44 years","M","","N","unavailable","unavailable",6
"202504","unavailable","BNE","AKL","P","A","JP","unavailable","unavailable","25 - 34 years","F","","N","unavailable","unavailable",6
"202504","unavailable","NAN","AKL","P","A","IT","unavailable","unavailable","25 - 34 years","F","","N","unavailable","unavailable",3
"202504","unavailable","NRT","AKL","P","A","AU","unavailable","unavailable","25 - 34 years","M","","N","unavailable","unavailable",3
"202504","unavailable","BNE","WLG","P","A","XX","unavailable","unavailable","12 - 18 years","F","","N","unavailable","unavailable",3
"202504","unavailable","SYD","CHC","P","A","PH","unavailable","unavailable","25 - 34 years","M","","N","unavailable","unavailable",3
"202504","unavailable","SIN","CHC","P","A","IN","unavailable","unavailable","35 - 44 years","M","","N","unavailable","unavailable",3
"202504","unavailable","LAX","AKL","P","A","US","unavailable","unavailable","35 - 44 years","F","","N","unavailable","unavailable",3
"202504","unavailable","NAN","AKL","P","A","KI","unavailable","unavailable","25 - 34 years","F","","N","unavailable","unavailable",3
"202504","unavailable","XXA","AKL","P","A","XX","unavailable","unavailable","12 - 18 years","M","","N","unavailable","unavailable",3
"202504","unavailable","DXB","AKL","P","A","DE","unavailable","unavailable","25 - 34 years","F","","N","unavailable","unavailable",3
"202504","unavailable","DOH","AKL","P","A","IR","unavailable","unavailable","25 - 34 years","M","","N","unavailable","unavailable",3
"202504","unavailable","RAR","AKL","P","A","CK","unavailable","unavailable","25 - 34 years","M","","N","unavailable","unavailable",3
"202504","unavailable","CNS","CHC","P","A","JP","unavailable","unavailable","19 - 24 years","M","","N","unavailable","unavailable",3
"202504","unavailable","SIN","AKL","P","A","VN","unavailable","unavailable","45 - 54 years","F","","N","unavailable","unavailable",3
"202504","unavailable","SYD","CHC","P","A","TH","unavailable","unavailable","25 - 34 years","F","","N","unavailable","unavailable",3
"202504","unavailable","SIN","AKL","P","A","CA","unavailable","unavailable","25 - 34 years","M","","N","unavailable","unavailable",3
"202504","unavailable","SIN","AKL","P","A","PH","unavailable","unavailable","01 - 11 years","F","","N","unavailable","unavailable",3
"202504","unavailable","DOH","AKL","P","A","XX","unavailable","unavailable","19 - 24 years","M","","N","unavailable","unavailable",3
"202504","unavailable","DXB","AKL","P","A","XX","unavailable","unavailable","65 - 74 years","F","","N","unavailable","unavailable",3
"202504","unavailable","MEL","ZQN","P","A","CA","unavailable","unavailable","19 - 24 years","F","","N","unavailable","unavailable",3
"202504","unavailable","KUL","AKL","P","A","BD","unavailable","unavailable","01 - 11 years","F","","N","unavailable","unavailable",3
"202504","unavailable","KUL","AKL","P","A","PH","unavailable","unavailable","25 - 34 years","F","","N","unavailable","unavailable",3
"202504","unavailable","DOH","AKL","P","A","GB","unavailable","unavailable","12 - 18 years","F","","N","unavailable","unavailable",3
"202504","unavailable","SYD","WLG","P","A","IN","unavailable","unavailable","01 - 11 years","M","","N","unavailable","unavailable",3
"202504","unavailable","HKG","AKL","P","A","IN","unavailable","unavailable","35 - 44 years","F","","N","unavailable","unavailable",3
"202504","unavailable","SFO","AKL","P","A","GB","unavailable","unavailable","35 - 44 years","F","","N","unavailable","unavailable",3
"202504","unavailable","SYD","AKL","P","A","AU","unavailable","unavailable","12 - 18 years","M","","N","unavailable","unavailable",3
"202504","unavailable","SIN","AKL","P","A","PH","unavailable","unavailable","25 - 34 years","M","","N","unavailable","unavailable",3
"202504","unavailable","SYD","CHC","P","A","JP","unavailable","unavailable","25 - 34 years","F","","N","unavailable","unavailable",3
"202504","unavailable","SHA","AKL","P","A","IT","unavailable","unavailable","25 - 34 years","F","","N","unavailable","unavailable",3
"202504","unavailable","NOU","AKL","P","A","NC","unavailable","unavailable","25 - 34 years","M","","N","unavailable","unavailable",3
"202504","unavailable","ADL","AKL","P","A","AU","unavailable","unavailable","35 - 44 years","M","","N","unavailable","unavailable",3
"202504","unavailable","NAN","AKL","P","A","CA","unavailable","unavailable","25 - 34 years","M","","N","unavailable","unavailable",3
"202504","unavailable","TBU","AKL","P","A","TO","unavailable","unavailable","19 - 24 years","M","","N","unavailable","unavailable",3
"202504","unavailable","SIN","AKL","P","A","ID","unavailable","unavailable","45 - 54 years","F","","N","unavailable","unavailable",3
"202504","unavailable","HKG","AKL","P","A","IN","unavailable","unavailable","19 - 24 years","F","","N","unavailable","unavailable",3
"202504","unavailable","PEK","AKL","P","A","CN","unavailable","unavailable","55 - 64 years","M","","N","unavailable","unavailable",3
"202504","unavailable","SYD","AKL","P","A","XX","unavailable","unavailable","25 - 34 years","M","","N","unavailable","unavailable",3
"202504","unavailable","KUL","AKL","P","A","PH","unavailable","unavailable","35 - 44 years","F","","N","unavailable","unavailable",3
"202504","unavailable","PER","AKL","P","A","XX","unavailable","unavailable","25 - 34 years","F","","N","unavailable","unavailable",3
"202504","unavailable","PER","AKL","P","A","XX","unavailable","unavailable","65 - 74 years","F","","N","unavailable","unavailable",3
"202504","unavailable","SIN","AKL","P","A","BD","unavailable","unavailable","25 - 34 years","F","","N","unavailable","unavailable",3
"202504","unavailable","PER","AKL","P","A","XX","unavailable","unavailable","75+","F","","N","unavailable","unavailable",3
"202504","unavailable","SYD","AKL","P","A","KR","unavailable","unavailable","45 - 54 years","F","","N","unavailable","unavailable",3
"202504","unavailable","NAN","AKL","P","A","US","unavailable","unavailable","25 - 34 years","F","","N","unavailable","unavailable",3
"202504","unavailable","NAN","AKL","P","A","CN","unavailable","unavailable","55 - 64 years","F","","N","unavailable","unavailable",3
"202504","unavailable","MEL","AKL","P","A","LK","unavailable","unavailable","35 - 44 years","F","","N","unavailable","unavailable",3
"202504","unavailable","SZX","AKL","P","A","CN","unavailable","unavailable","12 - 18 years","F","","N","unavailable","unavailable",3
"202504","unavailable","OOL","WLG","P","A","AU","unavailable","unavailable","19 - 24 years","M","","N","unavailable","unavailable",3
"202504","unavailable","HNL","AKL","P","A","XX","unavailable","unavailable","45 - 54 years","M","","N","unavailable","unavailable",3
"202504","unavailable","OOL","AKL","P","A","XX","unavailable","unavailable","55 - 64 years","M","","N","unavailable","unavailable",3
"202504","unavailable","NAN","AKL","P","A","IN","unavailable","unavailable","01 - 11 years","F","","N","unavailable","unavailable",3
"202504","unavailable","SIN","AKL","P","A","DE","unavailable","unavailable","45 - 54 years","F","","N","unavailable","unavailable",3
"202504","unavailable","SHA","AKL","P","A","JP","unavailable","unavailable","19 - 24 years","M","","N","unavailable","unavailable",3
"202504","unavailable","SYD","AKL","P","A","LK","unavailable","unavailable","01 - 11 years","F","","N","unavailable","unavailable",3
"202504","unavailable","HKG","AKL","P","A","PH","unavailable","unavailable","19 - 24 years","M","","N","unavailable","unavailable",3
"202504","unavailable","NAN","WLG","P","A","KI","unavailable","unavailable","12 - 18 years","M","","N","unavailable","unavailable",3
"202504","unavailable","HKG","AKL","P","A","XX","unavailable","unavailable","55 - 64 years","F","","N","unavailable","unavailable",3
"202504","unavailable","HKG","AKL","P","A","MY","unavailable","unavailable","35 - 44 years","F","","N","unavailable","unavailable",3
"202504","unavailable","DXB","AKL","P","A","IN","unavailable","unavailable","75+","F","","N","unavailable","unavailable",3
"202504","unavailable","OOL","CHC","P","A","AU","unavailable","unavailable","12 - 18 years","F","","N","unavailable","unavailable",3
"202504","unavailable","SIN","AKL","P","A","GB","unavailable","unavailable","45 - 54 years","M","","N","unavailable","unavailable",3
"202504","unavailable","SYD","CHC","P","A","JP","unavailable","unavailable","19 - 24 years","F","","N","unavailable","unavailable",3
"202504","unavailable","OOL","CHC","P","A","JP","unavailable","unavailable","25 - 34 years","F","","N","unavailable","unavailable",3
"202504","unavailable","SHA","AKL","P","A","MA","unavailable","unavailable","25 - 34 years","F","","N","unavailable","unavailable",3
"202504","unavailable","TBU","AKL","P","A","TO","unavailable","unavailable","35 - 44 years","F","","N","unavailable","unavailable",3
"202504","unavailable","SIN","AKL","P","A","TH","unavailable","unavailable","01 - 11 years","M","","N","unavailable","unavailable",3
"202504","unavailable","TBU","AKL","P","A","TO","unavailable","unavailable","01 - 11 years","F","","N","unavailable","unavailable",3
"202504","unavailable","TBU","AKL","P","A","TO","unavailable","unavailable","35 - 44 years","M","","N","unavailable","unavailable",3
"202504","unavailable","SYD","CHC","P","A","PH","unavailable","unavailable","01 - 11 years","M","","N","unavailable","unavailable",3
"202504","unavailable","TBU","AKL","P","A","XX","unavailable","unavailable","01 - 11 years","F","","N","unavailable","unavailable",3
"202504","unavailable","BNE","AKL","P","A","XX","unavailable","unavailable","12 - 18 years","F","","N","unavailable","unavailable",3
"202504","unavailable","SIN","AKL","P","A","LK","unavailable","unavailable","45 - 54 years","F","","N","unavailable","unavailable",3
"202504","unavailable","SFO","AKL","P","A","US","unavailable","unavailable","35 - 44 years","F","","N","unavailable","unavailable",3
"202504","unavailable","NAN","WLG","P","A","XX","unavailable","unavailable","45 - 54 years","F","","N","unavailable","unavailable",3
"202504","unavailable","NAN","AKL","P","A","XX","unavailable","unavailable","35 - 44 years","F","","N","unavailable","unavailable",3
"202504","unavailable","MEL","AKL","P","A","FR","unavailable","unavailable","25 - 34 years","M","","N","unavailable","unavailable",3
"202504","unavailable","NRT","AKL","P","A","JP","unavailable","unavailable","45 - 54 years","M","","N","unavailable","unavailable",3
"202504","unavailable","SCL","AKL","P","A","CO","unavailable","unavailable","55 - 64 years","F","","N","unavailable","unavailable",3
"202504","unavailable","OOL","AKL","P","A","AU","unavailable","unavailable","12 - 18 years","M","","N","unavailable","unavailable",3
"202504","unavailable","XXA","AKL","P","A","NP","unavailable","unavailable","25 - 34 years","F","","N","unavailable","unavailable",3
"202504","unavailable","MEL","AKL","P","A","ES","unavailable","unavailable","25 - 34 years","M","","N","unavailable","unavailable",3
"202504","unavailable","SYD","CHC","P","A","CA","unavailable","unavailable","25 - 34 years","M","","N","unavailable","unavailable",3
"202504","unavailable","MEL","ZQN","P","A","AU","unavailable","unavailable","45 - 54 years","M","","N","unavailable","unavailable",3
"202504","unavailable","HKG","AKL","P","A","IE","unavailable","unavailable","25 - 34 years","F","","N","unavailable","unavailable",3
"202504","unavailable","HKG","AKL","P","A","MY","unavailable","unavailable","25 - 34 years","F","","N","unavailable","unavailable",3
"202504","unavailable","IAH","AKL","P","A","US","unavailable","unavailable","35 - 44 years","M","","N","unavailable","unavailable",3
"202504","unavailable","MEL","ZQN","P","A","DE","unavailable","unavailable","25 - 34 years","M","","N","unavailable","unavailable",3
"202504","unavailable","BNE","WLG","P","A","AU","unavailable","unavailable","65 - 74 years","M","","N","unavailable","unavailable",3
"202504","unavailable","DXB","AKL","P","A","FR","unavailable","unavailable","25 - 34 years","M","","N","unavailable","unavailable",3
"202504","unavailable","SCL","AKL","P","A","CL","unavailable","unavailable","19 - 24 years","M","","N","unavailable","unavailable",3
"202504","unavailable","SYD","AKL","P","A","SG","unavailable","unavailable","55 - 64 years","M","","N","unavailable","unavailable",3
"202504","unavailable","OOL","CHC","P","A","AU","unavailable","unavailable","25 - 34 years","F","","N","unavailable","unavailable",3
"202504","unavailable","BNE","WLG","P","A","AU","unavailable","unavailable","12 - 18 years","F","","N","unavailable","unavailable",3
"202504","unavailable","PER","AKL","P","A","XX","unavailable","unavailable","19 - 24 years","F","","N","unavailable","unavailable",3
"202504","unavailable","SHA","AKL","P","A","LK","unavailable","unavailable","45 - 54 years","M","","N","unavailable","unavailable",3
"202504","unavailable","MEL","AKL","P","A","XX","unavailable","unavailable","35 - 44 years","F","","N","unavailable","unavailable",3
"202504","unavailable","APW","AKL","P","A","WS","unavailable","unavailable","25 - 34 years","M","","N","unavailable","unavailable",3
"202504","unavailable","MEL","AKL","P","A","CA","unavailable","unavailable","25 - 34 years","F","","N","unavailable","unavailable",3
"202504","unavailable","SHA","AKL","P","A","AU","unavailable","unavailable","25 - 34 years","M","","N","unavailable","unavailable",3
"202504","unavailable","KUL","AKL","P","A","LK","unavailable","unavailable","12 - 18 years","M","","N","unavailable","unavailable",3
"202504","unavailable","SCL","AKL","P","A","DE","unavailable","unavailable","25 - 34 years","F","","N","unavailable","unavailable",3
"202504","unavailable","SFO","AKL","P","A","IE","unavailable","unavailable","19 - 24 years","M","","N","unavailable","unavailable",3
"202504","unavailable","SZX","AKL","P","A","CN","unavailable","unavailable","19 - 24 years","F","","N","unavailable","unavailable",3
"202504","unavailable","SHA","AKL","P","A","XX","unavailable","unavailable","01 - 11 years","F","","N","unavailable","unavailable",3
"202504","unavailable","LAX","AKL","P","A","US","unavailable","unavailable","45 - 54 years","F","","N","unavailable","unavailable",3
"202504","unavailable","SYD","ZQN","P","A","AU","unavailable","unavailable","35 - 44 years","M","","N","unavailable","unavailable",3
"202504","unavailable","SIN","AKL","P","A","XX","unavailable","unavailable","25 - 34 years","M","","N","unavailable","unavailable",3
"202504","unavailable","SYD","ZQN","P","A","KR","unavailable","unavailable","25 - 34 years","M","","N","unavailable","unavailable",3
"202504","unavailable","HKG","AKL","P","A","PH","unavailable","unavailable","55 - 64 years","M","","N","unavailable","unavailable",3
"202504","unavailable","DOH","AKL","P","A","CZ","unavailable","unavailable","25 - 34 years","M","","N","unavailable","unavailable",3
"202504","unavailable","HKG","AKL","P","A","LK","unavailable","unavailable","01 - 11 years","M","","N","unavailable","unavailable",3
"202504","unavailable","SYD","AKL","P","A","TW","unavailable","unavailable","25 - 34 years","F","","N","unavailable","unavailable",3
"202504","unavailable","XXA","AKL","P","A","CN","unavailable","unavailable","65 - 74 years","M","","N","unavailable","unavailable",3
"202504","unavailable","KUL","AKL","P","A","XX","unavailable","unavailable","35 - 44 years","F","","N","unavailable","unavailable",3
"202504","unavailable","NAN","AKL","P","A","TK","unavailable","unavailable","12 - 18 years","M","","N","unavailable","unavailable",3
"202504","unavailable","SHA","AKL","P","A","TH","unavailable","unavailable","35 - 44 years","M","","N","unavailable","unavailable",3
"202504","unavailable","SIN","AKL","P","A","ZW","unavailable","unavailable","12 - 18 years","F","","N","unavailable","unavailable",3
"202504","unavailable","SIN","AKL","P","A","BE","unavailable","unavailable","19 - 24 years","M","","N","unavailable","unavailable",3
"202504","unavailable","HKG","AKL","P","A","TH","unavailable","unavailable","45 - 54 years","M","","N","unavailable","unavailable",3
"202504","unavailable","DXB","AKL","P","A","NL","unavailable","unavailable","75+","M","","N","unavailable","unavailable",3
"202504","unavailable","SEL","AKL","P","A","CN","unavailable","unavailable","25 - 34 years","M","","N","unavailable","unavailable",3
"202504","unavailable","HKG","AKL","P","A","VN","unavailable","unavailable","19 - 24 years","F","","N","unavailable","unavailable",3
"202504","unavailable","NAN","CHC","P","A","JP","unavailable","unavailable","35 - 44 years","M","","N","unavailable","unavailable",3
"202504","unavailable","BNE","AKL","P","A","PH","unavailable","unavailable","19 - 24 years","M","","N","unavailable","unavailable",3
"202504","unavailable","DXB","AKL","P","A","GB","unavailable","unavailable","01 - 11 years","F","","N","unavailable","unavailable",3
"202504","unavailable","NOU","AKL","P","A","NC","unavailable","unavailable","35 - 44 years","F","","N","unavailable","unavailable",3
"202504","unavailable","SYD","CHC","P","A","XX","unavailable","unavailable","45 - 54 years","M","","N","unavailable","unavailable",3
"202504","unavailable","CAN","AKL","P","A","PH","unavailable","unavailable","12 - 18 years","M","","N","unavailable","unavailable",3
"202504","unavailable","SYD","CHC","P","A","PH","unavailable","unavailable","19 - 24 years","F","","N","unavailable","unavailable",3
"202504","unavailable","RAR","AKL","P","A","XX","unavailable","unavailable","19 - 24 years","M","","N","unavailable","unavailable",3
"202504","unavailable","HKG","AKL","P","A","XX","unavailable","unavailable","45 - 54 years","M","","N","unavailable","unavailable",3
"202504","unavailable","DXB","AKL","P","A","ZW","unavailable","unavailable","01 - 11 years","F","","N","unavailable","unavailable",3
"202504","unavailable","SCL","AKL","P","A","AU","unavailable","unavailable","25 - 34 years","F","","N","unavailable","unavailable",3
"202504","unavailable","MEL","AKL","P","A","PH","unavailable","unavailable","01 - 11 years","M","","N","unavailable","unavailable",3
"202504","unavailable","HNL","AKL","P","A","US","unavailable","unavailable","45 - 54 years","F","","N","unavailable","unavailable",3
"202504","unavailable","KUL","AKL","P","A","NP","unavailable","unavailable","01 - 11 years","F","","N","unavailable","unavailable",3
"202504","unavailable","DOH","AKL","P","A","BR","unavailable","unavailable","35 - 44 years","M","","N","unavailable","unavailable",3
"202504","unavailable","DOH","AKL","P","A","ES","unavailable","unavailable","19 - 24 years","M","","N","unavailable","unavailable",3
"202504","unavailable","KUL","AKL","P","A","MY","unavailable","unavailable","19 - 24 years","F","","N","unavailable","unavailable",3
"202504","unavailable","MEL","AKL","P","A","AU","unavailable","unavailable","01 - 11 years","M","","N","unavailable","unavailable",3
"202504","unavailable","DXB","AKL","P","A","AE","unavailable","unavailable","35 - 44 years","M","","N","unavailable","unavailable",3
"202504","unavailable","ADL","AKL","P","A","AU","unavailable","unavailable","25 - 34 years","F","","N","unavailable","unavailable",3
"202504","unavailable","RAR","AKL","P","A","XX","unavailable","unavailable","01 - 11 years","M","","N","unavailable","unavailable",3
"202504","unavailable","YVR","AKL","P","A","CA","unavailable","unavailable","01 - 11 years","M","","N","unavailable","unavailable",3
"202504","unavailable","CNS","AKL","P","A","AU","unavailable","unavailable","01 - 11 years","F","","N","unavailable","unavailable",3
"202504","unavailable","SIN","AKL","P","A","SG","unavailable","unavailable","45 - 54 years","F","","N","unavailable","unavailable",3
"202504","unavailable","TPE","AKL","P","A","XX","unavailable","unavailable","65 - 74 years","F","","N","unavailable","unavailable",3
"202504","unavailable","DXB","AKL","P","A","NP","unavailable","unavailable","19 - 24 years","F","","N","unavailable","unavailable",3
"202504","unavailable","SIN","CHC","P","A","LK","unavailable","unavailable","25 - 34 years","F","","N","unavailable","unavailable",3
"202504","unavailable","HKG","AKL","P","A","HK","unavailable","unavailable","19 - 24 years","M","","N","unavailable","unavailable",3
"202504","unavailable","MEL","CHC","P","A","XX","unavailable","unavailable","45 - 54 years","M","","N","unavailable","unavailable",3
"202504","unavailable","CAN","AKL","P","A","PK","unavailable","unavailable","25 - 34 years","M","","N","unavailable","unavailable",3
"202504","unavailable","DXB","AKL","P","A","ET","unavailable","unavailable","45 - 54 years","F","","N","unavailable","unavailable",3
"202504","unavailable","RAR","AKL","P","A","CK","unavailable","unavailable","25 - 34 years","F","","N","unavailable","unavailable",3
"202504","unavailable","RAR","AKL","P","A","CK","unavailable","unavailable","01 - 11 years","M","","N","unavailable","unavailable",3
"202504","unavailable","SYD","CHC","P","A","GB","unavailable","unavailable","75+","F","","N","unavailable","unavailable",3
"202504","unavailable","HKG","AKL","P","A","XX","unavailable","unavailable","45 - 54 years","F","","N","unavailable","unavailable",3
"202504","unavailable","PER","AKL","P","A","XX","unavailable","unavailable","45 - 54 years","F","","N","unavailable","unavailable",3
"202504","unavailable","RAR","AKL","P","A","XX","unavailable","unavailable","25 - 34 years","F","","N","unavailable","unavailable",3
"202504","unavailable","SYD","WLG","P","A","CA","unavailable","unavailable","75+","M","","N","unavailable","unavailable",3
"202504","unavailable","KUL","AKL","P","A","XX","unavailable","unavailable","25 - 34 years","M","","N","unavailable","unavailable",3
"202504","unavailable","DOH","AKL","P","A","QA","unavailable","unavailable","25 - 34 years","F","","N","unavailable","unavailable",3
"202504","unavailable","SCL","AKL","P","A","CO","unavailable","unavailable","25 - 34 years","F","","N","unavailable","unavailable",3
"202504","unavailable","SYD","WLG","P","A","GB","unavailable","unavailable","35 - 44 years","M","","N","unavailable","unavailable",3
"202504","unavailable","BNE","AKL","P","A","GB","unavailable","unavailable","19 - 24 years","M","","N","unavailable","unavailable",3
"202504","unavailable","HKG","AKL","P","A","CA","unavailable","unavailable","01 - 11 years","F","","N","unavailable","unavailable",3
"202504","unavailable","SIN","CHC","P","A","VN","unavailable","unavailable","35 - 44 years","F","","N","unavailable","unavailable",3
"202504","unavailable","YVR","AKL","P","A","CA","unavailable","unavailable","19 - 24 years","F","","N","unavailable","unavailable",3
"202504","unavailable","SYD","AKL","P","A","PH","unavailable","unavailable","19 - 24 years","F","","N","unavailable","unavailable",3
"202504","unavailable","SCL","AKL","P","A","DE","unavailable","unavailable","25 - 34 years","M","","N","unavailable","unavailable",3
"202504","unavailable","DPS","AKL","P","A","AU","unavailable","unavailable","25 - 34 years","F","","N","unavailable","unavailable",3
"202504","unavailable","MEL","AKL","P","A","XX","unavailable","unavailable","25 - 34 years","M","","N","unavailable","unavailable",3
"202504","unavailable","TPE","AKL","P","A","KR","unavailable","unavailable","35 - 44 years","F","","N","unavailable","unavailable",3
"202504","unavailable","APW","WLG","P","A","WS","unavailable","unavailable","12 - 18 years","M","","N","unavailable","unavailable",3
"202504","unavailable","SYD","WLG","P","A","IN","unavailable","unavailable","01 - 11 years","F","","N","unavailable","unavailable",3
"202504","unavailable","SYD","ZQN","P","A","GB","unavailable","unavailable","25 - 34 years","M","","N","unavailable","unavailable",3
"202504","unavailable","SIN","AKL","P","A","US","unavailable","unavailable","35 - 44 years","F","","N","unavailable","unavailable",3
"202504","unavailable","SYD","AKL","P","A","LK","unavailable","unavailable","25 - 34 years","M","","N","unavailable","unavailable",3
"202504","unavailable","HKG","AKL","P","A","FR","unavailable","unavailable","19 - 24 years","M","","N","unavailable","unavailable",3
"202504","unavailable","SEL","AKL","P","A","KR","unavailable","unavailable","19 - 24 years","F","","N","unavailable","unavailable",3
"202504","unavailable","DOH","AKL","P","A","SO","unavailable","unavailable","01 - 11 years","M","","N","unavailable","unavailable",3
"202504","unavailable","NAN","AKL","P","A","XX","unavailable","unavailable","25 - 34 years","M","","N","unavailable","unavailable",3
"202504","unavailable","SYD","CHC","P","A","XX","unavailable","unavailable","01 - 11 years","M","","N","unavailable","unavailable",3
"202504","unavailable","HKG","AKL","P","A","FR","unavailable","unavailable","25 - 34 years","F","","N","unavailable","unavailable",3
"202504","unavailable","SYD","AKL","P","A","NC","unavailable","unavailable","12 - 18 years","M","","N","unavailable","unavailable",3
"202504","unavailable","SIN","AKL","P","A","IE","unavailable","unavailable","25 - 34 years","M","","N","unavailable","unavailable",3
"202504","unavailable","PPT","AKL","P","A","PF","unavailable","unavailable","19 - 24 years","F","","N","unavailable","unavailable",3
"202504","unavailable","KUL","AKL","P","A","SG","unavailable","unavailable","45 - 54 years","M","","N","unavailable","unavailable",3
"202504","unavailable","OOL","WLG","P","A","AU","unavailable","unavailable","75+","M","","N","unavailable","unavailable",3
"202504","unavailable","SIN","AKL","P","A","XX","unavailable","unavailable","45 - 54 years","F","","N","unavailable","unavailable",3
"202504","unavailable","SIN","AKL","P","A","XX","unavailable","unavailable","35 - 44 years","M","","N","unavailable","unavailable",3
"202504","unavailable","DOH","AKL","P","A","IT","unavailable","unavailable","25 - 34 years","F","","N","unavailable","unavailable",3
"202504","unavailable","BNE","AKL","P","A","TW","unavailable","unavailable","65 - 74 years","F","","N","unavailable","unavailable",3
"202504","unavailable","SFO","AKL","P","A","US","unavailable","unavailable","01 - 11 years","F","","N","unavailable","unavailable",3
"202504","unavailable","LAX","AKL","P","A","XX","unavailable","unavailable","65 - 74 years","F","","N","unavailable","unavailable",3
"202504","unavailable","IAH","AKL","P","A","US","unavailable","unavailable","25 - 34 years","F","","N","unavailable","unavailable",3
"202504","unavailable","DPS","AKL","P","A","ID","unavailable","unavailable","12 - 18 years","F","","N","unavailable","unavailable",3
"202504","unavailable","CAN","AKL","P","A","PH","unavailable","unavailable","35 - 44 years","M","","N","unavailable","unavailable",3
"202504","unavailable","SHA","AKL","P","A","VN","unavailable","unavailable","35 - 44 years","M","","N","unavailable","unavailable",3
"202504","unavailable","MEL","WLG","P","A","PH","unavailable","unavailable","01 - 11 years","M","","N","unavailable","unavailable",3
"202504","unavailable","BNE","WLG","P","A","XX","unavailable","unavailable","12 - 18 years","M","","N","unavailable","unavailable",3
"202504","unavailable","SIN","AKL","P","A","GB","unavailable","unavailable","19 - 24 years","F","","N","unavailable","unavailable",3
"202504","unavailable","SYD","AKL","P","A","TH","unavailable","unavailable","12 - 18 years","F","","N","unavailable","unavailable",3
"202504","unavailable","BNE","AKL","P","A","AU","unavailable","unavailable","75+","M","","N","unavailable","unavailable",3
"202504","unavailable","SYD","WLG","P","A","AU","unavailable","unavailable","35 - 44 years","F","","N","unavailable","unavailable",3
"202504","unavailable","SFO","AKL","P","A","GB","unavailable","unavailable","35 - 44 years","M","","N","unavailable","unavailable",3
"202504","unavailable","SYD","ZQN","P","A","AE","unavailable","unavailable","35 - 44 years","M","","N","unavailable","unavailable",3
"202504","unavailable","DPS","AKL","P","A","DE","unavailable","unavailable","25 - 34 years","M","","N","unavailable","unavailable",3
"202504","unavailable","KUL","AKL","P","A","MY","unavailable","unavailable","55 - 64 years","M","","N","unavailable","unavailable",3
"202504","unavailable","SFO","AKL","P","A","CA","unavailable","unavailable","25 - 34 years","M","","N","unavailable","unavailable",3
"202504","unavailable","BNE","AKL","P","A","RU","unavailable","unavailable","01 - 11 years","M","","N","unavailable","unavailable",3
"202504","unavailable","SYD","CHC","P","A","PH","unavailable","unavailable","12 - 18 years","F","","N","unavailable","unavailable",3
"202504","unavailable","SYD","CHC","P","A","ZA","unavailable","unavailable","35 - 44 years","M","","N","unavailable","unavailable",3
"202504","unavailable","SIN","AKL","P","A","PH","unavailable","unavailable","12 - 18 years","F","","N","unavailable","unavailable",3
"202504","unavailable","DOH","AKL","P","A","NL","unavailable","unavailable","35 - 44 years","M","","N","unavailable","unavailable",3
"202504","unavailable","LAX","AKL","P","A","GB","unavailable","unavailable","01 - 11 years","F","","N","unavailable","unavailable",3
"202504","unavailable","SIN","AKL","P","A","MY","unavailable","unavailable","01 - 11 years","M","","N","unavailable","unavailable",3
"202504","unavailable","SHA","AKL","P","A","IE","unavailable","unavailable","25 - 34 years","F","","N","unavailable","unavailable",3
"202504","unavailable","LAX","AKL","P","A","GB","unavailable","unavailable","19 - 24 years","F","","N","unavailable","unavailable",3
"202504","unavailable","CAN","AKL","P","A","GB","unavailable","unavailable","25 - 34 years","M","","N","unavailable","unavailable",3
"202504","unavailable","BNE","WLG","P","A","XX","unavailable","unavailable","45 - 54 years","F","","N","unavailable","unavailable",3
"202504","unavailable","APW","AKL","P","A","XX","unavailable","unavailable","12 - 18 years","F","","N","unavailable","unavailable",3
"202504","unavailable","DOH","AKL","P","A","AU","unavailable","unavailable","25 - 34 years","M","","N","unavailable","unavailable",3
"202504","unavailable","MEL","WLG","P","A","XX","unavailable","unavailable","65 - 74 years","F","","N","unavailable","unavailable",3
"202504","unavailable","IAH","AKL","P","A","US","unavailable","unavailable","12 - 18 years","F","","N","unavailable","unavailable",3
"202504","unavailable","SYD","CHC","P","A","JP","unavailable","unavailable","35 - 44 years","F","","N","unavailable","unavailable",3
"202504","unavailable","SIN","AKL","P","A","TH","unavailable","unavailable","12 - 18 years","F","","N","unavailable","unavailable",3
"202504","unavailable","SCL","AKL","P","A","MX","unavailable","unavailable","25 - 34 years","F","","N","unavailable","unavailable",3
"202504","unavailable","MEL","AKL","P","A","PK","unavailable","unavailable","12 - 18 years","F","","N","unavailable","unavailable",3
"202504","unavailable","DXB","AKL","P","A","PK","unavailable","unavailable","75+","M","","N","unavailable","unavailable",3
"202504","unavailable","MEL","WLG","P","A","BE","unavailable","unavailable","25 - 34 years","F","","N","unavailable","unavailable",3
"202504","unavailable","SFO","AKL","P","A","US","unavailable","unavailable","19 - 24 years","F","","N","unavailable","unavailable",3
"202504","unavailable","JFK","AKL","P","A","US","unavailable","unavailable","55 - 64 years","M","","N","unavailable","unavailable",3
"202504","unavailable","KUL","AKL","P","A","LK","unavailable","unavailable","45 - 54 years","F","","N","unavailable","unavailable",3
"202504","unavailable","SHA","AKL","P","A","CH","unavailable","unavailable","19 - 24 years","M","","N","unavailable","unavailable",3
"202504","unavailable","SYD","WLG","P","A","XX","unavailable","unavailable","25 - 34 years","F","","N","unavailable","unavailable",3
"202504","unavailable","OOL","CHC","P","A","AU","unavailable","unavailable","01 - 11 years","M","","N","unavailable","unavailable",3
"202504","unavailable","HKG","AKL","P","A","LK","unavailable","unavailable","25 - 34 years","M","","N","unavailable","unavailable",3
"202504","unavailable","OOL","AKL","P","A","AU","unavailable","unavailable","75+","F","","N","unavailable","unavailable",3
"202504","unavailable","DOH","AKL","P","A","SA","unavailable","unavailable","45 - 54 years","M","","N","unavailable","unavailable",3
"202504","unavailable","PER","AKL","P","A","AU","unavailable","unavailable","12 - 18 years","F","","N","unavailable","unavailable",3
"202504","unavailable","CAN","AKL","P","A","PH","unavailable","unavailable","19 - 24 years","M","","N","unavailable","unavailable",3
"202504","unavailable","SYD","WLG","P","A","AU","unavailable","unavailable","45 - 54 years","F","","N","unavailable","unavailable",3
"202504","unavailable","MEL","CHC","P","A","AU","unavailable","unavailable","01 - 11 years","F","","N","unavailable","unavailable",3
"202504","unavailable","LAX","AKL","P","A","US","unavailable","unavailable","12 - 18 years","M","","N","unavailable","unavailable",3
"202504","unavailable","SYD","CHC","P","A","XX","unavailable","unavailable","55 - 64 years","F","","N","unavailable","unavailable",3
"202504","unavailable","MEL","CHC","P","A","IL","unavailable","unavailable","01 - 11 years","F","","N","unavailable","unavailable",3
"202504","unavailable","KUL","AKL","P","A","VN","unavailable","unavailable","25 - 34 years","F","","N","unavailable","unavailable",3
"202504","unavailable","SHA","AKL","P","A","XX","unavailable","unavailable","25 - 34 years","M","","N","unavailable","unavailable",3
"202504","unavailable","SYD","WLG","P","A","IN","unavailable","unavailable","35 - 44 years","F","","N","unavailable","unavailable",3
"202504","unavailable","LAX","AKL","P","A","FR","unavailable","unavailable","25 - 34 years","M","","N","unavailable","unavailable",3
"202504","unavailable","RAR","AKL","P","A","CK","unavailable","unavailable","Less than 1 year","F","","N","unavailable","unavailable",3
"202504","unavailable","OOL","AKL","P","A","GB","unavailable","unavailable","25 - 34 years","F","","N","unavailable","unavailable",3
"202504","unavailable","SIN","AKL","P","A","LK","unavailable","unavailable","12 - 18 years","M","","N","unavailable","unavailable",3
"202504","unavailable","KUL","AKL","P","A","GB","unavailable","unavailable","12 - 18 years","M","","N","unavailable","unavailable",3
"202504","unavailable","SYD","CHC","P","A","ZA","unavailable","unavailable","25 - 34 years","F","","N","unavailable","unavailable",3
"202504","unavailable","DOH","AKL","P","A","XX","unavailable","unavailable","45 - 54 years","M","","N","unavailable","unavailable",3
"202504","unavailable","SIN","AKL","P","A","TR","unavailable","unavailable","25 - 34 years","M","","N","unavailable","unavailable",3
"202504","unavailable","PEK","AKL","P","A","CN","unavailable","unavailable","01 - 11 years","M","","N","unavailable","unavailable",3
"202504","unavailable","SIN","AKL","P","A","PH","unavailable","unavailable","25 - 34 years","F","","N","unavailable","unavailable",3
"202504","unavailable","NRT","AKL","P","A","JP","unavailable","unavailable","35 - 44 years","F","","N","unavailable","unavailable",3
"202504","unavailable","PEK","AKL","P","A","CN","unavailable","unavailable","45 - 54 years","M","","N","unavailable","unavailable",3
"202504","unavailable","OOL","AKL","P","A","AU","unavailable","unavailable","45 - 54 years","M","","N","unavailable","unavailable",3
"202504","unavailable","LAX","AKL","P","A","MX","unavailable","unavailable","35 - 44 years","F","","N","unavailable","unavailable",3
"202504","unavailable","BNE","AKL","P","A","TH","unavailable","unavailable","55 - 64 years","F","","N","unavailable","unavailable",3
"202504","unavailable","SYD","AKL","P","A","AU","unavailable","unavailable","12 - 18 years","F","","N","unavailable","unavailable",3
"202504","unavailable","SYD","WLG","P","A","IN","unavailable","unavailable","12 - 18 years","F","","N","unavailable","unavailable",3
"202504","unavailable","HKG","AKL","P","A","LA","unavailable","unavailable","19 - 24 years","M","","N","unavailable","unavailable",3
"202504","unavailable","DOH","AKL","P","A","ZA","unavailable","unavailable","12 - 18 years","F","","N","unavailable","unavailable",3
"202504","unavailable","MEL","AKL","P","A","MX","unavailable","unavailable","19 - 24 years","F","","N","unavailable","unavailable",3
"202504","unavailable","SIN","CHC","P","A","MY","unavailable","unavailable","25 - 34 years","M","","N","unavailable","unavailable",3
"202504","unavailable","DXB","AKL","P","A","AE","unavailable","unavailable","35 - 44 years","F","","N","unavailable","unavailable",3
"202504","unavailable","NAN","AKL","P","A","TO","unavailable","unavailable","25 - 34 years","M","","N","unavailable","unavailable",3
"202504","unavailable","BNE","AKL","P","A","XX","unavailable","unavailable","55 - 64 years","M","","N","unavailable","unavailable",3
"202504","unavailable","BNE","CHC","P","A","PH","unavailable","unavailable","19 - 24 years","M","","N","unavailable","unavailable",3
"202504","unavailable","RAR","AKL","P","A","CK","unavailable","unavailable","01 - 11 years","F","","N","unavailable","unavailable",3
"202504","unavailable","TBU","AKL","P","A","TO","unavailable","unavailable","65 - 74 years","F","","N","unavailable","unavailable",3
"202504","unavailable","XXA","AKL","P","A","NP","unavailable","unavailable","19 - 24 years","M","","N","unavailable","unavailable",3
"202504","unavailable","SIN","CHC","P","A","MV","unavailable","unavailable","25 - 34 years","F","","N","unavailable","unavailable",3
"202504","unavailable","SYD","AKL","P","A","LK","unavailable","unavailable","01 - 11 years","M","","N","unavailable","unavailable",3
"202504","unavailable","DXB","AKL","P","A","ET","unavailable","unavailable","35 - 44 years","F","","N","unavailable","unavailable",3
"202504","unavailable","MEL","AKL","P","A","GB","unavailable","unavailable","25 - 34 years","F","","N","unavailable","unavailable",3
"202504","unavailable","SYD","AKL","P","A","KR","unavailable","unavailable","19 - 24 years","F","","N","unavailable","unavailable",3
"202504","unavailable","MEL","WLG","P","A","AU","unavailable","unavailable","65 - 74 years","M","","N","unavailable","unavailable",3
"202504","unavailable","NAN","AKL","P","A","WS","unavailable","unavailable","19 - 24 years","M","","N","unavailable","unavailable",3
"202504","unavailable","MEL","AKL","P","A","CA","unavailable","unavailable","25 - 34 years","M","","N","unavailable","unavailable",3
"202504","unavailable","SCL","AKL","P","A","BR","unavailable","unavailable","35 - 44 years","M","","N","unavailable","unavailable",3
"202504","unavailable","SYD","AKL","P","A","SG","unavailable","unavailable","25 - 34 years","M","","N","unavailable","unavailable",3
"202504","unavailable","OOL","AKL","P","A","XX","unavailable","unavailable","65 - 74 years","F","","N","unavailable","unavailable",3
"202504","unavailable","DPS","AKL","P","A","ID","unavailable","unavailable","35 - 44 years","F","","N","unavailable","unavailable",3
"202504","unavailable","MEL","CHC","P","A","XX","unavailable","unavailable","55 - 64 years","F","","N","unavailable","unavailable",3
"202504","unavailable","SIN","CHC","P","A","MV","unavailable","unavailable","25 - 34 years","M","","N","unavailable","unavailable",3
"202504","unavailable","SIN","AKL","P","A","SG","unavailable","unavailable","01 - 11 years","F","","N","unavailable","unavailable",3
"202504","unavailable","DOH","AKL","P","A","SE","unavailable","unavailable","12 - 18 years","F","","N","unavailable","unavailable",3
"202504","unavailable","SIN","AKL","P","A","MY","unavailable","unavailable","35 - 44 years","M","","N","unavailable","unavailable",3
"202504","unavailable","SIN","AKL","P","A","SE","unavailable","unavailable","45 - 54 years","M","","N","unavailable","unavailable",3
"202504","unavailable","HKG","AKL","P","A","KR","unavailable","unavailable","25 - 34 years","F","","N","unavailable","unavailable",3
"202504","unavailable","KUL","AKL","P","A","GB","unavailable","unavailable","25 - 34 years","M","","N","unavailable","unavailable",3
"202504","unavailable","DXB","AKL","P","A","AE","unavailable","unavailable","01 - 11 years","M","","N","unavailable","unavailable",3
"202504","unavailable","DXB","AKL","P","A","PK","unavailable","unavailable","12 - 18 years","M","","N","unavailable","unavailable",3
"202504","unavailable","MEL","WLG","P","A","AU","unavailable","unavailable","12 - 18 years","M","","N","unavailable","unavailable",3
"202504","unavailable","SEL","AKL","P","A","XX","unavailable","unavailable","25 - 34 years","M","","N","unavailable","unavailable",3
"202504","unavailable","NAN","AKL","P","A","US","unavailable","unavailable","35 - 44 years","F","","N","unavailable","unavailable",3
"202504","unavailable","HKG","AKL","P","A","HK","unavailable","unavailable","45 - 54 years","F","","N","unavailable","unavailable",3
"202504","unavailable","SYD","AKL","P","A","AU","unavailable","unavailable","Less than 1 year","F","","N","unavailable","unavailable",3
"202504","unavailable","SYD","AKL","P","A","LK","unavailable","unavailable","45 - 54 years","M","","N","unavailable","unavailable",3
"202504","unavailable","SYD","CHC","P","A","JP","unavailable","unavailable","01 - 11 years","F","","N","unavailable","unavailable",3
"202504","unavailable","TBU","AKL","P","A","TO","unavailable","unavailable","75+","M","","N","unavailable","unavailable",3
"202504","unavailable","DOH","AKL","P","A","RS","unavailable","unavailable","35 - 44 years","F","","N","unavailable","unavailable",3
"202504","unavailable","SCL","AKL","P","A","US","unavailable","unavailable","35 - 44 years","F","","N","unavailable","unavailable",3
"202504","unavailable","KUL","AKL","P","A","XX","unavailable","unavailable","55 - 64 years","M","","N","unavailable","unavailable",3
"202504","unavailable","HKG","AKL","P","A","FR","unavailable","unavailable","19 - 24 years","F","","N","unavailable","unavailable",3
"202504","unavailable","KUL","AKL","P","A","LK","unavailable","unavailable","35 - 44 years","M","","N","unavailable","unavailable",3
"202504","unavailable","SYD","CHC","P","A","TH","unavailable","unavailable","35 - 44 years","F","","N","unavailable","unavailable",3
"202504","unavailable","MEL","AKL","P","A","VN","unavailable","unavailable","25 - 34 years","M","","N","unavailable","unavailable",3
"202504","unavailable","BNE","ZQN","P","A","AU","unavailable","unavailable","19 - 24 years","M","","N","unavailable","unavailable",3
"202504","unavailable","YVR","AKL","P","A","CA","unavailable","unavailable","01 - 11 years","F","","N","unavailable","unavailable",3
"202504","unavailable","SYD","ZQN","P","A","FR","unavailable","unavailable","25 - 34 years","F","","N","unavailable","unavailable",3
"202504","unavailable","MEL","WLG","P","A","AU","unavailable","unavailable","45 - 54 years","F","","N","unavailable","unavailable",3
"202504","unavailable","HKG","AKL","P","A","CN","unavailable","unavailable","12 - 18 years","M","","N","unavailable","unavailable",3
"202504","unavailable","SHA","AKL","P","A","DE","unavailable","unavailable","25 - 34 years","F","","N","unavailable","unavailable",3
"202504","unavailable","LAX","AKL","P","A","MX","unavailable","unavailable","75+","F","","N","unavailable","unavailable",3
"202504","unavailable","SCL","AKL","P","A","GB","unavailable","unavailable","55 - 64 years","F","","N","unavailable","unavailable",3
"202504","unavailable","SIN","AKL","P","A","FR","unavailable","unavailable","25 - 34 years","F","","N","unavailable","unavailable",3
"202504","unavailable","LAX","AKL","P","A","GB","unavailable","unavailable","19 - 24 years","M","","N","unavailable","unavailable",3
"202504","unavailable","HKG","AKL","P","A","CN","unavailable","unavailable","01 - 11 years","F","","N","unavailable","unavailable",3
"202504","unavailable","MEL","CHC","P","A","AU","unavailable","unavailable","55 - 64 years","M","","N","unavailable","unavailable",3
"202504","unavailable","KUL","AKL","P","A","BD","unavailable","unavailable","35 - 44 years","M","","N","unavailable","unavailable",3
"202504","unavailable","MEL","WLG","P","A","AU","unavailable","unavailable","01 - 11 years","M","","N","unavailable","unavailable",3
"202504","unavailable","SYD","AKL","P","A","FI","unavailable","unavailable","25 - 34 years","F","","N","unavailable","unavailable",3
"202504","unavailable","IAH","AKL","P","A","US","unavailable","unavailable","25 - 34 years","M","","N","unavailable","unavailable",3
"202504","unavailable","SYD","CHC","P","A","AU","unavailable","unavailable","25 - 34 years","F","","N","unavailable","unavailable",3
"202504","unavailable","SYD","CHC","P","A","IR","unavailable","unavailable","45 - 54 years","F","","N","unavailable","unavailable",3
"202504","unavailable","HKG","AKL","P","A","VN","unavailable","unavailable","45 - 54 years","F","","N","unavailable","unavailable",3
"202504","unavailable","SYD","CHC","P","A","XX","unavailable","unavailable","45 - 54 years","F","","N","unavailable","unavailable",3
"202504","unavailable","DXB","AKL","P","A","PK","unavailable","unavailable","25 - 34 years","F","","N","unavailable","unavailable",3
"202504","unavailable","MEL","CHC","P","A","AU","unavailable","unavailable","25 - 34 years","M","","N","unavailable","unavailable",3
"202504","unavailable","MEL","AKL","P","A","PK","unavailable","unavailable","35 - 44 years","F","","N","unavailable","unavailable",3
"202504","unavailable","SIN","AKL","P","A","NL","unavailable","unavailable","45 - 54 years","M","","N","unavailable","unavailable",3
"202504","unavailable","NAN","AKL","P","A","KI","unavailable","unavailable","01 - 11 years","M","","N","unavailable","unavailable",3
"202504","unavailable","MEL","ZQN","P","A","GB","unavailable","unavailable","25 - 34 years","F","","N","unavailable","unavailable",3
"202504","unavailable","MEL","AKL","P","A","GB","unavailable","unavailable","01 - 11 years","M","","N","unavailable","unavailable",3
"202504","unavailable","KUL","AKL","P","A","MY","unavailable","unavailable","75+","M","","N","unavailable","unavailable",3
"202504","unavailable","NAN","AKL","P","A","XX","unavailable","unavailable","25 - 34 years","F","","N","unavailable","unavailable",3
"202504","unavailable","CAN","AKL","P","A","PK","unavailable","unavailable","19 - 24 years","F","","N","unavailable","unavailable",3
"202504","unavailable","SHA","AKL","P","A","VN","unavailable","unavailable","01 - 11 years","F","","N","unavailable","unavailable",3
"202504","unavailable","SYD","AKL","P","A","XX","unavailable","unavailable","35 - 44 years","F","","N","unavailable","unavailable",3
"202504","unavailable","LAX","AKL","P","A","GB","unavailable","unavailable","25 - 34 years","F","","N","unavailable","unavailable",3
"202504","unavailable","DOH","AKL","P","A","SA","unavailable","unavailable","01 - 11 years","M","","N","unavailable","unavailable",3
"202504","unavailable","SYD","WLG","P","A","AU","unavailable","unavailable","55 - 64 years","M","","N","unavailable","unavailable",3
"202504","unavailable","BNE","WLG","P","A","XX","unavailable","unavailable","01 - 11 years","M","","N","unavailable","unavailable",3
"202504","unavailable","OOL","AKL","P","A","AU","unavailable","unavailable","01 - 11 years","F","","N","unavailable","unavailable",3
"202504","unavailable","BNE","AKL","P","A","FR","unavailable","unavailable","25 - 34 years","M","","N","unavailable","unavailable",3
"202504","unavailable","HKG","AKL","P","A","HK","unavailable","unavailable","35 - 44 years","M","","N","unavailable","unavailable",3
"202504","unavailable","SCL","AKL","P","A","DK","unavailable","unavailable","25 - 34 years","M","","N","unavailable","unavailable",3
"202504","unavailable","DOH","AKL","P","A","PK","unavailable","unavailable","35 - 44 years","M","","N","unavailable","unavailable",3
"202504","unavailable","MEL","AKL","P","A","JP","unavailable","unavailable","12 - 18 years","M","","N","unavailable","unavailable",3
"202504","unavailable","SIN","AKL","P","A","XX","unavailable","unavailable","65 - 74 years","F","","N","unavailable","unavailable",3
"202504","unavailable","SYD","AKL","P","A","LK","unavailable","unavailable","35 - 44 years","M","","N","unavailable","unavailable",3
"202504","unavailable","HKG","AKL","P","A","ZA","unavailable","unavailable","01 - 11 years","F","","N","unavailable","unavailable",3
"202504","unavailable","HKG","AKL","P","A","HK","unavailable","unavailable","35 - 44 years","F","","N","unavailable","unavailable",3
"202504","unavailable","CAN","AKL","P","A","PH","unavailable","unavailable","01 - 11 years","M","","N","unavailable","unavailable",3
"202504","unavailable","SIN","AKL","P","A","PH","unavailable","unavailable","19 - 24 years","M","","N","unavailable","unavailable",3
"202504","unavailable","XXA","AKL","P","A","GB","unavailable","unavailable","35 - 44 years","M","","N","unavailable","unavailable",3
"202504","unavailable","JFK","AKL","P","A","GB","unavailable","unavailable","25 - 34 years","M","","N","unavailable","unavailable",3
"202504","unavailable","XXA","AKL","P","A","XX","unavailable","unavailable","12 - 18 years","F","","N","unavailable","unavailable",3
"202504","unavailable","SIN","AKL","P","A","XX","unavailable","unavailable","55 - 64 years","F","","N","unavailable","unavailable",3
"202504","unavailable","ADL","AKL","P","A","XX","unavailable","unavailable","35 - 44 years","F","","N","unavailable","unavailable",3
"202504","unavailable","NOU","AKL","P","A","NC","unavailable","unavailable","01 - 11 years","F","","N","unavailable","unavailable",3
"202504","unavailable","MEL","WLG","P","A","NC","unavailable","unavailable","19 - 24 years","M","","N","unavailable","unavailable",3
"202504","unavailable","SYD","CHC","P","A","JP","unavailable","unavailable","12 - 18 years","F","","N","unavailable","unavailable",3
"202504","unavailable","PEK","AKL","P","A","CN","unavailable","unavailable","75+","F","","N","unavailable","unavailable",3
"202504","unavailable","SYD","ZQN","P","A","CN","unavailable","unavailable","25 - 34 years","M","","N","unavailable","unavailable",3
"202504","unavailable","NAN","WLG","P","A","FJ","unavailable","unavailable","25 - 34 years","F","","N","unavailable","unavailable",3
"202504","unavailable","MEL","AKL","P","A","PH","unavailable","unavailable","12 - 18 years","M","","N","unavailable","unavailable",3
"202504","unavailable","DXB","AKL","P","A","CO","unavailable","unavailable","35 - 44 years","M","","N","unavailable","unavailable",3
"202504","unavailable","MEL","AKL","P","A","IT","unavailable","unavailable","25 - 34 years","F","","N","unavailable","unavailable",3
"202504","unavailable","ADL","AKL","P","A","AU","unavailable","unavailable","75+","F","","N","unavailable","unavailable",3
"202504","unavailable","BNE","CHC","P","A","PH","unavailable","unavailable","25 - 34 years","F","","N","unavailable","unavailable",3
"202504","unavailable","SEL","AKL","P","A","XX","unavailable","unavailable","75+","M","","N","unavailable","unavailable",3
"202504","unavailable","NAN","AKL","P","A","FJ","unavailable","unavailable","45 - 54 years","F","","N","unavailable","unavailable",3
"202504","unavailable","DXB","AKL","P","A","XX","unavailable","unavailable","35 - 44 years","M","","N","unavailable","unavailable",3
"202504","unavailable","MEL","WLG","P","A","LK","unavailable","unavailable","01 - 11 years","F","","N","unavailable","unavailable",3
"202504","unavailable","SFO","AKL","P","A","US","unavailable","unavailable","25 - 34 years","F","","N","unavailable","unavailable",3
"202504","unavailable","SYD","CHC","P","A","AU","unavailable","unavailable","65 - 74 years","M","","N","unavailable","unavailable",3
"202504","unavailable","BNE","WLG","P","A","AU","unavailable","unavailable","45 - 54 years","F","","N","unavailable","unavailable",3
"202504","unavailable","SIN","AKL","P","A","MY","unavailable","unavailable","01 - 11 years","F","","N","unavailable","unavailable",3
"202504","unavailable","MEL","WLG","P","A","PH","unavailable","unavailable","65 - 74 years","F","","N","unavailable","unavailable",3
"202504","unavailable","MEL","AKL","P","A","IN","unavailable","unavailable","35 - 44 years","M","","N","unavailable","unavailable",3
"202504","unavailable","SYD","CHC","P","A","GB","unavailable","unavailable","35 - 44 years","M","","N","unavailable","unavailable",3
"202504","unavailable","DOH","AKL","P","A","NP","unavailable","unavailable","25 - 34 years","F","","N","unavailable","unavailable",3
"202504","unavailable","MEL","AKL","P","A","PH","unavailable","unavailable","55 - 64 years","F","","N","unavailable","unavailable",3
"202504","unavailable","TBU","AKL","P","A","TO","unavailable","unavailable","75+","F","","N","unavailable","unavailable",3
"202504","unavailable","DOH","AKL","P","A","ZA","unavailable","unavailable","01 - 11 years","M","","N","unavailable","unavailable",3
"202504","unavailable","HKG","AKL","P","A","IN","unavailable","unavailable","12 - 18 years","F","","N","unavailable","unavailable",3
"202504","unavailable","BNE","WLG","P","A","AU","unavailable","unavailable","19 - 24 years","M","","N","unavailable","unavailable",3
"202504","unavailable","MEL","WLG","P","A","SG","unavailable","unavailable","25 - 34 years","M","","N","unavailable","unavailable",3
"202504","unavailable","SIN","AKL","P","A","XX","unavailable","unavailable","01 - 11 years","F","","N","unavailable","unavailable",3
"202504","unavailable","KUL","AKL","P","A","BD","unavailable","unavailable","01 - 11 years","M","","N","unavailable","unavailable",3
"202504","unavailable","DOH","AKL","P","A","ZA","unavailable","unavailable","01 - 11 years","F","","N","unavailable","unavailable",3
"202504","unavailable","LAX","AKL","P","A","US","unavailable","unavailable","01 - 11 years","M","","N","unavailable","unavailable",3
"202504","unavailable","SIN","AKL","P","A","TH","unavailable","unavailable","35 - 44 years","F","","N","unavailable","unavailable",3
"202504","unavailable","BNE","CHC","P","A","AU","unavailable","unavailable","12 - 18 years","F","","N","unavailable","unavailable",3
"202504","unavailable","HNL","AKL","P","A","US","unavailable","unavailable","55 - 64 years","M","","N","unavailable","unavailable",3
"202504","unavailable","KUL","AKL","P","A","MY","unavailable","unavailable","12 - 18 years","F","","N","unavailable","unavailable",3
"202504","unavailable","SEL","AKL","P","A","JP","unavailable","unavailable","25 - 34 years","F","","N","unavailable","unavailable",3
"202504","unavailable","SHA","AKL","P","A","NP","unavailable","unavailable","12 - 18 years","M","","N","unavailable","unavailable",3
"202504","unavailable","SIN","CHC","P","A","IN","unavailable","unavailable","19 - 24 years","M","","N","unavailable","unavailable",3
"202504","unavailable","NRT","AKL","P","A","XX","unavailable","unavailable","19 - 24 years","M","","N","unavailable","unavailable",3
"202504","unavailable","MEL","WLG","P","A","ID","unavailable","unavailable","01 - 11 years","F","","N","unavailable","unavailable",3
"202504","unavailable","SIN","CHC","P","A","LK","unavailable","unavailable","35 - 44 years","F","","N","unavailable","unavailable",3
"202504","unavailable","SYD","AKL","P","A","MY","unavailable","unavailable","01 - 11 years","F","","N","unavailable","unavailable",3
"202504","unavailable","SIN","AKL","P","A","GB","unavailable","unavailable","65 - 74 years","F","","N","unavailable","unavailable",3
"202504","unavailable","SYD","WLG","P","A","AU","unavailable","unavailable","01 - 11 years","F","","N","unavailable","unavailable",3
"202504","unavailable","OOL","ZQN","P","A","AU","unavailable","unavailable","75+","M","","N","unavailable","unavailable",3
"202504","unavailable","SYD","WLG","P","A","SG","unavailable","unavailable","25 - 34 years","M","","N","unavailable","unavailable",3
"202504","unavailable","NAN","WLG","P","A","FJ","unavailable","unavailable","35 - 44 years","F","","N","unavailable","unavailable",3
"202504","unavailable","HKG","AKL","P","A","JP","unavailable","unavailable","19 - 24 years","M","","N","unavailable","unavailable",3
"202504","unavailable","MEL","ZQN","P","A","AU","unavailable","unavailable","25 - 34 years","M","","N","unavailable","unavailable",3
"202504","unavailable","MEL","AKL","P","A","AU","unavailable","unavailable","12 - 18 years","F","","N","unavailable","unavailable",3
"202504","unavailable","SHA","AKL","P","A","CZ","unavailable","unavailable","25 - 34 years","M","","N","unavailable","unavailable",3
"202504","unavailable","CAN","AKL","P","A","PH","unavailable","unavailable","35 - 44 years","F","","N","unavailable","unavailable",3
"202504","unavailable","CAN","AKL","P","A","VN","unavailable","unavailable","65 - 74 years","F","","N","unavailable","unavailable",3
"202504","unavailable","DOH","AKL","P","A","LK","unavailable","unavailable","01 - 11 years","M","","N","unavailable","unavailable",3
"202504","unavailable","PEK","AKL","P","A","JP","unavailable","unavailable","19 - 24 years","F","","N","unavailable","unavailable",3
"202504","unavailable","DXB","AKL","P","A","GB","unavailable","unavailable","35 - 44 years","M","","N","unavailable","unavailable",3
"202504","unavailable","SCL","AKL","P","A","BR","unavailable","unavailable","12 - 18 years","M","","N","unavailable","unavailable",3
"202504","unavailable","SYD","ZQN","P","A","CA","unavailable","unavailable","19 - 24 years","M","","N","unavailable","unavailable",3
"202504","unavailable","SHA","AKL","P","A","MY","unavailable","unavailable","25 - 34 years","M","","N","unavailable","unavailable",3
"202504","unavailable","HKG","AKL","P","A","KR","unavailable","unavailable","25 - 34 years","M","","N","unavailable","unavailable",3
"202504","unavailable","MEL","AKL","P","A","ES","unavailable","unavailable","25 - 34 years","F","","N","unavailable","unavailable",3
"202504","unavailable","SIN","AKL","P","A","CM","unavailable","unavailable","25 - 34 years","F","","N","unavailable","unavailable",3
"202504","unavailable","SYD","ZQN","P","A","DZ","unavailable","unavailable","25 - 34 years","M","","N","unavailable","unavailable",3
"202504","unavailable","MEL","AKL","P","A","LK","unavailable","unavailable","01 - 11 years","M","","N","unavailable","unavailable",3
"202504","unavailable","CAN","AKL","P","A","GB","unavailable","unavailable","25 - 34 years","F","","N","unavailable","unavailable",3
"202504","unavailable","BNE","AKL","P","A","XX","unavailable","unavailable","25 - 34 years","M","","N","unavailable","unavailable",3
"202504","unavailable","SZX","AKL","P","A","CN","unavailable","unavailable","12 - 18 years","M","","N","unavailable","unavailable",3
"202504","unavailable","KUL","AKL","P","A","MY","unavailable","unavailable","01 - 11 years","M","","N","unavailable","unavailable",3
"202504","unavailable","YVR","AKL","P","A","FR","unavailable","unavailable","25 - 34 years","F","","N","unavailable","unavailable",3
"202504","unavailable","CAN","AKL","P","A","VN","unavailable","unavailable","25 - 34 years","F","","N","unavailable","unavailable",3
"202504","unavailable","SEL","AKL","P","A","KR","unavailable","unavailable","45 - 54 years","M","","N","unavailable","unavailable",3
"202504","unavailable","LAX","AKL","P","A","US","unavailable","unavailable","45 - 54 years","M","","N","unavailable","unavailable",3
"202504","unavailable","NRT","AKL","P","A","TH","unavailable","unavailable","19 - 24 years","F","","N","unavailable","unavailable",3
"202504","unavailable","CAN","AKL","P","A","FR","unavailable","unavailable","25 - 34 years","M","","N","unavailable","unavailable",3
"202504","unavailable","SYD","AKL","P","A","AU","unavailable","unavailable","45 - 54 years","M","","N","unavailable","unavailable",3
"202504","unavailable","TBU","AKL","P","A","XX","unavailable","unavailable","01 - 11 years","M","","N","unavailable","unavailable",3
"202504","unavailable","SCL","AKL","P","A","UY","unavailable","unavailable","19 - 24 years","F","","N","unavailable","unavailable",3
"202504","unavailable","SHA","AKL","P","A","LK","unavailable","unavailable","19 - 24 years","M","","N","unavailable","unavailable",3
"202504","unavailable","SIN","AKL","P","A","AU","unavailable","unavailable","25 - 34 years","M","","N","unavailable","unavailable",3
"202504","unavailable","SCL","AKL","P","A","BR","unavailable","unavailable","45 - 54 years","F","","N","unavailable","unavailable",3
"202504","unavailable","DXB","AKL","P","A","ZW","unavailable","unavailable","01 - 11 years","M","","N","unavailable","unavailable",3
"202504","unavailable","CAN","AKL","P","A","KH","unavailable","unavailable","19 - 24 years","F","","N","unavailable","unavailable",3
"202504","unavailable","MEL","CHC","P","A","XX","unavailable","unavailable","01 - 11 years","M","","N","unavailable","unavailable",3
"202504","unavailable","CAN","AKL","P","A","TH","unavailable","unavailable","25 - 34 years","M","","N","unavailable","unavailable",3
"202504","unavailable","MEL","ZQN","P","A","SG","unavailable","unavailable","19 - 24 years","F","","N","unavailable","unavailable",3
"202504","unavailable","SYD","CHC","P","A","JP","unavailable","unavailable","01 - 11 years","M","","N","unavailable","unavailable",3
"202504","unavailable","XXA","AKL","P","A","GB","unavailable","unavailable","45 - 54 years","M","","N","unavailable","unavailable",3
"202504","unavailable","DXB","AKL","P","A","ZA","unavailable","unavailable","25 - 34 years","M","","N","unavailable","unavailable",3
"202504","unavailable","DXB","AKL","P","A","ZA","unavailable","unavailable","35 - 44 years","M","","N","unavailable","unavailable",3
"202504","unavailable","SIN","AKL","P","A","FR","unavailable","unavailable","55 - 64 years","F","","N","unavailable","unavailable",3
"202504","unavailable","SYD","AKL","P","A","KR","unavailable","unavailable","19 - 24 years","M","","N","unavailable","unavailable",3
"202504","unavailable","MEL","AKL","P","A","GB","unavailable","unavailable","45 - 54 years","F","","N","unavailable","unavailable",3
"202504","unavailable","KUL","AKL","P","A","TH","unavailable","unavailable","65 - 74 years","M","","N","unavailable","unavailable",3
"202504","unavailable","SYD","CHC","P","A","GB","unavailable","unavailable","45 - 54 years","M","","N","unavailable","unavailable",3
"202504","unavailable","CAN","AKL","P","A","GB","unavailable","unavailable","19 - 24 years","M","","N","unavailable","unavailable",3
"202504","unavailable","HKG","AKL","P","A","TH","unavailable","unavailable","35 - 44 years","M","","N","unavailable","unavailable",3
"202504","unavailable","SFO","AKL","P","A","US","unavailable","unavailable","01 - 11 years","M","","N","unavailable","unavailable",3
"202504","unavailable","SIN","AKL","P","A","MY","unavailable","unavailable","35 - 44 years","F","","N","unavailable","unavailable",3
"202504","unavailable","SIN","AKL","P","A","IN","unavailable","unavailable","75+","F","","N","unavailable","unavailable",3
"202504","unavailable","MEL","CHC","P","A","AU","unavailable","unavailable","65 - 74 years","F","","N","unavailable","unavailable",3
"202504","unavailable","SYD","AKL","P","A","IN","unavailable","unavailable","25 - 34 years","F","","N","unavailable","unavailable",3
"202504","unavailable","CNS","AKL","P","A","AU","unavailable","unavailable","Less than 1 year","F","","N","unavailable","unavailable",3
"202504","unavailable","IAH","AKL","P","A","US","unavailable","unavailable","75+","F","","N","unavailable","unavailable",3
"202504","unavailable","DXB","AKL","P","A","GB","unavailable","unavailable","45 - 54 years","M","","N","unavailable","unavailable",3
"202504","unavailable","KUL","AKL","P","A","PH","unavailable","unavailable","35 - 44 years","M","","N","unavailable","unavailable",3
"202504","unavailable","MEL","CHC","P","A","AE","unavailable","unavailable","25 - 34 years","M","","N","unavailable","unavailable",3
"202504","unavailable","HKG","AKL","P","A","MY","unavailable","unavailable","12 - 18 years","M","","N","unavailable","unavailable",3
"202504","unavailable","SIN","CHC","P","A","SG","unavailable","unavailable","25 - 34 years","M","","N","unavailable","unavailable",3
"202504","unavailable","SIN","AKL","P","A","JP","unavailable","unavailable","25 - 34 years","M","","N","unavailable","unavailable",3
"202504","unavailable","SYD","AKL","P","A","ID","unavailable","unavailable","25 - 34 years","M","","N","unavailable","unavailable",3
"202504","unavailable","DXB","AKL","P","A","MV","unavailable","unavailable","25 - 34 years","F","","N","unavailable","unavailable",3
"202504","unavailable","NAN","CHC","P","A","BT","unavailable","unavailable","25 - 34 years","M","","N","unavailable","unavailable",3
"202504","unavailable","DOH","AKL","P","A","LK","unavailable","unavailable","45 - 54 years","F","","N","unavailable","unavailable",3
"202504","unavailable","SYD","ZQN","P","A","BH","unavailable","unavailable","35 - 44 years","M","","N","unavailable","unavailable",3
"202504","unavailable","NRT","AKL","P","A","JP","unavailable","unavailable","35 - 44 years","M","","N","unavailable","unavailable",3
"202504","unavailable","NAN","AKL","P","A","WS","unavailable","unavailable","12 - 18 years","M","","N","unavailable","unavailable",3
"202504","unavailable","SHA","AKL","P","A","US","unavailable","unavailable","01 - 11 years","F","","N","unavailable","unavailable",3
"202504","unavailable","SCL","AKL","P","A","CL","unavailable","unavailable","19 - 24 years","F","","N","unavailable","unavailable",3
"202504","unavailable","DOH","AKL","P","A","LK","unavailable","unavailable","35 - 44 years","M","","N","unavailable","unavailable",3
"202504","unavailable","BNE","AKL","P","A","AU","unavailable","unavailable","12 - 18 years","M","","N","unavailable","unavailable",3
"202504","unavailable","DOH","AKL","P","A","LK","unavailable","unavailable","12 - 18 years","F","","N","unavailable","unavailable",3
"202504","unavailable","BNE","ZQN","P","A","JP","unavailable","unavailable","19 - 24 years","F","","N","unavailable","unavailable",3
"202504","unavailable","MEL","CHC","P","A","XX","unavailable","unavailable","Less than 1 year","F","","N","unavailable","unavailable",3
"202504","unavailable","KUL","AKL","P","A","SG","unavailable","unavailable","25 - 34 years","F","","N","unavailable","unavailable",3
"202504","unavailable","NAN","AKL","P","A","CN","unavailable","unavailable","65 - 74 years","M","","N","unavailable","unavailable",3
"202504","unavailable","OOL","AKL","P","A","US","unavailable","unavailable","35 - 44 years","M","","N","unavailable","unavailable",3
"202504","unavailable","SIN","CHC","P","A","KR","unavailable","unavailable","35 - 44 years","M","","N","unavailable","unavailable",3
"202504","unavailable","SYD","AKL","P","A","DE","unavailable","unavailable","25 - 34 years","F","","N","unavailable","unavailable",3
"202504","unavailable","SYD","CHC","P","A","XX","unavailable","unavailable","35 - 44 years","M","","N","unavailable","unavailable",3
"202504","unavailable","KUL","AKL","P","A","MY","unavailable","unavailable","65 - 74 years","M","","N","unavailable","unavailable",3
"202504","unavailable","HKG","AKL","P","A","HK","unavailable","unavailable","55 - 64 years","M","","N","unavailable","unavailable",3
"202504","unavailable","NRT","AKL","P","A","KR","unavailable","unavailable","12 - 18 years","M","","N","unavailable","unavailable",3
"202504","unavailable","SHA","AKL","P","A","MY","unavailable","unavailable","55 - 64 years","F","","N","unavailable","unavailable",3
"202504","unavailable","SZX","AKL","P","A","AT","unavailable","unavailable","19 - 24 years","M","","N","unavailable","unavailable",3
"202504","unavailable","SYD","AKL","P","A","ZA","unavailable","unavailable","12 - 18 years","M","","N","unavailable","unavailable",3
"202504","unavailable","SYD","AKL","P","A","ZA","unavailable","unavailable","25 - 34 years","F","","N","unavailable","unavailable",3
"202504","unavailable","HKG","AKL","P","A","TW","unavailable","unavailable","25 - 34 years","M","","N","unavailable","unavailable",3
"202504","unavailable","PER","AKL","P","A","AU","unavailable","unavailable","65 - 74 years","M","","N","unavailable","unavailable",3
"202504","unavailable","IAH","AKL","P","A","US","unavailable","unavailable","19 - 24 years","M","","N","unavailable","unavailable",3
"202504","unavailable","SCL","AKL","P","A","CL","unavailable","unavailable","45 - 54 years","F","","N","unavailable","unavailable",3
"202504","unavailable","HKG","AKL","P","A","CN","unavailable","unavailable","19 - 24 years","F","","N","unavailable","unavailable",3
"202504","unavailable","NAN","AKL","P","A","WS","unavailable","unavailable","75+","F","","N","unavailable","unavailable",3
"202504","unavailable","SIN","AKL","P","A","NP","unavailable","unavailable","25 - 34 years","F","","N","unavailable","unavailable",3
"202504","unavailable","SYD","WLG","P","A","AU","unavailable","unavailable","55 - 64 years","F","","N","unavailable","unavailable",3
"202504","unavailable","BNE","AKL","P","A","PH","unavailable","unavailable","45 - 54 years","F","","N","unavailable","unavailable",3
"202504","unavailable","CAN","AKL","P","A","MM","unavailable","unavailable","35 - 44 years","F","","N","unavailable","unavailable",3
"202504","unavailable","XXA","AKL","P","A","BD","unavailable","unavailable","25 - 34 years","M","","N","unavailable","unavailable",3
"202504","unavailable","SIN","AKL","P","A","KR","unavailable","unavailable","35 - 44 years","M","","N","unavailable","unavailable",3
"202504","unavailable","SYD","AKL","P","A","CA","unavailable","unavailable","75+","F","","N","unavailable","unavailable",3
"202504","unavailable","LAX","AKL","P","A","US","unavailable","unavailable","55 - 64 years","M","","N","unavailable","unavailable",3
"202504","unavailable","DOH","AKL","P","A","ZA","unavailable","unavailable","45 - 54 years","M","","N","unavailable","unavailable",3
"202504","unavailable","KUL","AKL","P","A","MY","unavailable","unavailable","35 - 44 years","F","","N","unavailable","unavailable",3
"202504","unavailable","MEL","ZQN","P","A","GB","unavailable","unavailable","19 - 24 years","F","","N","unavailable","unavailable",3
"202504","unavailable","SIN","CHC","P","A","JP","unavailable","unavailable","25 - 34 years","F","","N","unavailable","unavailable",3
"202504","unavailable","CAN","AKL","P","A","PH","unavailable","unavailable","Less than 1 year","F","","N","unavailable","unavailable",3
"202504","unavailable","LAX","AKL","P","A","XX","unavailable","unavailable","25 - 34 years","F","","N","unavailable","unavailable",3
"202504","unavailable","HKG","AKL","P","A","XX","unavailable","unavailable","01 - 11 years","F","","N","unavailable","unavailable",3
"202504","unavailable","DXB","AKL","P","A","IR","unavailable","unavailable","35 - 44 years","M","","N","unavailable","unavailable",3
"202504","unavailable","TPE","AKL","P","A","TW","unavailable","unavailable","35 - 44 years","M","","N","unavailable","unavailable",3
"202504","unavailable","TBU","AKL","P","A","TO","unavailable","unavailable","12 - 18 years","M","","N","unavailable","unavailable",3
"202504","unavailable","APW","AKL","P","A","AS","unavailable","unavailable","55 - 64 years","F","","N","unavailable","unavailable",3
"202504","unavailable","SHA","AKL","P","A","PH","unavailable","unavailable","01 - 11 years","M","","N","unavailable","unavailable",3
"202504","unavailable","SYD","ZQN","P","A","FR","unavailable","unavailable","19 - 24 years","M","","N","unavailable","unavailable",3
"202504","unavailable","BNE","AKL","P","A","CZ","unavailable","unavailable","25 - 34 years","M","","N","unavailable","unavailable",3
"202504","unavailable","SHA","AKL","P","A","IL","unavailable","unavailable","25 - 34 years","M","","N","unavailable","unavailable",3
"202504","unavailable","DOH","AKL","P","A","KE","unavailable","unavailable","25 - 34 years","M","","N","unavailable","unavailable",3
"202504","unavailable","SIN","AKL","P","A","FR","unavailable","unavailable","25 - 34 years","M","","N","unavailable","unavailable",3
"202504","unavailable","XXA","AKL","P","A","GB","unavailable","unavailable","45 - 54 years","F","","N","unavailable","unavailable",3
"202504","unavailable","OOL","CHC","P","A","AU","unavailable","unavailable","Less than 1 year","F","","N","unavailable","unavailable",3
"202504","unavailable","NAN","AKL","P","A","WS","unavailable","unavailable","25 - 34 years","M","","N","unavailable","unavailable",3
"202504","unavailable","SIN","AKL","P","A","GB","unavailable","unavailable","01 - 11 years","M","","N","unavailable","unavailable",3
"202504","unavailable","DXB","AKL","P","A","US","unavailable","unavailable","01 - 11 years","M","","N","unavailable","unavailable",3
"202504","unavailable","DOH","AKL","P","A","GB","unavailable","unavailable","55 - 64 years","F","","N","unavailable","unavailable",3
"202504","unavailable","DOH","AKL","P","A","AU","unavailable","unavailable","25 - 34 years","F","","N","unavailable","unavailable",3
"202504","unavailable","KUL","AKL","P","A","SG","unavailable","unavailable","12 - 18 years","M","","N","unavailable","unavailable",3
"202504","unavailable","SYD","WLG","P","A","PH","unavailable","unavailable","01 - 11 years","M","","N","unavailable","unavailable",3
"202504","unavailable","HKG","AKL","P","A","AU","unavailable","unavailable","25 - 34 years","F","","N","unavailable","unavailable",3
"202504","unavailable","SZX","AKL","P","A","CZ","unavailable","unavailable","19 - 24 years","M","","N","unavailable","unavailable",3
"202504","unavailable","NRT","AKL","P","A","JP","unavailable","unavailable","55 - 64 years","M","","N","unavailable","unavailable",3
"202504","unavailable","SIN","AKL","P","A","ES","unavailable","unavailable","25 - 34 years","F","","N","unavailable","unavailable",3
"202504","unavailable","SYD","CHC","P","A","XX","unavailable","unavailable","55 - 64 years","M","","N","unavailable","unavailable",3
"202504","unavailable","HKG","AKL","P","A","XX","unavailable","unavailable","35 - 44 years","F","","N","unavailable","unavailable",3
"202504","unavailable","SIN","AKL","P","A","XX","unavailable","unavailable","75+","M","","N","unavailable","unavailable",3
"202504","unavailable","SIN","AKL","P","A","PH","unavailable","unavailable","12 - 18 years","M","","N","unavailable","unavailable",3
"202504","unavailable","HKG","AKL","P","A","ZA","unavailable","unavailable","12 - 18 years","F","","N","unavailable","unavailable",3
"202504","unavailable","CNS","AKL","P","A","AU","unavailable","unavailable","45 - 54 years","F","","N","unavailable","unavailable",3
"202504","unavailable","DXB","AKL","P","A","AE","unavailable","unavailable","45 - 54 years","F","","N","unavailable","unavailable",3
"202504","unavailable","HKG","AKL","P","A","XX","unavailable","unavailable","25 - 34 years","M","","N","unavailable","unavailable",3
"202504","unavailable","DXB","AKL","P","A","IN","unavailable","unavailable","35 - 44 years","F","","N","unavailable","unavailable",3
"202504","unavailable","MEL","WLG","P","A","AU","unavailable","unavailable","19 - 24 years","M","","N","unavailable","unavailable",3
"202504","unavailable","SIN","AKL","P","A","XX","unavailable","unavailable","Less than 1 year","M","","N","unavailable","unavailable",3
"202504","unavailable","KUL","AKL","P","A","KW","unavailable","unavailable","25 - 34 years","M","","N","unavailable","unavailable",3
"202504","unavailable","LAX","AKL","P","A","CH","unavailable","unavailable","25 - 34 years","M","","N","unavailable","unavailable",3
"202504","unavailable","XXA","AKL","P","A","AU","unavailable","unavailable","25 - 34 years","F","","N","unavailable","unavailable",3
"202504","unavailable","MEL","AKL","P","A","XX","unavailable","unavailable","75+","F","","N","unavailable","unavailable",3
"202504","unavailable","KUL","AKL","P","A","AU","unavailable","unavailable","01 - 11 years","M","","N","unavailable","unavailable",3
"202504","unavailable","HKG","AKL","P","A","RS","unavailable","unavailable","19 - 24 years","M","","N","unavailable","unavailable",3
"202504","unavailable","PER","AKL","P","A","ZA","unavailable","unavailable","65 - 74 years","M","","N","unavailable","unavailable",3
"202504","unavailable","SYD","CHC","P","A","PH","unavailable","unavailable","35 - 44 years","M","","N","unavailable","unavailable",3
"202504","unavailable","OOL","WLG","P","A","AU","unavailable","unavailable","35 - 44 years","M","","N","unavailable","unavailable",3
"202504","unavailable","ADL","AKL","P","A","AU","unavailable","unavailable","Less than 1 year","F","","N","unavailable","unavailable",3
"202504","unavailable","BNE","AKL","P","A","PH","unavailable","unavailable","12 - 18 years","M","","N","unavailable","unavailable",3
"202504","unavailable","SYD","AKL","P","A","ID","unavailable","unavailable","12 - 18 years","F","","N","unavailable","unavailable",3
"202504","unavailable","SYD","AKL","P","A","FR","unavailable","unavailable","25 - 34 years","F","","N","unavailable","unavailable",3
"202504","unavailable","SHA","AKL","P","A","VN","unavailable","unavailable","19 - 24 years","M","","N","unavailable","unavailable",3
"202504","unavailable","DXB","AKL","P","A","DE","unavailable","unavailable","19 - 24 years","F","","N","unavailable","unavailable",3
"202504","unavailable","BNE","ZQN","P","A","US","unavailable","unavailable","25 - 34 years","M","","N","unavailable","unavailable",3
"202504","unavailable","MEL","CHC","P","A","TH","unavailable","unavailable","35 - 44 years","M","","N","unavailable","unavailable",3
"202504","unavailable","NAN","AKL","P","A","JP","unavailable","unavailable","35 - 44 years","F","","N","unavailable","unavailable",3
"202504","unavailable","SYD","ZQN","P","A","CA","unavailable","unavailable","25 - 34 years","M","","N","unavailable","unavailable",3
"202504","unavailable","SIN","AKL","P","A","IR","unavailable","unavailable","65 - 74 years","F","","N","unavailable","unavailable",3
"202504","unavailable","NAN","CHC","P","A","CN","unavailable","unavailable","01 - 11 years","M","","N","unavailable","unavailable",3
"202504","unavailable","SHA","AKL","P","A","BD","unavailable","unavailable","35 - 44 years","F","","N","unavailable","unavailable",3
"202504","unavailable","HKG","AKL","P","A","HK","unavailable","unavailable","65 - 74 years","F","","N","unavailable","unavailable",3
"202504","unavailable","DOH","AKL","P","A","XX","unavailable","unavailable","19 - 24 years","F","","N","unavailable","unavailable",3
"202504","unavailable","DOH","AKL","P","A","ZA","unavailable","unavailable","12 - 18 years","M","","N","unavailable","unavailable",3
"202504","unavailable","HNL","AKL","P","A","US","unavailable","unavailable","25 - 34 years","F","","N","unavailable","unavailable",3
"202504","unavailable","KUL","AKL","P","A","LK","unavailable","unavailable","55 - 64 years","M","","N","unavailable","unavailable",3
"202504","unavailable","MEL","AKL","P","A","GB","unavailable","unavailable","19 - 24 years","M","","N","unavailable","unavailable",3
"202504","unavailable","SYD","AKL","P","A","ZA","unavailable","unavailable","45 - 54 years","F","","N","unavailable","unavailable",3
"202504","unavailable","SIN","CHC","P","A","CN","unavailable","unavailable","55 - 64 years","F","","N","unavailable","unavailable",3
"202504","unavailable","SYD","AKL","P","A","HK","unavailable","unavailable","25 - 34 years","M","","N","unavailable","unavailable",3
"202504","unavailable","SIN","AKL","P","A","VN","unavailable","unavailable","35 - 44 years","M","","N","unavailable","unavailable",3
"202504","unavailable","HKG","AKL","P","A","TH","unavailable","unavailable","12 - 18 years","F","","N","unavailable","unavailable",3
"202504","unavailable","SYD","AKL","P","A","GB","unavailable","unavailable","19 - 24 years","F","","N","unavailable","unavailable",3
"202504","unavailable","NAN","WLG","P","A","FJ","unavailable","unavailable","35 - 44 years","M","","N","unavailable","unavailable",3
"202504","unavailable","SHA","AKL","P","A","CN","unavailable","unavailable","75+","M","","N","unavailable","unavailable",3
"202504","unavailable","SIN","AKL","P","A","FR","unavailable","unavailable","65 - 74 years","F","","N","unavailable","unavailable",3
"202504","unavailable","SYD","AKL","P","A","KR","unavailable","unavailable","25 - 34 years","F","","N","unavailable","unavailable",3
"202504","unavailable","HKG","AKL","P","A","BD","unavailable","unavailable","45 - 54 years","M","","N","unavailable","unavailable",3
"202504","unavailable","DOH","AKL","P","A","IN","unavailable","unavailable","35 - 44 years","M","","N","unavailable","unavailable",3
"202504","unavailable","HKG","AKL","P","A","VN","unavailable","unavailable","01 - 11 years","F","","N","unavailable","unavailable",3
"202504","unavailable","SIN","CHC","P","A","NP","unavailable","unavailable","25 - 34 years","F","","N","unavailable","unavailable",3
"202504","unavailable","DOH","AKL","P","A","QA","unavailable","unavailable","35 - 44 years","F","","N","unavailable","unavailable",3
"202504","unavailable","SZX","AKL","P","A","CN","unavailable","unavailable","65 - 74 years","M","","N","unavailable","unavailable",3
"202504","unavailable","SIN","CHC","P","A","JP","unavailable","unavailable","12 - 18 years","F","","N","unavailable","unavailable",3
"202504","unavailable","IAH","AKL","P","A","GB","unavailable","unavailable","35 - 44 years","M","","N","unavailable","unavailable",3
"202504","unavailable","SHA","AKL","P","A","KR","unavailable","unavailable","25 - 34 years","F","","N","unavailable","unavailable",3
"202504","unavailable","SYD","AKL","P","A","JP","unavailable","unavailable","25 - 34 years","M","","N","unavailable","unavailable",3
"202504","unavailable","DOH","AKL","P","A","GB","unavailable","unavailable","75+","M","","N","unavailable","unavailable",3
"202504","unavailable","SYD","AKL","P","A","XX","unavailable","unavailable","01 - 11 years","M","","N","unavailable","unavailable",3
"202504","unavailable","SZX","AKL","P","A","CN","unavailable","unavailable","35 - 44 years","M","","N","unavailable","unavailable",3
"202504","unavailable","HKG","AKL","P","A","FR","unavailable","unavailable","25 - 34 years","M","","N","unavailable","unavailable",3
"202504","unavailable","SIN","AKL","P","A","XX","unavailable","unavailable","55 - 64 years","M","","N","unavailable","unavailable",3
"202504","unavailable","HKG","AKL","P","A","HK","unavailable","unavailable","65 - 74 years","M","","N","unavailable","unavailable",3
"202504","unavailable","DOH","AKL","P","A","PK","unavailable","unavailable","25 - 34 years","F","","N","unavailable","unavailable",3
"202504","unavailable","KUL","AKL","P","A","BD","unavailable","unavailable","19 - 24 years","F","","N","unavailable","unavailable",3
"202504","unavailable","BNE","CHC","P","A","PG","unavailable","unavailable","25 - 34 years","M","","N","unavailable","unavailable",3
"202504","unavailable","SYD","CHC","P","A","AR","unavailable","unavailable","01 - 11 years","F","","N","unavailable","unavailable",3
"202504","unavailable","SHA","AKL","P","A","AU","unavailable","unavailable","19 - 24 years","F","","N","unavailable","unavailable",3
"202504","unavailable","SIN","AKL","P","A","LK","unavailable","unavailable","12 - 18 years","F","","N","unavailable","unavailable",3
"202504","unavailable","LAX","AKL","P","A","GB","unavailable","unavailable","45 - 54 years","F","","N","unavailable","unavailable",3
"202504","unavailable","SFO","AKL","P","A","US","unavailable","unavailable","55 - 64 years","M","","N","unavailable","unavailable",3
"202504","unavailable","BNE","CHC","P","A","AU","unavailable","unavailable","35 - 44 years","M","","N","unavailable","unavailable",3
"202504","unavailable","TPE","AKL","P","A","TW","unavailable","unavailable","65 - 74 years","M","","N","unavailable","unavailable",3
"202504","unavailable","MEL","WLG","P","A","MY","unavailable","unavailable","45 - 54 years","F","","N","unavailable","unavailable",3
"202504","unavailable","PPT","AKL","P","A","XX","unavailable","unavailable","25 - 34 years","F","","N","unavailable","unavailable",3
"202504","unavailable","SHA","AKL","P","A","US","unavailable","unavailable","25 - 34 years","M","","N","unavailable","unavailable",3
"202504","unavailable","SYD","CHC","P","A","GB","unavailable","unavailable","65 - 74 years","F","","N","unavailable","unavailable",3
"202504","unavailable","SYD","AKL","P","A","ZA","unavailable","unavailable","45 - 54 years","M","","N","unavailable","unavailable",3
"202504","unavailable","HKG","AKL","P","A","TW","unavailable","unavailable","19 - 24 years","F","","N","unavailable","unavailable",3
"202504","unavailable","SIN","AKL","P","A","AU","unavailable","unavailable","19 - 24 years","F","","N","unavailable","unavailable",3
"202504","unavailable","NAN","CHC","P","A","CA","unavailable","unavailable","25 - 34 years","F","","N","unavailable","unavailable",3
"202504","unavailable","DXB","AKL","P","A","LK","unavailable","unavailable","35 - 44 years","F","","N","unavailable","unavailable",3
"202504","unavailable","SIN","AKL","P","A","ES","unavailable","unavailable","55 - 64 years","M","","N","unavailable","unavailable",3
"202504","unavailable","HNL","AKL","P","A","US","unavailable","unavailable","65 - 74 years","F","","N","unavailable","unavailable",3
"202504","unavailable","PEK","AKL","P","A","GB","unavailable","unavailable","25 - 34 years","M","","N","unavailable","unavailable",3
"202504","unavailable","DXB","AKL","P","A","ZA","unavailable","unavailable","12 - 18 years","F","","N","unavailable","unavailable",3
"202504","unavailable","DXB","AKL","P","A","LK","unavailable","unavailable","45 - 54 years","M","","N","unavailable","unavailable",3
"202504","unavailable","SCL","AKL","P","A","CZ","unavailable","unavailable","45 - 54 years","M","","N","unavailable","unavailable",3
"202504","unavailable","SYD","CHC","P","A","GB","unavailable","unavailable","45 - 54 years","F","","N","unavailable","unavailable",3
"202504","unavailable","SIN","AKL","P","A","VN","unavailable","unavailable","01 - 11 years","M","","N","unavailable","unavailable",3
"202504","unavailable","APW","AKL","P","A","WS","unavailable","unavailable","65 - 74 years","M","","N","unavailable","unavailable",3
"202504","unavailable","BNE","AKL","P","A","XX","unavailable","unavailable","75+","F","","N","unavailable","unavailable",3
"202504","unavailable","SYD","CHC","P","A","AU","unavailable","unavailable","19 - 24 years","M","","N","unavailable","unavailable",3
"202504","unavailable","SCL","AKL","P","A","CL","unavailable","unavailable","35 - 44 years","M","","N","unavailable","unavailable",3
"202504","unavailable","MEL","CHC","P","A","IL","unavailable","unavailable","35 - 44 years","F","","N","unavailable","unavailable",3
"202504","unavailable","OOL","AKL","P","A","AU","unavailable","unavailable","35 - 44 years","F","","N","unavailable","unavailable",3
"202504","unavailable","KUL","AKL","P","A","SA","unavailable","unavailable","35 - 44 years","F","","N","unavailable","unavailable",3
"202504","unavailable","BNE","AKL","P","A","XX","unavailable","unavailable","65 - 74 years","F","","N","unavailable","unavailable",3
"202504","unavailable","KUL","AKL","P","A","TH","unavailable","unavailable","25 - 34 years","M","","N","unavailable","unavailable",3
"202504","unavailable","SFO","AKL","P","A","CA","unavailable","unavailable","19 - 24 years","F","","N","unavailable","unavailable",3
"202504","unavailable","SYD","AKL","P","A","PH","unavailable","unavailable","45 - 54 years","F","","N","unavailable","unavailable",3
"202504","unavailable","XXA","AKL","P","A","CN","unavailable","unavailable","Less than 1 year","F","","N","unavailable","unavailable",3
"202504","unavailable","MEL","AKL","P","A","XX","unavailable","unavailable","01 - 11 years","F","","N","unavailable","unavailable",3
"202504","unavailable","SYD","CHC","P","A","KR","unavailable","unavailable","25 - 34 years","F","","N","unavailable","unavailable",3
"202504","unavailable","MEL","ZQN","P","A","GB","unavailable","unavailable","25 - 34 years","M","","N","unavailable","unavailable",3
"202504","unavailable","SZX","AKL","P","A","XX","unavailable","unavailable","55 - 64 years","M","","N","unavailable","unavailable",3
"202504","unavailable","BNE","WLG","P","A","AU","unavailable","unavailable","45 - 54 years","M","","N","unavailable","unavailable",3
"202504","unavailable","KUL","AKL","P","A","IN","unavailable","unavailable","45 - 54 years","F","","N","unavailable","unavailable",3
"202504","unavailable","OOL","AKL","P","A","AU","unavailable","unavailable","55 - 64 years","F","","N","unavailable","unavailable",3
"202504","unavailable","SIN","AKL","P","A","KR","unavailable","unavailable","01 - 11 years","F","","N","unavailable","unavailable",3
"202504","unavailable","XXA","AKL","P","A","AU","unavailable","unavailable","25 - 34 years","M","","N","unavailable","unavailable",3
"202504","unavailable","HKG","AKL","P","A","CN","unavailable","unavailable","55 - 64 years","M","","N","unavailable","unavailable",3
"202504","unavailable","MEL","ZQN","P","A","XX","unavailable","unavailable","25 - 34 years","M","","N","unavailable","unavailable",3
"202504","unavailable","SCL","AKL","P","A","AR","unavailable","unavailable","19 - 24 years","M","","N","unavailable","unavailable",3
"202504","unavailable","OOL","WLG","P","A","AU","unavailable","unavailable","01 - 11 years","F","","N","unavailable","unavailable",3
"202504","unavailable","MEL","WLG","P","A","AU","unavailable","unavailable","35 - 44 years","F","","N","unavailable","unavailable",3
"202504","unavailable","SYD","AKL","P","A","PH","unavailable","unavailable","45 - 54 years","M","","N","unavailable","unavailable",3
"202504","unavailable","MEL","AKL","P","A","PH","unavailable","unavailable","35 - 44 years","F","","N","unavailable","unavailable",3
"202504","unavailable","LAX","AKL","P","A","US","unavailable","unavailable","55 - 64 years","F","","N","unavailable","unavailable",3
"202504","unavailable","NAN","CHC","P","A","FJ","unavailable","unavailable","01 - 11 years","F","","N","unavailable","unavailable",3
"202504","unavailable","PEK","AKL","P","A","CN","unavailable","unavailable","Less than 1 year","M","","N","unavailable","unavailable",3
"202504","unavailable","SYD","CHC","P","A","GB","unavailable","unavailable","12 - 18 years","M","","N","unavailable","unavailable",3
"202504","unavailable","XXA","AKL","P","A","SG","unavailable","unavailable","35 - 44 years","M","","N","unavailable","unavailable",3
"202504","unavailable","DXB","AKL","P","A","GB","unavailable","unavailable","19 - 24 years","M","","N","unavailable","unavailable",3
"202504","unavailable","BNE","WLG","P","A","XX","unavailable","unavailable","45 - 54 years","M","","N","unavailable","unavailable",3
"202504","unavailable","MEL","WLG","P","A","ID","unavailable","unavailable","45 - 54 years","F","","N","unavailable","unavailable",3
"202504","unavailable","SCL","AKL","P","A","BR","unavailable","unavailable","01 - 11 years","F","","N","unavailable","unavailable",3
"202504","unavailable","SYD","CHC","P","A","AU","unavailable","unavailable","12 - 18 years","F","","N","unavailable","unavailable",3
"202504","unavailable","SHA","AKL","P","A","DK","unavailable","unavailable","25 - 34 years","M","","N","unavailable","unavailable",3
"202504","unavailable","PPT","AKL","P","A","PF","unavailable","unavailable","25 - 34 years","M","","N","unavailable","unavailable",3
"202504","unavailable","BNE","AKL","P","A","PH","unavailable","unavailable","45 - 54 years","M","","N","unavailable","unavailable",3
"202504","unavailable","NAN","AKL","P","A","AU","unavailable","unavailable","45 - 54 years","F","","N","unavailable","unavailable",3
"202504","unavailable","DXB","AKL","P","A","IR","unavailable","unavailable","19 - 24 years","M","","N","unavailable","unavailable",3
"202504","unavailable","SIN","AKL","P","A","SG","unavailable","unavailable","45 - 54 years","M","","N","unavailable","unavailable",3
"202504","unavailable","DOH","AKL","P","A","ZA","unavailable","unavailable","25 - 34 years","M","","N","unavailable","unavailable",3
"202504","unavailable","DXB","AKL","P","A","BE","unavailable","unavailable","01 - 11 years","F","","N","unavailable","unavailable",3
"202504","unavailable","DXB","AKL","P","A","AF","unavailable","unavailable","25 - 34 years","M","","N","unavailable","unavailable",3
"202504","unavailable","SYD","CHC","P","A","GB","unavailable","unavailable","25 - 34 years","M","","N","unavailable","unavailable",3
"202504","unavailable","BNE","AKL","P","A","PH","unavailable","unavailable","25 - 34 years","F","","N","unavailable","unavailable",3
"202504","unavailable","SIN","AKL","P","A","NL","unavailable","unavailable","25 - 34 years","F","","N","unavailable","unavailable",3
"202504","unavailable","MEL","AKL","P","A","PH","unavailable","unavailable","45 - 54 years","F","","N","unavailable","unavailable",3
"202504","unavailable","DOH","AKL","P","A","LK","unavailable","unavailable","12 - 18 years","M","","N","unavailable","unavailable",3
"202504","unavailable","HKG","AKL","P","A","LK","unavailable","unavailable","35 - 44 years","M","","N","unavailable","unavailable",3
"202504","unavailable","SYD","AKL","P","A","AU","unavailable","unavailable","75+","M","","N","unavailable","unavailable",3
"202504","unavailable","DOH","AKL","P","A","NL","unavailable","unavailable","25 - 34 years","F","","N","unavailable","unavailable",3
"202504","unavailable","SIN","CHC","P","A","KR","unavailable","unavailable","12 - 18 years","F","","N","unavailable","unavailable",3
"202504","unavailable","XXA","AKL","P","A","LK","unavailable","unavailable","35 - 44 years","F","","N","unavailable","unavailable",3
"202504","unavailable","OOL","AKL","P","A","US","unavailable","unavailable","01 - 11 years","F","","N","unavailable","unavailable",3
"202504","unavailable","SYD","AKL","P","A","XX","unavailable","unavailable","19 - 24 years","F","","N","unavailable","unavailable",3
"202504","unavailable","OOL","AKL","P","A","XX","unavailable","unavailable","35 - 44 years","F","","N","unavailable","unavailable",3
"202504","unavailable","HKG","AKL","P","A","PH","unavailable","unavailable","19 - 24 years","F","","N","unavailable","unavailable",3
"202504","unavailable","NAN","AKL","P","A","US","unavailable","unavailable","12 - 18 years","M","","N","unavailable","unavailable",3
"202504","unavailable","SIN","CHC","P","A","GB","unavailable","unavailable","35 - 44 years","F","","N","unavailable","unavailable",3
"202504","unavailable","SIN","AKL","P","A","NP","unavailable","unavailable","19 - 24 years","M","","N","unavailable","unavailable",3
"202504","unavailable","OOL","AKL","P","A","AU","unavailable","unavailable","01 - 11 years","M","","N","unavailable","unavailable",3
"202504","unavailable","NAN","AKL","P","A","FJ","unavailable","unavailable","55 - 64 years","F","","N","unavailable","unavailable",3
"202504","unavailable","MEL","ZQN","P","A","AU","unavailable","unavailable","19 - 24 years","F","","N","unavailable","unavailable",3
"202504","unavailable","SYD","ZQN","P","A","PH","unavailable","unavailable","01 - 11 years","F","","N","unavailable","unavailable",3
"202504","unavailable","SHA","AKL","P","A","GB","unavailable","unavailable","25 - 34 years","F","","N","unavailable","unavailable",3
"202504","unavailable","SYD","CHC","P","A","KR","unavailable","unavailable","01 - 11 years","M","","N","unavailable","unavailable",3
"202504","unavailable","DXB","AKL","P","A","AE","unavailable","unavailable","25 - 34 years","M","","N","unavailable","unavailable",3
"202504","unavailable","SYD","CHC","P","A","KR","unavailable","unavailable","35 - 44 years","F","","N","unavailable","unavailable",3
"202504","unavailable","SHA","AKL","P","A","LK","unavailable","unavailable","12 - 18 years","F","","N","unavailable","unavailable",3
"202504","unavailable","SYD","AKL","P","A","PH","unavailable","unavailable","19 - 24 years","M","","N","unavailable","unavailable",3
"202504","unavailable","RAR","AKL","P","A","CK","unavailable","unavailable","12 - 18 years","F","","N","unavailable","unavailable",3
"202504","unavailable","BNE","AKL","P","A","PG","unavailable","unavailable","12 - 18 years","M","","N","unavailable","unavailable",3
"202504","unavailable","PEK","AKL","P","A","CN","unavailable","unavailable","75+","M","","N","unavailable","unavailable",3
"202504","unavailable","HKG","AKL","P","A","CN","unavailable","unavailable","25 - 34 years","M","","N","unavailable","unavailable",3
"202504","unavailable","DOH","AKL","P","A","XX","unavailable","unavailable","55 - 64 years","F","","N","unavailable","unavailable",3
"202504","unavailable","SYD","AKL","P","A","MY","unavailable","unavailable","65 - 74 years","M","","N","unavailable","unavailable",3
"202504","unavailable","DXB","AKL","P","A","FR","unavailable","unavailable","25 - 34 years","F","","N","unavailable","unavailable",3
"202504","unavailable","BNE","AKL","P","A","CN","unavailable","unavailable","75+","M","","N","unavailable","unavailable",3
"202504","unavailable","SYD","ZQN","P","A","PH","unavailable","unavailable","12 - 18 years","M","","N","unavailable","unavailable",3
"202504","unavailable","DXB","AKL","P","A","IR","unavailable","unavailable","01 - 11 years","M","","N","unavailable","unavailable",3
"202504","unavailable","BNE","ZQN","P","A","AU","unavailable","unavailable","25 - 34 years","M","","N","unavailable","unavailable",3
"202504","unavailable","NAN","AKL","P","A","WS","unavailable","unavailable","12 - 18 years","F","","N","unavailable","unavailable",3
"202504","unavailable","TPE","AKL","P","A","PH","unavailable","unavailable","01 - 11 years","M","","N","unavailable","unavailable",3
"202504","unavailable","MEL","WLG","P","A","AU","unavailable","unavailable","55 - 64 years","F","","N","unavailable","unavailable",3
"202504","unavailable","HKG","AKL","P","A","CN","unavailable","unavailable","01 - 11 years","M","","N","unavailable","unavailable",3
"202504","unavailable","HKG","AKL","P","A","LK","unavailable","unavailable","01 - 11 years","F","","N","unavailable","unavailable",3
"202504","unavailable","CAN","AKL","P","A","LA","unavailable","unavailable","35 - 44 years","M","","N","unavailable","unavailable",3
"202504","unavailable","SHA","AKL","P","A","JP","unavailable","unavailable","19 - 24 years","F","","N","unavailable","unavailable",3
"202504","unavailable","HKG","AKL","P","A","JP","unavailable","unavailable","19 - 24 years","F","","N","unavailable","unavailable",3
"202504","unavailable","DOH","AKL","P","A","DE","unavailable","unavailable","12 - 18 years","M","","N","unavailable","unavailable",3
"202504","unavailable","SYD","ZQN","P","A","CA","unavailable","unavailable","25 - 34 years","F","","N","unavailable","unavailable",3
"202504","unavailable","KUL","AKL","P","A","BD","unavailable","unavailable","25 - 34 years","M","","N","unavailable","unavailable",3
"202504","unavailable","DXB","AKL","P","A","AU","unavailable","unavailable","25 - 34 years","M","","N","unavailable","unavailable",3
"202504","unavailable","DXB","AKL","P","A","IR","unavailable","unavailable","55 - 64 years","F","","N","unavailable","unavailable",3
"202504","unavailable","SYD","CHC","P","A","GB","unavailable","unavailable","55 - 64 years","M","","N","unavailable","unavailable",3
"202504","unavailable","DOH","AKL","P","A","QA","unavailable","unavailable","35 - 44 years","M","","N","unavailable","unavailable",3
"202504","unavailable","NAN","WLG","P","A","FJ","unavailable","unavailable","12 - 18 years","F","","N","unavailable","unavailable",3
"202504","unavailable","SIN","AKL","P","A","JP","unavailable","unavailable","19 - 24 years","M","","N","unavailable","unavailable",3
"202504","unavailable","NAN","CHC","P","A","US","unavailable","unavailable","01 - 11 years","F","","N","unavailable","unavailable",3
"202504","unavailable","SCL","AKL","P","A","BR","unavailable","unavailable","12 - 18 years","F","","N","unavailable","unavailable",3
"202504","unavailable","MEL","WLG","P","A","PH","unavailable","unavailable","35 - 44 years","F","","N","unavailable","unavailable",3
"202504","unavailable","SIN","AKL","P","A","BD","unavailable","unavailable","35 - 44 years","F","","N","unavailable","unavailable",3
"202504","unavailable","HNL","AKL","P","A","AU","unavailable","unavailable","25 - 34 years","F","","N","unavailable","unavailable",3
"202504","unavailable","SYD","AKL","P","A","KR","unavailable","unavailable","35 - 44 years","M","","N","unavailable","unavailable",3
"202504","unavailable","SYD","WLG","P","A","IE","unavailable","unavailable","25 - 34 years","M","","N","unavailable","unavailable",3
"202504","unavailable","MEL","WLG","P","A","PH","unavailable","unavailable","25 - 34 years","M","","N","unavailable","unavailable",3
"202504","unavailable","ADL","AKL","P","A","AU","unavailable","unavailable","01 - 11 years","M","","N","unavailable","unavailable",3
"202504","unavailable","SIN","AKL","P","A","SG","unavailable","unavailable","19 - 24 years","F","","N","unavailable","unavailable",3
"202504","unavailable","XXA","AKL","P","A","GB","unavailable","unavailable","19 - 24 years","F","","N","unavailable","unavailable",3
"202504","unavailable","SYD","CHC","P","A","MX","unavailable","unavailable","25 - 34 years","F","","N","unavailable","unavailable",3
"202504","unavailable","DXB","AKL","P","A","KW","unavailable","unavailable","25 - 34 years","F","","N","unavailable","unavailable",3
"202504","unavailable","SEL","AKL","P","A","XX","unavailable","unavailable","45 - 54 years","F","","N","unavailable","unavailable",3
"202504","unavailable","DXB","AKL","P","A","BH","unavailable","unavailable","25 - 34 years","F","","N","unavailable","unavailable",3
"202504","unavailable","PER","AKL","P","A","AU","unavailable","unavailable","55 - 64 years","M","","N","unavailable","unavailable",3
"202504","unavailable","TPE","AKL","P","A","XX","unavailable","unavailable","01 - 11 years","M","","N","unavailable","unavailable",3
"202504","unavailable","DXB","AKL","P","A","ZA","unavailable","unavailable","01 - 11 years","F","","N","unavailable","unavailable",3
"202504","unavailable","TPE","AKL","P","A","TW","unavailable","unavailable","75+","M","","N","unavailable","unavailable",3
"202504","unavailable","HKG","AKL","P","A","NP","unavailable","unavailable","35 - 44 years","M","","N","unavailable","unavailable",3
"202504","unavailable","DOH","AKL","P","A","GB","unavailable","unavailable","75+","F","","N","unavailable","unavailable",3
"202504","unavailable","SYD","AKL","P","A","IN","unavailable","unavailable","35 - 44 years","M","","N","unavailable","unavailable",3
"202504","unavailable","SYD","AKL","P","A","PH","unavailable","unavailable","12 - 18 years","M","","N","unavailable","unavailable",3
"202504","unavailable","DXB","AKL","P","A","QA","unavailable","unavailable","35 - 44 years","M","","N","unavailable","unavailable",3
"202504","unavailable","SZX","AKL","P","A","CN","unavailable","unavailable","45 - 54 years","M","","N","unavailable","unavailable",3
"202504","unavailable","SYD","CHC","P","A","AU","unavailable","unavailable","01 - 11 years","F","","N","unavailable","unavailable",3
"202504","unavailable","HKG","AKL","P","A","KH","unavailable","unavailable","19 - 24 years","M","","N","unavailable","unavailable",3
"202504","unavailable","JFK","AKL","P","A","US","unavailable","unavailable","25 - 34 years","F","","N","unavailable","unavailable",3
"202504","unavailable","NAN","CHC","P","A","CN","unavailable","unavailable","01 - 11 years","F","","N","unavailable","unavailable",3
"202504","unavailable","HKG","AKL","P","A","HK","unavailable","unavailable","25 - 34 years","M","","N","unavailable","unavailable",3
"202504","unavailable","SIN","CHC","P","A","NP","unavailable","unavailable","01 - 11 years","F","","N","unavailable","unavailable",3
"202504","unavailable","SEL","AKL","P","A","KR","unavailable","unavailable","55 - 64 years","M","","N","unavailable","unavailable",3
"202504","unavailable","NAN","WLG","P","A","FJ","unavailable","unavailable","55 - 64 years","M","","N","unavailable","unavailable",3
"202504","unavailable","KUL","AKL","P","A","XX","unavailable","unavailable","12 - 18 years","F","","N","unavailable","unavailable",3
"202504","unavailable","PEK","AKL","P","A","GB","unavailable","unavailable","25 - 34 years","F","","N","unavailable","unavailable",3
"202504","unavailable","DXB","AKL","P","A","FR","unavailable","unavailable","19 - 24 years","F","","N","unavailable","unavailable",3
"202504","unavailable","VLI","AKL","P","A","VU","unavailable","unavailable","45 - 54 years","M","","N","unavailable","unavailable",3
"202504","unavailable","BNE","AKL","P","A","XX","unavailable","unavailable","19 - 24 years","M","","N","unavailable","unavailable",3
"202504","unavailable","SIN","AKL","P","A","NL","unavailable","unavailable","25 - 34 years","M","","N","unavailable","unavailable",3
"202504","unavailable","DXB","AKL","P","A","AF","unavailable","unavailable","01 - 11 years","M","","N","unavailable","unavailable",3
"202504","unavailable","HKG","AKL","P","A","XX","unavailable","unavailable","25 - 34 years","F","","N","unavailable","unavailable",3
"202504","unavailable","DOH","AKL","P","A","PK","unavailable","unavailable","45 - 54 years","M","","N","unavailable","unavailable",3
"202504","unavailable","MEL","AKL","P","A","PH","unavailable","unavailable","19 - 24 years","F","","N","unavailable","unavailable",3
"202504","unavailable","SCL","AKL","P","A","PE","unavailable","unavailable","25 - 34 years","F","","N","unavailable","unavailable",3
"202504","unavailable","CAN","AKL","P","A","VN","unavailable","unavailable","12 - 18 years","M","","N","unavailable","unavailable",3
"202504","unavailable","APW","AKL","P","A","AS","unavailable","unavailable","65 - 74 years","F","","N","unavailable","unavailable",3
"202504","unavailable","SIN","AKL","P","A","SG","unavailable","unavailable","12 - 18 years","F","","N","unavailable","unavailable",3
"202504","unavailable","DXB","AKL","P","A","IR","unavailable","unavailable","25 - 34 years","F","","N","unavailable","unavailable",3
"202504","unavailable","NAN","AKL","P","A","CA","unavailable","unavailable","25 - 34 years","F","","N","unavailable","unavailable",3
"202504","unavailable","BNE","CHC","P","A","AU","unavailable","unavailable","65 - 74 years","F","","N","unavailable","unavailable",3
"202504","unavailable","DOH","AKL","P","A","PK","unavailable","unavailable","55 - 64 years","F","","N","unavailable","unavailable",3
"202504","unavailable","NAN","CHC","P","A","CN","unavailable","unavailable","12 - 18 years","F","","N","unavailable","unavailable",3
"202504","unavailable","OOL","WLG","P","A","FR","unavailable","unavailable","25 - 34 years","M","","N","unavailable","unavailable",3
"202504","unavailable","DOH","AKL","P","A","SY","unavailable","unavailable","55 - 64 years","F","","N","unavailable","unavailable",3
"202504","unavailable","SYD","AKL","P","A","ES","unavailable","unavailable","25 - 34 years","M","","N","unavailable","unavailable",3
"202504","unavailable","SIN","CHC","P","A","GB","unavailable","unavailable","25 - 34 years","F","","N","unavailable","unavailable",3
"202504","unavailable","OOL","AKL","P","A","AU","unavailable","unavailable","65 - 74 years","M","","N","unavailable","unavailable",3
"202504","unavailable","NAN","AKL","P","A","FJ","unavailable","unavailable","75+","F","","N","unavailable","unavailable",3
"202504","unavailable","BNE","AKL","P","A","XX","unavailable","unavailable","19 - 24 years","F","","N","unavailable","unavailable",3
"202504","unavailable","SYD","AKL","P","A","IN","unavailable","unavailable","35 - 44 years","F","","N","unavailable","unavailable",3
"202504","unavailable","SHA","AKL","P","A","RU","unavailable","unavailable","35 - 44 years","F","","N","unavailable","unavailable",3
"202504","unavailable","SIN","CHC","P","A","PH","unavailable","unavailable","25 - 34 years","M","","N","unavailable","unavailable",3
"202504","unavailable","MEL","CHC","P","A","CN","unavailable","unavailable","55 - 64 years","M","","N","unavailable","unavailable",3
"202504","unavailable","SHA","AKL","P","A","CN","unavailable","unavailable","55 - 64 years","M","","N","unavailable","unavailable",3
"202504","unavailable","IAH","AKL","P","A","US","unavailable","unavailable","19 - 24 years","F","","N","unavailable","unavailable",3
"202504","unavailable","CAN","AKL","P","A","PH","unavailable","unavailable","19 - 24 years","F","","N","unavailable","unavailable",3
"202504","unavailable","NAN","CHC","P","A","AE","unavailable","unavailable","35 - 44 years","F","","N","unavailable","unavailable",3
"202504","unavailable","MEL","CHC","P","A","GB","unavailable","unavailable","19 - 24 years","M","","N","unavailable","unavailable",3
"202504","unavailable","APW","AKL","P","A","WS","unavailable","unavailable","19 - 24 years","M","","N","unavailable","unavailable",3
"202504","unavailable","DOH","AKL","P","A","AE","unavailable","unavailable","25 - 34 years","F","","N","unavailable","unavailable",3
"202504","unavailable","SEL","AKL","P","A","KR","unavailable","unavailable","55 - 64 years","F","","N","unavailable","unavailable",3
"202504","unavailable","SYD","AKL","P","A","IN","unavailable","unavailable","Less than 1 year","F","","N","unavailable","unavailable",3
"202504","unavailable","OOL","ZQN","P","A","AU","unavailable","unavailable","25 - 34 years","F","","N","unavailable","unavailable",3
"202504","unavailable","SIN","AKL","P","A","GB","unavailable","unavailable","55 - 64 years","M","","N","unavailable","unavailable",3
"202504","unavailable","CAN","AKL","P","A","JP","unavailable","unavailable","35 - 44 years","M","","N","unavailable","unavailable",3
"202504","unavailable","NAN","WLG","P","A","FJ","unavailable","unavailable","01 - 11 years","M","","N","unavailable","unavailable",3
"202504","unavailable","SIN","AKL","P","A","KR","unavailable","unavailable","12 - 18 years","F","","N","unavailable","unavailable",3
"202504","unavailable","LAX","AKL","P","A","MX","unavailable","unavailable","25 - 34 years","M","","N","unavailable","unavailable",3
"202504","unavailable","NAN","CHC","P","A","FJ","unavailable","unavailable","01 - 11 years","M","","N","unavailable","unavailable",3
"202504","unavailable","IAH","AKL","P","A","MX","unavailable","unavailable","35 - 44 years","M","","N","unavailable","unavailable",3
"202504","unavailable","SYD","AKL","P","A","XX","unavailable","unavailable","45 - 54 years","M","","N","unavailable","unavailable",3
"202504","unavailable","DXB","AKL","P","A","BE","unavailable","unavailable","35 - 44 years","F","","N","unavailable","unavailable",3
"202504","unavailable","SYD","ZQN","P","A","AU","unavailable","unavailable","01 - 11 years","M","","N","unavailable","unavailable",3
"202504","unavailable","SHA","AKL","P","A","AU","unavailable","unavailable","25 - 34 years","F","","N","unavailable","unavailable",3
"202504","unavailable","SYD","ZQN","P","A","XX","unavailable","unavailable","25 - 34 years","M","","N","unavailable","unavailable",3
"202504","unavailable","NAN","AKL","P","A","TO","unavailable","unavailable","35 - 44 years","F","","N","unavailable","unavailable",3
"202504","unavailable","DXB","AKL","P","A","GB","unavailable","unavailable","19 - 24 years","F","","N","unavailable","unavailable",3
"202504","unavailable","SIN","AKL","P","A","SG","unavailable","unavailable","55 - 64 years","F","","N","unavailable","unavailable",3
"202504","unavailable","OOL","CHC","P","A","AU","unavailable","unavailable","01 - 11 years","F","","N","unavailable","unavailable",3
"202504","unavailable","XXA","AKL","P","A","GB","unavailable","unavailable","25 - 34 years","F","","N","unavailable","unavailable",3
"202504","unavailable","HKG","AKL","P","A","CA","unavailable","unavailable","45 - 54 years","M","","N","unavailable","unavailable",3
"202504","unavailable","BNE","CHC","P","A","AU","unavailable","unavailable","25 - 34 years","F","","N","unavailable","unavailable",3
"202504","unavailable","BNE","CHC","P","A","AU","unavailable","unavailable","65 - 74 years","M","","N","unavailable","unavailable",3
"202504","unavailable","KUL","AKL","P","A","TH","unavailable","unavailable","01 - 11 years","M","","N","unavailable","unavailable",3
"202504","unavailable","SYD","WLG","P","A","GB","unavailable","unavailable","01 - 11 years","M","","N","unavailable","unavailable",3
"202504","unavailable","SZX","AKL","P","A","CN","unavailable","unavailable","19 - 24 years","M","","N","unavailable","unavailable",3
"202504","unavailable","BNE","CHC","P","A","AU","unavailable","unavailable","55 - 64 years","F","","N","unavailable","unavailable",3
"202504","unavailable","DXB","AKL","P","A","GB","unavailable","unavailable","55 - 64 years","F","","N","unavailable","unavailable",3
"202504","unavailable","BNE","ZQN","P","A","US","unavailable","unavailable","25 - 34 years","F","","N","unavailable","unavailable",3
"202504","unavailable","MEL","ZQN","P","A","CA","unavailable","unavailable","19 - 24 years","M","","N","unavailable","unavailable",3
"202504","unavailable","KUL","AKL","P","A","IN","unavailable","unavailable","Less than 1 year","M","","N","unavailable","unavailable",3
"202504","unavailable","SYD","AKL","P","A","CA","unavailable","unavailable","35 - 44 years","M","","N","unavailable","unavailable",3
"202504","unavailable","KUL","AKL","P","A","NP","unavailable","unavailable","25 - 34 years","M","","N","unavailable","unavailable",3
"202504","unavailable","SYD","AKL","P","A","FR","unavailable","unavailable","25 - 34 years","M","","N","unavailable","unavailable",3
"202504","unavailable","APW","AKL","P","A","CA","unavailable","unavailable","19 - 24 years","M","","N","unavailable","unavailable",3
"202504","unavailable","HKG","AKL","P","A","NP","unavailable","unavailable","19 - 24 years","F","","N","unavailable","unavailable",3
"202504","unavailable","SYD","CHC","P","A","KR","unavailable","unavailable","12 - 18 years","F","","N","unavailable","unavailable",3
"202504","unavailable","SHA","AKL","P","A","QA","unavailable","unavailable","12 - 18 years","F","","N","unavailable","unavailable",3
"202504","unavailable","DOH","AKL","P","A","SE","unavailable","unavailable","19 - 24 years","M","","N","unavailable","unavailable",3
"202504","unavailable","SCL","AKL","P","A","AR","unavailable","unavailable","35 - 44 years","F","","N","unavailable","unavailable",3
"202504","unavailable","KUL","AKL","P","A","IN","unavailable","unavailable","65 - 74 years","F","","N","unavailable","unavailable",3
"202504","unavailable","BNE","AKL","P","A","XX","unavailable","unavailable","25 - 34 years","F","","N","unavailable","unavailable",3
"202504","unavailable","LAX","AKL","P","A","US","unavailable","unavailable","65 - 74 years","F","","N","unavailable","unavailable",3
"202504","unavailable","MEL","WLG","P","A","XX","unavailable","unavailable","25 - 34 years","F","","N","unavailable","unavailable",3
"202504","unavailable","DXB","AKL","P","A","UZ","unavailable","unavailable","35 - 44 years","M","","N","unavailable","unavailable",3
"202504","unavailable","TPE","AKL","P","A","XX","unavailable","unavailable","35 - 44 years","F","","N","unavailable","unavailable",3
"202504","unavailable","HKG","AKL","P","A","VN","unavailable","unavailable","25 - 34 years","M","","N","unavailable","unavailable",3
"202504","unavailable","SIN","CHC","P","A","GB","unavailable","unavailable","19 - 24 years","F","","N","unavailable","unavailable",3
"202504","unavailable","XXA","AKL","P","A","AE","unavailable","unavailable","35 - 44 years","F","","N","unavailable","unavailable",3
"202504","unavailable","BNE","AKL","P","A","PG","unavailable","unavailable","55 - 64 years","M","","N","unavailable","unavailable",3
"202504","unavailable","MEL","WLG","P","A","AU","unavailable","unavailable","12 - 18 years","F","","N","unavailable","unavailable",3
"202504","unavailable","XXA","AKL","P","A","FR","unavailable","unavailable","19 - 24 years","M","","N","unavailable","unavailable",3
"202504","unavailable","OOL","AKL","P","A","AU","unavailable","unavailable","19 - 24 years","M","","N","unavailable","unavailable",3
"202504","unavailable","MEL","AKL","P","A","XX","unavailable","unavailable","45 - 54 years","M","","N","unavailable","unavailable",3
"202504","unavailable","CAN","AKL","P","A","PK","unavailable","unavailable","01 - 11 years","M","","N","unavailable","unavailable",3
"202504","unavailable","DOH","AKL","P","A","LK","unavailable","unavailable","35 - 44 years","F","","N","unavailable","unavailable",3
"202504","unavailable","SYD","AKL","P","A","XX","unavailable","unavailable","25 - 34 years","F","","N","unavailable","unavailable",3
"202504","unavailable","NRT","AKL","P","A","IE","unavailable","unavailable","25 - 34 years","F","","N","unavailable","unavailable",3
"202504","unavailable","HKG","AKL","P","A","TH","unavailable","unavailable","12 - 18 years","M","","N","unavailable","unavailable",3
"202504","unavailable","DXB","AKL","P","A","ZW","unavailable","unavailable","35 - 44 years","F","","N","unavailable","unavailable",3
"202504","unavailable","BNE","AKL","P","A","PH","unavailable","unavailable","35 - 44 years","F","","N","unavailable","unavailable",3
"202504","unavailable","DOH","AKL","P","A","SO","unavailable","unavailable","01 - 11 years","F","","N","unavailable","unavailable",3
"202504","unavailable","XXA","AKL","P","A","CN","unavailable","unavailable","45 - 54 years","F","","N","unavailable","unavailable",3
"202504","unavailable","NAN","WLG","P","A","FJ","unavailable","unavailable","25 - 34 years","M","","N","unavailable","unavailable",3
"202504","unavailable","MEL","AKL","P","A","CN","unavailable","unavailable","25 - 34 years","F","","N","unavailable","unavailable",3
"202504","unavailable","SYD","CHC","P","A","AU","unavailable","unavailable","55 - 64 years","M","","N","unavailable","unavailable",3
"202504","unavailable","BNE","WLG","P","A","AU","unavailable","unavailable","35 - 44 years","M","","N","unavailable","unavailable",3
"202504","unavailable","SIN","AKL","P","A","SG","unavailable","unavailable","65 - 74 years","M","","N","unavailable","unavailable",3
"202504","unavailable","RAR","AKL","P","A","CK","unavailable","unavailable","19 - 24 years","F","","N","unavailable","unavailable",3
"202504","unavailable","SIN","AKL","P","A","BD","unavailable","unavailable","35 - 44 years","M","","N","unavailable","unavailable",3
"202504","unavailable","SIN","CHC","P","A","US","unavailable","unavailable","25 - 34 years","F","","N","unavailable","unavailable",3
"202504","unavailable","SCL","AKL","P","A","AR","unavailable","unavailable","01 - 11 years","F","","N","unavailable","unavailable",3
"202504","unavailable","HNL","AKL","P","A","US","unavailable","unavailable","19 - 24 years","M","","N","unavailable","unavailable",3
"202504","unavailable","SZX","AKL","P","A","CN","unavailable","unavailable","55 - 64 years","F","","N","unavailable","unavailable",3
"202504","unavailable","SYD","AKL","P","A","JP","unavailable","unavailable","25 - 34 years","F","","N","unavailable","unavailable",3
"202504","unavailable","NRT","AKL","P","A","MX","unavailable","unavailable","01 - 11 years","M","","N","unavailable","unavailable",3
"202504","unavailable","BNE","WLG","P","A","XX","unavailable","unavailable","01 - 11 years","F","","N","unavailable","unavailable",3
"202504","unavailable","OOL","CHC","P","A","ZA","unavailable","unavailable","45 - 54 years","F","","N","unavailable","unavailable",3
"202504","unavailable","SYD","WLG","P","A","PH","unavailable","unavailable","19 - 24 years","F","","N","unavailable","unavailable",3
"202504","unavailable","DXB","AKL","P","A","BE","unavailable","unavailable","01 - 11 years","M","","N","unavailable","unavailable",3
"202504","unavailable","JFK","AKL","P","A","US","unavailable","unavailable","25 - 34 years","M","","N","unavailable","unavailable",3
"202504","unavailable","SIN","CHC","P","A","GB","unavailable","unavailable","25 - 34 years","M","","N","unavailable","unavailable",3
"202504","unavailable","SIN","CHC","P","A","LK","unavailable","unavailable","12 - 18 years","M","","N","unavailable","unavailable",3
"202504","unavailable","SCL","AKL","P","A","BR","unavailable","unavailable","19 - 24 years","F","","N","unavailable","unavailable",3
"202504","unavailable","CAN","AKL","P","A","CN","unavailable","unavailable","75+","F","","N","unavailable","unavailable",3
"202504","unavailable","KUL","AKL","P","A","TH","unavailable","unavailable","35 - 44 years","M","","N","unavailable","unavailable",3
"202504","unavailable","SCL","AKL","P","A","XX","unavailable","unavailable","12 - 18 years","F","","N","unavailable","unavailable",3
"202504","unavailable","SYD","ZQN","P","A","AU","unavailable","unavailable","01 - 11 years","F","","N","unavailable","unavailable",3
"202504","unavailable","SYD","AKL","P","A","SA","unavailable","unavailable","45 - 54 years","F","","N","unavailable","unavailable",3
"202504","unavailable","MEL","ZQN","P","A","CA","unavailable","unavailable","25 - 34 years","F","","N","unavailable","unavailable",3
"202504","unavailable","SYD","WLG","P","A","AU","unavailable","unavailable","65 - 74 years","F","","N","unavailable","unavailable",3
"202504","unavailable","SIN","CHC","P","A","IT","unavailable","unavailable","75+","F","","N","unavailable","unavailable",3
"202504","unavailable","SIN","AKL","P","A","NP","unavailable","unavailable","19 - 24 years","F","","N","unavailable","unavailable",3
"202504","unavailable","SZX","AKL","P","A","CN","unavailable","unavailable","35 - 44 years","F","","N","unavailable","unavailable",3
"202504","unavailable","SCL","AKL","P","A","AR","unavailable","unavailable","01 - 11 years","M","","N","unavailable","unavailable",3
"202504","unavailable","SYD","AKL","P","A","XX","unavailable","unavailable","65 - 74 years","M","","N","unavailable","unavailable",3
"202504","unavailable","CAN","AKL","P","A","VN","unavailable","unavailable","01 - 11 years","M","","N","unavailable","unavailable",3
"202504","unavailable","SYD","WLG","P","A","GB","unavailable","unavailable","35 - 44 years","F","","N","unavailable","unavailable",3
"202504","unavailable","SYD","ZQN","P","A","PH","unavailable","unavailable","19 - 24 years","F","","N","unavailable","unavailable",3
"202504","unavailable","HKG","AKL","P","A","XX","unavailable","unavailable","35 - 44 years","M","","N","unavailable","unavailable",3
"202504","unavailable","SYD","ZQN","P","A","GB","unavailable","unavailable","19 - 24 years","F","","N","unavailable","unavailable",3
"202504","unavailable","SHA","AKL","P","A","BD","unavailable","unavailable","01 - 11 years","F","","N","unavailable","unavailable",3
"202504","unavailable","SHA","AKL","P","A","LT","unavailable","unavailable","01 - 11 years","M","","N","unavailable","unavailable",3
"202504","unavailable","KUL","AKL","P","A","LK","unavailable","unavailable","19 - 24 years","M","","N","unavailable","unavailable",3
"202504","unavailable","MEL","WLG","P","A","AU","unavailable","unavailable","35 - 44 years","M","","N","unavailable","unavailable",3
"202504","unavailable","SIN","AKL","P","A","KH","unavailable","unavailable","01 - 11 years","F","","N","unavailable","unavailable",3
"202504","unavailable","XXA","AKL","P","A","LK","unavailable","unavailable","12 - 18 years","M","","N","unavailable","unavailable",3
"202504","unavailable","DXB","AKL","P","A","AE","unavailable","unavailable","01 - 11 years","F","","N","unavailable","unavailable",3
"202504","unavailable","XXA","AKL","P","A","CN","unavailable","unavailable","65 - 74 years","F","","N","unavailable","unavailable",3
"202504","unavailable","DXB","AKL","P","A","ZA","unavailable","unavailable","25 - 34 years","F","","N","unavailable","unavailable",3
"202504","unavailable","SYD","CHC","P","A","AU","unavailable","unavailable","35 - 44 years","F","","N","unavailable","unavailable",3
"202504","unavailable","KUL","AKL","P","A","JP","unavailable","unavailable","19 - 24 years","M","","N","unavailable","unavailable",3
"202504","unavailable","DOH","AKL","P","A","EG","unavailable","unavailable","35 - 44 years","M","","N","unavailable","unavailable",3
"202504","unavailable","SYD","AKL","P","A","LK","unavailable","unavailable","25 - 34 years","F","","N","unavailable","unavailable",3
"202504","unavailable","DOH","AKL","P","A","NL","unavailable","unavailable","19 - 24 years","F","","N","unavailable","unavailable",3
"202504","unavailable","HKG","AKL","P","A","AE","unavailable","unavailable","35 - 44 years","F","","N","unavailable","unavailable",3
"202504","unavailable","SHA","AKL","P","A","LK","unavailable","unavailable","01 - 11 years","F","","N","unavailable","unavailable",3
"202504","unavailable","SZX","AKL","P","A","ES","unavailable","unavailable","25 - 34 years","F","","N","unavailable","unavailable",3
"202504","unavailable","SFO","AKL","P","A","US","unavailable","unavailable","55 - 64 years","F","","N","unavailable","unavailable",3
"202504","unavailable","NAN","AKL","P","A","TH","unavailable","unavailable","25 - 34 years","F","","N","unavailable","unavailable",3
"202504","unavailable","SIN","AKL","P","A","JP","unavailable","unavailable","25 - 34 years","F","","N","unavailable","unavailable",3
"202504","unavailable","MEL","CHC","P","A","AU","unavailable","unavailable","01 - 11 years","M","","N","unavailable","unavailable",3
"202504","unavailable","DXB","AKL","P","A","GB","unavailable","unavailable","12 - 18 years","M","","N","unavailable","unavailable",3
"202504","unavailable","SYD","AKL","P","A","US","unavailable","unavailable","25 - 34 years","M","","N","unavailable","unavailable",3
"202504","unavailable","SCL","AKL","P","A","FR","unavailable","unavailable","25 - 34 years","M","","N","unavailable","unavailable",3
"202504","unavailable","SYD","CHC","P","A","GB","unavailable","unavailable","19 - 24 years","F","","N","unavailable","unavailable",3
"202504","unavailable","SHA","AKL","P","A","JP","unavailable","unavailable","25 - 34 years","F","","N","unavailable","unavailable",3
"202504","unavailable","SIN","AKL","P","A","GB","unavailable","unavailable","01 - 11 years","F","","N","unavailable","unavailable",3
"202504","unavailable","XXA","AKL","P","A","CN","unavailable","unavailable","55 - 64 years","M","","N","unavailable","unavailable",3
"202504","unavailable","DOH","AKL","P","A","HU","unavailable","unavailable","25 - 34 years","M","","N","unavailable","unavailable",3
"202504","unavailable","SIN","CHC","P","A","JP","unavailable","unavailable","65 - 74 years","M","","N","unavailable","unavailable",3
"202504","unavailable","NOU","AKL","P","A","NC","unavailable","unavailable","25 - 34 years","F","","N","unavailable","unavailable",3
"202504","unavailable","DXB","AKL","P","A","LK","unavailable","unavailable","01 - 11 years","F","","N","unavailable","unavailable",3
"202504","unavailable","SIN","CHC","P","A","IN","unavailable","unavailable","Less than 1 year","M","","N","unavailable","unavailable",3
"202504","unavailable","MEL","CHC","P","A","HK","unavailable","unavailable","35 - 44 years","M","","N","unavailable","unavailable",3
"202504","unavailable","SFO","AKL","P","A","GB","unavailable","unavailable","55 - 64 years","F","","N","unavailable","unavailable",3
"202504","unavailable","SYD","CHC","P","A","FR","unavailable","unavailable","19 - 24 years","M","","N","unavailable","unavailable",3
"202504","unavailable","OOL","WLG","P","A","AU","unavailable","unavailable","35 - 44 years","F","","N","unavailable","unavailable",3
"202504","unavailable","SIN","AKL","P","A","ZW","unavailable","unavailable","01 - 11 years","M","","N","unavailable","unavailable",3
"202504","unavailable","SZX","AKL","P","A","CN","unavailable","unavailable","65 - 74 years","F","","N","unavailable","unavailable",3
"202504","unavailable","DXB","AKL","P","A","ZW","unavailable","unavailable","25 - 34 years","F","","N","unavailable","unavailable",3
"202504","unavailable","PEK","AKL","P","A","XX","unavailable","unavailable","25 - 34 years","M","","N","unavailable","unavailable",3
"202504","unavailable","DXB","AKL","P","A","DE","unavailable","unavailable","19 - 24 years","M","","N","unavailable","unavailable",3
"202504","unavailable","SYD","AKL","P","A","GB","unavailable","unavailable","19 - 24 years","M","","N","unavailable","unavailable",3
"202504","unavailable","KUL","AKL","P","A","GB","unavailable","unavailable","01 - 11 years","M","","N","unavailable","unavailable",3
"202504","unavailable","KUL","AKL","P","A","BH","unavailable","unavailable","01 - 11 years","M","","N","unavailable","unavailable",3
"202504","unavailable","SYD","AKL","P","A","LK","unavailable","unavailable","35 - 44 years","F","","N","unavailable","unavailable",3
"202504","unavailable","SYD","ZQN","P","A","PH","unavailable","unavailable","35 - 44 years","F","","N","unavailable","unavailable",3
"202504","unavailable","SYD","ZQN","P","A","AU","unavailable","unavailable","35 - 44 years","F","","N","unavailable","unavailable",3
"202504","unavailable","MEL","ZQN","P","A","GB","unavailable","unavailable","45 - 54 years","M","","N","unavailable","unavailable",3
"202504","unavailable","KUL","AKL","P","A","CA","unavailable","unavailable","25 - 34 years","M","","N","unavailable","unavailable",3
"202504","unavailable","KUL","AKL","P","A","MY","unavailable","unavailable","01 - 11 years","F","","N","unavailable","unavailable",3
"202504","unavailable","OOL","CHC","P","A","AU","unavailable","unavailable","35 - 44 years","F","","N","unavailable","unavailable",3
"202504","unavailable","CAN","AKL","P","A","KR","unavailable","unavailable","25 - 34 years","M","","N","unavailable","unavailable",3
"202504","unavailable","SYD","AKL","P","A","SK","unavailable","unavailable","25 - 34 years","F","","N","unavailable","unavailable",3
"202504","unavailable","SIN","AKL","P","A","IN","unavailable","unavailable","45 - 54 years","F","","N","unavailable","unavailable",3
"202504","unavailable","SYD","AKL","P","A","GB","unavailable","unavailable","35 - 44 years","M","","N","unavailable","unavailable",3
"202504","unavailable","APW","AKL","P","A","XX","unavailable","unavailable","01 - 11 years","F","","N","unavailable","unavailable",3
"202504","unavailable","SZX","AKL","P","A","CN","unavailable","unavailable","45 - 54 years","F","","N","unavailable","unavailable",3
"202504","unavailable","MEL","CHC","P","A","XX","unavailable","unavailable","19 - 24 years","M","","N","unavailable","unavailable",3
"202504","unavailable","MEL","CHC","P","A","GB","unavailable","unavailable","25 - 34 years","M","","N","unavailable","unavailable",3
"202504","unavailable","SIN","AKL","P","A","IN","unavailable","unavailable","75+","M","","N","unavailable","unavailable",3
"202504","unavailable","SHA","AKL","P","A","US","unavailable","unavailable","25 - 34 years","F","","N","unavailable","unavailable",3
"202504","unavailable","KUL","AKL","P","A","XX","unavailable","unavailable","65 - 74 years","M","","N","unavailable","unavailable",3
"202504","unavailable","OOL","AKL","P","A","AU","unavailable","unavailable","12 - 18 years","F","","N","unavailable","unavailable",3
"202504","unavailable","TBU","AKL","P","A","TO","unavailable","unavailable","25 - 34 years","F","","N","unavailable","unavailable",3
"202504","unavailable","SYD","AKL","P","A","GB","unavailable","unavailable","25 - 34 years","F","","N","unavailable","unavailable",3
"202504","unavailable","MCY","AKL","P","A","AU","unavailable","unavailable","55 - 64 years","M","","N","unavailable","unavailable",3
"202504","unavailable","HKG","AKL","P","A","PH","unavailable","unavailable","45 - 54 years","M","","N","unavailable","unavailable",3
"202504","unavailable","BNE","WLG","P","A","AU","unavailable","unavailable","35 - 44 years","F","","N","unavailable","unavailable",3
"202504","unavailable","SCL","AKL","P","A","US","unavailable","unavailable","25 - 34 years","M","","N","unavailable","unavailable",3
"202504","unavailable","KUL","AKL","P","A","MY","unavailable","unavailable","12 - 18 years","M","","N","unavailable","unavailable",3
"202504","unavailable","PER","AKL","P","A","AU","unavailable","unavailable","75+","F","","N","unavailable","unavailable",3
"202504","unavailable","SIN","AKL","P","A","IE","unavailable","unavailable","25 - 34 years","F","","N","unavailable","unavailable",3
"202504","unavailable","DXB","AKL","P","A","LK","unavailable","unavailable","35 - 44 years","M","","N","unavailable","unavailable",3
"202504","unavailable","DXB","AKL","P","A","LK","unavailable","unavailable","19 - 24 years","F","","N","unavailable","unavailable",3
"202504","unavailable","KUL","AKL","P","A","TH","unavailable","unavailable","35 - 44 years","F","","N","unavailable","unavailable",3
"202504","unavailable","BNE","AKL","P","A","PG","unavailable","unavailable","45 - 54 years","F","","N","unavailable","unavailable",3
"202504","unavailable","SIN","CHC","P","A","SG","unavailable","unavailable","65 - 74 years","M","","N","unavailable","unavailable",3
"202504","unavailable","SYD","CHC","P","A","AU","unavailable","unavailable","55 - 64 years","F","","N","unavailable","unavailable",3
"202504","unavailable","SYD","WLG","P","A","LK","unavailable","unavailable","35 - 44 years","F","","N","unavailable","unavailable",3
"202504","unavailable","NAN","AKL","P","A","WS","unavailable","unavailable","35 - 44 years","F","","N","unavailable","unavailable",3
"202504","unavailable","XXA","AKL","P","A","GB","unavailable","unavailable","19 - 24 years","M","","N","unavailable","unavailable",3
"202504","unavailable","LAX","AKL","P","A","MX","unavailable","unavailable","25 - 34 years","F","","N","unavailable","unavailable",3
"202504","unavailable","MEL","AKL","P","A","US","unavailable","unavailable","19 - 24 years","F","","N","unavailable","unavailable",3
"202504","unavailable","BNE","ZQN","P","A","AU","unavailable","unavailable","35 - 44 years","M","","N","unavailable","unavailable",3
"202504","unavailable","SIN","AKL","P","A","SG","unavailable","unavailable","19 - 24 years","M","","N","unavailable","unavailable",3
"202504","unavailable","BNE","AKL","P","A","CA","unavailable","unavailable","25 - 34 years","M","","N","unavailable","unavailable",3
"202504","unavailable","MEL","ZQN","P","A","ES","unavailable","unavailable","25 - 34 years","M","","N","unavailable","unavailable",3
"202504","unavailable","SHA","AKL","P","A","XX","unavailable","unavailable","55 - 64 years","M","","N","unavailable","unavailable",3
"202504","unavailable","SYD","AKL","P","A","ID","unavailable","unavailable","35 - 44 years","F","","N","unavailable","unavailable",3
"202504","unavailable","DOH","AKL","P","A","GB","unavailable","unavailable","19 - 24 years","F","","N","unavailable","unavailable",3
"202504","unavailable","DOH","AKL","P","A","ES","unavailable","unavailable","25 - 34 years","F","","N","unavailable","unavailable",3
"202504","unavailable","DXB","AKL","P","A","US","unavailable","unavailable","35 - 44 years","M","","N","unavailable","unavailable",3
"202504","unavailable","SYD","CHC","P","A","IR","unavailable","unavailable","25 - 34 years","F","","N","unavailable","unavailable",3
"202504","unavailable","NRT","AKL","P","A","JP","unavailable","unavailable","01 - 11 years","F","","N","unavailable","unavailable",3
"202504","unavailable","KUL","AKL","P","A","BD","unavailable","unavailable","45 - 54 years","M","","N","unavailable","unavailable",3
"202504","unavailable","SIN","AKL","P","A","GB","unavailable","unavailable","35 - 44 years","M","","N","unavailable","unavailable",3
"202504","unavailable","MEL","CHC","P","A","IL","unavailable","unavailable","01 - 11 years","M","","N","unavailable","unavailable",3
"202504","unavailable","NAN","AKL","P","A","IN","unavailable","unavailable","01 - 11 years","M","","N","unavailable","unavailable",3
"202504","unavailable","SYD","AKL","P","A","FR","unavailable","unavailable","19 - 24 years","M","","N","unavailable","unavailable",3
"202504","unavailable","DOH","AKL","P","A","GB","unavailable","unavailable","19 - 24 years","M","","N","unavailable","unavailable",3
"202504","unavailable","DOH","AKL","P","A","XX","unavailable","unavailable","25 - 34 years","F","","N","unavailable","unavailable",3
"202504","unavailable","MEL","ZQN","P","A","VN","unavailable","unavailable","35 - 44 years","M","","N","unavailable","unavailable",3
"202504","unavailable","MEL","AKL","P","A","BE","unavailable","unavailable","19 - 24 years","M","","N","unavailable","unavailable",3
"202504","unavailable","MEL","AKL","P","A","XX","unavailable","unavailable","19 - 24 years","F","","N","unavailable","unavailable",3
"202504","unavailable","SIN","AKL","P","A","XX","unavailable","unavailable","35 - 44 years","F","","N","unavailable","unavailable",3
"202504","unavailable","NAN","CHC","P","A","FJ","unavailable","unavailable","12 - 18 years","F","","N","unavailable","unavailable",3
"202504","unavailable","NRT","AKL","P","A","IL","unavailable","unavailable","45 - 54 years","F","","N","unavailable","unavailable",3
"202504","unavailable","HKG","AKL","P","A","CN","unavailable","unavailable","65 - 74 years","F","","N","unavailable","unavailable",3
"202504","unavailable","SYD","AKL","P","A","CA","unavailable","unavailable","35 - 44 years","F","","N","unavailable","unavailable",3
"202504","unavailable","HKG","AKL","P","A","HK","unavailable","unavailable","19 - 24 years","F","","N","unavailable","unavailable",3
"202504","unavailable","DXB","AKL","P","A","ET","unavailable","unavailable","12 - 18 years","M","","N","unavailable","unavailable",3
"202504","unavailable","PER","AKL","P","A","PH","unavailable","unavailable","12 - 18 years","M","","N","unavailable","unavailable",3
"202504","unavailable","HKG","AKL","P","A","LK","unavailable","unavailable","45 - 54 years","M","","N","unavailable","unavailable",3
"202504","unavailable","SHA","AKL","P","A","LK","unavailable","unavailable","12 - 18 years","M","","N","unavailable","unavailable",3
"202504","unavailable","LAX","AKL","P","A","MX","unavailable","unavailable","01 - 11 years","F","","N","unavailable","unavailable",3
"202504","unavailable","NAN","AKL","P","A","KI","unavailable","unavailable","25 - 34 years","M","","N","unavailable","unavailable",3
"202504","unavailable","DXB","AKL","P","A","CH","unavailable","unavailable","25 - 34 years","F","","N","unavailable","unavailable",3
"202504","unavailable","DPS","AKL","P","A","DE","unavailable","unavailable","19 - 24 years","M","","N","unavailable","unavailable",3
"202504","unavailable","APW","AKL","P","A","FJ","unavailable","unavailable","75+","F","","N","unavailable","unavailable",3
"202504","unavailable","DOH","AKL","P","A","JO","unavailable","unavailable","25 - 34 years","F","","N","unavailable","unavailable",3
"202504","unavailable","MEL","AKL","P","A","AU","unavailable","unavailable","65 - 74 years","F","","N","unavailable","unavailable",3
"202504","unavailable","ADL","AKL","P","A","LK","unavailable","unavailable","45 - 54 years","M","","N","unavailable","unavailable",3
"202504","unavailable","SYD","WLG","P","A","AU","unavailable","unavailable","45 - 54 years","M","","N","unavailable","unavailable",3
"202504","unavailable","DOH","AKL","P","A","IT","unavailable","unavailable","45 - 54 years","M","","N","unavailable","unavailable",3
"202504","unavailable","BNE","WLG","P","A","GB","unavailable","unavailable","55 - 64 years","F","","N","unavailable","unavailable",3
"202504","unavailable","HKG","AKL","P","A","MY","unavailable","unavailable","12 - 18 years","F","","N","unavailable","unavailable",3
"202504","unavailable","BNE","WLG","P","A","AU","unavailable","unavailable","25 - 34 years","M","","N","unavailable","unavailable",3
"202504","unavailable","APW","AKL","P","A","TK","unavailable","unavailable","19 - 24 years","M","","N","unavailable","unavailable",3
"202504","unavailable","NAN","AKL","P","A","KI","unavailable","unavailable","19 - 24 years","F","","N","unavailable","unavailable",3
"202504","unavailable","SFO","AKL","P","A","GB","unavailable","unavailable","25 - 34 years","F","","N","unavailable","unavailable",3
"202504","unavailable","DOH","AKL","P","A","CH","unavailable","unavailable","25 - 34 years","M","","N","unavailable","unavailable",3
"202504","unavailable","SYD","WLG","P","A","AU","unavailable","unavailable","25 - 34 years","F","","N","unavailable","unavailable",3
"202504","unavailable","HKG","AKL","P","A","GB","unavailable","unavailable","35 - 44 years","M","","N","unavailable","unavailable",3
"202504","unavailable","HKG","AKL","P","A","IN","unavailable","unavailable","01 - 11 years","F","","N","unavailable","unavailable",3
"202504","unavailable","SYD","AKL","P","A","ZA","unavailable","unavailable","35 - 44 years","M","","N","unavailable","unavailable",3
"202504","unavailable","BNE","WLG","P","A","AU","unavailable","unavailable","01 - 11 years","F","","N","unavailable","unavailable",3
"202504","unavailable","SCL","AKL","P","A","BO","unavailable","unavailable","75+","F","","N","unavailable","unavailable",3
"202504","unavailable","SYD","CHC","P","A","GB","unavailable","unavailable","25 - 34 years","F","","N","unavailable","unavailable",3
"202504","unavailable","SYD","ZQN","P","A","BH","unavailable","unavailable","01 - 11 years","F","","N","unavailable","unavailable",3
"202504","unavailable","SYD","AKL","P","A","SA","unavailable","unavailable","19 - 24 years","M","","N","unavailable","unavailable",3
"202504","unavailable","HKG","AKL","P","A","JP","unavailable","unavailable","25 - 34 years","F","","N","unavailable","unavailable",3
"202504","unavailable","SYD","WLG","P","A","ZA","unavailable","unavailable","25 - 34 years","M","","N","unavailable","unavailable",3
"202504","unavailable","DOH","AKL","P","A","NP","unavailable","unavailable","19 - 24 years","F","","N","unavailable","unavailable",3
"202504","unavailable","NAN","CHC","P","A","FJ","unavailable","unavailable","25 - 34 years","M","","N","unavailable","unavailable",3
"202504","unavailable","SYD","CHC","P","A","AR","unavailable","unavailable","25 - 34 years","F","","N","unavailable","unavailable",3
"202504","unavailable","BNE","AKL","P","A","TH","unavailable","unavailable","35 - 44 years","M","","N","unavailable","unavailable",3
"202504","unavailable","MEL","ZQN","P","A","PH","unavailable","unavailable","35 - 44 years","F","","N","unavailable","unavailable",3
"202504","unavailable","SHA","AKL","P","A","LK","unavailable","unavailable","01 - 11 years","M","","N","unavailable","unavailable",3
"202504","unavailable","KUL","AKL","P","A","XX","unavailable","unavailable","75+","F","","N","unavailable","unavailable",3
"202504","unavailable","DOH","AKL","P","A","NG","unavailable","unavailable","25 - 34 years","F","","N","unavailable","unavailable",3
"202504","unavailable","BNE","AKL","P","A","VN","unavailable","unavailable","25 - 34 years","F","","N","unavailable","unavailable",3
"202504","unavailable","SIN","CHC","P","A","GB","unavailable","unavailable","01 - 11 years","M","","N","unavailable","unavailable",3
"202504","unavailable","IUE","AKL","P","A","NU","unavailable","unavailable","12 - 18 years","F","","N","unavailable","unavailable",3
"202504","unavailable","MEL","AKL","P","A","GB","unavailable","unavailable","25 - 34 years","M","","N","unavailable","unavailable",3
"202504","unavailable","SYD","ZQN","P","A","TH","unavailable","unavailable","25 - 34 years","M","","N","unavailable","unavailable",3
"202504","unavailable","LAX","AKL","P","A","SX","unavailable","unavailable","45 - 54 years","F","","N","unavailable","unavailable",3
"202504","unavailable","KUL","AKL","P","A","IN","unavailable","unavailable","55 - 64 years","M","","N","unavailable","unavailable",3
"202504","unavailable","APW","AKL","P","A","WS","unavailable","unavailable","25 - 34 years","F","","N","unavailable","unavailable",3
"202504","unavailable","DOH","AKL","P","A","FR","unavailable","unavailable","19 - 24 years","M","","N","unavailable","unavailable",3
"202504","unavailable","SYD","CHC","P","A","JP","unavailable","unavailable","19 - 24 years","M","","N","unavailable","unavailable",3
"202504","unavailable","KUL","AKL","P","A","MY","unavailable","unavailable","35 - 44 years","M","","N","unavailable","unavailable",3
"202504","unavailable","OOL","AKL","P","A","AU","unavailable","unavailable","35 - 44 years","M","","N","unavailable","unavailable",3
"202504","unavailable","SYD","AKL","P","A","US","unavailable","unavailable","01 - 11 years","M","","N","unavailable","unavailable",3
"202504","unavailable","OOL","CHC","P","A","AU","unavailable","unavailable","25 - 34 years","M","","N","unavailable","unavailable",3
"202504","unavailable","SCL","AKL","P","A","XX","unavailable","unavailable","19 - 24 years","M","","N","unavailable","unavailable",3
"202504","unavailable","DPS","AKL","P","A","KE","unavailable","unavailable","65 - 74 years","F","","N","unavailable","unavailable",3
"202504","unavailable","ADL","AKL","P","A","AU","unavailable","unavailable","65 - 74 years","F","","N","unavailable","unavailable",3
"202504","unavailable","NAN","CHC","P","A","FJ","unavailable","unavailable","35 - 44 years","M","","N","unavailable","unavailable",3
"202504","unavailable","HKG","AKL","P","A","DE","unavailable","unavailable","35 - 44 years","F","","N","unavailable","unavailable",3
"202504","unavailable","SYD","AKL","P","A","SK","unavailable","unavailable","25 - 34 years","M","","N","unavailable","unavailable",3
"202504","unavailable","SYD","AKL","P","A","TH","unavailable","unavailable","12 - 18 years","M","","N","unavailable","unavailable",3
"202504","unavailable","SYD","AKL","P","A","MY","unavailable","unavailable","25 - 34 years","F","","N","unavailable","unavailable",3
"202504","unavailable","DXB","AKL","P","A","TJ","unavailable","unavailable","65 - 74 years","F","","N","unavailable","unavailable",3
"202504","unavailable","HKG","AKL","P","A","LK","unavailable","unavailable","35 - 44 years","F","","N","unavailable","unavailable",3
"202504","unavailable","DOH","AKL","P","A","LK","unavailable","unavailable","25 - 34 years","F","","N","unavailable","unavailable",3
"202504","unavailable","SIN","AKL","P","A","AE","unavailable","unavailable","35 - 44 years","M","","N","unavailable","unavailable",3
"202504","unavailable","BNE","AKL","P","A","DK","unavailable","unavailable","25 - 34 years","M","","N","unavailable","unavailable",3
"202504","unavailable","SYD","CHC","P","A","TH","unavailable","unavailable","25 - 34 years","M","","N","unavailable","unavailable",3
"202504","unavailable","SYD","WLG","P","A","TH","unavailable","unavailable","45 - 54 years","F","","N","unavailable","unavailable",3
"202504","unavailable","LAX","AKL","P","A","US","unavailable","unavailable","65 - 74 years","M","","N","unavailable","unavailable",3
"202504","unavailable","SIN","AKL","P","A","NP","unavailable","unavailable","35 - 44 years","M","","N","unavailable","unavailable",3
"202504","unavailable","SYD","CHC","P","A","AU","unavailable","unavailable","01 - 11 years","M","","N","unavailable","unavailable",3
"202504","unavailable","OOL","WLG","P","A","XX","unavailable","unavailable","19 - 24 years","F","","N","unavailable","unavailable",3
"202504","unavailable","PER","AKL","P","A","CA","unavailable","unavailable","19 - 24 years","M","","N","unavailable","unavailable",3
"202504","unavailable","NAN","AKL","P","A","FJ","unavailable","unavailable","65 - 74 years","F","","N","unavailable","unavailable",3
"202504","unavailable","XXA","AKL","P","A","KR","unavailable","unavailable","19 - 24 years","M","","N","unavailable","unavailable",3
"202504","unavailable","DPS","AKL","P","A","GB","unavailable","unavailable","25 - 34 years","F","","N","unavailable","unavailable",3
"202504","unavailable","BNE","AKL","P","A","CN","unavailable","unavailable","25 - 34 years","F","","N","unavailable","unavailable",3
"202504","unavailable","BNE","ZQN","P","A","AU","unavailable","unavailable","35 - 44 years","F","","N","unavailable","unavailable",3
"202504","unavailable","MEL","WLG","P","A","AU","unavailable","unavailable","25 - 34 years","F","","N","unavailable","unavailable",3
"202504","unavailable","SYD","AKL","P","A","ZA","unavailable","unavailable","75+","F","","N","unavailable","unavailable",3
"202504","unavailable","DOH","AKL","P","A","ZA","unavailable","unavailable","45 - 54 years","F","","N","unavailable","unavailable",3
"202504","unavailable","KUL","AKL","P","A","FR","unavailable","unavailable","25 - 34 years","M","","N","unavailable","unavailable",3
"202504","unavailable","MEL","ZQN","P","A","AU","unavailable","unavailable","01 - 11 years","F","","N","unavailable","unavailable",3
"202504","unavailable","SYD","WLG","P","A","ZA","unavailable","unavailable","25 - 34 years","F","","N","unavailable","unavailable",3
"202504","unavailable","MEL","CHC","P","A","AU","unavailable","unavailable","65 - 74 years","M","","N","unavailable","unavailable",3
"202504","unavailable","YVR","AKL","P","A","CA","unavailable","unavailable","35 - 44 years","M","","N","unavailable","unavailable",3
"202504","unavailable","SZX","AKL","P","A","CZ","unavailable","unavailable","35 - 44 years","F","","N","unavailable","unavailable",3
"202504","unavailable","MEL","AKL","P","A","BH","unavailable","unavailable","35 - 44 years","F","","N","unavailable","unavailable",3
"202504","unavailable","DOH","AKL","P","A","XX","unavailable","unavailable","45 - 54 years","F","","N","unavailable","unavailable",3
"202504","unavailable","MCY","AKL","P","A","XX","unavailable","unavailable","25 - 34 years","M","","N","unavailable","unavailable",3
