"MonthOfTravel","DayOfTravel","OverSeasPort","customs_port_code","passenger_type_code","direction_code","clnpr_code","overseas_state_code","main_country_visited_code","AgeAtTravelRange","sex_code","losa_range","travel_purpose_code","occupation_code","ta_code","TotalPassengerMovements"
202406,"unavailable","KUL","AKL","P","A","IN","unavailable","unavailable","25 - 34 years","F","","N","unavailable","unavailable",108
202406,"unavailable","SIN","AKL","P","A","IN","unavailable","unavailable","25 - 34 years","M","","N","unavailable","unavailable",99
202406,"unavailable","SIN","AKL","P","A","IN","unavailable","unavailable","25 - 34 years","F","","N","unavailable","unavailable",96
202406,"unavailable","KUL","AKL","P","A","IN","unavailable","unavailable","01 - 11 years","M","","N","unavailable","unavailable",90
202406,"unavailable","SIN","AKL","P","A","IN","unavailable","unavailable","01 - 11 years","M","","N","unavailable","unavailable",72
202406,"unavailable","SIN","AKL","P","A","IN","unavailable","unavailable","19 - 24 years","M","","N","unavailable","unavailable",72
202406,"unavailable","KUL","AKL","P","A","IN","unavailable","unavailable","01 - 11 years","F","","N","unavailable","unavailable",69
202406,"unavailable","KUL","AKL","P","A","IN","unavailable","unavailable","25 - 34 years","M","","N","unavailable","unavailable",66
202406,"unavailable","KUL","AKL","P","A","IN","unavailable","unavailable","19 - 24 years","M","","N","unavailable","unavailable",63
202406,"unavailable","KUL","AKL","P","A","IN","unavailable","unavailable","35 - 44 years","M","","N","unavailable","unavailable",60
202406,"unavailable","SIN","AKL","P","A","IN","unavailable","unavailable","19 - 24 years","F","","N","unavailable","unavailable",57
202406,"unavailable","SIN","AKL","P","A","IN","unavailable","unavailable","01 - 11 years","F","","N","unavailable","unavailable",57
202406,"unavailable","NRT","AKL","P","A","JP","unavailable","unavailable","25 - 34 years","F","","N","unavailable","unavailable",57
202406,"unavailable","SIN","AKL","P","A","IN","unavailable","unavailable","35 - 44 years","F","","N","unavailable","unavailable",54
202406,"unavailable","HKG","AKL","P","A","PH","unavailable","unavailable","25 - 34 years","F","","N","unavailable","unavailable",48
202406,"unavailable","SHA","AKL","P","A","CN","unavailable","unavailable","35 - 44 years","F","","N","unavailable","unavailable",45
202406,"unavailable","SIN","AKL","P","A","IN","unavailable","unavailable","35 - 44 years","M","","N","unavailable","unavailable",42
202406,"unavailable","SIN","CHC","P","A","IN","unavailable","unavailable","25 - 34 years","F","","N","unavailable","unavailable",42
202406,"unavailable","KUL","AKL","P","A","IN","unavailable","unavailable","19 - 24 years","F","","N","unavailable","unavailable",42
202406,"unavailable","SHA","AKL","P","A","CN","unavailable","unavailable","25 - 34 years","F","","N","unavailable","unavailable",39
202406,"unavailable","DOH","AKL","P","A","GB","unavailable","unavailable","25 - 34 years","F","","N","unavailable","unavailable",36
202406,"unavailable","SIN","AKL","P","A","IN","unavailable","unavailable","12 - 18 years","M","","N","unavailable","unavailable",36
202406,"unavailable","DOH","AKL","P","A","GB","unavailable","unavailable","25 - 34 years","M","","N","unavailable","unavailable",36
202406,"unavailable","KUL","AKL","P","A","IN","unavailable","unavailable","35 - 44 years","F","","N","unavailable","unavailable",36
202406,"unavailable","HKG","AKL","P","A","PH","unavailable","unavailable","35 - 44 years","F","","N","unavailable","unavailable",33
202406,"unavailable","SHA","AKL","P","A","CN","unavailable","unavailable","25 - 34 years","M","","N","unavailable","unavailable",33
202406,"unavailable","SHA","AKL","P","A","CN","unavailable","unavailable","35 - 44 years","M","","N","unavailable","unavailable",30
202406,"unavailable","SIN","CHC","P","A","IN","unavailable","unavailable","25 - 34 years","M","","N","unavailable","unavailable",30
202406,"unavailable","SIN","AKL","P","A","SG","unavailable","unavailable","25 - 34 years","F","","N","unavailable","unavailable",30
202406,"unavailable","SIN","AKL","P","A","IN","unavailable","unavailable","12 - 18 years","F","","N","unavailable","unavailable",30
202406,"unavailable","DXB","AKL","P","A","XX","unavailable","unavailable","01 - 11 years","M","","N","unavailable","unavailable",30
202406,"unavailable","NRT","AKL","P","A","JP","unavailable","unavailable","19 - 24 years","F","","N","unavailable","unavailable",30
202406,"unavailable","LAX","AKL","P","A","US","unavailable","unavailable","25 - 34 years","F","","N","unavailable","unavailable",27
202406,"unavailable","HKG","AKL","P","A","PH","unavailable","unavailable","25 - 34 years","M","","N","unavailable","unavailable",27
202406,"unavailable","SHA","AKL","P","A","CN","unavailable","unavailable","19 - 24 years","F","","N","unavailable","unavailable",27
202406,"unavailable","SZX","AKL","P","A","CN","unavailable","unavailable","25 - 34 years","F","","N","unavailable","unavailable",27
202406,"unavailable","NAN","AKL","P","A","FJ","unavailable","unavailable","35 - 44 years","F","","N","unavailable","unavailable",27
202406,"unavailable","SYD","AKL","P","A","AU","unavailable","unavailable","25 - 34 years","F","","N","unavailable","unavailable",27
202406,"unavailable","HKG","AKL","P","A","PH","unavailable","unavailable","35 - 44 years","M","","N","unavailable","unavailable",27
202406,"unavailable","LAX","AKL","P","A","US","unavailable","unavailable","19 - 24 years","F","","N","unavailable","unavailable",27
202406,"unavailable","XXA","AKL","P","A","CN","unavailable","unavailable","25 - 34 years","F","","N","unavailable","unavailable",27
202406,"unavailable","NAN","AKL","P","A","FJ","unavailable","unavailable","01 - 11 years","F","","N","unavailable","unavailable",24
202406,"unavailable","CAN","AKL","P","A","CN","unavailable","unavailable","35 - 44 years","F","","N","unavailable","unavailable",24
202406,"unavailable","SHA","AKL","P","A","CN","unavailable","unavailable","12 - 18 years","M","","N","unavailable","unavailable",24
202406,"unavailable","CAN","AKL","P","A","CN","unavailable","unavailable","25 - 34 years","F","","N","unavailable","unavailable",24
202406,"unavailable","SIN","AKL","P","A","LK","unavailable","unavailable","01 - 11 years","F","","N","unavailable","unavailable",24
202406,"unavailable","CAN","AKL","P","A","CN","unavailable","unavailable","65 - 74 years","M","","N","unavailable","unavailable",24
202406,"unavailable","SHA","AKL","P","A","CN","unavailable","unavailable","01 - 11 years","F","","N","unavailable","unavailable",24
202406,"unavailable","KUL","AKL","P","A","XX","unavailable","unavailable","01 - 11 years","M","","N","unavailable","unavailable",24
202406,"unavailable","HKG","AKL","P","A","IN","unavailable","unavailable","25 - 34 years","M","","N","unavailable","unavailable",24
202406,"unavailable","KUL","AKL","P","A","XX","unavailable","unavailable","25 - 34 years","F","","N","unavailable","unavailable",21
202406,"unavailable","XXA","AKL","P","A","CN","unavailable","unavailable","25 - 34 years","M","","N","unavailable","unavailable",21
202406,"unavailable","HKG","AKL","P","A","PH","unavailable","unavailable","01 - 11 years","M","","N","unavailable","unavailable",21
202406,"unavailable","DXB","AKL","P","A","XX","unavailable","unavailable","01 - 11 years","F","","N","unavailable","unavailable",21
202406,"unavailable","NAN","AKL","P","A","FJ","unavailable","unavailable","01 - 11 years","M","","N","unavailable","unavailable",21
202406,"unavailable","SHA","AKL","P","A","CN","unavailable","unavailable","01 - 11 years","M","","N","unavailable","unavailable",21
202406,"unavailable","BNE","AKL","P","A","AU","unavailable","unavailable","25 - 34 years","M","","N","unavailable","unavailable",21
202406,"unavailable","SHA","AKL","P","A","CN","unavailable","unavailable","12 - 18 years","F","","N","unavailable","unavailable",21
202406,"unavailable","SHA","AKL","P","A","CN","unavailable","unavailable","45 - 54 years","M","","N","unavailable","unavailable",21
202406,"unavailable","DOH","AKL","P","A","GB","unavailable","unavailable","19 - 24 years","M","","N","unavailable","unavailable",21
202406,"unavailable","SHA","AKL","P","A","CN","unavailable","unavailable","19 - 24 years","M","","N","unavailable","unavailable",21
202406,"unavailable","SIN","CHC","P","A","IN","unavailable","unavailable","01 - 11 years","M","","N","unavailable","unavailable",21
202406,"unavailable","XXA","AKL","P","A","CN","unavailable","unavailable","35 - 44 years","F","","N","unavailable","unavailable",21
202406,"unavailable","CAN","AKL","P","A","CN","unavailable","unavailable","65 - 74 years","F","","N","unavailable","unavailable",21
202406,"unavailable","SYD","AKL","P","A","PH","unavailable","unavailable","35 - 44 years","F","","N","unavailable","unavailable",21
202406,"unavailable","KUL","AKL","P","A","IN","unavailable","unavailable","12 - 18 years","M","","N","unavailable","unavailable",21
202406,"unavailable","APW","AKL","P","A","WS","unavailable","unavailable","01 - 11 years","F","","N","unavailable","unavailable",21
202406,"unavailable","XXA","AKL","P","A","CN","unavailable","unavailable","35 - 44 years","M","","N","unavailable","unavailable",21
202406,"unavailable","SIN","AKL","P","A","LK","unavailable","unavailable","35 - 44 years","M","","N","unavailable","unavailable",21
202406,"unavailable","SYD","AKL","P","A","PH","unavailable","unavailable","01 - 11 years","F","","N","unavailable","unavailable",21
202406,"unavailable","KUL","AKL","P","A","IN","unavailable","unavailable","12 - 18 years","F","","N","unavailable","unavailable",21
202406,"unavailable","NAN","AKL","P","A","FJ","unavailable","unavailable","12 - 18 years","M","","N","unavailable","unavailable",21
202406,"unavailable","XXA","AKL","P","A","CN","unavailable","unavailable","19 - 24 years","F","","N","unavailable","unavailable",21
202406,"unavailable","NAN","AKL","P","A","FJ","unavailable","unavailable","25 - 34 years","F","","N","unavailable","unavailable",21
202406,"unavailable","SZX","AKL","P","A","CN","unavailable","unavailable","25 - 34 years","M","","N","unavailable","unavailable",18
202406,"unavailable","SHA","AKL","P","A","CN","unavailable","unavailable","65 - 74 years","M","","N","unavailable","unavailable",18
202406,"unavailable","DOH","AKL","P","A","GB","unavailable","unavailable","19 - 24 years","F","","N","unavailable","unavailable",18
202406,"unavailable","APW","AKL","P","A","WS","unavailable","unavailable","19 - 24 years","F","","N","unavailable","unavailable",18
202406,"unavailable","DXB","AKL","P","A","XX","unavailable","unavailable","25 - 34 years","M","","N","unavailable","unavailable",18
202406,"unavailable","HKG","AKL","P","A","PH","unavailable","unavailable","12 - 18 years","F","","N","unavailable","unavailable",18
202406,"unavailable","BNE","AKL","P","A","AU","unavailable","unavailable","25 - 34 years","F","","N","unavailable","unavailable",18
202406,"unavailable","HKG","AKL","P","A","IN","unavailable","unavailable","25 - 34 years","F","","N","unavailable","unavailable",18
202406,"unavailable","HKG","AKL","P","A","IN","unavailable","unavailable","19 - 24 years","M","","N","unavailable","unavailable",18
202406,"unavailable","PEK","AKL","P","A","CN","unavailable","unavailable","25 - 34 years","F","","N","unavailable","unavailable",18
202406,"unavailable","MEL","AKL","P","A","AU","unavailable","unavailable","25 - 34 years","F","","N","unavailable","unavailable",18
202406,"unavailable","SHA","AKL","P","A","CN","unavailable","unavailable","65 - 74 years","F","","N","unavailable","unavailable",18
202406,"unavailable","HKG","AKL","P","A","PH","unavailable","unavailable","01 - 11 years","F","","N","unavailable","unavailable",18
202406,"unavailable","SYD","AKL","P","A","AU","unavailable","unavailable","25 - 34 years","M","","N","unavailable","unavailable",18
202406,"unavailable","SEL","AKL","P","A","KR","unavailable","unavailable","25 - 34 years","F","","N","unavailable","unavailable",18
202406,"unavailable","CAN","AKL","P","A","CN","unavailable","unavailable","25 - 34 years","M","","N","unavailable","unavailable",18
202406,"unavailable","NRT","AKL","P","A","JP","unavailable","unavailable","25 - 34 years","M","","N","unavailable","unavailable",18
202406,"unavailable","SIN","AKL","P","A","SG","unavailable","unavailable","35 - 44 years","M","","N","unavailable","unavailable",18
202406,"unavailable","SIN","CHC","P","A","IN","unavailable","unavailable","19 - 24 years","M","","N","unavailable","unavailable",18
202406,"unavailable","HKG","AKL","P","A","PH","unavailable","unavailable","12 - 18 years","M","","N","unavailable","unavailable",18
202406,"unavailable","DXB","AKL","P","A","ZA","unavailable","unavailable","01 - 11 years","M","","N","unavailable","unavailable",18
202406,"unavailable","SHA","AKL","P","A","CN","unavailable","unavailable","55 - 64 years","F","","N","unavailable","unavailable",15
202406,"unavailable","SZX","AKL","P","A","CN","unavailable","unavailable","35 - 44 years","M","","N","unavailable","unavailable",15
202406,"unavailable","LAX","AKL","P","A","US","unavailable","unavailable","19 - 24 years","M","","N","unavailable","unavailable",15
202406,"unavailable","XXA","AKL","P","A","CN","unavailable","unavailable","19 - 24 years","M","","N","unavailable","unavailable",15
202406,"unavailable","SZX","AKL","P","A","CN","unavailable","unavailable","35 - 44 years","F","","N","unavailable","unavailable",15
202406,"unavailable","SZX","AKL","P","A","CN","unavailable","unavailable","19 - 24 years","F","","N","unavailable","unavailable",15
202406,"unavailable","SIN","CHC","P","A","IN","unavailable","unavailable","19 - 24 years","F","","N","unavailable","unavailable",15
202406,"unavailable","DXB","AKL","P","A","ZA","unavailable","unavailable","25 - 34 years","F","","N","unavailable","unavailable",15
202406,"unavailable","HKG","AKL","P","A","PH","unavailable","unavailable","45 - 54 years","M","","N","unavailable","unavailable",15
202406,"unavailable","SYD","CHC","P","A","PH","unavailable","unavailable","12 - 18 years","F","","N","unavailable","unavailable",15
202406,"unavailable","APW","AKL","P","A","WS","unavailable","unavailable","01 - 11 years","M","","N","unavailable","unavailable",15
202406,"unavailable","HKG","AKL","P","A","IN","unavailable","unavailable","35 - 44 years","F","","N","unavailable","unavailable",15
202406,"unavailable","NAN","AKL","P","A","FJ","unavailable","unavailable","12 - 18 years","F","","N","unavailable","unavailable",15
202406,"unavailable","DOH","AKL","P","A","ZA","unavailable","unavailable","01 - 11 years","M","","N","unavailable","unavailable",15
202406,"unavailable","NAN","AKL","P","A","FJ","unavailable","unavailable","35 - 44 years","M","","N","unavailable","unavailable",15
202406,"unavailable","APW","AKL","P","A","WS","unavailable","unavailable","19 - 24 years","M","","N","unavailable","unavailable",15
202406,"unavailable","CAN","AKL","P","A","PH","unavailable","unavailable","12 - 18 years","M","","N","unavailable","unavailable",15
202406,"unavailable","KUL","AKL","P","A","XX","unavailable","unavailable","01 - 11 years","F","","N","unavailable","unavailable",15
202406,"unavailable","SYD","AKL","P","A","PH","unavailable","unavailable","25 - 34 years","F","","N","unavailable","unavailable",15
202406,"unavailable","KUL","AKL","P","A","XX","unavailable","unavailable","35 - 44 years","M","","N","unavailable","unavailable",15
202406,"unavailable","PEK","AKL","P","A","CN","unavailable","unavailable","35 - 44 years","F","","N","unavailable","unavailable",15
202406,"unavailable","CAN","AKL","P","A","CN","unavailable","unavailable","55 - 64 years","F","","N","unavailable","unavailable",15
202406,"unavailable","CAN","AKL","P","A","CN","unavailable","unavailable","01 - 11 years","M","","N","unavailable","unavailable",15
202406,"unavailable","KUL","AKL","P","A","XX","unavailable","unavailable","35 - 44 years","F","","N","unavailable","unavailable",15
202406,"unavailable","SYD","CHC","P","A","PH","unavailable","unavailable","01 - 11 years","F","","N","unavailable","unavailable",15
202406,"unavailable","CAN","AKL","P","A","CN","unavailable","unavailable","45 - 54 years","F","","N","unavailable","unavailable",15
202406,"unavailable","SYD","AKL","P","A","XX","unavailable","unavailable","35 - 44 years","M","","N","unavailable","unavailable",12
202406,"unavailable","SIN","AKL","P","A","SG","unavailable","unavailable","35 - 44 years","F","","N","unavailable","unavailable",12
202406,"unavailable","YVR","AKL","P","A","CA","unavailable","unavailable","25 - 34 years","F","","N","unavailable","unavailable",12
202406,"unavailable","DOH","AKL","P","A","ZA","unavailable","unavailable","35 - 44 years","F","","N","unavailable","unavailable",12
202406,"unavailable","SYD","AKL","P","A","PH","unavailable","unavailable","01 - 11 years","M","","N","unavailable","unavailable",12
202406,"unavailable","HKG","AKL","P","A","IN","unavailable","unavailable","35 - 44 years","M","","N","unavailable","unavailable",12
202406,"unavailable","APW","AKL","P","A","WS","unavailable","unavailable","12 - 18 years","M","","N","unavailable","unavailable",12
202406,"unavailable","PER","AKL","P","A","AU","unavailable","unavailable","25 - 34 years","F","","N","unavailable","unavailable",12
202406,"unavailable","CAN","AKL","P","A","CN","unavailable","unavailable","12 - 18 years","M","","N","unavailable","unavailable",12
202406,"unavailable","CAN","AKL","P","A","CN","unavailable","unavailable","01 - 11 years","F","","N","unavailable","unavailable",12
202406,"unavailable","APW","AKL","P","A","WS","unavailable","unavailable","12 - 18 years","F","","N","unavailable","unavailable",12
202406,"unavailable","SCL","AKL","P","A","CL","unavailable","unavailable","25 - 34 years","F","","N","unavailable","unavailable",12
202406,"unavailable","DXB","AKL","P","A","ZA","unavailable","unavailable","35 - 44 years","F","","N","unavailable","unavailable",12
202406,"unavailable","APW","AKL","P","A","WS","unavailable","unavailable","25 - 34 years","M","","N","unavailable","unavailable",12
202406,"unavailable","SIN","AKL","P","A","LK","unavailable","unavailable","25 - 34 years","F","","N","unavailable","unavailable",12
202406,"unavailable","SIN","AKL","P","A","PH","unavailable","unavailable","01 - 11 years","F","","N","unavailable","unavailable",12
202406,"unavailable","SIN","AKL","P","A","PH","unavailable","unavailable","01 - 11 years","M","","N","unavailable","unavailable",12
202406,"unavailable","PEK","AKL","P","A","CN","unavailable","unavailable","55 - 64 years","F","","N","unavailable","unavailable",12
202406,"unavailable","DXB","AKL","P","A","AE","unavailable","unavailable","35 - 44 years","F","","N","unavailable","unavailable",12
202406,"unavailable","SYD","AKL","P","A","PH","unavailable","unavailable","12 - 18 years","F","","N","unavailable","unavailable",12
202406,"unavailable","MEL","CHC","P","A","AU","unavailable","unavailable","25 - 34 years","F","","N","unavailable","unavailable",12
202406,"unavailable","DXB","AKL","P","A","ZW","unavailable","unavailable","01 - 11 years","M","","N","unavailable","unavailable",12
202406,"unavailable","SIN","AKL","P","A","PH","unavailable","unavailable","12 - 18 years","F","","N","unavailable","unavailable",12
202406,"unavailable","SIN","AKL","P","A","SG","unavailable","unavailable","25 - 34 years","M","","N","unavailable","unavailable",12
202406,"unavailable","SYD","WLG","P","A","PH","unavailable","unavailable","01 - 11 years","M","","N","unavailable","unavailable",12
202406,"unavailable","NAN","AKL","P","A","FJ","unavailable","unavailable","25 - 34 years","M","","N","unavailable","unavailable",12
202406,"unavailable","XXA","AKL","P","A","CN","unavailable","unavailable","01 - 11 years","F","","N","unavailable","unavailable",12
202406,"unavailable","PEK","AKL","P","A","CN","unavailable","unavailable","12 - 18 years","M","","N","unavailable","unavailable",12
202406,"unavailable","SYD","AKL","P","A","PH","unavailable","unavailable","12 - 18 years","M","","N","unavailable","unavailable",12
202406,"unavailable","NAN","AKL","P","A","FJ","unavailable","unavailable","45 - 54 years","M","","N","unavailable","unavailable",12
202406,"unavailable","SYD","CHC","P","A","PH","unavailable","unavailable","12 - 18 years","M","","N","unavailable","unavailable",12
202406,"unavailable","SYD","CHC","P","A","PH","unavailable","unavailable","01 - 11 years","M","","N","unavailable","unavailable",12
202406,"unavailable","SZX","AKL","P","A","CN","unavailable","unavailable","01 - 11 years","M","","N","unavailable","unavailable",12
202406,"unavailable","SIN","AKL","P","A","PH","unavailable","unavailable","25 - 34 years","F","","N","unavailable","unavailable",12
202406,"unavailable","DXB","AKL","P","A","ZA","unavailable","unavailable","35 - 44 years","M","","N","unavailable","unavailable",12
202406,"unavailable","SYD","WLG","P","A","PH","unavailable","unavailable","35 - 44 years","F","","N","unavailable","unavailable",12
202406,"unavailable","LAX","AKL","P","A","US","unavailable","unavailable","25 - 34 years","M","","N","unavailable","unavailable",12
202406,"unavailable","SFO","AKL","P","A","US","unavailable","unavailable","19 - 24 years","F","","N","unavailable","unavailable",12
202406,"unavailable","SIN","AKL","P","A","PH","unavailable","unavailable","35 - 44 years","F","","N","unavailable","unavailable",12
202406,"unavailable","BNE","AKL","P","A","AU","unavailable","unavailable","01 - 11 years","M","","N","unavailable","unavailable",12
202406,"unavailable","PEK","AKL","P","A","CN","unavailable","unavailable","01 - 11 years","M","","N","unavailable","unavailable",12
202406,"unavailable","SIN","AKL","P","A","LK","unavailable","unavailable","35 - 44 years","F","","N","unavailable","unavailable",12
202406,"unavailable","SYD","AKL","P","A","PH","unavailable","unavailable","35 - 44 years","M","","N","unavailable","unavailable",12
202406,"unavailable","KUL","AKL","P","A","XX","unavailable","unavailable","12 - 18 years","M","","N","unavailable","unavailable",12
202406,"unavailable","DOH","AKL","P","A","GB","unavailable","unavailable","35 - 44 years","M","","N","unavailable","unavailable",12
202406,"unavailable","SYD","AKL","P","A","PH","unavailable","unavailable","19 - 24 years","F","","N","unavailable","unavailable",12
202406,"unavailable","SHA","AKL","P","A","CN","unavailable","unavailable","45 - 54 years","F","","N","unavailable","unavailable",12
202406,"unavailable","SEL","AKL","P","A","KR","unavailable","unavailable","19 - 24 years","F","","N","unavailable","unavailable",12
202406,"unavailable","BNE","AKL","P","A","AU","unavailable","unavailable","19 - 24 years","M","","N","unavailable","unavailable",12
202406,"unavailable","CAN","AKL","P","A","CN","unavailable","unavailable","35 - 44 years","M","","N","unavailable","unavailable",12
202406,"unavailable","MEL","AKL","P","A","AU","unavailable","unavailable","25 - 34 years","M","","N","unavailable","unavailable",12
202406,"unavailable","DXB","AKL","P","A","XX","unavailable","unavailable","35 - 44 years","F","","N","unavailable","unavailable",12
202406,"unavailable","SYD","CHC","P","A","PH","unavailable","unavailable","35 - 44 years","F","","N","unavailable","unavailable",12
202406,"unavailable","XXA","AKL","P","A","CN","unavailable","unavailable","12 - 18 years","M","","N","unavailable","unavailable",12
202406,"unavailable","SIN","AKL","P","A","SG","unavailable","unavailable","01 - 11 years","F","","N","unavailable","unavailable",12
202406,"unavailable","XXA","AKL","P","A","CN","unavailable","unavailable","65 - 74 years","M","","N","unavailable","unavailable",12
202406,"unavailable","HKG","AKL","P","A","PH","unavailable","unavailable","45 - 54 years","F","","N","unavailable","unavailable",12
202406,"unavailable","KUL","AKL","P","A","LK","unavailable","unavailable","35 - 44 years","M","","N","unavailable","unavailable",12
202406,"unavailable","CAN","AKL","P","A","PH","unavailable","unavailable","35 - 44 years","F","","N","unavailable","unavailable",12
202406,"unavailable","SIN","AKL","P","A","XX","unavailable","unavailable","25 - 34 years","F","","N","unavailable","unavailable",12
202406,"unavailable","CAN","AKL","P","A","FR","unavailable","unavailable","25 - 34 years","M","","N","unavailable","unavailable",12
202406,"unavailable","DXB","AKL","P","A","XX","unavailable","unavailable","19 - 24 years","F","","N","unavailable","unavailable",9
202406,"unavailable","CAN","AKL","P","A","NP","unavailable","unavailable","19 - 24 years","M","","N","unavailable","unavailable",9
202406,"unavailable","KUL","AKL","P","A","MY","unavailable","unavailable","35 - 44 years","F","","N","unavailable","unavailable",9
202406,"unavailable","DXB","AKL","P","A","ZA","unavailable","unavailable","01 - 11 years","F","","N","unavailable","unavailable",9
202406,"unavailable","CAN","AKL","P","A","CN","unavailable","unavailable","45 - 54 years","M","","N","unavailable","unavailable",9
202406,"unavailable","MEL","AKL","P","A","AU","unavailable","unavailable","01 - 11 years","F","","N","unavailable","unavailable",9
202406,"unavailable","SZX","AKL","P","A","CN","unavailable","unavailable","19 - 24 years","M","","N","unavailable","unavailable",9
202406,"unavailable","YVR","AKL","P","A","CA","unavailable","unavailable","25 - 34 years","M","","N","unavailable","unavailable",9
202406,"unavailable","SHA","AKL","P","A","JP","unavailable","unavailable","25 - 34 years","F","","N","unavailable","unavailable",9
202406,"unavailable","MEL","AKL","P","A","LK","unavailable","unavailable","35 - 44 years","F","","N","unavailable","unavailable",9
202406,"unavailable","CAN","AKL","P","A","VN","unavailable","unavailable","01 - 11 years","M","","N","unavailable","unavailable",9
202406,"unavailable","SCL","AKL","P","A","CL","unavailable","unavailable","25 - 34 years","M","","N","unavailable","unavailable",9
202406,"unavailable","SYD","ZQN","P","A","AU","unavailable","unavailable","25 - 34 years","M","","N","unavailable","unavailable",9
202406,"unavailable","NRT","AKL","P","A","JP","unavailable","unavailable","19 - 24 years","M","","N","unavailable","unavailable",9
202406,"unavailable","PEK","AKL","P","A","CN","unavailable","unavailable","35 - 44 years","M","","N","unavailable","unavailable",9
202406,"unavailable","SIN","AKL","P","A","LK","unavailable","unavailable","01 - 11 years","M","","N","unavailable","unavailable",9
202406,"unavailable","CAN","AKL","P","A","FR","unavailable","unavailable","25 - 34 years","F","","N","unavailable","unavailable",9
202406,"unavailable","DXB","AKL","P","A","PK","unavailable","unavailable","35 - 44 years","M","","N","unavailable","unavailable",9
202406,"unavailable","SHA","AKL","P","A","GB","unavailable","unavailable","25 - 34 years","F","","N","unavailable","unavailable",9
202406,"unavailable","XXA","AKL","P","A","CN","unavailable","unavailable","65 - 74 years","F","","N","unavailable","unavailable",9
202406,"unavailable","APW","AKL","P","A","WS","unavailable","unavailable","35 - 44 years","M","","N","unavailable","unavailable",9
202406,"unavailable","DXB","AKL","P","A","XX","unavailable","unavailable","25 - 34 years","F","","N","unavailable","unavailable",9
202406,"unavailable","SYD","CHC","P","A","PH","unavailable","unavailable","25 - 34 years","F","","N","unavailable","unavailable",9
202406,"unavailable","DXB","AKL","P","A","PK","unavailable","unavailable","35 - 44 years","F","","N","unavailable","unavailable",9
202406,"unavailable","HKG","AKL","P","A","IN","unavailable","unavailable","19 - 24 years","F","","N","unavailable","unavailable",9
202406,"unavailable","BNE","AKL","P","A","AU","unavailable","unavailable","35 - 44 years","F","","N","unavailable","unavailable",9
202406,"unavailable","SFO","AKL","P","A","US","unavailable","unavailable","01 - 11 years","M","","N","unavailable","unavailable",9
202406,"unavailable","HKG","AKL","P","A","IN","unavailable","unavailable","01 - 11 years","M","","N","unavailable","unavailable",9
202406,"unavailable","KUL","AKL","P","A","GB","unavailable","unavailable","25 - 34 years","F","","N","unavailable","unavailable",9
202406,"unavailable","SYD","AKL","P","A","AU","unavailable","unavailable","19 - 24 years","F","","N","unavailable","unavailable",9
202406,"unavailable","KUL","AKL","P","A","XX","unavailable","unavailable","19 - 24 years","M","","N","unavailable","unavailable",9
202406,"unavailable","SCL","AKL","P","A","UY","unavailable","unavailable","25 - 34 years","M","","N","unavailable","unavailable",9
202406,"unavailable","SYD","AKL","P","A","PH","unavailable","unavailable","45 - 54 years","F","","N","unavailable","unavailable",9
202406,"unavailable","SEL","AKL","P","A","KR","unavailable","unavailable","25 - 34 years","M","","N","unavailable","unavailable",9
202406,"unavailable","DOH","AKL","P","A","PK","unavailable","unavailable","01 - 11 years","M","","N","unavailable","unavailable",9
202406,"unavailable","CAN","AKL","P","A","PH","unavailable","unavailable","01 - 11 years","M","","N","unavailable","unavailable",9
202406,"unavailable","CAN","AKL","P","A","VN","unavailable","unavailable","01 - 11 years","F","","N","unavailable","unavailable",9
202406,"unavailable","LAX","AKL","P","A","US","unavailable","unavailable","35 - 44 years","M","","N","unavailable","unavailable",9
202406,"unavailable","KUL","AKL","P","A","IN","unavailable","unavailable","45 - 54 years","M","","N","unavailable","unavailable",9
202406,"unavailable","SYD","AKL","P","A","ID","unavailable","unavailable","25 - 34 years","F","","N","unavailable","unavailable",9
202406,"unavailable","SHA","AKL","P","A","VN","unavailable","unavailable","01 - 11 years","M","","N","unavailable","unavailable",9
202406,"unavailable","CAN","AKL","P","A","VN","unavailable","unavailable","25 - 34 years","F","","N","unavailable","unavailable",9
202406,"unavailable","DOH","AKL","P","A","ZA","unavailable","unavailable","35 - 44 years","M","","N","unavailable","unavailable",9
202406,"unavailable","PEK","AKL","P","A","CN","unavailable","unavailable","65 - 74 years","M","","N","unavailable","unavailable",9
202406,"unavailable","SYD","AKL","P","A","AU","unavailable","unavailable","35 - 44 years","M","","N","unavailable","unavailable",9
202406,"unavailable","DXB","AKL","P","A","IR","unavailable","unavailable","25 - 34 years","F","","N","unavailable","unavailable",9
202406,"unavailable","DOH","AKL","P","A","ZA","unavailable","unavailable","25 - 34 years","F","","N","unavailable","unavailable",9
202406,"unavailable","SHA","AKL","P","A","KR","unavailable","unavailable","25 - 34 years","F","","N","unavailable","unavailable",9
202406,"unavailable","SIN","CHC","P","A","PH","unavailable","unavailable","01 - 11 years","F","","N","unavailable","unavailable",9
202406,"unavailable","SYD","AKL","P","A","PH","unavailable","unavailable","25 - 34 years","M","","N","unavailable","unavailable",9
202406,"unavailable","DXB","AKL","P","A","XX","unavailable","unavailable","12 - 18 years","F","","N","unavailable","unavailable",9
202406,"unavailable","SZX","AKL","P","A","CN","unavailable","unavailable","01 - 11 years","F","","N","unavailable","unavailable",9
202406,"unavailable","NAN","AKL","P","A","FJ","unavailable","unavailable","19 - 24 years","M","","N","unavailable","unavailable",9
202406,"unavailable","SIN","CHC","P","A","IN","unavailable","unavailable","35 - 44 years","M","","N","unavailable","unavailable",9
202406,"unavailable","SIN","CHC","P","A","PH","unavailable","unavailable","01 - 11 years","M","","N","unavailable","unavailable",9
202406,"unavailable","KUL","AKL","P","A","LK","unavailable","unavailable","25 - 34 years","F","","N","unavailable","unavailable",9
202406,"unavailable","PEK","AKL","P","A","CN","unavailable","unavailable","25 - 34 years","M","","N","unavailable","unavailable",9
202406,"unavailable","SYD","WLG","P","A","PH","unavailable","unavailable","25 - 34 years","M","","N","unavailable","unavailable",9
202406,"unavailable","XXA","AKL","P","A","CN","unavailable","unavailable","55 - 64 years","F","","N","unavailable","unavailable",9
202406,"unavailable","SYD","WLG","P","A","PH","unavailable","unavailable","25 - 34 years","F","","N","unavailable","unavailable",9
202406,"unavailable","PEK","AKL","P","A","CN","unavailable","unavailable","19 - 24 years","F","","N","unavailable","unavailable",9
202406,"unavailable","CAN","AKL","P","A","CN","unavailable","unavailable","12 - 18 years","F","","N","unavailable","unavailable",9
202406,"unavailable","CAN","AKL","P","A","PH","unavailable","unavailable","25 - 34 years","F","","N","unavailable","unavailable",9
202406,"unavailable","CAN","AKL","P","A","CN","unavailable","unavailable","19 - 24 years","M","","N","unavailable","unavailable",9
202406,"unavailable","XXA","AKL","P","A","CN","unavailable","unavailable","01 - 11 years","M","","N","unavailable","unavailable",9
202406,"unavailable","CAN","AKL","P","A","NP","unavailable","unavailable","25 - 34 years","F","","N","unavailable","unavailable",9
202406,"unavailable","LAX","AKL","P","A","US","unavailable","unavailable","01 - 11 years","F","","N","unavailable","unavailable",9
202406,"unavailable","PER","AKL","P","A","AU","unavailable","unavailable","25 - 34 years","M","","N","unavailable","unavailable",9
202406,"unavailable","SHA","AKL","P","A","CN","unavailable","unavailable","55 - 64 years","M","","N","unavailable","unavailable",9
202406,"unavailable","LAX","AKL","P","A","US","unavailable","unavailable","01 - 11 years","M","","N","unavailable","unavailable",9
202406,"unavailable","SIN","AKL","P","A","XX","unavailable","unavailable","01 - 11 years","M","","N","unavailable","unavailable",9
202406,"unavailable","LAX","AKL","P","A","US","unavailable","unavailable","35 - 44 years","F","","N","unavailable","unavailable",9
202406,"unavailable","DXB","AKL","P","A","ZA","unavailable","unavailable","12 - 18 years","F","","N","unavailable","unavailable",9
202406,"unavailable","PER","AKL","P","A","AU","unavailable","unavailable","01 - 11 years","F","","N","unavailable","unavailable",9
202406,"unavailable","SYD","AKL","P","A","ID","unavailable","unavailable","25 - 34 years","M","","N","unavailable","unavailable",9
202406,"unavailable","PEK","AKL","P","A","CN","unavailable","unavailable","45 - 54 years","M","","N","unavailable","unavailable",9
202406,"unavailable","XXA","AKL","P","A","NP","unavailable","unavailable","25 - 34 years","M","","N","unavailable","unavailable",9
202406,"unavailable","DXB","AKL","P","A","IN","unavailable","unavailable","19 - 24 years","M","","N","unavailable","unavailable",9
202406,"unavailable","TPE","AKL","P","A","TW","unavailable","unavailable","25 - 34 years","M","","N","unavailable","unavailable",9
202406,"unavailable","SIN","CHC","P","A","IN","unavailable","unavailable","01 - 11 years","F","","N","unavailable","unavailable",9
202406,"unavailable","SIN","AKL","P","A","XX","unavailable","unavailable","25 - 34 years","M","","N","unavailable","unavailable",9
202406,"unavailable","BNE","AKL","P","A","AU","unavailable","unavailable","35 - 44 years","M","","N","unavailable","unavailable",9
202406,"unavailable","APW","AKL","P","A","WS","unavailable","unavailable","25 - 34 years","F","","N","unavailable","unavailable",9
202406,"unavailable","BNE","AKL","P","A","AU","unavailable","unavailable","01 - 11 years","F","","N","unavailable","unavailable",9
202406,"unavailable","TBU","AKL","P","A","TO","unavailable","unavailable","01 - 11 years","M","","N","unavailable","unavailable",9
202406,"unavailable","KUL","AKL","P","A","XX","unavailable","unavailable","25 - 34 years","M","","N","unavailable","unavailable",9
202406,"unavailable","SIN","CHC","P","A","IN","unavailable","unavailable","35 - 44 years","F","","N","unavailable","unavailable",9
202406,"unavailable","CAN","AKL","P","A","PH","unavailable","unavailable","12 - 18 years","F","","N","unavailable","unavailable",9
202406,"unavailable","CAN","AKL","P","A","NP","unavailable","unavailable","25 - 34 years","M","","N","unavailable","unavailable",9
202406,"unavailable","SHA","AKL","P","A","GB","unavailable","unavailable","25 - 34 years","M","","N","unavailable","unavailable",9
202406,"unavailable","OOL","AKL","P","A","AU","unavailable","unavailable","25 - 34 years","F","","N","unavailable","unavailable",9
202406,"unavailable","DXB","AKL","P","A","XX","unavailable","unavailable","35 - 44 years","M","","N","unavailable","unavailable",9
202406,"unavailable","IAH","AKL","P","A","US","unavailable","unavailable","25 - 34 years","F","","N","unavailable","unavailable",9
202406,"unavailable","KUL","AKL","P","A","IN","unavailable","unavailable","45 - 54 years","F","","N","unavailable","unavailable",9
202406,"unavailable","SIN","AKL","P","A","LK","unavailable","unavailable","25 - 34 years","M","","N","unavailable","unavailable",9
202406,"unavailable","DXB","AKL","P","A","XX","unavailable","unavailable","12 - 18 years","M","","N","unavailable","unavailable",9
202406,"unavailable","BNE","AKL","P","A","AU","unavailable","unavailable","75+","M","","N","unavailable","unavailable",9
202406,"unavailable","SCL","AKL","P","A","AR","unavailable","unavailable","25 - 34 years","F","","N","unavailable","unavailable",9
202406,"unavailable","KUL","AKL","P","A","LK","unavailable","unavailable","01 - 11 years","M","","N","unavailable","unavailable",6
202406,"unavailable","XXA","AKL","P","A","CN","unavailable","unavailable","12 - 18 years","F","","N","unavailable","unavailable",6
202406,"unavailable","CAN","AKL","P","A","PH","unavailable","unavailable","01 - 11 years","F","","N","unavailable","unavailable",6
202406,"unavailable","SIN","AKL","P","A","IN","unavailable","unavailable","65 - 74 years","M","","N","unavailable","unavailable",6
202406,"unavailable","SHA","AKL","P","A","JP","unavailable","unavailable","19 - 24 years","M","","N","unavailable","unavailable",6
202406,"unavailable","NAN","WLG","P","A","FJ","unavailable","unavailable","35 - 44 years","F","","N","unavailable","unavailable",6
202406,"unavailable","MEL","AKL","P","A","LK","unavailable","unavailable","01 - 11 years","F","","N","unavailable","unavailable",6
202406,"unavailable","SYD","WLG","P","A","PH","unavailable","unavailable","01 - 11 years","F","","N","unavailable","unavailable",6
202406,"unavailable","SYD","AKL","P","A","ZA","unavailable","unavailable","35 - 44 years","F","","N","unavailable","unavailable",6
202406,"unavailable","DOH","AKL","P","A","XX","unavailable","unavailable","01 - 11 years","M","","N","unavailable","unavailable",6
202406,"unavailable","SYD","ZQN","P","A","AU","unavailable","unavailable","25 - 34 years","F","","N","unavailable","unavailable",6
202406,"unavailable","KUL","AKL","P","A","SG","unavailable","unavailable","35 - 44 years","M","","N","unavailable","unavailable",6
202406,"unavailable","SYD","AKL","P","A","ID","unavailable","unavailable","35 - 44 years","F","","N","unavailable","unavailable",6
202406,"unavailable","SYD","AKL","P","A","ID","unavailable","unavailable","01 - 11 years","F","","N","unavailable","unavailable",6
202406,"unavailable","SFO","AKL","P","A","US","unavailable","unavailable","25 - 34 years","F","","N","unavailable","unavailable",6
202406,"unavailable","SYD","AKL","P","A","AU","unavailable","unavailable","19 - 24 years","M","","N","unavailable","unavailable",6
202406,"unavailable","HKG","AKL","P","A","PH","unavailable","unavailable","19 - 24 years","F","","N","unavailable","unavailable",6
202406,"unavailable","DXB","AKL","P","A","ZW","unavailable","unavailable","25 - 34 years","F","","N","unavailable","unavailable",6
202406,"unavailable","SHA","AKL","P","A","XX","unavailable","unavailable","01 - 11 years","F","","N","unavailable","unavailable",6
202406,"unavailable","KUL","AKL","P","A","LK","unavailable","unavailable","12 - 18 years","F","","N","unavailable","unavailable",6
202406,"unavailable","NAN","AKL","P","A","KI","unavailable","unavailable","01 - 11 years","M","","N","unavailable","unavailable",6
202406,"unavailable","SYD","AKL","P","A","PH","unavailable","unavailable","19 - 24 years","M","","N","unavailable","unavailable",6
202406,"unavailable","SIN","AKL","P","A","NP","unavailable","unavailable","25 - 34 years","F","","N","unavailable","unavailable",6
202406,"unavailable","CAN","AKL","P","A","NP","unavailable","unavailable","19 - 24 years","F","","N","unavailable","unavailable",6
202406,"unavailable","SYD","CHC","P","A","PH","unavailable","unavailable","35 - 44 years","M","","N","unavailable","unavailable",6
202406,"unavailable","DOH","AKL","P","A","XX","unavailable","unavailable","35 - 44 years","M","","N","unavailable","unavailable",6
202406,"unavailable","SHA","AKL","P","A","XX","unavailable","unavailable","35 - 44 years","M","","N","unavailable","unavailable",6
202406,"unavailable","HKG","AKL","P","A","XX","unavailable","unavailable","35 - 44 years","F","","N","unavailable","unavailable",6
202406,"unavailable","SCL","AKL","P","A","AR","unavailable","unavailable","19 - 24 years","M","","N","unavailable","unavailable",6
202406,"unavailable","KUL","AKL","P","A","LK","unavailable","unavailable","45 - 54 years","F","","N","unavailable","unavailable",6
202406,"unavailable","KUL","AKL","P","A","GB","unavailable","unavailable","25 - 34 years","M","","N","unavailable","unavailable",6
202406,"unavailable","DXB","AKL","P","A","AE","unavailable","unavailable","35 - 44 years","M","","N","unavailable","unavailable",6
202406,"unavailable","SHA","AKL","P","A","XX","unavailable","unavailable","55 - 64 years","M","","N","unavailable","unavailable",6
202406,"unavailable","CAN","AKL","P","A","CN","unavailable","unavailable","19 - 24 years","F","","N","unavailable","unavailable",6
202406,"unavailable","BNE","AKL","P","A","AU","unavailable","unavailable","55 - 64 years","M","","N","unavailable","unavailable",6
202406,"unavailable","SIN","AKL","P","A","FR","unavailable","unavailable","25 - 34 years","M","","N","unavailable","unavailable",6
202406,"unavailable","DXB","AKL","P","A","AE","unavailable","unavailable","01 - 11 years","F","","N","unavailable","unavailable",6
202406,"unavailable","SIN","AKL","P","A","LK","unavailable","unavailable","12 - 18 years","M","","N","unavailable","unavailable",6
202406,"unavailable","LAX","AKL","P","A","GB","unavailable","unavailable","25 - 34 years","F","","N","unavailable","unavailable",6
202406,"unavailable","KUL","AKL","P","A","KW","unavailable","unavailable","35 - 44 years","M","","N","unavailable","unavailable",6
202406,"unavailable","SIN","AKL","P","A","GB","unavailable","unavailable","25 - 34 years","F","","N","unavailable","unavailable",6
202406,"unavailable","HKG","AKL","P","A","XX","unavailable","unavailable","12 - 18 years","M","","N","unavailable","unavailable",6
202406,"unavailable","PER","AKL","P","A","AU","unavailable","unavailable","55 - 64 years","F","","N","unavailable","unavailable",6
202406,"unavailable","DOH","AKL","P","A","ZA","unavailable","unavailable","01 - 11 years","F","","N","unavailable","unavailable",6
202406,"unavailable","MEL","AKL","P","A","AU","unavailable","unavailable","19 - 24 years","M","","N","unavailable","unavailable",6
202406,"unavailable","SCL","AKL","P","A","CL","unavailable","unavailable","35 - 44 years","M","","N","unavailable","unavailable",6
202406,"unavailable","XXA","AKL","P","A","NP","unavailable","unavailable","19 - 24 years","M","","N","unavailable","unavailable",6
202406,"unavailable","HKG","AKL","P","A","IN","unavailable","unavailable","01 - 11 years","F","","N","unavailable","unavailable",6
202406,"unavailable","SYD","ZQN","P","A","GB","unavailable","unavailable","25 - 34 years","M","","N","unavailable","unavailable",6
202406,"unavailable","TPE","AKL","P","A","TW","unavailable","unavailable","19 - 24 years","F","","N","unavailable","unavailable",6
202406,"unavailable","HKG","AKL","P","A","IN","unavailable","unavailable","12 - 18 years","F","","N","unavailable","unavailable",6
202406,"unavailable","DOH","AKL","P","A","FR","unavailable","unavailable","19 - 24 years","F","","N","unavailable","unavailable",6
202406,"unavailable","SYD","CHC","P","A","AU","unavailable","unavailable","25 - 34 years","F","","N","unavailable","unavailable",6
202406,"unavailable","BNE","AKL","P","A","PH","unavailable","unavailable","35 - 44 years","F","","N","unavailable","unavailable",6
202406,"unavailable","DOH","AKL","P","A","FR","unavailable","unavailable","25 - 34 years","F","","N","unavailable","unavailable",6
202406,"unavailable","SYD","WLG","P","A","IN","unavailable","unavailable","35 - 44 years","F","","N","unavailable","unavailable",6
202406,"unavailable","SIN","AKL","P","A","XX","unavailable","unavailable","45 - 54 years","F","","N","unavailable","unavailable",6
202406,"unavailable","SIN","AKL","P","A","PH","unavailable","unavailable","12 - 18 years","M","","N","unavailable","unavailable",6
202406,"unavailable","SIN","AKL","P","A","BD","unavailable","unavailable","35 - 44 years","F","","N","unavailable","unavailable",6
202406,"unavailable","DOH","AKL","P","A","XX","unavailable","unavailable","25 - 34 years","F","","N","unavailable","unavailable",6
202406,"unavailable","CAN","AKL","P","A","VN","unavailable","unavailable","19 - 24 years","M","","N","unavailable","unavailable",6
202406,"unavailable","SIN","AKL","P","A","AE","unavailable","unavailable","25 - 34 years","F","","N","unavailable","unavailable",6
202406,"unavailable","SIN","AKL","P","A","IN","unavailable","unavailable","45 - 54 years","M","","N","unavailable","unavailable",6
202406,"unavailable","NAN","AKL","P","A","KI","unavailable","unavailable","01 - 11 years","F","","N","unavailable","unavailable",6
202406,"unavailable","SYD","WLG","P","A","PH","unavailable","unavailable","19 - 24 years","F","","N","unavailable","unavailable",6
202406,"unavailable","SYD","AKL","P","A","AU","unavailable","unavailable","01 - 11 years","M","","N","unavailable","unavailable",6
202406,"unavailable","HKG","AKL","P","A","HK","unavailable","unavailable","35 - 44 years","F","","N","unavailable","unavailable",6
202406,"unavailable","SIN","AKL","P","A","FR","unavailable","unavailable","25 - 34 years","F","","N","unavailable","unavailable",6
202406,"unavailable","SIN","AKL","P","A","IN","unavailable","unavailable","55 - 64 years","F","","N","unavailable","unavailable",6
202406,"unavailable","DOH","AKL","P","A","XX","unavailable","unavailable","01 - 11 years","F","","N","unavailable","unavailable",6
202406,"unavailable","OOL","AKL","P","A","AU","unavailable","unavailable","01 - 11 years","M","","N","unavailable","unavailable",6
202406,"unavailable","SIN","AKL","P","A","SG","unavailable","unavailable","01 - 11 years","M","","N","unavailable","unavailable",6
202406,"unavailable","MEL","CHC","P","A","AU","unavailable","unavailable","25 - 34 years","M","","N","unavailable","unavailable",6
202406,"unavailable","BNE","AKL","P","A","AU","unavailable","unavailable","19 - 24 years","F","","N","unavailable","unavailable",6
202406,"unavailable","KUL","AKL","P","A","XX","unavailable","unavailable","12 - 18 years","F","","N","unavailable","unavailable",6
202406,"unavailable","SHA","AKL","P","A","XX","unavailable","unavailable","25 - 34 years","F","","N","unavailable","unavailable",6
202406,"unavailable","PEK","AKL","P","A","CN","unavailable","unavailable","45 - 54 years","F","","N","unavailable","unavailable",6
202406,"unavailable","SYD","ZQN","P","A","PH","unavailable","unavailable","35 - 44 years","F","","N","unavailable","unavailable",6
202406,"unavailable","SYD","AKL","P","A","IN","unavailable","unavailable","35 - 44 years","F","","N","unavailable","unavailable",6
202406,"unavailable","NAN","AKL","P","A","XX","unavailable","unavailable","01 - 11 years","F","","N","unavailable","unavailable",6
202406,"unavailable","DOH","AKL","P","A","ZA","unavailable","unavailable","12 - 18 years","F","","N","unavailable","unavailable",6
202406,"unavailable","SYD","CHC","P","A","PH","unavailable","unavailable","45 - 54 years","F","","N","unavailable","unavailable",6
202406,"unavailable","SIN","AKL","P","A","NP","unavailable","unavailable","35 - 44 years","F","","N","unavailable","unavailable",6
202406,"unavailable","HKG","AKL","P","A","HK","unavailable","unavailable","65 - 74 years","F","","N","unavailable","unavailable",6
202406,"unavailable","SYD","AKL","P","A","ID","unavailable","unavailable","35 - 44 years","M","","N","unavailable","unavailable",6
202406,"unavailable","KUL","AKL","P","A","XX","unavailable","unavailable","45 - 54 years","F","","N","unavailable","unavailable",6
202406,"unavailable","SYD","AKL","P","A","IN","unavailable","unavailable","25 - 34 years","M","","N","unavailable","unavailable",6
202406,"unavailable","SYD","WLG","P","A","PH","unavailable","unavailable","12 - 18 years","M","","N","unavailable","unavailable",6
202406,"unavailable","SYD","AKL","P","A","GB","unavailable","unavailable","19 - 24 years","F","","N","unavailable","unavailable",6
202406,"unavailable","DOH","AKL","P","A","XX","unavailable","unavailable","19 - 24 years","F","","N","unavailable","unavailable",6
202406,"unavailable","TBU","AKL","P","A","TO","unavailable","unavailable","12 - 18 years","M","","N","unavailable","unavailable",6
202406,"unavailable","XXA","AKL","P","A","CN","unavailable","unavailable","55 - 64 years","M","","N","unavailable","unavailable",6
202406,"unavailable","SFO","AKL","P","A","US","unavailable","unavailable","45 - 54 years","M","","N","unavailable","unavailable",6
202406,"unavailable","MEL","ZQN","P","A","GB","unavailable","unavailable","25 - 34 years","M","","N","unavailable","unavailable",6
202406,"unavailable","YVR","AKL","P","A","CA","unavailable","unavailable","35 - 44 years","F","","N","unavailable","unavailable",6
202406,"unavailable","LAX","AKL","P","A","US","unavailable","unavailable","65 - 74 years","F","","N","unavailable","unavailable",6
202406,"unavailable","MEL","CHC","P","A","PH","unavailable","unavailable","35 - 44 years","M","","N","unavailable","unavailable",6
202406,"unavailable","CAN","AKL","P","A","CN","unavailable","unavailable","55 - 64 years","M","","N","unavailable","unavailable",6
202406,"unavailable","SYD","CHC","P","A","PH","unavailable","unavailable","25 - 34 years","M","","N","unavailable","unavailable",6
202406,"unavailable","NAN","AKL","P","A","FJ","unavailable","unavailable","45 - 54 years","F","","N","unavailable","unavailable",6
202406,"unavailable","SIN","CHC","P","A","PH","unavailable","unavailable","35 - 44 years","F","","N","unavailable","unavailable",6
202406,"unavailable","SYD","AKL","P","A","ZA","unavailable","unavailable","01 - 11 years","F","","N","unavailable","unavailable",6
202406,"unavailable","SHA","AKL","P","A","VN","unavailable","unavailable","12 - 18 years","M","","N","unavailable","unavailable",6
202406,"unavailable","TBU","AKL","P","A","TO","unavailable","unavailable","01 - 11 years","F","","N","unavailable","unavailable",6
202406,"unavailable","SYD","WLG","P","A","IN","unavailable","unavailable","25 - 34 years","F","","N","unavailable","unavailable",6
202406,"unavailable","DXB","AKL","P","A","ZA","unavailable","unavailable","45 - 54 years","F","","N","unavailable","unavailable",6
202406,"unavailable","SYD","AKL","P","A","AU","unavailable","unavailable","45 - 54 years","F","","N","unavailable","unavailable",6
202406,"unavailable","SIN","AKL","P","A","LK","unavailable","unavailable","12 - 18 years","F","","N","unavailable","unavailable",6
202406,"unavailable","SIN","AKL","P","A","SG","unavailable","unavailable","19 - 24 years","F","","N","unavailable","unavailable",6
202406,"unavailable","DOH","AKL","P","A","FR","unavailable","unavailable","25 - 34 years","M","","N","unavailable","unavailable",6
202406,"unavailable","SYD","CHC","P","A","AU","unavailable","unavailable","19 - 24 years","F","","N","unavailable","unavailable",6
202406,"unavailable","SIN","AKL","P","A","XX","unavailable","unavailable","01 - 11 years","F","","N","unavailable","unavailable",6
202406,"unavailable","HKG","AKL","P","A","PH","unavailable","unavailable","19 - 24 years","M","","N","unavailable","unavailable",6
202406,"unavailable","DXB","AKL","P","A","ZA","unavailable","unavailable","25 - 34 years","M","","N","unavailable","unavailable",6
202406,"unavailable","DXB","AKL","P","A","PK","unavailable","unavailable","01 - 11 years","F","","N","unavailable","unavailable",6
202406,"unavailable","MEL","AKL","P","A","AU","unavailable","unavailable","35 - 44 years","M","","N","unavailable","unavailable",6
202406,"unavailable","SYD","AKL","P","A","IN","unavailable","unavailable","25 - 34 years","F","","N","unavailable","unavailable",6
202406,"unavailable","KUL","AKL","P","A","IN","unavailable","unavailable","55 - 64 years","F","","N","unavailable","unavailable",6
202406,"unavailable","SIN","AKL","P","A","XX","unavailable","unavailable","35 - 44 years","M","","N","unavailable","unavailable",6
202406,"unavailable","MEL","ZQN","P","A","AU","unavailable","unavailable","25 - 34 years","M","","N","unavailable","unavailable",6
202406,"unavailable","SIN","AKL","P","A","AE","unavailable","unavailable","35 - 44 years","M","","N","unavailable","unavailable",6
202406,"unavailable","SCL","AKL","P","A","BR","unavailable","unavailable","25 - 34 years","M","","N","unavailable","unavailable",6
202406,"unavailable","DXB","AKL","P","A","IL","unavailable","unavailable","19 - 24 years","M","","N","unavailable","unavailable",6
202406,"unavailable","MEL","AKL","P","A","AU","unavailable","unavailable","55 - 64 years","F","","N","unavailable","unavailable",6
202406,"unavailable","HKG","AKL","P","A","XX","unavailable","unavailable","25 - 34 years","M","","N","unavailable","unavailable",6
202406,"unavailable","SIN","AKL","P","A","AE","unavailable","unavailable","25 - 34 years","M","","N","unavailable","unavailable",6
202406,"unavailable","PEK","AKL","P","A","CN","unavailable","unavailable","01 - 11 years","F","","N","unavailable","unavailable",6
202406,"unavailable","CAN","AKL","P","A","VN","unavailable","unavailable","12 - 18 years","M","","N","unavailable","unavailable",6
202406,"unavailable","HKG","AKL","P","A","XX","unavailable","unavailable","01 - 11 years","F","","N","unavailable","unavailable",6
202406,"unavailable","SIN","CHC","P","A","SG","unavailable","unavailable","25 - 34 years","F","","N","unavailable","unavailable",6
202406,"unavailable","SEL","AKL","P","A","KR","unavailable","unavailable","19 - 24 years","M","","N","unavailable","unavailable",6
202406,"unavailable","SYD","ZQN","P","A","PH","unavailable","unavailable","12 - 18 years","F","","N","unavailable","unavailable",6
202406,"unavailable","SYD","AKL","P","A","XX","unavailable","unavailable","25 - 34 years","F","","N","unavailable","unavailable",6
202406,"unavailable","XXA","AKL","P","A","CN","unavailable","unavailable","45 - 54 years","F","","N","unavailable","unavailable",6
202406,"unavailable","SFO","AKL","P","A","US","unavailable","unavailable","35 - 44 years","M","","N","unavailable","unavailable",6
202406,"unavailable","KUL","AKL","P","A","MY","unavailable","unavailable","25 - 34 years","M","","N","unavailable","unavailable",6
202406,"unavailable","NAN","AKL","P","A","KI","unavailable","unavailable","19 - 24 years","F","","N","unavailable","unavailable",6
202406,"unavailable","SIN","AKL","P","A","BD","unavailable","unavailable","35 - 44 years","M","","N","unavailable","unavailable",6
202406,"unavailable","SIN","AKL","P","A","XX","unavailable","unavailable","19 - 24 years","F","","N","unavailable","unavailable",6
202406,"unavailable","SIN","AKL","P","A","PH","unavailable","unavailable","45 - 54 years","M","","N","unavailable","unavailable",6
202406,"unavailable","XXA","AKL","P","A","CN","unavailable","unavailable","45 - 54 years","M","","N","unavailable","unavailable",6
202406,"unavailable","SHA","AKL","P","A","JP","unavailable","unavailable","25 - 34 years","M","","N","unavailable","unavailable",6
202406,"unavailable","SHA","AKL","P","A","PH","unavailable","unavailable","25 - 34 years","M","","N","unavailable","unavailable",6
202406,"unavailable","SFO","AKL","P","A","US","unavailable","unavailable","35 - 44 years","F","","N","unavailable","unavailable",6
202406,"unavailable","KUL","AKL","P","A","XX","unavailable","unavailable","45 - 54 years","M","","N","unavailable","unavailable",6
202406,"unavailable","DOH","AKL","P","A","AE","unavailable","unavailable","35 - 44 years","M","","N","unavailable","unavailable",6
202406,"unavailable","SYD","AKL","P","A","ZA","unavailable","unavailable","35 - 44 years","M","","N","unavailable","unavailable",6
202406,"unavailable","YVR","AKL","P","A","CA","unavailable","unavailable","35 - 44 years","M","","N","unavailable","unavailable",6
202406,"unavailable","PER","AKL","P","A","AU","unavailable","unavailable","01 - 11 years","M","","N","unavailable","unavailable",6
202406,"unavailable","BNE","CHC","P","A","AU","unavailable","unavailable","19 - 24 years","F","","N","unavailable","unavailable",6
202406,"unavailable","SYD","AKL","P","A","ZA","unavailable","unavailable","01 - 11 years","M","","N","unavailable","unavailable",6
202406,"unavailable","CAN","AKL","P","A","KH","unavailable","unavailable","01 - 11 years","F","","N","unavailable","unavailable",6
202406,"unavailable","SZX","AKL","P","A","CN","unavailable","unavailable","45 - 54 years","M","","N","unavailable","unavailable",6
202406,"unavailable","PEK","AKL","P","A","CN","unavailable","unavailable","19 - 24 years","M","","N","unavailable","unavailable",6
202406,"unavailable","SIN","AKL","P","A","LK","unavailable","unavailable","45 - 54 years","F","","N","unavailable","unavailable",6
202406,"unavailable","DXB","AKL","P","A","ZA","unavailable","unavailable","45 - 54 years","M","","N","unavailable","unavailable",6
202406,"unavailable","SYD","CHC","P","A","PH","unavailable","unavailable","19 - 24 years","F","","N","unavailable","unavailable",6
202406,"unavailable","MEL","AKL","P","A","LK","unavailable","unavailable","25 - 34 years","M","","N","unavailable","unavailable",6
202406,"unavailable","SZX","AKL","P","A","CN","unavailable","unavailable","55 - 64 years","F","","N","unavailable","unavailable",6
202406,"unavailable","SHA","AKL","P","A","FR","unavailable","unavailable","25 - 34 years","M","","N","unavailable","unavailable",6
202406,"unavailable","PEK","AKL","P","A","JP","unavailable","unavailable","25 - 34 years","F","","N","unavailable","unavailable",6
202406,"unavailable","SIN","CHC","P","A","IN","unavailable","unavailable","12 - 18 years","M","","N","unavailable","unavailable",6
202406,"unavailable","HKG","AKL","P","A","HK","unavailable","unavailable","12 - 18 years","M","","N","unavailable","unavailable",6
202406,"unavailable","MEL","AKL","P","A","PH","unavailable","unavailable","35 - 44 years","F","","N","unavailable","unavailable",6
202406,"unavailable","KUL","AKL","P","A","AE","unavailable","unavailable","35 - 44 years","M","","N","unavailable","unavailable",6
202406,"unavailable","MEL","CHC","P","A","AU","unavailable","unavailable","01 - 11 years","F","","N","unavailable","unavailable",6
202406,"unavailable","SYD","CHC","P","A","ZA","unavailable","unavailable","01 - 11 years","F","","N","unavailable","unavailable",6
202406,"unavailable","SYD","AKL","P","A","XX","unavailable","unavailable","01 - 11 years","M","","N","unavailable","unavailable",6
202406,"unavailable","SYD","AKL","P","A","AU","unavailable","unavailable","01 - 11 years","F","","N","unavailable","unavailable",6
202406,"unavailable","TPE","AKL","P","A","TW","unavailable","unavailable","25 - 34 years","F","","N","unavailable","unavailable",6
202406,"unavailable","CAN","AKL","P","A","PH","unavailable","unavailable","19 - 24 years","M","","N","unavailable","unavailable",6
202406,"unavailable","DXB","AKL","P","A","XX","unavailable","unavailable","45 - 54 years","F","","N","unavailable","unavailable",6
202406,"unavailable","XXA","AKL","P","A","NP","unavailable","unavailable","19 - 24 years","F","","N","unavailable","unavailable",6
202406,"unavailable","YVR","AKL","P","A","CA","unavailable","unavailable","19 - 24 years","F","","N","unavailable","unavailable",6
202406,"unavailable","MEL","AKL","P","A","AU","unavailable","unavailable","19 - 24 years","F","","N","unavailable","unavailable",6
202406,"unavailable","SIN","AKL","P","A","XX","unavailable","unavailable","45 - 54 years","M","","N","unavailable","unavailable",6
202406,"unavailable","KUL","AKL","P","A","XX","unavailable","unavailable","19 - 24 years","F","","N","unavailable","unavailable",6
202406,"unavailable","MEL","AKL","P","A","AU","unavailable","unavailable","01 - 11 years","M","","N","unavailable","unavailable",6
202406,"unavailable","PER","AKL","P","A","AU","unavailable","unavailable","45 - 54 years","M","","N","unavailable","unavailable",6
202406,"unavailable","DXB","AKL","P","A","IR","unavailable","unavailable","25 - 34 years","M","","N","unavailable","unavailable",6
202406,"unavailable","MEL","AKL","P","A","AU","unavailable","unavailable","45 - 54 years","M","","N","unavailable","unavailable",6
202406,"unavailable","SIN","AKL","P","A","SG","unavailable","unavailable","45 - 54 years","F","","N","unavailable","unavailable",6
202406,"unavailable","MEL","CHC","P","A","PH","unavailable","unavailable","45 - 54 years","F","","N","unavailable","unavailable",6
202406,"unavailable","DXB","AKL","P","A","ZW","unavailable","unavailable","01 - 11 years","F","","N","unavailable","unavailable",6
202406,"unavailable","SYD","ZQN","P","A","PH","unavailable","unavailable","01 - 11 years","F","","N","unavailable","unavailable",6
202406,"unavailable","BNE","CHC","P","A","AU","unavailable","unavailable","25 - 34 years","F","","N","unavailable","unavailable",6
202406,"unavailable","SIN","AKL","P","A","GB","unavailable","unavailable","25 - 34 years","M","","N","unavailable","unavailable",6
202406,"unavailable","SHA","AKL","P","A","JP","unavailable","unavailable","19 - 24 years","F","","N","unavailable","unavailable",6
202406,"unavailable","DOH","AKL","P","A","ZA","unavailable","unavailable","25 - 34 years","M","","N","unavailable","unavailable",6
202406,"unavailable","SIN","AKL","P","A","NP","unavailable","unavailable","25 - 34 years","M","","N","unavailable","unavailable",6
202406,"unavailable","SIN","AKL","P","A","NP","unavailable","unavailable","12 - 18 years","M","","N","unavailable","unavailable",6
202406,"unavailable","CAN","AKL","P","A","KH","unavailable","unavailable","25 - 34 years","F","","N","unavailable","unavailable",6
202406,"unavailable","XXA","AKL","P","A","NP","unavailable","unavailable","25 - 34 years","F","","N","unavailable","unavailable",6
202406,"unavailable","SIN","AKL","P","A","PH","unavailable","unavailable","25 - 34 years","M","","N","unavailable","unavailable",6
202406,"unavailable","IAH","AKL","P","A","US","unavailable","unavailable","19 - 24 years","F","","N","unavailable","unavailable",6
202406,"unavailable","SIN","AKL","P","A","BD","unavailable","unavailable","25 - 34 years","M","","N","unavailable","unavailable",6
202406,"unavailable","DXB","AKL","P","A","IN","unavailable","unavailable","35 - 44 years","M","","N","unavailable","unavailable",6
202406,"unavailable","HKG","AKL","P","A","NP","unavailable","unavailable","19 - 24 years","F","","N","unavailable","unavailable",6
202406,"unavailable","DXB","AKL","P","A","PK","unavailable","unavailable","01 - 11 years","M","","N","unavailable","unavailable",6
202406,"unavailable","KUL","AKL","P","A","MY","unavailable","unavailable","35 - 44 years","M","","N","unavailable","unavailable",6
202406,"unavailable","DOH","AKL","P","A","DE","unavailable","unavailable","25 - 34 years","F","","N","unavailable","unavailable",6
202406,"unavailable","SYD","AKL","P","A","IN","unavailable","unavailable","19 - 24 years","M","","N","unavailable","unavailable",6
202406,"unavailable","TBU","AKL","P","A","TO","unavailable","unavailable","35 - 44 years","F","","N","unavailable","unavailable",6
202406,"unavailable","OOL","AKL","P","A","AU","unavailable","unavailable","01 - 11 years","F","","N","unavailable","unavailable",6
202406,"unavailable","BNE","AKL","P","A","AU","unavailable","unavailable","12 - 18 years","F","","N","unavailable","unavailable",6
202406,"unavailable","SYD","WLG","P","A","XX","unavailable","unavailable","01 - 11 years","M","","N","unavailable","unavailable",6
202406,"unavailable","SYD","AKL","P","A","XX","unavailable","unavailable","01 - 11 years","F","","N","unavailable","unavailable",6
202406,"unavailable","NAN","AKL","P","A","FJ","unavailable","unavailable","55 - 64 years","F","","N","unavailable","unavailable",6
202406,"unavailable","SIN","AKL","P","A","PH","unavailable","unavailable","19 - 24 years","M","","N","unavailable","unavailable",3
202406,"unavailable","DPS","AKL","P","A","ID","unavailable","unavailable","19 - 24 years","M","","N","unavailable","unavailable",3
202406,"unavailable","SFO","AKL","P","A","GB","unavailable","unavailable","25 - 34 years","F","","N","unavailable","unavailable",3
202406,"unavailable","MEL","AKL","P","A","LB","unavailable","unavailable","01 - 11 years","F","","N","unavailable","unavailable",3
202406,"unavailable","MEL","AKL","P","A","LK","unavailable","unavailable","12 - 18 years","M","","N","unavailable","unavailable",3
202406,"unavailable","SHA","AKL","P","A","LK","unavailable","unavailable","19 - 24 years","F","","N","unavailable","unavailable",3
202406,"unavailable","CAN","AKL","P","A","GB","unavailable","unavailable","19 - 24 years","F","","N","unavailable","unavailable",3
202406,"unavailable","NAN","AKL","P","A","KI","unavailable","unavailable","25 - 34 years","M","","N","unavailable","unavailable",3
202406,"unavailable","SIN","CHC","P","A","PH","unavailable","unavailable","25 - 34 years","M","","N","unavailable","unavailable",3
202406,"unavailable","ADL","AKL","P","A","AU","unavailable","unavailable","01 - 11 years","F","","N","unavailable","unavailable",3
202406,"unavailable","SIN","CHC","P","A","VN","unavailable","unavailable","01 - 11 years","M","","N","unavailable","unavailable",3
202406,"unavailable","DOH","AKL","P","A","SA","unavailable","unavailable","25 - 34 years","F","","N","unavailable","unavailable",3
202406,"unavailable","DXB","AKL","P","A","FR","unavailable","unavailable","19 - 24 years","M","","N","unavailable","unavailable",3
202406,"unavailable","MEL","ZQN","P","A","BE","unavailable","unavailable","25 - 34 years","M","","N","unavailable","unavailable",3
202406,"unavailable","HKG","AKL","P","A","XX","unavailable","unavailable","45 - 54 years","M","","N","unavailable","unavailable",3
202406,"unavailable","SYD","AKL","P","A","DE","unavailable","unavailable","19 - 24 years","M","","N","unavailable","unavailable",3
202406,"unavailable","SYD","CHC","P","A","CN","unavailable","unavailable","25 - 34 years","F","","N","unavailable","unavailable",3
202406,"unavailable","SIN","CHC","P","A","GB","unavailable","unavailable","45 - 54 years","F","","N","unavailable","unavailable",3
202406,"unavailable","DXB","AKL","P","A","NL","unavailable","unavailable","45 - 54 years","M","","N","unavailable","unavailable",3
202406,"unavailable","YVR","AKL","P","A","CA","unavailable","unavailable","65 - 74 years","F","","N","unavailable","unavailable",3
202406,"unavailable","SYD","AKL","P","A","PK","unavailable","unavailable","12 - 18 years","M","","N","unavailable","unavailable",3
202406,"unavailable","KUL","AKL","P","A","CZ","unavailable","unavailable","25 - 34 years","M","","N","unavailable","unavailable",3
202406,"unavailable","SYD","AKL","P","A","VN","unavailable","unavailable","25 - 34 years","F","","N","unavailable","unavailable",3
202406,"unavailable","NAN","AKL","P","A","AU","unavailable","unavailable","01 - 11 years","M","","N","unavailable","unavailable",3
202406,"unavailable","CAN","AKL","P","A","PK","unavailable","unavailable","25 - 34 years","M","","N","unavailable","unavailable",3
202406,"unavailable","DOH","AKL","P","A","AE","unavailable","unavailable","19 - 24 years","M","","N","unavailable","unavailable",3
202406,"unavailable","SYD","CHC","P","A","IN","unavailable","unavailable","19 - 24 years","M","","N","unavailable","unavailable",3
202406,"unavailable","KUL","AKL","P","A","MY","unavailable","unavailable","Less than 1 year","M","","N","unavailable","unavailable",3
202406,"unavailable","DXB","AKL","P","A","PK","unavailable","unavailable","25 - 34 years","M","","N","unavailable","unavailable",3
202406,"unavailable","SIN","AKL","P","A","AE","unavailable","unavailable","01 - 11 years","F","","N","unavailable","unavailable",3
202406,"unavailable","BNE","AKL","P","A","PH","unavailable","unavailable","12 - 18 years","M","","N","unavailable","unavailable",3
202406,"unavailable","SYD","AKL","P","A","ID","unavailable","unavailable","01 - 11 years","M","","N","unavailable","unavailable",3
202406,"unavailable","MEL","AKL","P","A","IE","unavailable","unavailable","19 - 24 years","F","","N","unavailable","unavailable",3
202406,"unavailable","SYD","AKL","P","A","PG","unavailable","unavailable","12 - 18 years","F","","N","unavailable","unavailable",3
202406,"unavailable","DXB","AKL","P","A","JO","unavailable","unavailable","12 - 18 years","M","","N","unavailable","unavailable",3
202406,"unavailable","PPT","AKL","P","A","US","unavailable","unavailable","45 - 54 years","M","","N","unavailable","unavailable",3
202406,"unavailable","CAN","AKL","P","A","AE","unavailable","unavailable","35 - 44 years","F","","N","unavailable","unavailable",3
202406,"unavailable","SHA","AKL","P","A","RU","unavailable","unavailable","25 - 34 years","F","","N","unavailable","unavailable",3
202406,"unavailable","HKG","AKL","P","A","CA","unavailable","unavailable","25 - 34 years","F","","N","unavailable","unavailable",3
202406,"unavailable","KUL","AKL","P","A","MY","unavailable","unavailable","19 - 24 years","F","","N","unavailable","unavailable",3
202406,"unavailable","KUL","AKL","P","A","IN","unavailable","unavailable","Less than 1 year","F","","N","unavailable","unavailable",3
202406,"unavailable","BNE","WLG","P","A","AU","unavailable","unavailable","45 - 54 years","F","","N","unavailable","unavailable",3
202406,"unavailable","BNE","WLG","P","A","AU","unavailable","unavailable","12 - 18 years","M","","N","unavailable","unavailable",3
202406,"unavailable","DOH","AKL","P","A","GB","unavailable","unavailable","12 - 18 years","M","","N","unavailable","unavailable",3
202406,"unavailable","MEL","ZQN","P","A","GB","unavailable","unavailable","19 - 24 years","F","","N","unavailable","unavailable",3
202406,"unavailable","MEL","CHC","P","A","TH","unavailable","unavailable","35 - 44 years","M","","N","unavailable","unavailable",3
202406,"unavailable","SFO","AKL","P","A","DE","unavailable","unavailable","25 - 34 years","F","","N","unavailable","unavailable",3
202406,"unavailable","OOL","AKL","P","A","FJ","unavailable","unavailable","25 - 34 years","M","","N","unavailable","unavailable",3
202406,"unavailable","KUL","AKL","P","A","MY","unavailable","unavailable","75+","F","","N","unavailable","unavailable",3
202406,"unavailable","CAN","AKL","P","A","MM","unavailable","unavailable","19 - 24 years","F","","N","unavailable","unavailable",3
202406,"unavailable","DPS","AKL","P","A","IN","unavailable","unavailable","35 - 44 years","F","","N","unavailable","unavailable",3
202406,"unavailable","HKG","AKL","P","A","ZA","unavailable","unavailable","45 - 54 years","F","","N","unavailable","unavailable",3
202406,"unavailable","DXB","AKL","P","A","KZ","unavailable","unavailable","35 - 44 years","F","","N","unavailable","unavailable",3
202406,"unavailable","SHA","AKL","P","A","RU","unavailable","unavailable","35 - 44 years","M","","N","unavailable","unavailable",3
202406,"unavailable","HKG","AKL","P","A","TW","unavailable","unavailable","55 - 64 years","F","","N","unavailable","unavailable",3
202406,"unavailable","APW","AKL","P","A","AS","unavailable","unavailable","01 - 11 years","F","","N","unavailable","unavailable",3
202406,"unavailable","DXB","AKL","P","A","GB","unavailable","unavailable","25 - 34 years","M","","N","unavailable","unavailable",3
202406,"unavailable","DXB","AKL","P","A","GB","unavailable","unavailable","45 - 54 years","F","","N","unavailable","unavailable",3
202406,"unavailable","KUL","AKL","P","A","MY","unavailable","unavailable","55 - 64 years","F","","N","unavailable","unavailable",3
202406,"unavailable","CAN","AKL","P","A","PK","unavailable","unavailable","35 - 44 years","M","","N","unavailable","unavailable",3
202406,"unavailable","MEL","ZQN","P","A","GB","unavailable","unavailable","12 - 18 years","F","","N","unavailable","unavailable",3
202406,"unavailable","SYD","AKL","P","A","AU","unavailable","unavailable","65 - 74 years","F","","N","unavailable","unavailable",3
202406,"unavailable","MEL","WLG","P","A","GB","unavailable","unavailable","19 - 24 years","F","","N","unavailable","unavailable",3
202406,"unavailable","NAN","CHC","P","A","US","unavailable","unavailable","35 - 44 years","F","","N","unavailable","unavailable",3
202406,"unavailable","SHA","AKL","P","A","UG","unavailable","unavailable","01 - 11 years","M","","N","unavailable","unavailable",3
202406,"unavailable","SHA","AKL","P","A","LA","unavailable","unavailable","35 - 44 years","F","","N","unavailable","unavailable",3
202406,"unavailable","MEL","WLG","P","A","ZW","unavailable","unavailable","35 - 44 years","M","","N","unavailable","unavailable",3
202406,"unavailable","PEK","AKL","P","A","KR","unavailable","unavailable","19 - 24 years","F","","N","unavailable","unavailable",3
202406,"unavailable","NAN","AKL","P","A","XX","unavailable","unavailable","01 - 11 years","M","","N","unavailable","unavailable",3
202406,"unavailable","SYD","CHC","P","A","IR","unavailable","unavailable","35 - 44 years","M","","N","unavailable","unavailable",3
202406,"unavailable","XXA","AKL","P","A","GB","unavailable","unavailable","25 - 34 years","F","","N","unavailable","unavailable",3
202406,"unavailable","CNS","AKL","P","A","XX","unavailable","unavailable","35 - 44 years","F","","N","unavailable","unavailable",3
202406,"unavailable","CAN","AKL","P","A","GB","unavailable","unavailable","25 - 34 years","M","","N","unavailable","unavailable",3
202406,"unavailable","LAX","AKL","P","A","MX","unavailable","unavailable","25 - 34 years","M","","N","unavailable","unavailable",3
202406,"unavailable","SHA","AKL","P","A","ES","unavailable","unavailable","19 - 24 years","M","","N","unavailable","unavailable",3
202406,"unavailable","LAX","AKL","P","A","SE","unavailable","unavailable","01 - 11 years","F","","N","unavailable","unavailable",3
202406,"unavailable","NAN","AKL","P","A","WS","unavailable","unavailable","12 - 18 years","F","","N","unavailable","unavailable",3
202406,"unavailable","DXB","AKL","P","A","LK","unavailable","unavailable","01 - 11 years","F","","N","unavailable","unavailable",3
202406,"unavailable","SIN","AKL","P","A","KH","unavailable","unavailable","01 - 11 years","F","","N","unavailable","unavailable",3
202406,"unavailable","NOU","AKL","P","A","NC","unavailable","unavailable","25 - 34 years","F","","N","unavailable","unavailable",3
202406,"unavailable","SIN","AKL","P","A","JP","unavailable","unavailable","25 - 34 years","M","","N","unavailable","unavailable",3
202406,"unavailable","HKG","AKL","P","A","HK","unavailable","unavailable","25 - 34 years","M","","N","unavailable","unavailable",3
202406,"unavailable","CAN","AKL","P","A","RU","unavailable","unavailable","45 - 54 years","M","","N","unavailable","unavailable",3
202406,"unavailable","NAN","AKL","P","A","CA","unavailable","unavailable","35 - 44 years","F","","N","unavailable","unavailable",3
202406,"unavailable","PPT","AKL","P","A","PF","unavailable","unavailable","12 - 18 years","F","","N","unavailable","unavailable",3
202406,"unavailable","HNL","AKL","P","A","US","unavailable","unavailable","01 - 11 years","M","","N","unavailable","unavailable",3
202406,"unavailable","SZX","AKL","P","A","CN","unavailable","unavailable","65 - 74 years","M","","N","unavailable","unavailable",3
202406,"unavailable","MEL","AKL","P","A","IN","unavailable","unavailable","25 - 34 years","F","","N","unavailable","unavailable",3
202406,"unavailable","SYD","AKL","P","A","GB","unavailable","unavailable","25 - 34 years","F","","N","unavailable","unavailable",3
202406,"unavailable","MEL","CHC","P","A","CN","unavailable","unavailable","35 - 44 years","M","","N","unavailable","unavailable",3
202406,"unavailable","MEL","ZQN","P","A","FR","unavailable","unavailable","19 - 24 years","F","","N","unavailable","unavailable",3
202406,"unavailable","MEL","WLG","P","A","ES","unavailable","unavailable","25 - 34 years","F","","N","unavailable","unavailable",3
202406,"unavailable","BNE","AKL","P","A","TH","unavailable","unavailable","65 - 74 years","F","","N","unavailable","unavailable",3
202406,"unavailable","NAN","AKL","P","A","WS","unavailable","unavailable","19 - 24 years","F","","N","unavailable","unavailable",3
202406,"unavailable","KUL","AKL","P","A","XX","unavailable","unavailable","65 - 74 years","M","","N","unavailable","unavailable",3
202406,"unavailable","MEL","WLG","P","A","FR","unavailable","unavailable","19 - 24 years","F","","N","unavailable","unavailable",3
202406,"unavailable","NAN","AKL","P","A","WS","unavailable","unavailable","19 - 24 years","M","","N","unavailable","unavailable",3
202406,"unavailable","SIN","AKL","P","A","SA","unavailable","unavailable","35 - 44 years","F","","N","unavailable","unavailable",3
202406,"unavailable","DXB","AKL","P","A","XX","unavailable","unavailable","55 - 64 years","M","","N","unavailable","unavailable",3
202406,"unavailable","SYD","AKL","P","A","XX","unavailable","unavailable","35 - 44 years","F","","N","unavailable","unavailable",3
202406,"unavailable","APW","AKL","P","A","AS","unavailable","unavailable","35 - 44 years","M","","N","unavailable","unavailable",3
202406,"unavailable","SYD","AKL","P","A","IN","unavailable","unavailable","35 - 44 years","M","","N","unavailable","unavailable",3
202406,"unavailable","DXB","AKL","P","A","LK","unavailable","unavailable","25 - 34 years","M","","N","unavailable","unavailable",3
202406,"unavailable","SIN","AKL","P","A","IN","unavailable","unavailable","Less than 1 year","M","","N","unavailable","unavailable",3
202406,"unavailable","SCL","AKL","P","A","PE","unavailable","unavailable","25 - 34 years","F","","N","unavailable","unavailable",3
202406,"unavailable","HKG","AKL","P","A","CN","unavailable","unavailable","12 - 18 years","F","","N","unavailable","unavailable",3
202406,"unavailable","TBU","AKL","P","A","TO","unavailable","unavailable","35 - 44 years","M","","N","unavailable","unavailable",3
202406,"unavailable","NAN","AKL","P","A","FJ","unavailable","unavailable","55 - 64 years","M","","N","unavailable","unavailable",3
202406,"unavailable","SIN","CHC","P","A","TW","unavailable","unavailable","35 - 44 years","F","","N","unavailable","unavailable",3
202406,"unavailable","YVR","AKL","P","A","CA","unavailable","unavailable","01 - 11 years","F","","N","unavailable","unavailable",3
202406,"unavailable","SIN","AKL","P","A","UZ","unavailable","unavailable","01 - 11 years","M","","N","unavailable","unavailable",3
202406,"unavailable","SIN","CHC","P","A","SG","unavailable","unavailable","35 - 44 years","F","","N","unavailable","unavailable",3
202406,"unavailable","DXB","AKL","P","A","AE","unavailable","unavailable","19 - 24 years","F","","N","unavailable","unavailable",3
202406,"unavailable","NAN","CHC","P","A","US","unavailable","unavailable","25 - 34 years","F","","N","unavailable","unavailable",3
202406,"unavailable","MEL","CHC","P","A","PH","unavailable","unavailable","01 - 11 years","M","","N","unavailable","unavailable",3
202406,"unavailable","SYD","CHC","P","A","TH","unavailable","unavailable","55 - 64 years","M","","N","unavailable","unavailable",3
202406,"unavailable","NAN","AKL","P","A","WS","unavailable","unavailable","45 - 54 years","M","","N","unavailable","unavailable",3
202406,"unavailable","CAN","AKL","P","A","MM","unavailable","unavailable","45 - 54 years","F","","N","unavailable","unavailable",3
202406,"unavailable","XXA","AKL","P","A","XX","unavailable","unavailable","45 - 54 years","M","","N","unavailable","unavailable",3
202406,"unavailable","NRT","AKL","P","A","XX","unavailable","unavailable","25 - 34 years","M","","N","unavailable","unavailable",3
202406,"unavailable","DXB","AKL","P","A","US","unavailable","unavailable","12 - 18 years","F","","N","unavailable","unavailable",3
202406,"unavailable","MEL","WLG","P","A","AU","unavailable","unavailable","35 - 44 years","F","","N","unavailable","unavailable",3
202406,"unavailable","PER","AKL","P","A","AU","unavailable","unavailable","45 - 54 years","F","","N","unavailable","unavailable",3
202406,"unavailable","NRT","AKL","P","A","CZ","unavailable","unavailable","25 - 34 years","M","","N","unavailable","unavailable",3
202406,"unavailable","SIN","CHC","P","A","GB","unavailable","unavailable","45 - 54 years","M","","N","unavailable","unavailable",3
202406,"unavailable","MEL","WLG","P","A","XX","unavailable","unavailable","19 - 24 years","F","","N","unavailable","unavailable",3
202406,"unavailable","JFK","AKL","P","A","US","unavailable","unavailable","01 - 11 years","M","","N","unavailable","unavailable",3
202406,"unavailable","HKG","AKL","P","A","HK","unavailable","unavailable","12 - 18 years","F","","N","unavailable","unavailable",3
202406,"unavailable","DOH","AKL","P","A","MX","unavailable","unavailable","25 - 34 years","F","","N","unavailable","unavailable",3
202406,"unavailable","SIN","AKL","P","A","XX","unavailable","unavailable","75+","M","","N","unavailable","unavailable",3
202406,"unavailable","CAN","AKL","P","A","KH","unavailable","unavailable","01 - 11 years","M","","N","unavailable","unavailable",3
202406,"unavailable","SHA","AKL","P","A","DE","unavailable","unavailable","25 - 34 years","M","","N","unavailable","unavailable",3
202406,"unavailable","NRT","AKL","P","A","US","unavailable","unavailable","12 - 18 years","M","","N","unavailable","unavailable",3
202406,"unavailable","CAN","AKL","P","A","SG","unavailable","unavailable","25 - 34 years","M","","N","unavailable","unavailable",3
202406,"unavailable","APW","AKL","P","A","TV","unavailable","unavailable","25 - 34 years","M","","N","unavailable","unavailable",3
202406,"unavailable","SHA","AKL","P","A","CN","unavailable","unavailable","75+","M","","N","unavailable","unavailable",3
202406,"unavailable","HKG","AKL","P","A","ZA","unavailable","unavailable","25 - 34 years","M","","N","unavailable","unavailable",3
202406,"unavailable","SYD","AKL","P","A","KR","unavailable","unavailable","55 - 64 years","F","","N","unavailable","unavailable",3
202406,"unavailable","SYD","ZQN","P","A","CL","unavailable","unavailable","35 - 44 years","F","","N","unavailable","unavailable",3
202406,"unavailable","APW","AKL","P","A","US","unavailable","unavailable","01 - 11 years","M","","N","unavailable","unavailable",3
202406,"unavailable","KUL","AKL","P","A","MY","unavailable","unavailable","45 - 54 years","F","","N","unavailable","unavailable",3
202406,"unavailable","NAN","AKL","P","A","SG","unavailable","unavailable","35 - 44 years","F","","N","unavailable","unavailable",3
202406,"unavailable","TPE","AKL","P","A","TW","unavailable","unavailable","12 - 18 years","M","","N","unavailable","unavailable",3
202406,"unavailable","CAN","AKL","P","A","TH","unavailable","unavailable","35 - 44 years","F","","N","unavailable","unavailable",3
202406,"unavailable","SIN","AKL","P","A","IN","unavailable","unavailable","75+","F","","N","unavailable","unavailable",3
202406,"unavailable","SIN","AKL","P","A","OM","unavailable","unavailable","25 - 34 years","M","","N","unavailable","unavailable",3
202406,"unavailable","DXB","AKL","P","A","KE","unavailable","unavailable","25 - 34 years","M","","N","unavailable","unavailable",3
202406,"unavailable","PER","AKL","P","A","ZA","unavailable","unavailable","45 - 54 years","F","","N","unavailable","unavailable",3
202406,"unavailable","SIN","AKL","P","A","BT","unavailable","unavailable","35 - 44 years","M","","N","unavailable","unavailable",3
202406,"unavailable","KUL","AKL","P","A","IN","unavailable","unavailable","65 - 74 years","F","","N","unavailable","unavailable",3
202406,"unavailable","MEL","ZQN","P","A","IN","unavailable","unavailable","25 - 34 years","F","","N","unavailable","unavailable",3
202406,"unavailable","BNE","AKL","P","A","PG","unavailable","unavailable","35 - 44 years","M","","N","unavailable","unavailable",3
202406,"unavailable","MEL","WLG","P","A","AU","unavailable","unavailable","19 - 24 years","M","","N","unavailable","unavailable",3
202406,"unavailable","LAX","AKL","P","A","CZ","unavailable","unavailable","25 - 34 years","F","","N","unavailable","unavailable",3
202406,"unavailable","CAN","AKL","P","A","KR","unavailable","unavailable","65 - 74 years","F","","N","unavailable","unavailable",3
202406,"unavailable","KUL","AKL","P","A","AE","unavailable","unavailable","01 - 11 years","M","","N","unavailable","unavailable",3
202406,"unavailable","DXB","AKL","P","A","PK","unavailable","unavailable","25 - 34 years","F","","N","unavailable","unavailable",3
202406,"unavailable","JFK","AKL","P","A","GB","unavailable","unavailable","45 - 54 years","M","","N","unavailable","unavailable",3
202406,"unavailable","SYD","ZQN","P","A","DE","unavailable","unavailable","25 - 34 years","F","","N","unavailable","unavailable",3
202406,"unavailable","MEL","WLG","P","A","AU","unavailable","unavailable","25 - 34 years","M","","N","unavailable","unavailable",3
202406,"unavailable","DXB","AKL","P","A","IR","unavailable","unavailable","45 - 54 years","M","","N","unavailable","unavailable",3
202406,"unavailable","MEL","ZQN","P","A","AU","unavailable","unavailable","25 - 34 years","F","","N","unavailable","unavailable",3
202406,"unavailable","MEL","AKL","P","A","FR","unavailable","unavailable","19 - 24 years","M","","N","unavailable","unavailable",3
202406,"unavailable","SHA","AKL","P","A","AU","unavailable","unavailable","25 - 34 years","F","","N","unavailable","unavailable",3
202406,"unavailable","DPS","AKL","P","A","ID","unavailable","unavailable","01 - 11 years","F","","N","unavailable","unavailable",3
202406,"unavailable","SCL","AKL","P","A","AR","unavailable","unavailable","45 - 54 years","F","","N","unavailable","unavailable",3
202406,"unavailable","DXB","AKL","P","A","AF","unavailable","unavailable","19 - 24 years","M","","N","unavailable","unavailable",3
202406,"unavailable","MEL","AKL","P","A","PH","unavailable","unavailable","19 - 24 years","F","","N","unavailable","unavailable",3
202406,"unavailable","CAN","AKL","P","A","JP","unavailable","unavailable","19 - 24 years","M","","N","unavailable","unavailable",3
202406,"unavailable","IAH","AKL","P","A","KY","unavailable","unavailable","35 - 44 years","F","","N","unavailable","unavailable",3
202406,"unavailable","LAX","AKL","P","A","GB","unavailable","unavailable","01 - 11 years","F","","N","unavailable","unavailable",3
202406,"unavailable","KUL","AKL","P","A","NP","unavailable","unavailable","01 - 11 years","M","","N","unavailable","unavailable",3
202406,"unavailable","HKG","AKL","P","A","CN","unavailable","unavailable","65 - 74 years","F","","N","unavailable","unavailable",3
202406,"unavailable","SCL","AKL","P","A","CL","unavailable","unavailable","35 - 44 years","F","","N","unavailable","unavailable",3
202406,"unavailable","SIN","AKL","P","A","BD","unavailable","unavailable","01 - 11 years","M","","N","unavailable","unavailable",3
202406,"unavailable","LAX","AKL","P","A","US","unavailable","unavailable","45 - 54 years","M","","N","unavailable","unavailable",3
202406,"unavailable","SCL","AKL","P","A","BR","unavailable","unavailable","35 - 44 years","F","","N","unavailable","unavailable",3
202406,"unavailable","SEL","AKL","P","A","KR","unavailable","unavailable","12 - 18 years","F","","N","unavailable","unavailable",3
202406,"unavailable","DOH","AKL","P","A","IR","unavailable","unavailable","55 - 64 years","M","","N","unavailable","unavailable",3
202406,"unavailable","PER","AKL","P","A","MY","unavailable","unavailable","55 - 64 years","F","","N","unavailable","unavailable",3
202406,"unavailable","SCL","AKL","P","A","CL","unavailable","unavailable","45 - 54 years","F","","N","unavailable","unavailable",3
202406,"unavailable","SYD","WLG","P","A","GB","unavailable","unavailable","25 - 34 years","M","","N","unavailable","unavailable",3
202406,"unavailable","SHA","AKL","P","A","PH","unavailable","unavailable","35 - 44 years","M","","N","unavailable","unavailable",3
202406,"unavailable","XXA","AKL","P","A","KZ","unavailable","unavailable","25 - 34 years","M","","N","unavailable","unavailable",3
202406,"unavailable","NAN","AKL","P","A","US","unavailable","unavailable","35 - 44 years","M","","N","unavailable","unavailable",3
202406,"unavailable","KUL","AKL","P","A","MY","unavailable","unavailable","01 - 11 years","M","","N","unavailable","unavailable",3
202406,"unavailable","LAX","AKL","P","A","CA","unavailable","unavailable","01 - 11 years","F","","N","unavailable","unavailable",3
202406,"unavailable","SYD","AKL","P","A","NL","unavailable","unavailable","01 - 11 years","F","","N","unavailable","unavailable",3
202406,"unavailable","APW","AKL","P","A","WS","unavailable","unavailable","55 - 64 years","F","","N","unavailable","unavailable",3
202406,"unavailable","SIN","AKL","P","A","BD","unavailable","unavailable","55 - 64 years","F","","N","unavailable","unavailable",3
202406,"unavailable","DOH","AKL","P","A","IT","unavailable","unavailable","25 - 34 years","M","","N","unavailable","unavailable",3
202406,"unavailable","HKG","AKL","P","A","AU","unavailable","unavailable","19 - 24 years","M","","N","unavailable","unavailable",3
202406,"unavailable","SYD","CHC","P","A","VN","unavailable","unavailable","19 - 24 years","M","","N","unavailable","unavailable",3
202406,"unavailable","SYD","ZQN","P","A","GB","unavailable","unavailable","19 - 24 years","M","","N","unavailable","unavailable",3
202406,"unavailable","SYD","CHC","P","A","IN","unavailable","unavailable","65 - 74 years","M","","N","unavailable","unavailable",3
202406,"unavailable","SYD","AKL","P","A","IN","unavailable","unavailable","01 - 11 years","M","","N","unavailable","unavailable",3
202406,"unavailable","DOH","AKL","P","A","XX","unavailable","unavailable","45 - 54 years","F","","N","unavailable","unavailable",3
202406,"unavailable","IAH","AKL","P","A","US","unavailable","unavailable","55 - 64 years","M","","N","unavailable","unavailable",3
202406,"unavailable","BNE","AKL","P","A","AU","unavailable","unavailable","65 - 74 years","M","","N","unavailable","unavailable",3
202406,"unavailable","NAN","AKL","P","A","TV","unavailable","unavailable","25 - 34 years","F","","N","unavailable","unavailable",3
202406,"unavailable","SHA","AKL","P","A","VN","unavailable","unavailable","25 - 34 years","F","","N","unavailable","unavailable",3
202406,"unavailable","SIN","AKL","P","A","IE","unavailable","unavailable","25 - 34 years","F","","N","unavailable","unavailable",3
202406,"unavailable","SYD","CHC","P","A","IN","unavailable","unavailable","25 - 34 years","M","","N","unavailable","unavailable",3
202406,"unavailable","SYD","AKL","P","A","NL","unavailable","unavailable","35 - 44 years","F","","N","unavailable","unavailable",3
202406,"unavailable","SIN","CHC","P","A","PH","unavailable","unavailable","25 - 34 years","F","","N","unavailable","unavailable",3
202406,"unavailable","OOL","AKL","P","A","AU","unavailable","unavailable","45 - 54 years","M","","N","unavailable","unavailable",3
202406,"unavailable","MEL","CHC","P","A","PH","unavailable","unavailable","25 - 34 years","M","","N","unavailable","unavailable",3
202406,"unavailable","MEL","AKL","P","A","AU","unavailable","unavailable","55 - 64 years","M","","N","unavailable","unavailable",3
202406,"unavailable","KUL","AKL","P","A","FR","unavailable","unavailable","25 - 34 years","F","","N","unavailable","unavailable",3
202406,"unavailable","SIN","AKL","P","A","NP","unavailable","unavailable","01 - 11 years","M","","N","unavailable","unavailable",3
202406,"unavailable","CAN","AKL","P","A","JP","unavailable","unavailable","35 - 44 years","F","","N","unavailable","unavailable",3
202406,"unavailable","SIN","AKL","P","A","IT","unavailable","unavailable","19 - 24 years","F","","N","unavailable","unavailable",3
202406,"unavailable","HKG","AKL","P","A","ZW","unavailable","unavailable","35 - 44 years","M","","N","unavailable","unavailable",3
202406,"unavailable","SEL","AKL","P","A","KR","unavailable","unavailable","35 - 44 years","F","","N","unavailable","unavailable",3
202406,"unavailable","SIN","CHC","P","A","PL","unavailable","unavailable","25 - 34 years","M","","N","unavailable","unavailable",3
202406,"unavailable","DXB","AKL","P","A","AF","unavailable","unavailable","19 - 24 years","F","","N","unavailable","unavailable",3
202406,"unavailable","SIN","AKL","P","A","KH","unavailable","unavailable","19 - 24 years","F","","N","unavailable","unavailable",3
202406,"unavailable","SIN","AKL","P","A","QA","unavailable","unavailable","25 - 34 years","M","","N","unavailable","unavailable",3
202406,"unavailable","OOL","AKL","P","A","AU","unavailable","unavailable","25 - 34 years","M","","N","unavailable","unavailable",3
202406,"unavailable","DOH","AKL","P","A","OM","unavailable","unavailable","45 - 54 years","M","","N","unavailable","unavailable",3
202406,"unavailable","OOL","CHC","P","A","AU","unavailable","unavailable","25 - 34 years","F","","N","unavailable","unavailable",3
202406,"unavailable","DOH","AKL","P","A","KR","unavailable","unavailable","25 - 34 years","F","","N","unavailable","unavailable",3
202406,"unavailable","SYD","WLG","P","A","AU","unavailable","unavailable","55 - 64 years","M","","N","unavailable","unavailable",3
202406,"unavailable","APW","AKL","P","A","WS","unavailable","unavailable","45 - 54 years","F","","N","unavailable","unavailable",3
202406,"unavailable","CAN","AKL","P","A","VN","unavailable","unavailable","25 - 34 years","M","","N","unavailable","unavailable",3
202406,"unavailable","CNS","AKL","P","A","AU","unavailable","unavailable","65 - 74 years","F","","N","unavailable","unavailable",3
202406,"unavailable","DOH","AKL","P","A","GB","unavailable","unavailable","45 - 54 years","M","","N","unavailable","unavailable",3
202406,"unavailable","DOH","AKL","P","A","GB","unavailable","unavailable","35 - 44 years","F","","N","unavailable","unavailable",3
202406,"unavailable","LAX","AKL","P","A","CA","unavailable","unavailable","01 - 11 years","M","","N","unavailable","unavailable",3
202406,"unavailable","XXA","AKL","P","A","GB","unavailable","unavailable","19 - 24 years","M","","N","unavailable","unavailable",3
202406,"unavailable","MEL","ZQN","P","A","ZA","unavailable","unavailable","01 - 11 years","M","","N","unavailable","unavailable",3
202406,"unavailable","SYD","AKL","P","A","XX","unavailable","unavailable","12 - 18 years","F","","N","unavailable","unavailable",3
202406,"unavailable","PEK","AKL","P","A","IE","unavailable","unavailable","25 - 34 years","F","","N","unavailable","unavailable",3
202406,"unavailable","SIN","AKL","P","A","BE","unavailable","unavailable","01 - 11 years","M","","N","unavailable","unavailable",3
202406,"unavailable","SIN","CHC","P","A","AU","unavailable","unavailable","25 - 34 years","F","","N","unavailable","unavailable",3
202406,"unavailable","SHA","AKL","P","A","VN","unavailable","unavailable","01 - 11 years","F","","N","unavailable","unavailable",3
202406,"unavailable","SIN","AKL","P","A","SA","unavailable","unavailable","25 - 34 years","M","","N","unavailable","unavailable",3
202406,"unavailable","SIN","AKL","P","A","SG","unavailable","unavailable","55 - 64 years","M","","N","unavailable","unavailable",3
202406,"unavailable","SYD","CHC","P","A","AU","unavailable","unavailable","25 - 34 years","M","","N","unavailable","unavailable",3
202406,"unavailable","KUL","AKL","P","A","IN","unavailable","unavailable","75+","F","","N","unavailable","unavailable",3
202406,"unavailable","SIN","CHC","P","A","GB","unavailable","unavailable","25 - 34 years","M","","N","unavailable","unavailable",3
202406,"unavailable","SIN","AKL","P","A","AE","unavailable","unavailable","45 - 54 years","M","","N","unavailable","unavailable",3
202406,"unavailable","DXB","AKL","P","A","KZ","unavailable","unavailable","35 - 44 years","M","","N","unavailable","unavailable",3
202406,"unavailable","SYD","CHC","P","A","ID","unavailable","unavailable","35 - 44 years","M","","N","unavailable","unavailable",3
202406,"unavailable","HKG","AKL","P","A","RU","unavailable","unavailable","35 - 44 years","F","","N","unavailable","unavailable",3
202406,"unavailable","SYD","ZQN","P","A","TW","unavailable","unavailable","35 - 44 years","M","","N","unavailable","unavailable",3
202406,"unavailable","MEL","CHC","P","A","GB","unavailable","unavailable","25 - 34 years","F","","N","unavailable","unavailable",3
202406,"unavailable","SIN","AKL","P","A","MY","unavailable","unavailable","35 - 44 years","F","","N","unavailable","unavailable",3
202406,"unavailable","CAN","AKL","P","A","RU","unavailable","unavailable","19 - 24 years","F","","N","unavailable","unavailable",3
202406,"unavailable","DXB","AKL","P","A","IR","unavailable","unavailable","65 - 74 years","F","","N","unavailable","unavailable",3
202406,"unavailable","RAR","AKL","P","A","CK","unavailable","unavailable","01 - 11 years","F","","N","unavailable","unavailable",3
202406,"unavailable","SYD","WLG","P","A","XX","unavailable","unavailable","12 - 18 years","M","","N","unavailable","unavailable",3
202406,"unavailable","HKG","AKL","P","A","FR","unavailable","unavailable","25 - 34 years","F","","N","unavailable","unavailable",3
202406,"unavailable","MEL","CHC","P","A","AU","unavailable","unavailable","19 - 24 years","M","","N","unavailable","unavailable",3
202406,"unavailable","DPS","AKL","P","A","CA","unavailable","unavailable","19 - 24 years","M","","N","unavailable","unavailable",3
202406,"unavailable","DXB","AKL","P","A","MW","unavailable","unavailable","01 - 11 years","F","","N","unavailable","unavailable",3
202406,"unavailable","SCL","AKL","P","A","CL","unavailable","unavailable","12 - 18 years","M","","N","unavailable","unavailable",3
202406,"unavailable","BNE","AKL","P","A","KR","unavailable","unavailable","25 - 34 years","F","","N","unavailable","unavailable",3
202406,"unavailable","DOH","AKL","P","A","MT","unavailable","unavailable","35 - 44 years","M","","N","unavailable","unavailable",3
202406,"unavailable","SIN","CHC","P","A","IN","unavailable","unavailable","Less than 1 year","F","","N","unavailable","unavailable",3
202406,"unavailable","DXB","AKL","P","A","PK","unavailable","unavailable","12 - 18 years","F","","N","unavailable","unavailable",3
202406,"unavailable","DXB","AKL","P","A","ZM","unavailable","unavailable","25 - 34 years","F","","N","unavailable","unavailable",3
202406,"unavailable","CNS","AKL","P","A","AU","unavailable","unavailable","75+","F","","N","unavailable","unavailable",3
202406,"unavailable","MEL","AKL","P","A","US","unavailable","unavailable","25 - 34 years","M","","N","unavailable","unavailable",3
202406,"unavailable","SIN","AKL","P","A","TH","unavailable","unavailable","25 - 34 years","F","","N","unavailable","unavailable",3
202406,"unavailable","BNE","AKL","P","A","XX","unavailable","unavailable","35 - 44 years","F","","N","unavailable","unavailable",3
202406,"unavailable","OOL","AKL","P","A","AU","unavailable","unavailable","19 - 24 years","M","","N","unavailable","unavailable",3
202406,"unavailable","BNE","CHC","P","A","AU","unavailable","unavailable","35 - 44 years","F","","N","unavailable","unavailable",3
202406,"unavailable","NAN","CHC","P","A","FJ","unavailable","unavailable","35 - 44 years","M","","N","unavailable","unavailable",3
202406,"unavailable","DXB","AKL","P","A","GB","unavailable","unavailable","45 - 54 years","M","","N","unavailable","unavailable",3
202406,"unavailable","SIN","AKL","P","A","UG","unavailable","unavailable","25 - 34 years","M","","N","unavailable","unavailable",3
202406,"unavailable","SIN","CHC","P","A","NP","unavailable","unavailable","19 - 24 years","F","","N","unavailable","unavailable",3
202406,"unavailable","BNE","AKL","P","A","TW","unavailable","unavailable","01 - 11 years","M","","N","unavailable","unavailable",3
202406,"unavailable","LAX","AKL","P","A","GB","unavailable","unavailable","45 - 54 years","F","","N","unavailable","unavailable",3
202406,"unavailable","DOH","AKL","P","A","ZW","unavailable","unavailable","25 - 34 years","F","","N","unavailable","unavailable",3
202406,"unavailable","MEL","WLG","P","A","GB","unavailable","unavailable","55 - 64 years","F","","N","unavailable","unavailable",3
202406,"unavailable","MEL","WLG","P","A","SG","unavailable","unavailable","35 - 44 years","F","","N","unavailable","unavailable",3
202406,"unavailable","DXB","AKL","P","A","AR","unavailable","unavailable","35 - 44 years","F","","N","unavailable","unavailable",3
202406,"unavailable","BNE","AKL","P","A","AU","unavailable","unavailable","65 - 74 years","F","","N","unavailable","unavailable",3
202406,"unavailable","MEL","CHC","P","A","GB","unavailable","unavailable","25 - 34 years","M","","N","unavailable","unavailable",3
202406,"unavailable","CAN","AKL","P","A","XX","unavailable","unavailable","55 - 64 years","F","","N","unavailable","unavailable",3
202406,"unavailable","SIN","AKL","P","A","XX","unavailable","unavailable","55 - 64 years","F","","N","unavailable","unavailable",3
202406,"unavailable","SYD","CHC","P","A","JP","unavailable","unavailable","19 - 24 years","F","","N","unavailable","unavailable",3
202406,"unavailable","SYD","CHC","P","A","AT","unavailable","unavailable","01 - 11 years","M","","N","unavailable","unavailable",3
202406,"unavailable","HKG","AKL","P","A","DE","unavailable","unavailable","45 - 54 years","F","","N","unavailable","unavailable",3
202406,"unavailable","SYD","AKL","P","A","XX","unavailable","unavailable","12 - 18 years","M","","N","unavailable","unavailable",3
202406,"unavailable","SIN","AKL","P","A","MY","unavailable","unavailable","35 - 44 years","M","","N","unavailable","unavailable",3
202406,"unavailable","BNE","AKL","P","A","PG","unavailable","unavailable","45 - 54 years","M","","N","unavailable","unavailable",3
202406,"unavailable","SYD","AKL","P","A","LK","unavailable","unavailable","01 - 11 years","M","","N","unavailable","unavailable",3
202406,"unavailable","DOH","AKL","P","A","XX","unavailable","unavailable","25 - 34 years","M","","N","unavailable","unavailable",3
202406,"unavailable","PEK","AKL","P","A","CN","unavailable","unavailable","65 - 74 years","F","","N","unavailable","unavailable",3
202406,"unavailable","SIN","CHC","P","A","FR","unavailable","unavailable","35 - 44 years","F","","N","unavailable","unavailable",3
202406,"unavailable","OOL","CHC","P","A","XX","unavailable","unavailable","12 - 18 years","M","","N","unavailable","unavailable",3
202406,"unavailable","SIN","AKL","P","A","ZA","unavailable","unavailable","19 - 24 years","F","","N","unavailable","unavailable",3
202406,"unavailable","JFK","AKL","P","A","US","unavailable","unavailable","19 - 24 years","F","","N","unavailable","unavailable",3
202406,"unavailable","SYD","CHC","P","A","XX","unavailable","unavailable","12 - 18 years","M","","N","unavailable","unavailable",3
202406,"unavailable","NAN","AKL","P","A","CA","unavailable","unavailable","01 - 11 years","F","","N","unavailable","unavailable",3
202406,"unavailable","IAH","AKL","P","A","XX","unavailable","unavailable","35 - 44 years","F","","N","unavailable","unavailable",3
202406,"unavailable","SYD","AKL","P","A","AU","unavailable","unavailable","35 - 44 years","F","","N","unavailable","unavailable",3
202406,"unavailable","SIN","CHC","P","A","IN","unavailable","unavailable","55 - 64 years","M","","N","unavailable","unavailable",3
202406,"unavailable","MEL","AKL","P","A","XX","unavailable","unavailable","25 - 34 years","M","","N","unavailable","unavailable",3
202406,"unavailable","DXB","AKL","P","A","KW","unavailable","unavailable","19 - 24 years","F","","N","unavailable","unavailable",3
202406,"unavailable","SFO","AKL","P","A","US","unavailable","unavailable","12 - 18 years","M","","N","unavailable","unavailable",3
202406,"unavailable","SCL","AKL","P","A","CO","unavailable","unavailable","45 - 54 years","M","","N","unavailable","unavailable",3
202406,"unavailable","JFK","AKL","P","A","US","unavailable","unavailable","25 - 34 years","M","","N","unavailable","unavailable",3
202406,"unavailable","SYD","AKL","P","A","AU","unavailable","unavailable","12 - 18 years","M","","N","unavailable","unavailable",3
202406,"unavailable","JFK","AKL","P","A","XX","unavailable","unavailable","19 - 24 years","M","","N","unavailable","unavailable",3
202406,"unavailable","MEL","WLG","P","A","AU","unavailable","unavailable","12 - 18 years","F","","N","unavailable","unavailable",3
202406,"unavailable","CAN","AKL","P","A","BH","unavailable","unavailable","35 - 44 years","M","","N","unavailable","unavailable",3
202406,"unavailable","SIN","CHC","P","A","PL","unavailable","unavailable","25 - 34 years","F","","N","unavailable","unavailable",3
202406,"unavailable","DXB","AKL","P","A","DE","unavailable","unavailable","01 - 11 years","M","","N","unavailable","unavailable",3
202406,"unavailable","BNE","AKL","P","A","AU","unavailable","unavailable","45 - 54 years","M","","N","unavailable","unavailable",3
202406,"unavailable","HKG","AKL","P","A","HK","unavailable","unavailable","65 - 74 years","M","","N","unavailable","unavailable",3
202406,"unavailable","SYD","WLG","P","A","LK","unavailable","unavailable","65 - 74 years","F","","N","unavailable","unavailable",3
202406,"unavailable","SYD","ZQN","P","A","PH","unavailable","unavailable","25 - 34 years","M","","N","unavailable","unavailable",3
202406,"unavailable","DXB","AKL","P","A","GB","unavailable","unavailable","19 - 24 years","F","","N","unavailable","unavailable",3
202406,"unavailable","SYD","WLG","P","A","ZA","unavailable","unavailable","12 - 18 years","F","","N","unavailable","unavailable",3
202406,"unavailable","OOL","WLG","P","A","AU","unavailable","unavailable","19 - 24 years","M","","N","unavailable","unavailable",3
202406,"unavailable","BNE","CHC","P","A","AU","unavailable","unavailable","55 - 64 years","F","","N","unavailable","unavailable",3
202406,"unavailable","SYD","AKL","P","A","KR","unavailable","unavailable","19 - 24 years","F","","N","unavailable","unavailable",3
202406,"unavailable","SYD","ZQN","P","A","CA","unavailable","unavailable","19 - 24 years","M","","N","unavailable","unavailable",3
202406,"unavailable","SIN","AKL","P","A","IL","unavailable","unavailable","35 - 44 years","M","","N","unavailable","unavailable",3
202406,"unavailable","SCL","AKL","P","A","BR","unavailable","unavailable","45 - 54 years","F","","N","unavailable","unavailable",3
202406,"unavailable","SIN","CHC","P","A","SG","unavailable","unavailable","25 - 34 years","M","","N","unavailable","unavailable",3
202406,"unavailable","DOH","AKL","P","A","CH","unavailable","unavailable","19 - 24 years","F","","N","unavailable","unavailable",3
202406,"unavailable","SIN","AKL","P","A","FJ","unavailable","unavailable","01 - 11 years","M","","N","unavailable","unavailable",3
202406,"unavailable","DXB","AKL","P","A","XX","unavailable","unavailable","Less than 1 year","M","","N","unavailable","unavailable",3
202406,"unavailable","BNE","WLG","P","A","AU","unavailable","unavailable","25 - 34 years","F","","N","unavailable","unavailable",3
202406,"unavailable","SEL","AKL","P","A","US","unavailable","unavailable","01 - 11 years","F","","N","unavailable","unavailable",3
202406,"unavailable","SHA","AKL","P","A","AE","unavailable","unavailable","35 - 44 years","M","","N","unavailable","unavailable",3
202406,"unavailable","SHA","AKL","P","A","CA","unavailable","unavailable","25 - 34 years","M","","N","unavailable","unavailable",3
202406,"unavailable","DXB","AKL","P","A","BW","unavailable","unavailable","01 - 11 years","F","","N","unavailable","unavailable",3
202406,"unavailable","DXB","AKL","P","A","JO","unavailable","unavailable","35 - 44 years","F","","N","unavailable","unavailable",3
202406,"unavailable","NAN","AKL","P","A","CA","unavailable","unavailable","01 - 11 years","M","","N","unavailable","unavailable",3
202406,"unavailable","OOL","ZQN","P","A","KR","unavailable","unavailable","01 - 11 years","M","","N","unavailable","unavailable",3
202406,"unavailable","DPS","AKL","P","A","IN","unavailable","unavailable","12 - 18 years","F","","N","unavailable","unavailable",3
202406,"unavailable","DOH","AKL","P","A","ZA","unavailable","unavailable","65 - 74 years","M","","N","unavailable","unavailable",3
202406,"unavailable","NAN","AKL","P","A","FJ","unavailable","unavailable","19 - 24 years","F","","N","unavailable","unavailable",3
202406,"unavailable","SIN","AKL","P","A","BD","unavailable","unavailable","01 - 11 years","F","","N","unavailable","unavailable",3
202406,"unavailable","DOH","AKL","P","A","TR","unavailable","unavailable","19 - 24 years","M","","N","unavailable","unavailable",3
202406,"unavailable","TBU","AKL","P","A","TO","unavailable","unavailable","19 - 24 years","F","","N","unavailable","unavailable",3
202406,"unavailable","MEL","AKL","P","A","IN","unavailable","unavailable","65 - 74 years","F","","N","unavailable","unavailable",3
202406,"unavailable","DXB","AKL","P","A","DE","unavailable","unavailable","25 - 34 years","M","","N","unavailable","unavailable",3
202406,"unavailable","TBU","AKL","P","A","TO","unavailable","unavailable","25 - 34 years","M","","N","unavailable","unavailable",3
202406,"unavailable","SYD","CHC","P","A","AU","unavailable","unavailable","19 - 24 years","M","","N","unavailable","unavailable",3
202406,"unavailable","SHA","AKL","P","A","NL","unavailable","unavailable","25 - 34 years","F","","N","unavailable","unavailable",3
202406,"unavailable","XXA","AKL","P","A","NO","unavailable","unavailable","25 - 34 years","F","","N","unavailable","unavailable",3
202406,"unavailable","SYD","WLG","P","A","DK","unavailable","unavailable","45 - 54 years","M","","N","unavailable","unavailable",3
202406,"unavailable","MEL","CHC","P","A","HK","unavailable","unavailable","25 - 34 years","F","","N","unavailable","unavailable",3
202406,"unavailable","BNE","AKL","P","A","PH","unavailable","unavailable","01 - 11 years","M","","N","unavailable","unavailable",3
202406,"unavailable","APW","AKL","P","A","XX","unavailable","unavailable","35 - 44 years","M","","N","unavailable","unavailable",3
202406,"unavailable","SHA","AKL","P","A","OM","unavailable","unavailable","01 - 11 years","F","","N","unavailable","unavailable",3
202406,"unavailable","SYD","CHC","P","A","CN","unavailable","unavailable","45 - 54 years","F","","N","unavailable","unavailable",3
202406,"unavailable","SYD","AKL","P","A","ES","unavailable","unavailable","25 - 34 years","M","","N","unavailable","unavailable",3
202406,"unavailable","IAH","AKL","P","A","NI","unavailable","unavailable","12 - 18 years","M","","N","unavailable","unavailable",3
202406,"unavailable","HKG","AKL","P","A","XX","unavailable","unavailable","35 - 44 years","M","","N","unavailable","unavailable",3
202406,"unavailable","NRT","AKL","P","A","GB","unavailable","unavailable","19 - 24 years","F","","N","unavailable","unavailable",3
202406,"unavailable","BNE","AKL","P","A","AU","unavailable","unavailable","75+","F","","N","unavailable","unavailable",3
202406,"unavailable","HKG","AKL","P","A","KE","unavailable","unavailable","55 - 64 years","F","","N","unavailable","unavailable",3
202406,"unavailable","SHA","AKL","P","A","TW","unavailable","unavailable","25 - 34 years","F","","N","unavailable","unavailable",3
202406,"unavailable","SIN","AKL","P","A","US","unavailable","unavailable","01 - 11 years","F","","N","unavailable","unavailable",3
202406,"unavailable","HKG","AKL","P","A","VN","unavailable","unavailable","12 - 18 years","F","","N","unavailable","unavailable",3
202406,"unavailable","SYD","AKL","P","A","JP","unavailable","unavailable","25 - 34 years","M","","N","unavailable","unavailable",3
202406,"unavailable","SHA","AKL","P","A","LK","unavailable","unavailable","25 - 34 years","F","","N","unavailable","unavailable",3
202406,"unavailable","DXB","AKL","P","A","XX","unavailable","unavailable","45 - 54 years","M","","N","unavailable","unavailable",3
202406,"unavailable","DXB","AKL","P","A","FR","unavailable","unavailable","25 - 34 years","M","","N","unavailable","unavailable",3
202406,"unavailable","SFO","AKL","P","A","CA","unavailable","unavailable","25 - 34 years","F","","N","unavailable","unavailable",3
202406,"unavailable","MEL","AKL","P","A","JP","unavailable","unavailable","19 - 24 years","F","","N","unavailable","unavailable",3
202406,"unavailable","KUL","AKL","P","A","XX","unavailable","unavailable","75+","F","","N","unavailable","unavailable",3
202406,"unavailable","SIN","AKL","P","A","XX","unavailable","unavailable","Less than 1 year","M","","N","unavailable","unavailable",3
202406,"unavailable","MEL","ZQN","P","A","SG","unavailable","unavailable","19 - 24 years","F","","N","unavailable","unavailable",3
202406,"unavailable","XXA","AKL","P","A","KH","unavailable","unavailable","25 - 34 years","M","","N","unavailable","unavailable",3
202406,"unavailable","TPE","AKL","P","A","TW","unavailable","unavailable","45 - 54 years","F","","N","unavailable","unavailable",3
202406,"unavailable","SHA","AKL","P","A","CZ","unavailable","unavailable","25 - 34 years","F","","N","unavailable","unavailable",3
202406,"unavailable","DOH","AKL","P","A","CH","unavailable","unavailable","19 - 24 years","M","","N","unavailable","unavailable",3
202406,"unavailable","CAN","AKL","P","A","NP","unavailable","unavailable","01 - 11 years","M","","N","unavailable","unavailable",3
202406,"unavailable","MEL","ZQN","P","A","TH","unavailable","unavailable","25 - 34 years","M","","N","unavailable","unavailable",3
202406,"unavailable","TPE","AKL","P","A","TW","unavailable","unavailable","55 - 64 years","F","","N","unavailable","unavailable",3
202406,"unavailable","LAX","AKL","P","A","MX","unavailable","unavailable","25 - 34 years","F","","N","unavailable","unavailable",3
202406,"unavailable","KUL","AKL","P","A","LK","unavailable","unavailable","45 - 54 years","M","","N","unavailable","unavailable",3
202406,"unavailable","KUL","AKL","P","A","SA","unavailable","unavailable","35 - 44 years","M","","N","unavailable","unavailable",3
202406,"unavailable","DOH","AKL","P","A","QA","unavailable","unavailable","01 - 11 years","M","","N","unavailable","unavailable",3
202406,"unavailable","NRT","AKL","P","A","CZ","unavailable","unavailable","25 - 34 years","F","","N","unavailable","unavailable",3
202406,"unavailable","NRT","AKL","P","A","JP","unavailable","unavailable","01 - 11 years","M","","N","unavailable","unavailable",3
202406,"unavailable","SIN","AKL","P","A","KH","unavailable","unavailable","25 - 34 years","M","","N","unavailable","unavailable",3
202406,"unavailable","SYD","WLG","P","A","SA","unavailable","unavailable","01 - 11 years","F","","N","unavailable","unavailable",3
202406,"unavailable","XXA","AKL","P","A","JP","unavailable","unavailable","25 - 34 years","F","","N","unavailable","unavailable",3
202406,"unavailable","KUL","AKL","P","A","GB","unavailable","unavailable","35 - 44 years","M","","N","unavailable","unavailable",3
202406,"unavailable","BNE","WLG","P","A","AU","unavailable","unavailable","01 - 11 years","F","","N","unavailable","unavailable",3
202406,"unavailable","DOH","AKL","P","A","HU","unavailable","unavailable","25 - 34 years","F","","N","unavailable","unavailable",3
202406,"unavailable","NAN","AKL","P","A","FJ","unavailable","unavailable","65 - 74 years","F","","N","unavailable","unavailable",3
202406,"unavailable","CAN","AKL","P","A","MO","unavailable","unavailable","45 - 54 years","M","","N","unavailable","unavailable",3
202406,"unavailable","SYD","WLG","P","A","PH","unavailable","unavailable","12 - 18 years","F","","N","unavailable","unavailable",3
202406,"unavailable","SYD","AKL","P","A","LK","unavailable","unavailable","35 - 44 years","F","","N","unavailable","unavailable",3
202406,"unavailable","DOH","AKL","P","A","GB","unavailable","unavailable","01 - 11 years","M","","N","unavailable","unavailable",3
202406,"unavailable","SIN","AKL","P","A","GB","unavailable","unavailable","19 - 24 years","M","","N","unavailable","unavailable",3
202406,"unavailable","YVR","AKL","P","A","US","unavailable","unavailable","35 - 44 years","M","","N","unavailable","unavailable",3
202406,"unavailable","CAN","AKL","P","A","TH","unavailable","unavailable","45 - 54 years","F","","N","unavailable","unavailable",3
202406,"unavailable","KUL","AKL","P","A","RE","unavailable","unavailable","01 - 11 years","F","","N","unavailable","unavailable",3
202406,"unavailable","SIN","AKL","P","A","PS","unavailable","unavailable","35 - 44 years","F","","V","unavailable","unavailable",3
202406,"unavailable","SYD","AKL","P","A","CA","unavailable","unavailable","25 - 34 years","M","","N","unavailable","unavailable",3
202406,"unavailable","SYD","WLG","P","A","FR","unavailable","unavailable","25 - 34 years","M","","N","unavailable","unavailable",3
202406,"unavailable","SIN","AKL","P","A","US","unavailable","unavailable","35 - 44 years","F","","N","unavailable","unavailable",3
202406,"unavailable","BNE","WLG","P","A","AU","unavailable","unavailable","55 - 64 years","F","","N","unavailable","unavailable",3
202406,"unavailable","SYD","CHC","P","A","LK","unavailable","unavailable","25 - 34 years","F","","N","unavailable","unavailable",3
202406,"unavailable","BNE","AKL","P","A","XX","unavailable","unavailable","19 - 24 years","M","","N","unavailable","unavailable",3
202406,"unavailable","SIN","AKL","P","A","TH","unavailable","unavailable","12 - 18 years","M","","N","unavailable","unavailable",3
202406,"unavailable","HKG","AKL","P","A","HK","unavailable","unavailable","75+","M","","N","unavailable","unavailable",3
202406,"unavailable","CAN","AKL","P","A","PH","unavailable","unavailable","25 - 34 years","M","","N","unavailable","unavailable",3
202406,"unavailable","XXA","AKL","P","A","RU","unavailable","unavailable","19 - 24 years","M","","N","unavailable","unavailable",3
202406,"unavailable","SIN","AKL","P","A","TC","unavailable","unavailable","25 - 34 years","F","","N","unavailable","unavailable",3
202406,"unavailable","CAN","AKL","P","A","SA","unavailable","unavailable","35 - 44 years","M","","N","unavailable","unavailable",3
202406,"unavailable","MEL","AKL","P","A","JO","unavailable","unavailable","25 - 34 years","F","","N","unavailable","unavailable",3
202406,"unavailable","MEL","AKL","P","A","LK","unavailable","unavailable","35 - 44 years","M","","N","unavailable","unavailable",3
202406,"unavailable","DXB","AKL","P","A","AF","unavailable","unavailable","25 - 34 years","M","","N","unavailable","unavailable",3
202406,"unavailable","DOH","AKL","P","A","NG","unavailable","unavailable","35 - 44 years","M","","N","unavailable","unavailable",3
202406,"unavailable","SIN","AKL","P","A","GB","unavailable","unavailable","45 - 54 years","M","","N","unavailable","unavailable",3
202406,"unavailable","KUL","AKL","P","A","LK","unavailable","unavailable","01 - 11 years","F","","N","unavailable","unavailable",3
202406,"unavailable","NAN","AKL","P","A","KI","unavailable","unavailable","35 - 44 years","M","","N","unavailable","unavailable",3
202406,"unavailable","DOH","AKL","P","A","ZW","unavailable","unavailable","01 - 11 years","M","","N","unavailable","unavailable",3
202406,"unavailable","SZX","AKL","P","A","CN","unavailable","unavailable","55 - 64 years","M","","N","unavailable","unavailable",3
202406,"unavailable","BNE","AKL","P","A","CZ","unavailable","unavailable","25 - 34 years","F","","N","unavailable","unavailable",3
202406,"unavailable","OOL","AKL","P","A","AU","unavailable","unavailable","12 - 18 years","M","","N","unavailable","unavailable",3
202406,"unavailable","TBU","AKL","P","A","TO","unavailable","unavailable","75+","F","","N","unavailable","unavailable",3
202406,"unavailable","SYD","ZQN","P","A","CA","unavailable","unavailable","25 - 34 years","F","","N","unavailable","unavailable",3
202406,"unavailable","HKG","AKL","P","A","US","unavailable","unavailable","19 - 24 years","F","","N","unavailable","unavailable",3
202406,"unavailable","SIN","CHC","P","A","FJ","unavailable","unavailable","65 - 74 years","M","","N","unavailable","unavailable",3
202406,"unavailable","SYD","AKL","P","A","SA","unavailable","unavailable","25 - 34 years","F","","N","unavailable","unavailable",3
202406,"unavailable","YVR","AKL","P","A","CA","unavailable","unavailable","55 - 64 years","M","","N","unavailable","unavailable",3
202406,"unavailable","YVR","AKL","P","A","US","unavailable","unavailable","01 - 11 years","M","","N","unavailable","unavailable",3
202406,"unavailable","MEL","CHC","P","A","GB","unavailable","unavailable","19 - 24 years","F","","N","unavailable","unavailable",3
202406,"unavailable","APW","AKL","P","A","FJ","unavailable","unavailable","35 - 44 years","F","","N","unavailable","unavailable",3
202406,"unavailable","SIN","CHC","P","A","PH","unavailable","unavailable","12 - 18 years","F","","N","unavailable","unavailable",3
202406,"unavailable","MEL","AKL","P","A","GB","unavailable","unavailable","12 - 18 years","M","","N","unavailable","unavailable",3
202406,"unavailable","DXB","AKL","P","A","IN","unavailable","unavailable","25 - 34 years","M","","N","unavailable","unavailable",3
202406,"unavailable","SIN","AKL","P","A","CL","unavailable","unavailable","25 - 34 years","F","","N","unavailable","unavailable",3
202406,"unavailable","PPT","AKL","P","A","US","unavailable","unavailable","25 - 34 years","M","","N","unavailable","unavailable",3
202406,"unavailable","NAN","WLG","P","A","FJ","unavailable","unavailable","12 - 18 years","M","","N","unavailable","unavailable",3
202406,"unavailable","XXA","AKL","P","A","IE","unavailable","unavailable","25 - 34 years","M","","N","unavailable","unavailable",3
202406,"unavailable","HKG","AKL","P","A","HK","unavailable","unavailable","75+","F","","N","unavailable","unavailable",3
202406,"unavailable","MEL","WLG","P","A","DE","unavailable","unavailable","35 - 44 years","M","","N","unavailable","unavailable",3
202406,"unavailable","SFO","AKL","P","A","CA","unavailable","unavailable","65 - 74 years","F","","N","unavailable","unavailable",3
202406,"unavailable","APW","AKL","P","A","XX","unavailable","unavailable","19 - 24 years","F","","N","unavailable","unavailable",3
202406,"unavailable","DXB","AKL","P","A","KG","unavailable","unavailable","01 - 11 years","M","","N","unavailable","unavailable",3
202406,"unavailable","BNE","WLG","P","A","AU","unavailable","unavailable","25 - 34 years","M","","N","unavailable","unavailable",3
202406,"unavailable","LAX","AKL","P","A","US","unavailable","unavailable","55 - 64 years","M","","N","unavailable","unavailable",3
202406,"unavailable","DXB","AKL","P","A","IN","unavailable","unavailable","01 - 11 years","F","","N","unavailable","unavailable",3
202406,"unavailable","SYD","AKL","P","A","CA","unavailable","unavailable","01 - 11 years","M","","N","unavailable","unavailable",3
202406,"unavailable","PEK","AKL","P","A","SE","unavailable","unavailable","25 - 34 years","M","","N","unavailable","unavailable",3
202406,"unavailable","MEL","ZQN","P","A","PH","unavailable","unavailable","35 - 44 years","F","","N","unavailable","unavailable",3
202406,"unavailable","CAN","AKL","P","A","XX","unavailable","unavailable","19 - 24 years","M","","N","unavailable","unavailable",3
202406,"unavailable","SIN","CHC","P","A","PH","unavailable","unavailable","45 - 54 years","M","","N","unavailable","unavailable",3
202406,"unavailable","SHA","AKL","P","A","TH","unavailable","unavailable","25 - 34 years","F","","N","unavailable","unavailable",3
202406,"unavailable","HNL","AKL","P","A","US","unavailable","unavailable","35 - 44 years","F","","N","unavailable","unavailable",3
202406,"unavailable","SYD","ZQN","P","A","PH","unavailable","unavailable","12 - 18 years","M","","N","unavailable","unavailable",3
202406,"unavailable","KUL","AKL","P","A","RO","unavailable","unavailable","25 - 34 years","M","","N","unavailable","unavailable",3
202406,"unavailable","XXA","AKL","P","A","CN","unavailable","unavailable","Less than 1 year","M","","N","unavailable","unavailable",3
202406,"unavailable","SYD","CHC","P","A","AU","unavailable","unavailable","01 - 11 years","M","","N","unavailable","unavailable",3
202406,"unavailable","MEL","AKL","P","A","LK","unavailable","unavailable","01 - 11 years","M","","N","unavailable","unavailable",3
202406,"unavailable","SIN","CHC","P","A","DE","unavailable","unavailable","25 - 34 years","M","","N","unavailable","unavailable",3
202406,"unavailable","SYD","AKL","P","A","ZA","unavailable","unavailable","55 - 64 years","M","","N","unavailable","unavailable",3
202406,"unavailable","NAN","AKL","P","A","AU","unavailable","unavailable","45 - 54 years","F","","N","unavailable","unavailable",3
202406,"unavailable","MEL","AKL","P","A","AU","unavailable","unavailable","12 - 18 years","F","","N","unavailable","unavailable",3
202406,"unavailable","DOH","AKL","P","A","AE","unavailable","unavailable","12 - 18 years","F","","N","unavailable","unavailable",3
202406,"unavailable","SIN","AKL","P","A","CN","unavailable","unavailable","12 - 18 years","F","","N","unavailable","unavailable",3
202406,"unavailable","DOH","AKL","P","A","QA","unavailable","unavailable","45 - 54 years","M","","N","unavailable","unavailable",3
202406,"unavailable","BNE","AKL","P","A","GB","unavailable","unavailable","25 - 34 years","F","","N","unavailable","unavailable",3
202406,"unavailable","IAH","AKL","P","A","US","unavailable","unavailable","12 - 18 years","M","","N","unavailable","unavailable",3
202406,"unavailable","SIN","AKL","P","A","MM","unavailable","unavailable","35 - 44 years","F","","N","unavailable","unavailable",3
202406,"unavailable","BNE","AKL","P","A","PH","unavailable","unavailable","25 - 34 years","F","","N","unavailable","unavailable",3
202406,"unavailable","DOH","AKL","P","A","XX","unavailable","unavailable","45 - 54 years","M","","N","unavailable","unavailable",3
202406,"unavailable","DXB","AKL","P","A","BW","unavailable","unavailable","45 - 54 years","M","","N","unavailable","unavailable",3
202406,"unavailable","MEL","AKL","P","A","XX","unavailable","unavailable","19 - 24 years","M","","N","unavailable","unavailable",3
202406,"unavailable","MEL","CHC","P","A","CN","unavailable","unavailable","01 - 11 years","F","","N","unavailable","unavailable",3
202406,"unavailable","SIN","AKL","P","A","BD","unavailable","unavailable","25 - 34 years","F","","N","unavailable","unavailable",3
202406,"unavailable","NAN","AKL","P","A","KI","unavailable","unavailable","12 - 18 years","F","","N","unavailable","unavailable",3
202406,"unavailable","SYD","CHC","P","A","IR","unavailable","unavailable","25 - 34 years","F","","N","unavailable","unavailable",3
202406,"unavailable","SHA","AKL","P","A","AU","unavailable","unavailable","19 - 24 years","M","","N","unavailable","unavailable",3
202406,"unavailable","SYD","CHC","P","A","TH","unavailable","unavailable","35 - 44 years","F","","N","unavailable","unavailable",3
202406,"unavailable","NAN","CHC","P","A","US","unavailable","unavailable","01 - 11 years","F","","N","unavailable","unavailable",3
202406,"unavailable","YVR","AKL","P","A","US","unavailable","unavailable","35 - 44 years","F","","N","unavailable","unavailable",3
202406,"unavailable","LAX","AKL","P","A","US","unavailable","unavailable","75+","F","","N","unavailable","unavailable",3
202406,"unavailable","LAX","AKL","P","A","US","unavailable","unavailable","45 - 54 years","F","","N","unavailable","unavailable",3
202406,"unavailable","HKG","AKL","P","A","HK","unavailable","unavailable","01 - 11 years","M","","N","unavailable","unavailable",3
202406,"unavailable","SHA","AKL","P","A","ES","unavailable","unavailable","25 - 34 years","M","","N","unavailable","unavailable",3
202406,"unavailable","MEL","AKL","P","A","CZ","unavailable","unavailable","19 - 24 years","M","","N","unavailable","unavailable",3
202406,"unavailable","CAN","AKL","P","A","MM","unavailable","unavailable","45 - 54 years","M","","N","unavailable","unavailable",3
202406,"unavailable","RAR","AKL","P","A","XX","unavailable","unavailable","35 - 44 years","M","","N","unavailable","unavailable",3
202406,"unavailable","SIN","CHC","P","A","ID","unavailable","unavailable","25 - 34 years","F","","N","unavailable","unavailable",3
202406,"unavailable","DPS","AKL","P","A","IN","unavailable","unavailable","12 - 18 years","M","","N","unavailable","unavailable",3
202406,"unavailable","SIN","AKL","P","A","NP","unavailable","unavailable","19 - 24 years","M","","N","unavailable","unavailable",3
202406,"unavailable","LAX","AKL","P","A","XX","unavailable","unavailable","19 - 24 years","F","","N","unavailable","unavailable",3
202406,"unavailable","MEL","CHC","P","A","SG","unavailable","unavailable","25 - 34 years","F","","N","unavailable","unavailable",3
202406,"unavailable","SYD","CHC","P","A","GB","unavailable","unavailable","19 - 24 years","F","","N","unavailable","unavailable",3
202406,"unavailable","SIN","CHC","P","A","IE","unavailable","unavailable","19 - 24 years","F","","N","unavailable","unavailable",3
202406,"unavailable","DOH","AKL","P","A","XX","unavailable","unavailable","19 - 24 years","M","","N","unavailable","unavailable",3
202406,"unavailable","SIN","AKL","P","A","ZA","unavailable","unavailable","45 - 54 years","M","","N","unavailable","unavailable",3
202406,"unavailable","SYD","WLG","P","A","AU","unavailable","unavailable","01 - 11 years","F","","N","unavailable","unavailable",3
202406,"unavailable","SYD","ZQN","P","A","PH","unavailable","unavailable","01 - 11 years","M","","N","unavailable","unavailable",3
202406,"unavailable","SYD","AKL","P","A","LK","unavailable","unavailable","25 - 34 years","F","","N","unavailable","unavailable",3
202406,"unavailable","SFO","AKL","P","A","CH","unavailable","unavailable","25 - 34 years","F","","N","unavailable","unavailable",3
202406,"unavailable","KUL","AKL","P","A","QA","unavailable","unavailable","35 - 44 years","M","","N","unavailable","unavailable",3
202406,"unavailable","DXB","AKL","P","A","ZA","unavailable","unavailable","19 - 24 years","F","","N","unavailable","unavailable",3
202406,"unavailable","SIN","AKL","P","A","US","unavailable","unavailable","01 - 11 years","M","","N","unavailable","unavailable",3
202406,"unavailable","DOH","AKL","P","A","SA","unavailable","unavailable","35 - 44 years","F","","N","unavailable","unavailable",3
202406,"unavailable","SIN","CHC","P","A","SA","unavailable","unavailable","35 - 44 years","M","","N","unavailable","unavailable",3
202406,"unavailable","KUL","AKL","P","A","KW","unavailable","unavailable","25 - 34 years","F","","N","unavailable","unavailable",3
202406,"unavailable","SHA","AKL","P","A","VN","unavailable","unavailable","35 - 44 years","M","","N","unavailable","unavailable",3
202406,"unavailable","SYD","AKL","P","A","JP","unavailable","unavailable","Less than 1 year","F","","N","unavailable","unavailable",3
202406,"unavailable","DPS","AKL","P","A","XX","unavailable","unavailable","35 - 44 years","F","","N","unavailable","unavailable",3
202406,"unavailable","SHA","AKL","P","A","RU","unavailable","unavailable","35 - 44 years","F","","N","unavailable","unavailable",3
202406,"unavailable","NAN","AKL","P","A","GB","unavailable","unavailable","12 - 18 years","M","","N","unavailable","unavailable",3
202406,"unavailable","HKG","AKL","P","A","XX","unavailable","unavailable","19 - 24 years","F","","N","unavailable","unavailable",3
202406,"unavailable","PER","AKL","P","A","AU","unavailable","unavailable","55 - 64 years","M","","N","unavailable","unavailable",3
202406,"unavailable","SYD","CHC","P","A","ZA","unavailable","unavailable","35 - 44 years","M","","N","unavailable","unavailable",3
202406,"unavailable","SYD","CHC","P","A","XX","unavailable","unavailable","35 - 44 years","F","","N","unavailable","unavailable",3
202406,"unavailable","SIN","AKL","P","A","KW","unavailable","unavailable","12 - 18 years","M","","N","unavailable","unavailable",3
202406,"unavailable","DOH","AKL","P","A","TR","unavailable","unavailable","25 - 34 years","M","","N","unavailable","unavailable",3
202406,"unavailable","DOH","AKL","P","A","PK","unavailable","unavailable","12 - 18 years","F","","N","unavailable","unavailable",3
202406,"unavailable","LAX","AKL","P","A","GB","unavailable","unavailable","25 - 34 years","M","","N","unavailable","unavailable",3
202406,"unavailable","HKG","AKL","P","A","NP","unavailable","unavailable","12 - 18 years","F","","N","unavailable","unavailable",3
202406,"unavailable","SYD","WLG","P","A","LK","unavailable","unavailable","19 - 24 years","F","","N","unavailable","unavailable",3
202406,"unavailable","HKG","AKL","P","A","TW","unavailable","unavailable","25 - 34 years","F","","N","unavailable","unavailable",3
202406,"unavailable","DOH","AKL","P","A","AE","unavailable","unavailable","19 - 24 years","F","","N","unavailable","unavailable",3
202406,"unavailable","DXB","AKL","P","A","IN","unavailable","unavailable","45 - 54 years","M","","N","unavailable","unavailable",3
202406,"unavailable","SYD","CHC","P","A","FJ","unavailable","unavailable","35 - 44 years","M","","N","unavailable","unavailable",3
202406,"unavailable","KUL","AKL","P","A","PH","unavailable","unavailable","12 - 18 years","M","","N","unavailable","unavailable",3
202406,"unavailable","HKG","AKL","P","A","JP","unavailable","unavailable","25 - 34 years","M","","N","unavailable","unavailable",3
202406,"unavailable","MEL","WLG","P","A","BE","unavailable","unavailable","45 - 54 years","F","","N","unavailable","unavailable",3
202406,"unavailable","SYD","WLG","P","A","ZA","unavailable","unavailable","35 - 44 years","M","","N","unavailable","unavailable",3
202406,"unavailable","DXB","AKL","P","A","MG","unavailable","unavailable","19 - 24 years","M","","N","unavailable","unavailable",3
202406,"unavailable","MEL","CHC","P","A","IE","unavailable","unavailable","25 - 34 years","F","","N","unavailable","unavailable",3
202406,"unavailable","KUL","AKL","P","A","MY","unavailable","unavailable","19 - 24 years","M","","N","unavailable","unavailable",3
202406,"unavailable","SIN","AKL","P","A","LK","unavailable","unavailable","45 - 54 years","M","","N","unavailable","unavailable",3
202406,"unavailable","PER","AKL","P","A","XX","unavailable","unavailable","25 - 34 years","F","","N","unavailable","unavailable",3
202406,"unavailable","NAN","AKL","P","A","KI","unavailable","unavailable","35 - 44 years","F","","N","unavailable","unavailable",3
202406,"unavailable","SIN","AKL","P","A","IN","unavailable","unavailable","55 - 64 years","M","","N","unavailable","unavailable",3
202406,"unavailable","DPS","AKL","P","A","ID","unavailable","unavailable","35 - 44 years","M","","N","unavailable","unavailable",3
202406,"unavailable","DXB","AKL","P","A","ZW","unavailable","unavailable","12 - 18 years","F","","N","unavailable","unavailable",3
202406,"unavailable","IUE","AKL","P","A","NU","unavailable","unavailable","01 - 11 years","M","","N","unavailable","unavailable",3
202406,"unavailable","YVR","AKL","P","A","IN","unavailable","unavailable","25 - 34 years","M","","N","unavailable","unavailable",3
202406,"unavailable","MEL","AKL","P","A","PH","unavailable","unavailable","25 - 34 years","F","","N","unavailable","unavailable",3
202406,"unavailable","XXA","AKL","P","A","NP","unavailable","unavailable","35 - 44 years","M","","N","unavailable","unavailable",3
202406,"unavailable","SYD","ZQN","P","A","IE","unavailable","unavailable","25 - 34 years","F","","N","unavailable","unavailable",3
202406,"unavailable","IAH","AKL","P","A","US","unavailable","unavailable","45 - 54 years","M","","N","unavailable","unavailable",3
202406,"unavailable","LAX","AKL","P","A","SE","unavailable","unavailable","45 - 54 years","M","","N","unavailable","unavailable",3
202406,"unavailable","SCL","AKL","P","A","PA","unavailable","unavailable","12 - 18 years","F","","N","unavailable","unavailable",3
202406,"unavailable","SYD","ZQN","P","A","PH","unavailable","unavailable","45 - 54 years","M","","N","unavailable","unavailable",3
202406,"unavailable","IAH","AKL","P","A","CA","unavailable","unavailable","35 - 44 years","F","","N","unavailable","unavailable",3
202406,"unavailable","HKG","AKL","P","A","HK","unavailable","unavailable","55 - 64 years","F","","N","unavailable","unavailable",3
202406,"unavailable","HKG","AKL","P","A","DE","unavailable","unavailable","19 - 24 years","M","","N","unavailable","unavailable",3
202406,"unavailable","SFO","AKL","P","A","US","unavailable","unavailable","01 - 11 years","F","","N","unavailable","unavailable",3
202406,"unavailable","PER","AKL","P","A","NL","unavailable","unavailable","19 - 24 years","M","","N","unavailable","unavailable",3
202406,"unavailable","SHA","AKL","P","A","PH","unavailable","unavailable","25 - 34 years","F","","N","unavailable","unavailable",3
202406,"unavailable","DXB","AKL","P","A","ZW","unavailable","unavailable","35 - 44 years","M","","N","unavailable","unavailable",3
202406,"unavailable","PER","AKL","P","A","MY","unavailable","unavailable","45 - 54 years","M","","N","unavailable","unavailable",3
202406,"unavailable","SYD","AKL","P","A","MY","unavailable","unavailable","25 - 34 years","F","","N","unavailable","unavailable",3
202406,"unavailable","SFO","AKL","P","A","JP","unavailable","unavailable","25 - 34 years","M","","N","unavailable","unavailable",3
202406,"unavailable","MEL","CHC","P","A","NL","unavailable","unavailable","35 - 44 years","F","","N","unavailable","unavailable",3
202406,"unavailable","DOH","AKL","P","A","VN","unavailable","unavailable","25 - 34 years","F","","N","unavailable","unavailable",3
202406,"unavailable","HKG","AKL","P","A","IN","unavailable","unavailable","55 - 64 years","M","","N","unavailable","unavailable",3
202406,"unavailable","DXB","AKL","P","A","GB","unavailable","unavailable","01 - 11 years","F","","N","unavailable","unavailable",3
202406,"unavailable","MEL","CHC","P","A","JP","unavailable","unavailable","55 - 64 years","M","","N","unavailable","unavailable",3
202406,"unavailable","BNE","AKL","P","A","XX","unavailable","unavailable","01 - 11 years","F","","N","unavailable","unavailable",3
202406,"unavailable","HKG","AKL","P","A","HK","unavailable","unavailable","55 - 64 years","M","","N","unavailable","unavailable",3
202406,"unavailable","SEL","AKL","P","A","XX","unavailable","unavailable","45 - 54 years","M","","N","unavailable","unavailable",3
202406,"unavailable","SYD","AKL","P","A","NL","unavailable","unavailable","19 - 24 years","M","","N","unavailable","unavailable",3
202406,"unavailable","DOH","AKL","P","A","AE","unavailable","unavailable","45 - 54 years","M","","N","unavailable","unavailable",3
202406,"unavailable","DOH","AKL","P","A","SA","unavailable","unavailable","12 - 18 years","M","","N","unavailable","unavailable",3
202406,"unavailable","SYD","AKL","P","A","ID","unavailable","unavailable","19 - 24 years","F","","N","unavailable","unavailable",3
202406,"unavailable","DOH","AKL","P","A","LK","unavailable","unavailable","35 - 44 years","M","","N","unavailable","unavailable",3
202406,"unavailable","SIN","AKL","P","A","JP","unavailable","unavailable","19 - 24 years","M","","N","unavailable","unavailable",3
202406,"unavailable","NRT","AKL","P","A","NU","unavailable","unavailable","25 - 34 years","M","","N","unavailable","unavailable",3
202406,"unavailable","NAN","AKL","P","A","XX","unavailable","unavailable","19 - 24 years","M","","N","unavailable","unavailable",3
202406,"unavailable","MEL","ZQN","P","A","MT","unavailable","unavailable","45 - 54 years","M","","N","unavailable","unavailable",3
202406,"unavailable","SYD","CHC","P","A","US","unavailable","unavailable","01 - 11 years","M","","N","unavailable","unavailable",3
202406,"unavailable","SYD","AKL","P","A","XX","unavailable","unavailable","75+","M","","N","unavailable","unavailable",3
202406,"unavailable","SYD","WLG","P","A","SA","unavailable","unavailable","25 - 34 years","F","","N","unavailable","unavailable",3
202406,"unavailable","NAN","AKL","P","A","US","unavailable","unavailable","25 - 34 years","M","","N","unavailable","unavailable",3
202406,"unavailable","MEL","WLG","P","A","IN","unavailable","unavailable","19 - 24 years","F","","N","unavailable","unavailable",3
202406,"unavailable","OOL","AKL","P","A","AU","unavailable","unavailable","19 - 24 years","F","","N","unavailable","unavailable",3
202406,"unavailable","DOH","AKL","P","A","GB","unavailable","unavailable","55 - 64 years","M","","N","unavailable","unavailable",3
202406,"unavailable","SYD","ZQN","P","A","AU","unavailable","unavailable","75+","M","","N","unavailable","unavailable",3
202406,"unavailable","RAR","AKL","P","A","CK","unavailable","unavailable","35 - 44 years","M","","N","unavailable","unavailable",3
202406,"unavailable","NAN","AKL","P","A","GB","unavailable","unavailable","25 - 34 years","F","","N","unavailable","unavailable",3
202406,"unavailable","SYD","AKL","P","A","IN","unavailable","unavailable","45 - 54 years","M","","N","unavailable","unavailable",3
202406,"unavailable","DXB","AKL","P","A","AE","unavailable","unavailable","Less than 1 year","F","","N","unavailable","unavailable",3
202406,"unavailable","IAH","AKL","P","A","US","unavailable","unavailable","35 - 44 years","M","","N","unavailable","unavailable",3
202406,"unavailable","HKG","AKL","P","A","NP","unavailable","unavailable","25 - 34 years","M","","N","unavailable","unavailable",3
202406,"unavailable","SFO","AKL","P","A","XX","unavailable","unavailable","25 - 34 years","F","","N","unavailable","unavailable",3
202406,"unavailable","HKG","AKL","P","A","ZA","unavailable","unavailable","12 - 18 years","M","","N","unavailable","unavailable",3
202406,"unavailable","DOH","AKL","P","A","US","unavailable","unavailable","35 - 44 years","F","","N","unavailable","unavailable",3
202406,"unavailable","NAN","AKL","P","A","SB","unavailable","unavailable","35 - 44 years","M","","N","unavailable","unavailable",3
202406,"unavailable","CAN","AKL","P","A","NG","unavailable","unavailable","35 - 44 years","M","","N","unavailable","unavailable",3
202406,"unavailable","SIN","AKL","P","A","KH","unavailable","unavailable","12 - 18 years","F","","N","unavailable","unavailable",3
202406,"unavailable","SYD","WLG","P","A","PH","unavailable","unavailable","65 - 74 years","F","","N","unavailable","unavailable",3
202406,"unavailable","LAX","AKL","P","A","US","unavailable","unavailable","12 - 18 years","M","","N","unavailable","unavailable",3
202406,"unavailable","SYD","CHC","P","A","AU","unavailable","unavailable","55 - 64 years","M","","N","unavailable","unavailable",3
202406,"unavailable","CAN","AKL","P","A","PK","unavailable","unavailable","25 - 34 years","F","","N","unavailable","unavailable",3
202406,"unavailable","DXB","AKL","P","A","SA","unavailable","unavailable","35 - 44 years","F","","N","unavailable","unavailable",3
202406,"unavailable","PER","AKL","P","A","XX","unavailable","unavailable","45 - 54 years","M","","N","unavailable","unavailable",3
202406,"unavailable","SIN","AKL","P","A","LA","unavailable","unavailable","35 - 44 years","M","","N","unavailable","unavailable",3
202406,"unavailable","HKG","AKL","P","A","AE","unavailable","unavailable","35 - 44 years","M","","N","unavailable","unavailable",3
202406,"unavailable","LAX","AKL","P","A","CA","unavailable","unavailable","45 - 54 years","F","","N","unavailable","unavailable",3
202406,"unavailable","DPS","AKL","P","A","XX","unavailable","unavailable","35 - 44 years","M","","N","unavailable","unavailable",3
202406,"unavailable","SCL","AKL","P","A","JM","unavailable","unavailable","19 - 24 years","M","","N","unavailable","unavailable",3
202406,"unavailable","SHA","AKL","P","A","PH","unavailable","unavailable","45 - 54 years","M","","N","unavailable","unavailable",3
202406,"unavailable","SHA","AKL","P","A","SG","unavailable","unavailable","35 - 44 years","F","","N","unavailable","unavailable",3
202406,"unavailable","DXB","AKL","P","A","SA","unavailable","unavailable","25 - 34 years","M","","N","unavailable","unavailable",3
202406,"unavailable","IAH","AKL","P","A","US","unavailable","unavailable","01 - 11 years","M","","N","unavailable","unavailable",3
202406,"unavailable","PER","AKL","P","A","XX","unavailable","unavailable","55 - 64 years","F","","N","unavailable","unavailable",3
202406,"unavailable","KUL","AKL","P","A","OM","unavailable","unavailable","45 - 54 years","M","","N","unavailable","unavailable",3
202406,"unavailable","SHA","AKL","P","A","CN","unavailable","unavailable","75+","F","","N","unavailable","unavailable",3
202406,"unavailable","SYD","AKL","P","A","AU","unavailable","unavailable","55 - 64 years","F","","N","unavailable","unavailable",3
202406,"unavailable","SIN","AKL","P","A","XX","unavailable","unavailable","19 - 24 years","M","","N","unavailable","unavailable",3
202406,"unavailable","SYD","AKL","P","A","AU","unavailable","unavailable","65 - 74 years","M","","N","unavailable","unavailable",3
202406,"unavailable","SYD","AKL","P","A","PH","unavailable","unavailable","45 - 54 years","M","","N","unavailable","unavailable",3
202406,"unavailable","DXB","AKL","P","A","CR","unavailable","unavailable","01 - 11 years","F","","N","unavailable","unavailable",3
202406,"unavailable","BNE","WLG","P","A","AU","unavailable","unavailable","19 - 24 years","M","","N","unavailable","unavailable",3
202406,"unavailable","MEL","ZQN","P","A","AU","unavailable","unavailable","19 - 24 years","F","","N","unavailable","unavailable",3
202406,"unavailable","SYD","CHC","P","A","PH","unavailable","unavailable","45 - 54 years","M","","N","unavailable","unavailable",3
202406,"unavailable","SCL","AKL","P","A","BR","unavailable","unavailable","19 - 24 years","M","","N","unavailable","unavailable",3
202406,"unavailable","SIN","AKL","P","A","PH","unavailable","unavailable","19 - 24 years","F","","N","unavailable","unavailable",3
202406,"unavailable","SHA","AKL","P","A","UG","unavailable","unavailable","01 - 11 years","F","","N","unavailable","unavailable",3
202406,"unavailable","KUL","AKL","P","A","FR","unavailable","unavailable","25 - 34 years","M","","N","unavailable","unavailable",3
202406,"unavailable","BNE","AKL","P","A","XX","unavailable","unavailable","Less than 1 year","F","","N","unavailable","unavailable",3
202406,"unavailable","SIN","CHC","P","A","MY","unavailable","unavailable","25 - 34 years","M","","N","unavailable","unavailable",3
202406,"unavailable","NAN","WLG","P","A","FJ","unavailable","unavailable","12 - 18 years","F","","N","unavailable","unavailable",3
202406,"unavailable","IAH","AKL","P","A","BZ","unavailable","unavailable","35 - 44 years","F","","N","unavailable","unavailable",3
202406,"unavailable","SIN","CHC","P","A","KR","unavailable","unavailable","19 - 24 years","F","","N","unavailable","unavailable",3
202406,"unavailable","DOH","AKL","P","A","XX","unavailable","unavailable","35 - 44 years","F","","N","unavailable","unavailable",3
202406,"unavailable","SIN","AKL","P","A","GB","unavailable","unavailable","35 - 44 years","M","","N","unavailable","unavailable",3
202406,"unavailable","MEL","AKL","P","A","LK","unavailable","unavailable","19 - 24 years","M","","N","unavailable","unavailable",3
202406,"unavailable","CAN","AKL","P","A","KR","unavailable","unavailable","25 - 34 years","F","","N","unavailable","unavailable",3
202406,"unavailable","BNE","AKL","P","A","AU","unavailable","unavailable","45 - 54 years","F","","N","unavailable","unavailable",3
202406,"unavailable","SYD","WLG","P","A","LK","unavailable","unavailable","25 - 34 years","F","","N","unavailable","unavailable",3
202406,"unavailable","SIN","CHC","P","A","GB","unavailable","unavailable","55 - 64 years","F","","N","unavailable","unavailable",3
202406,"unavailable","DOH","AKL","P","A","LK","unavailable","unavailable","25 - 34 years","F","","N","unavailable","unavailable",3
202406,"unavailable","MEL","CHC","P","A","DE","unavailable","unavailable","19 - 24 years","M","","N","unavailable","unavailable",3
202406,"unavailable","SIN","AKL","P","A","QA","unavailable","unavailable","45 - 54 years","M","","N","unavailable","unavailable",3
202406,"unavailable","IAH","AKL","P","A","GB","unavailable","unavailable","45 - 54 years","M","","N","unavailable","unavailable",3
202406,"unavailable","MEL","AKL","P","A","XX","unavailable","unavailable","55 - 64 years","F","","N","unavailable","unavailable",3
202406,"unavailable","NAN","AKL","P","A","AU","unavailable","unavailable","35 - 44 years","F","","N","unavailable","unavailable",3
202406,"unavailable","BNE","CHC","P","A","AU","unavailable","unavailable","55 - 64 years","M","","N","unavailable","unavailable",3
202406,"unavailable","SIN","AKL","P","A","GB","unavailable","unavailable","65 - 74 years","F","","N","unavailable","unavailable",3
202406,"unavailable","KUL","AKL","P","A","AU","unavailable","unavailable","25 - 34 years","F","","N","unavailable","unavailable",3
202406,"unavailable","YVR","AKL","P","A","US","unavailable","unavailable","01 - 11 years","F","","N","unavailable","unavailable",3
202406,"unavailable","CAN","AKL","P","A","GB","unavailable","unavailable","25 - 34 years","F","","N","unavailable","unavailable",3
202406,"unavailable","MEL","CHC","P","A","AU","unavailable","unavailable","12 - 18 years","M","","N","unavailable","unavailable",3
202406,"unavailable","HKG","AKL","P","A","IN","unavailable","unavailable","12 - 18 years","M","","N","unavailable","unavailable",3
202406,"unavailable","SIN","AKL","P","A","ZA","unavailable","unavailable","01 - 11 years","F","","N","unavailable","unavailable",3
202406,"unavailable","BNE","CHC","P","A","AU","unavailable","unavailable","19 - 24 years","M","","N","unavailable","unavailable",3
202406,"unavailable","KUL","AKL","P","A","SG","unavailable","unavailable","01 - 11 years","F","","N","unavailable","unavailable",3
202406,"unavailable","DXB","AKL","P","A","PK","unavailable","unavailable","12 - 18 years","M","","N","unavailable","unavailable",3
202406,"unavailable","SYD","AKL","P","A","US","unavailable","unavailable","Less than 1 year","M","","N","unavailable","unavailable",3
202406,"unavailable","SYD","WLG","P","A","AU","unavailable","unavailable","35 - 44 years","F","","N","unavailable","unavailable",3
202406,"unavailable","BNE","CHC","P","A","US","unavailable","unavailable","12 - 18 years","F","","N","unavailable","unavailable",3
202406,"unavailable","SYD","WLG","P","A","GB","unavailable","unavailable","55 - 64 years","F","","N","unavailable","unavailable",3
202406,"unavailable","SIN","AKL","P","A","TH","unavailable","unavailable","35 - 44 years","M","","N","unavailable","unavailable",3
202406,"unavailable","SHA","AKL","P","A","FR","unavailable","unavailable","25 - 34 years","F","","N","unavailable","unavailable",3
202406,"unavailable","CAN","AKL","P","A","RU","unavailable","unavailable","25 - 34 years","M","","N","unavailable","unavailable",3
202406,"unavailable","NAN","AKL","P","A","AE","unavailable","unavailable","19 - 24 years","M","","N","unavailable","unavailable",3
202406,"unavailable","DOH","AKL","P","A","BH","unavailable","unavailable","35 - 44 years","M","","N","unavailable","unavailable",3
202406,"unavailable","DXB","AKL","P","A","BW","unavailable","unavailable","35 - 44 years","F","","N","unavailable","unavailable",3
202406,"unavailable","SIN","AKL","P","A","FR","unavailable","unavailable","19 - 24 years","F","","N","unavailable","unavailable",3
202406,"unavailable","APW","AKL","P","A","FJ","unavailable","unavailable","19 - 24 years","F","","N","unavailable","unavailable",3
202406,"unavailable","RAR","AKL","P","A","CK","unavailable","unavailable","25 - 34 years","M","","N","unavailable","unavailable",3
202406,"unavailable","SHA","AKL","P","A","LA","unavailable","unavailable","25 - 34 years","M","","N","unavailable","unavailable",3
202406,"unavailable","SHA","AKL","P","A","CN","unavailable","unavailable","Less than 1 year","F","","N","unavailable","unavailable",3
202406,"unavailable","CAN","AKL","P","A","KE","unavailable","unavailable","01 - 11 years","M","","N","unavailable","unavailable",3
202406,"unavailable","BNE","AKL","P","A","GB","unavailable","unavailable","25 - 34 years","M","","N","unavailable","unavailable",3
202406,"unavailable","SIN","AKL","P","A","ZA","unavailable","unavailable","45 - 54 years","F","","N","unavailable","unavailable",3
202406,"unavailable","KUL","AKL","P","A","XX","unavailable","unavailable","75+","M","","N","unavailable","unavailable",3
202406,"unavailable","CAN","AKL","P","A","MM","unavailable","unavailable","25 - 34 years","F","","N","unavailable","unavailable",3
202406,"unavailable","MEL","CHC","P","A","ID","unavailable","unavailable","01 - 11 years","M","","N","unavailable","unavailable",3
202406,"unavailable","PER","AKL","P","A","XX","unavailable","unavailable","65 - 74 years","M","","N","unavailable","unavailable",3
202406,"unavailable","SIN","AKL","P","A","VN","unavailable","unavailable","01 - 11 years","F","","N","unavailable","unavailable",3
202406,"unavailable","SIN","AKL","P","A","OM","unavailable","unavailable","35 - 44 years","M","","N","unavailable","unavailable",3
202406,"unavailable","SHA","AKL","P","A","GB","unavailable","unavailable","19 - 24 years","F","","N","unavailable","unavailable",3
202406,"unavailable","SYD","WLG","P","A","IN","unavailable","unavailable","01 - 11 years","F","","N","unavailable","unavailable",3
202406,"unavailable","SHA","AKL","P","A","UG","unavailable","unavailable","45 - 54 years","M","","N","unavailable","unavailable",3
202406,"unavailable","SYD","WLG","P","A","ZA","unavailable","unavailable","35 - 44 years","F","","N","unavailable","unavailable",3
202406,"unavailable","NAN","CHC","P","A","XX","unavailable","unavailable","35 - 44 years","F","","N","unavailable","unavailable",3
202406,"unavailable","LAX","AKL","P","A","SE","unavailable","unavailable","01 - 11 years","M","","N","unavailable","unavailable",3
202406,"unavailable","NRT","AKL","P","A","XX","unavailable","unavailable","19 - 24 years","M","","N","unavailable","unavailable",3
202406,"unavailable","SIN","AKL","P","A","US","unavailable","unavailable","19 - 24 years","F","","N","unavailable","unavailable",3
202406,"unavailable","HKG","AKL","P","A","TH","unavailable","unavailable","35 - 44 years","F","","N","unavailable","unavailable",3
202406,"unavailable","NRT","AKL","P","A","JP","unavailable","unavailable","12 - 18 years","F","","N","unavailable","unavailable",3
202406,"unavailable","PER","AKL","P","A","AU","unavailable","unavailable","19 - 24 years","F","","N","unavailable","unavailable",3
202406,"unavailable","CAN","AKL","P","A","CN","unavailable","unavailable","75+","F","","N","unavailable","unavailable",3
202406,"unavailable","KUL","AKL","P","A","NP","unavailable","unavailable","25 - 34 years","M","","N","unavailable","unavailable",3
202406,"unavailable","APW","AKL","P","A","XX","unavailable","unavailable","45 - 54 years","M","","N","unavailable","unavailable",3
202406,"unavailable","SHA","AKL","P","A","IN","unavailable","unavailable","25 - 34 years","M","","N","unavailable","unavailable",3
202406,"unavailable","SEL","AKL","P","A","KR","unavailable","unavailable","01 - 11 years","M","","N","unavailable","unavailable",3
202406,"unavailable","HKG","AKL","P","A","XX","unavailable","unavailable","01 - 11 years","M","","N","unavailable","unavailable",3
202406,"unavailable","SIN","CHC","P","A","DE","unavailable","unavailable","19 - 24 years","M","","N","unavailable","unavailable",3
202406,"unavailable","SHA","AKL","P","A","RU","unavailable","unavailable","01 - 11 years","M","","N","unavailable","unavailable",3
202406,"unavailable","CAN","AKL","P","A","MY","unavailable","unavailable","75+","M","","N","unavailable","unavailable",3
202406,"unavailable","HKG","AKL","P","A","TH","unavailable","unavailable","12 - 18 years","M","","N","unavailable","unavailable",3
202406,"unavailable","MEL","CHC","P","A","FR","unavailable","unavailable","25 - 34 years","M","","N","unavailable","unavailable",3
202406,"unavailable","MEL","CHC","P","A","IE","unavailable","unavailable","19 - 24 years","F","","N","unavailable","unavailable",3
202406,"unavailable","CAN","AKL","P","A","VN","unavailable","unavailable","35 - 44 years","F","","N","unavailable","unavailable",3
202406,"unavailable","SZX","AKL","P","A","CN","unavailable","unavailable","12 - 18 years","M","","N","unavailable","unavailable",3
202406,"unavailable","DOH","AKL","P","A","IT","unavailable","unavailable","25 - 34 years","F","","N","unavailable","unavailable",3
202406,"unavailable","MEL","WLG","P","A","AU","unavailable","unavailable","01 - 11 years","M","","N","unavailable","unavailable",3
202406,"unavailable","KUL","AKL","P","A","NP","unavailable","unavailable","19 - 24 years","M","","N","unavailable","unavailable",3
202406,"unavailable","CAN","AKL","P","A","UZ","unavailable","unavailable","35 - 44 years","M","","N","unavailable","unavailable",3
202406,"unavailable","SCL","AKL","P","A","BR","unavailable","unavailable","01 - 11 years","M","","N","unavailable","unavailable",3
202406,"unavailable","XXA","AKL","P","A","US","unavailable","unavailable","45 - 54 years","F","","N","unavailable","unavailable",3
202406,"unavailable","SYD","CHC","P","A","XX","unavailable","unavailable","25 - 34 years","F","","N","unavailable","unavailable",3
202406,"unavailable","SYD","CHC","P","A","ES","unavailable","unavailable","25 - 34 years","M","","N","unavailable","unavailable",3
202406,"unavailable","SIN","AKL","P","A","GB","unavailable","unavailable","55 - 64 years","F","","N","unavailable","unavailable",3
202406,"unavailable","LAX","AKL","P","A","GB","unavailable","unavailable","35 - 44 years","M","","N","unavailable","unavailable",3
202406,"unavailable","SIN","CHC","P","A","KH","unavailable","unavailable","35 - 44 years","M","","N","unavailable","unavailable",3
202406,"unavailable","TBU","AKL","P","A","IN","unavailable","unavailable","25 - 34 years","F","","N","unavailable","unavailable",3
202406,"unavailable","SHA","AKL","P","A","SG","unavailable","unavailable","01 - 11 years","M","","N","unavailable","unavailable",3
202406,"unavailable","SIN","AKL","P","A","CN","unavailable","unavailable","25 - 34 years","M","","N","unavailable","unavailable",3
202406,"unavailable","CAN","AKL","P","A","XX","unavailable","unavailable","35 - 44 years","M","","N","unavailable","unavailable",3
202406,"unavailable","HKG","AKL","P","A","IN","unavailable","unavailable","45 - 54 years","M","","N","unavailable","unavailable",3
202406,"unavailable","SCL","AKL","P","A","AR","unavailable","unavailable","12 - 18 years","M","","N","unavailable","unavailable",3
202406,"unavailable","SIN","AKL","P","A","IQ","unavailable","unavailable","19 - 24 years","F","","N","unavailable","unavailable",3
202406,"unavailable","NAN","AKL","P","A","AU","unavailable","unavailable","25 - 34 years","M","","N","unavailable","unavailable",3
202406,"unavailable","HKG","AKL","P","A","CN","unavailable","unavailable","35 - 44 years","F","","N","unavailable","unavailable",3
202406,"unavailable","SYD","CHC","P","A","KR","unavailable","unavailable","25 - 34 years","F","","N","unavailable","unavailable",3
202406,"unavailable","MEL","CHC","P","A","LK","unavailable","unavailable","45 - 54 years","M","","N","unavailable","unavailable",3
202406,"unavailable","TPE","AKL","P","A","TW","unavailable","unavailable","01 - 11 years","F","","N","unavailable","unavailable",3
202406,"unavailable","NAN","AKL","P","A","FJ","unavailable","unavailable","Less than 1 year","M","","N","unavailable","unavailable",3
202406,"unavailable","DOH","AKL","P","A","QA","unavailable","unavailable","35 - 44 years","M","","N","unavailable","unavailable",3
202406,"unavailable","KUL","AKL","P","A","BD","unavailable","unavailable","19 - 24 years","M","","N","unavailable","unavailable",3
202406,"unavailable","SYD","AKL","P","A","FR","unavailable","unavailable","25 - 34 years","M","","N","unavailable","unavailable",3
202406,"unavailable","DXB","AKL","P","A","ES","unavailable","unavailable","25 - 34 years","M","","N","unavailable","unavailable",3
202406,"unavailable","DXB","AKL","P","A","AF","unavailable","unavailable","25 - 34 years","F","","N","unavailable","unavailable",3
202406,"unavailable","MEL","ZQN","P","A","PH","unavailable","unavailable","01 - 11 years","F","","N","unavailable","unavailable",3
202406,"unavailable","SYD","WLG","P","A","DK","unavailable","unavailable","35 - 44 years","F","","N","unavailable","unavailable",3
202406,"unavailable","HKG","AKL","P","A","GB","unavailable","unavailable","19 - 24 years","F","","N","unavailable","unavailable",3
202406,"unavailable","KUL","AKL","P","A","IN","unavailable","unavailable","55 - 64 years","M","","N","unavailable","unavailable",3
202406,"unavailable","CAN","AKL","P","A","NP","unavailable","unavailable","35 - 44 years","F","","N","unavailable","unavailable",3
202406,"unavailable","SHA","AKL","P","A","FR","unavailable","unavailable","19 - 24 years","F","","N","unavailable","unavailable",3
202406,"unavailable","PEK","AKL","P","A","TH","unavailable","unavailable","12 - 18 years","F","","N","unavailable","unavailable",3
202406,"unavailable","BNE","AKL","P","A","PG","unavailable","unavailable","45 - 54 years","F","","N","unavailable","unavailable",3
202406,"unavailable","SIN","AKL","P","A","KH","unavailable","unavailable","35 - 44 years","M","","N","unavailable","unavailable",3
202406,"unavailable","SYD","AKL","P","A","KR","unavailable","unavailable","01 - 11 years","F","","N","unavailable","unavailable",3
202406,"unavailable","SIN","AKL","P","A","AE","unavailable","unavailable","35 - 44 years","F","","N","unavailable","unavailable",3
202406,"unavailable","SHA","AKL","P","A","XX","unavailable","unavailable","01 - 11 years","M","","N","unavailable","unavailable",3
202406,"unavailable","SCL","AKL","P","A","BR","unavailable","unavailable","01 - 11 years","F","","N","unavailable","unavailable",3
202406,"unavailable","SIN","AKL","P","A","NL","unavailable","unavailable","35 - 44 years","M","","N","unavailable","unavailable",3
202406,"unavailable","HKG","AKL","P","A","SG","unavailable","unavailable","25 - 34 years","F","","N","unavailable","unavailable",3
202406,"unavailable","BNE","WLG","P","A","AU","unavailable","unavailable","35 - 44 years","M","","N","unavailable","unavailable",3
202406,"unavailable","DXB","AKL","P","A","XX","unavailable","unavailable","19 - 24 years","M","","N","unavailable","unavailable",3
202406,"unavailable","ADL","AKL","P","A","CN","unavailable","unavailable","65 - 74 years","M","","N","unavailable","unavailable",3
202406,"unavailable","DOH","AKL","P","A","AR","unavailable","unavailable","35 - 44 years","F","","N","unavailable","unavailable",3
202406,"unavailable","DXB","AKL","P","A","PK","unavailable","unavailable","19 - 24 years","M","","N","unavailable","unavailable",3
202406,"unavailable","DXB","AKL","P","A","LK","unavailable","unavailable","55 - 64 years","F","","N","unavailable","unavailable",3
202406,"unavailable","CAN","AKL","P","A","US","unavailable","unavailable","25 - 34 years","M","","N","unavailable","unavailable",3
202406,"unavailable","HKG","AKL","P","A","CN","unavailable","unavailable","25 - 34 years","M","","N","unavailable","unavailable",3
202406,"unavailable","SHA","AKL","P","A","VN","unavailable","unavailable","25 - 34 years","M","","N","unavailable","unavailable",3
202406,"unavailable","DXB","AKL","P","A","IR","unavailable","unavailable","01 - 11 years","M","","N","unavailable","unavailable",3
202406,"unavailable","SYD","CHC","P","A","ZA","unavailable","unavailable","55 - 64 years","M","","N","unavailable","unavailable",3
202406,"unavailable","MEL","ZQN","P","A","SG","unavailable","unavailable","25 - 34 years","F","","N","unavailable","unavailable",3
202406,"unavailable","MEL","CHC","P","A","JP","unavailable","unavailable","12 - 18 years","F","","N","unavailable","unavailable",3
202406,"unavailable","CAN","AKL","P","A","MM","unavailable","unavailable","25 - 34 years","M","","N","unavailable","unavailable",3
202406,"unavailable","SHA","AKL","P","A","TH","unavailable","unavailable","35 - 44 years","M","","N","unavailable","unavailable",3
202406,"unavailable","NRT","AKL","P","A","JP","unavailable","unavailable","45 - 54 years","M","","N","unavailable","unavailable",3
202406,"unavailable","HKG","AKL","P","A","CN","unavailable","unavailable","25 - 34 years","F","","N","unavailable","unavailable",3
202406,"unavailable","CAN","AKL","P","A","VN","unavailable","unavailable","19 - 24 years","F","","N","unavailable","unavailable",3
202406,"unavailable","NAN","CHC","P","A","US","unavailable","unavailable","35 - 44 years","M","","N","unavailable","unavailable",3
202406,"unavailable","SYD","AKL","P","A","XX","unavailable","unavailable","45 - 54 years","F","","N","unavailable","unavailable",3
202406,"unavailable","SYD","WLG","P","A","AU","unavailable","unavailable","01 - 11 years","M","","N","unavailable","unavailable",3
202406,"unavailable","SYD","AKL","P","A","LK","unavailable","unavailable","01 - 11 years","F","","N","unavailable","unavailable",3
202406,"unavailable","HKG","AKL","P","A","VN","unavailable","unavailable","25 - 34 years","M","","N","unavailable","unavailable",3
202406,"unavailable","HKG","AKL","P","A","NP","unavailable","unavailable","19 - 24 years","M","","N","unavailable","unavailable",3
202406,"unavailable","MEL","ZQN","P","A","PH","unavailable","unavailable","25 - 34 years","F","","N","unavailable","unavailable",3
202406,"unavailable","SIN","AKL","P","A","KR","unavailable","unavailable","25 - 34 years","F","","N","unavailable","unavailable",3
202406,"unavailable","SIN","AKL","P","A","XX","unavailable","unavailable","65 - 74 years","F","","N","unavailable","unavailable",3
202406,"unavailable","SYD","AKL","P","A","XX","unavailable","unavailable","45 - 54 years","M","","N","unavailable","unavailable",3
202406,"unavailable","SIN","AKL","P","A","SE","unavailable","unavailable","35 - 44 years","M","","N","unavailable","unavailable",3
202406,"unavailable","SYD","CHC","P","A","GB","unavailable","unavailable","25 - 34 years","F","","N","unavailable","unavailable",3
202406,"unavailable","PEK","AKL","P","A","CN","unavailable","unavailable","12 - 18 years","F","","N","unavailable","unavailable",3
202406,"unavailable","PER","AKL","P","A","AU","unavailable","unavailable","19 - 24 years","M","","N","unavailable","unavailable",3
202406,"unavailable","SYD","CHC","P","A","AU","unavailable","unavailable","65 - 74 years","M","","N","unavailable","unavailable",3
202406,"unavailable","SYD","WLG","P","A","XX","unavailable","unavailable","55 - 64 years","M","","N","unavailable","unavailable",3
202406,"unavailable","SYD","CHC","P","A","US","unavailable","unavailable","19 - 24 years","F","","N","unavailable","unavailable",3
202406,"unavailable","SIN","AKL","P","A","MY","unavailable","unavailable","55 - 64 years","F","","N","unavailable","unavailable",3
202406,"unavailable","KUL","AKL","P","A","PH","unavailable","unavailable","25 - 34 years","M","","N","unavailable","unavailable",3
202406,"unavailable","SYD","WLG","P","A","GB","unavailable","unavailable","35 - 44 years","F","","N","unavailable","unavailable",3
202406,"unavailable","SIN","AKL","P","A","PH","unavailable","unavailable","45 - 54 years","F","","N","unavailable","unavailable",3
202406,"unavailable","SIN","CHC","P","A","JP","unavailable","unavailable","25 - 34 years","F","","N","unavailable","unavailable",3
202406,"unavailable","NAN","CHC","P","A","XX","unavailable","unavailable","19 - 24 years","M","","N","unavailable","unavailable",3
202406,"unavailable","MEL","WLG","P","A","AU","unavailable","unavailable","19 - 24 years","F","","N","unavailable","unavailable",3
202406,"unavailable","DXB","AKL","P","A","ZW","unavailable","unavailable","35 - 44 years","F","","N","unavailable","unavailable",3
202406,"unavailable","SIN","AKL","P","A","AU","unavailable","unavailable","25 - 34 years","M","","N","unavailable","unavailable",3
202406,"unavailable","DXB","AKL","P","A","IL","unavailable","unavailable","35 - 44 years","F","","N","unavailable","unavailable",3
202406,"unavailable","DOH","AKL","P","A","PK","unavailable","unavailable","35 - 44 years","M","","N","unavailable","unavailable",3
202406,"unavailable","OOL","AKL","P","A","AU","unavailable","unavailable","35 - 44 years","F","","N","unavailable","unavailable",3
202406,"unavailable","SYD","WLG","P","A","TH","unavailable","unavailable","35 - 44 years","M","","N","unavailable","unavailable",3
202406,"unavailable","PPT","AKL","P","A","MX","unavailable","unavailable","45 - 54 years","M","","N","unavailable","unavailable",3
202406,"unavailable","SIN","AKL","P","A","MW","unavailable","unavailable","25 - 34 years","F","","N","unavailable","unavailable",3
202406,"unavailable","BNE","ZQN","P","A","AU","unavailable","unavailable","25 - 34 years","M","","N","unavailable","unavailable",3
202406,"unavailable","CAN","AKL","P","A","TH","unavailable","unavailable","25 - 34 years","M","","N","unavailable","unavailable",3
202406,"unavailable","OOL","AKL","P","A","XX","unavailable","unavailable","01 - 11 years","M","","N","unavailable","unavailable",3
202406,"unavailable","SYD","WLG","P","A","GB","unavailable","unavailable","25 - 34 years","F","","N","unavailable","unavailable",3
202406,"unavailable","MEL","ZQN","P","A","GB","unavailable","unavailable","35 - 44 years","M","","N","unavailable","unavailable",3
202406,"unavailable","KUL","AKL","P","A","ID","unavailable","unavailable","25 - 34 years","M","","N","unavailable","unavailable",3
202406,"unavailable","KUL","AKL","P","A","OM","unavailable","unavailable","12 - 18 years","F","","N","unavailable","unavailable",3
202406,"unavailable","SYD","CHC","P","A","AE","unavailable","unavailable","45 - 54 years","F","","N","unavailable","unavailable",3
202406,"unavailable","BNE","AKL","P","A","AU","unavailable","unavailable","Less than 1 year","F","","N","unavailable","unavailable",3
202406,"unavailable","KUL","AKL","P","A","FJ","unavailable","unavailable","25 - 34 years","F","","N","unavailable","unavailable",3
202406,"unavailable","SIN","AKL","P","A","LK","unavailable","unavailable","19 - 24 years","F","","N","unavailable","unavailable",3
202406,"unavailable","CAN","AKL","P","A","PH","unavailable","unavailable","55 - 64 years","F","","N","unavailable","unavailable",3
202406,"unavailable","SIN","AKL","P","A","XX","unavailable","unavailable","35 - 44 years","F","","N","unavailable","unavailable",3
202406,"unavailable","SHA","AKL","P","A","AE","unavailable","unavailable","45 - 54 years","M","","N","unavailable","unavailable",3
202406,"unavailable","MEL","AKL","P","A","LK","unavailable","unavailable","45 - 54 years","M","","N","unavailable","unavailable",3
202406,"unavailable","XXA","AKL","P","A","VN","unavailable","unavailable","19 - 24 years","F","","N","unavailable","unavailable",3
202406,"unavailable","NAN","AKL","P","A","XX","unavailable","unavailable","45 - 54 years","M","","N","unavailable","unavailable",3
202406,"unavailable","KUL","AKL","P","A","AE","unavailable","unavailable","25 - 34 years","F","","N","unavailable","unavailable",3
202406,"unavailable","ADL","AKL","P","A","AU","unavailable","unavailable","25 - 34 years","M","","N","unavailable","unavailable",3
202406,"unavailable","DXB","AKL","P","A","ES","unavailable","unavailable","35 - 44 years","F","","N","unavailable","unavailable",3
202406,"unavailable","NAN","WLG","P","A","XX","unavailable","unavailable","01 - 11 years","F","","N","unavailable","unavailable",3
202406,"unavailable","KUL","AKL","P","A","XX","unavailable","unavailable","65 - 74 years","F","","N","unavailable","unavailable",3
202406,"unavailable","BNE","AKL","P","A","AU","unavailable","unavailable","55 - 64 years","F","","N","unavailable","unavailable",3
202406,"unavailable","MEL","AKL","P","A","XX","unavailable","unavailable","01 - 11 years","M","","N","unavailable","unavailable",3
202406,"unavailable","SIN","AKL","P","A","GB","unavailable","unavailable","01 - 11 years","M","","N","unavailable","unavailable",3
202406,"unavailable","HKG","AKL","P","A","CN","unavailable","unavailable","01 - 11 years","F","","N","unavailable","unavailable",3
202406,"unavailable","BNE","CHC","P","A","AU","unavailable","unavailable","25 - 34 years","M","","N","unavailable","unavailable",3
202406,"unavailable","TBU","AKL","P","A","MT","unavailable","unavailable","12 - 18 years","F","","N","unavailable","unavailable",3
202406,"unavailable","SYD","WLG","P","A","AU","unavailable","unavailable","12 - 18 years","M","","N","unavailable","unavailable",3
202406,"unavailable","SYD","AKL","P","A","NL","unavailable","unavailable","19 - 24 years","F","","N","unavailable","unavailable",3
202406,"unavailable","DOH","AKL","P","A","ZW","unavailable","unavailable","35 - 44 years","F","","N","unavailable","unavailable",3
202406,"unavailable","XXA","AKL","P","A","AU","unavailable","unavailable","25 - 34 years","M","","N","unavailable","unavailable",3
202406,"unavailable","NAN","CHC","P","A","US","unavailable","unavailable","25 - 34 years","M","","N","unavailable","unavailable",3
202406,"unavailable","SYD","WLG","P","A","XX","unavailable","unavailable","55 - 64 years","F","","N","unavailable","unavailable",3
202406,"unavailable","SHA","AKL","P","A","IE","unavailable","unavailable","25 - 34 years","F","","N","unavailable","unavailable",3
202406,"unavailable","SYD","CHC","P","A","XX","unavailable","unavailable","45 - 54 years","M","","N","unavailable","unavailable",3
202406,"unavailable","NAN","WLG","P","A","WS","unavailable","unavailable","01 - 11 years","F","","N","unavailable","unavailable",3
202406,"unavailable","DXB","AKL","P","A","SA","unavailable","unavailable","01 - 11 years","F","","N","unavailable","unavailable",3
202406,"unavailable","SIN","CHC","P","A","AE","unavailable","unavailable","35 - 44 years","F","","N","unavailable","unavailable",3
202406,"unavailable","HKG","AKL","P","A","JP","unavailable","unavailable","25 - 34 years","F","","N","unavailable","unavailable",3
202406,"unavailable","BNE","AKL","P","A","CN","unavailable","unavailable","25 - 34 years","F","","N","unavailable","unavailable",3
202406,"unavailable","DXB","AKL","P","A","IR","unavailable","unavailable","35 - 44 years","F","","N","unavailable","unavailable",3
202406,"unavailable","SIN","AKL","P","A","DK","unavailable","unavailable","25 - 34 years","F","","N","unavailable","unavailable",3
202406,"unavailable","CAN","AKL","P","A","XX","unavailable","unavailable","25 - 34 years","M","","N","unavailable","unavailable",3
202406,"unavailable","SIN","AKL","P","A","IE","unavailable","unavailable","19 - 24 years","F","","N","unavailable","unavailable",3
202406,"unavailable","DXB","AKL","P","A","AE","unavailable","unavailable","25 - 34 years","M","","N","unavailable","unavailable",3
202406,"unavailable","SEL","AKL","P","A","KR","unavailable","unavailable","55 - 64 years","F","","N","unavailable","unavailable",3
202406,"unavailable","SCL","AKL","P","A","AR","unavailable","unavailable","35 - 44 years","M","","N","unavailable","unavailable",3
202406,"unavailable","NAN","AKL","P","A","XX","unavailable","unavailable","19 - 24 years","F","","N","unavailable","unavailable",3
202406,"unavailable","SHA","AKL","P","A","CA","unavailable","unavailable","19 - 24 years","F","","N","unavailable","unavailable",3
202406,"unavailable","XXA","AKL","P","A","US","unavailable","unavailable","35 - 44 years","F","","N","unavailable","unavailable",3
202406,"unavailable","SIN","AKL","P","A","SA","unavailable","unavailable","35 - 44 years","M","","N","unavailable","unavailable",3
202406,"unavailable","RAR","AKL","P","A","CK","unavailable","unavailable","45 - 54 years","F","","N","unavailable","unavailable",3
202406,"unavailable","KUL","AKL","P","A","MY","unavailable","unavailable","65 - 74 years","M","","N","unavailable","unavailable",3
202406,"unavailable","TPE","AKL","P","A","PH","unavailable","unavailable","25 - 34 years","M","","N","unavailable","unavailable",3
202406,"unavailable","KUL","AKL","P","A","AE","unavailable","unavailable","45 - 54 years","M","","N","unavailable","unavailable",3
202406,"unavailable","NAN","AKL","P","A","XX","unavailable","unavailable","45 - 54 years","F","","N","unavailable","unavailable",3
202406,"unavailable","HKG","AKL","P","A","AE","unavailable","unavailable","25 - 34 years","M","","N","unavailable","unavailable",3
202406,"unavailable","CAN","AKL","P","A","AU","unavailable","unavailable","25 - 34 years","F","","N","unavailable","unavailable",3
202406,"unavailable","SCL","AKL","P","A","AU","unavailable","unavailable","25 - 34 years","M","","N","unavailable","unavailable",3
202406,"unavailable","SHA","AKL","P","A","SK","unavailable","unavailable","45 - 54 years","M","","N","unavailable","unavailable",3
202406,"unavailable","KUL","AKL","P","A","LK","unavailable","unavailable","25 - 34 years","M","","N","unavailable","unavailable",3
202406,"unavailable","SYD","WLG","P","A","US","unavailable","unavailable","35 - 44 years","M","","N","unavailable","unavailable",3
202406,"unavailable","SYD","AKL","P","A","IN","unavailable","unavailable","12 - 18 years","M","","N","unavailable","unavailable",3
202406,"unavailable","SIN","CHC","P","A","XX","unavailable","unavailable","19 - 24 years","F","","N","unavailable","unavailable",3
202406,"unavailable","SYD","ZQN","P","A","PH","unavailable","unavailable","25 - 34 years","F","","N","unavailable","unavailable",3
202406,"unavailable","SYD","AKL","P","A","KR","unavailable","unavailable","25 - 34 years","M","","N","unavailable","unavailable",3
202406,"unavailable","MEL","WLG","P","A","GB","unavailable","unavailable","25 - 34 years","F","","N","unavailable","unavailable",3
202406,"unavailable","SYD","CHC","P","A","XX","unavailable","unavailable","19 - 24 years","M","","N","unavailable","unavailable",3
202406,"unavailable","HKG","AKL","P","A","TH","unavailable","unavailable","01 - 11 years","M","","N","unavailable","unavailable",3
202406,"unavailable","SIN","AKL","P","A","SG","unavailable","unavailable","12 - 18 years","M","","N","unavailable","unavailable",3
202406,"unavailable","PER","AKL","P","A","VN","unavailable","unavailable","01 - 11 years","M","","N","unavailable","unavailable",3
202406,"unavailable","MEL","WLG","P","A","ZA","unavailable","unavailable","19 - 24 years","M","","N","unavailable","unavailable",3
202406,"unavailable","MEL","AKL","P","A","TH","unavailable","unavailable","55 - 64 years","M","","N","unavailable","unavailable",3
202406,"unavailable","CAN","AKL","P","A","KR","unavailable","unavailable","25 - 34 years","M","","N","unavailable","unavailable",3
202406,"unavailable","DOH","AKL","P","A","FR","unavailable","unavailable","19 - 24 years","M","","N","unavailable","unavailable",3
202406,"unavailable","SYD","CHC","P","A","FR","unavailable","unavailable","25 - 34 years","M","","N","unavailable","unavailable",3
202406,"unavailable","SCL","AKL","P","A","UY","unavailable","unavailable","25 - 34 years","F","","N","unavailable","unavailable",3
202406,"unavailable","KUL","AKL","P","A","LK","unavailable","unavailable","35 - 44 years","F","","N","unavailable","unavailable",3
202406,"unavailable","SYD","WLG","P","A","ID","unavailable","unavailable","25 - 34 years","F","","N","unavailable","unavailable",3
202406,"unavailable","CAN","AKL","P","A","MY","unavailable","unavailable","12 - 18 years","M","","N","unavailable","unavailable",3
202406,"unavailable","BNE","AKL","P","A","PH","unavailable","unavailable","01 - 11 years","F","","N","unavailable","unavailable",3
202406,"unavailable","SFO","AKL","P","A","US","unavailable","unavailable","45 - 54 years","F","","N","unavailable","unavailable",3
202406,"unavailable","NAN","AKL","P","A","US","unavailable","unavailable","19 - 24 years","F","","N","unavailable","unavailable",3
202406,"unavailable","SIN","AKL","P","A","KH","unavailable","unavailable","25 - 34 years","F","","N","unavailable","unavailable",3
202406,"unavailable","DXB","AKL","P","A","ZW","unavailable","unavailable","12 - 18 years","M","","N","unavailable","unavailable",3
202406,"unavailable","SCL","AKL","P","A","CL","unavailable","unavailable","19 - 24 years","F","","N","unavailable","unavailable",3
202406,"unavailable","PEK","AKL","P","A","KR","unavailable","unavailable","25 - 34 years","F","","N","unavailable","unavailable",3
202406,"unavailable","MEL","AKL","P","A","GB","unavailable","unavailable","19 - 24 years","F","","N","unavailable","unavailable",3
202406,"unavailable","SYD","CHC","P","A","US","unavailable","unavailable","25 - 34 years","M","","N","unavailable","unavailable",3
202406,"unavailable","JFK","AKL","P","A","US","unavailable","unavailable","12 - 18 years","M","","N","unavailable","unavailable",3
202406,"unavailable","SYD","CHC","P","A","DE","unavailable","unavailable","25 - 34 years","M","","N","unavailable","unavailable",3
202406,"unavailable","SYD","WLG","P","A","PH","unavailable","unavailable","45 - 54 years","F","","N","unavailable","unavailable",3
202406,"unavailable","DOH","AKL","P","A","PK","unavailable","unavailable","01 - 11 years","F","","N","unavailable","unavailable",3
202406,"unavailable","KUL","AKL","P","A","TH","unavailable","unavailable","25 - 34 years","F","","N","unavailable","unavailable",3
202406,"unavailable","SYD","AKL","P","A","VN","unavailable","unavailable","01 - 11 years","M","","N","unavailable","unavailable",3
202406,"unavailable","PPT","AKL","P","A","US","unavailable","unavailable","25 - 34 years","F","","N","unavailable","unavailable",3
202406,"unavailable","DPS","AKL","P","A","ID","unavailable","unavailable","45 - 54 years","M","","N","unavailable","unavailable",3
202406,"unavailable","CAN","AKL","P","A","XX","unavailable","unavailable","01 - 11 years","F","","N","unavailable","unavailable",3
202406,"unavailable","SIN","AKL","P","A","SG","unavailable","unavailable","19 - 24 years","M","","N","unavailable","unavailable",3
202406,"unavailable","DOH","AKL","P","A","SA","unavailable","unavailable","01 - 11 years","M","","N","unavailable","unavailable",3
202406,"unavailable","HKG","AKL","P","A","US","unavailable","unavailable","35 - 44 years","M","","N","unavailable","unavailable",3
202406,"unavailable","MEL","AKL","P","A","CA","unavailable","unavailable","25 - 34 years","M","","N","unavailable","unavailable",3
202406,"unavailable","SYD","WLG","P","A","IE","unavailable","unavailable","01 - 11 years","F","","N","unavailable","unavailable",3
202406,"unavailable","DOH","AKL","P","A","IQ","unavailable","unavailable","25 - 34 years","F","","N","unavailable","unavailable",3
202406,"unavailable","MEL","AKL","P","A","CN","unavailable","unavailable","25 - 34 years","F","","N","unavailable","unavailable",3
202406,"unavailable","SIN","AKL","P","A","KW","unavailable","unavailable","35 - 44 years","F","","N","unavailable","unavailable",3
202406,"unavailable","MEL","ZQN","P","A","IE","unavailable","unavailable","25 - 34 years","M","","N","unavailable","unavailable",3
202406,"unavailable","CAN","AKL","P","A","BO","unavailable","unavailable","55 - 64 years","F","","N","unavailable","unavailable",3
202406,"unavailable","CAN","AKL","P","A","PH","unavailable","unavailable","45 - 54 years","F","","N","unavailable","unavailable",3
202406,"unavailable","BNE","ZQN","P","A","AU","unavailable","unavailable","25 - 34 years","F","","N","unavailable","unavailable",3
202406,"unavailable","SIN","CHC","P","A","XX","unavailable","unavailable","25 - 34 years","M","","N","unavailable","unavailable",3
202406,"unavailable","LAX","AKL","P","A","CA","unavailable","unavailable","35 - 44 years","F","","N","unavailable","unavailable",3
202406,"unavailable","PER","AKL","P","A","VN","unavailable","unavailable","12 - 18 years","M","","N","unavailable","unavailable",3
202406,"unavailable","SYD","AKL","P","A","HK","unavailable","unavailable","35 - 44 years","F","","N","unavailable","unavailable",3
202406,"unavailable","BNE","WLG","P","A","GB","unavailable","unavailable","25 - 34 years","F","","N","unavailable","unavailable",3
202406,"unavailable","SIN","AKL","P","A","DE","unavailable","unavailable","25 - 34 years","M","","N","unavailable","unavailable",3
202406,"unavailable","BNE","WLG","P","A","AU","unavailable","unavailable","Less than 1 year","M","","N","unavailable","unavailable",3
202406,"unavailable","BNE","AKL","P","A","XX","unavailable","unavailable","25 - 34 years","M","","N","unavailable","unavailable",3
202406,"unavailable","DOH","AKL","P","A","PL","unavailable","unavailable","45 - 54 years","F","","N","unavailable","unavailable",3
202406,"unavailable","MEL","AKL","P","A","XX","unavailable","unavailable","19 - 24 years","F","","N","unavailable","unavailable",3
202406,"unavailable","DOH","AKL","P","A","US","unavailable","unavailable","25 - 34 years","F","","N","unavailable","unavailable",3
202406,"unavailable","SYD","WLG","P","A","LK","unavailable","unavailable","01 - 11 years","F","","N","unavailable","unavailable",3
202406,"unavailable","MEL","CHC","P","A","LK","unavailable","unavailable","25 - 34 years","M","","N","unavailable","unavailable",3
202406,"unavailable","BNE","ZQN","P","A","CA","unavailable","unavailable","25 - 34 years","M","","N","unavailable","unavailable",3
202406,"unavailable","MEL","WLG","P","A","AU","unavailable","unavailable","45 - 54 years","F","","N","unavailable","unavailable",3
202406,"unavailable","DXB","AKL","P","A","AE","unavailable","unavailable","25 - 34 years","F","","N","unavailable","unavailable",3
202406,"unavailable","HKG","AKL","P","A","TH","unavailable","unavailable","12 - 18 years","F","","N","unavailable","unavailable",3
202406,"unavailable","DOH","AKL","P","A","PK","unavailable","unavailable","35 - 44 years","F","","N","unavailable","unavailable",3
202406,"unavailable","MEL","ZQN","P","A","MY","unavailable","unavailable","12 - 18 years","F","","N","unavailable","unavailable",3
202406,"unavailable","SEL","AKL","P","A","KR","unavailable","unavailable","Less than 1 year","M","","N","unavailable","unavailable",3
202406,"unavailable","MEL","CHC","P","A","AU","unavailable","unavailable","19 - 24 years","F","","N","unavailable","unavailable",3
202406,"unavailable","DOH","AKL","P","A","SE","unavailable","unavailable","19 - 24 years","F","","N","unavailable","unavailable",3
202406,"unavailable","MEL","AKL","P","A","CA","unavailable","unavailable","35 - 44 years","F","","N","unavailable","unavailable",3
202406,"unavailable","KUL","AKL","P","A","PH","unavailable","unavailable","35 - 44 years","M","","N","unavailable","unavailable",3
202406,"unavailable","KUL","AKL","P","A","PH","unavailable","unavailable","19 - 24 years","F","","N","unavailable","unavailable",3
202406,"unavailable","SYD","CHC","P","A","ZA","unavailable","unavailable","35 - 44 years","F","","N","unavailable","unavailable",3
202406,"unavailable","KUL","AKL","P","A","KW","unavailable","unavailable","35 - 44 years","F","","N","unavailable","unavailable",3
202406,"unavailable","SYD","AKL","P","A","LK","unavailable","unavailable","35 - 44 years","M","","N","unavailable","unavailable",3
202406,"unavailable","SYD","AKL","P","A","XX","unavailable","unavailable","25 - 34 years","M","","N","unavailable","unavailable",3
202406,"unavailable","SYD","AKL","P","A","FR","unavailable","unavailable","25 - 34 years","F","","N","unavailable","unavailable",3
202406,"unavailable","XXA","AKL","P","A","DE","unavailable","unavailable","19 - 24 years","M","","N","unavailable","unavailable",3
202406,"unavailable","RAR","AKL","P","A","CK","unavailable","unavailable","12 - 18 years","M","","N","unavailable","unavailable",3
202406,"unavailable","DXB","AKL","P","A","PK","unavailable","unavailable","19 - 24 years","F","","N","unavailable","unavailable",3
202406,"unavailable","SIN","AKL","P","A","BD","unavailable","unavailable","12 - 18 years","M","","N","unavailable","unavailable",3
202406,"unavailable","DXB","AKL","P","A","IE","unavailable","unavailable","19 - 24 years","M","","N","unavailable","unavailable",3
202406,"unavailable","MEL","WLG","P","A","PH","unavailable","unavailable","35 - 44 years","F","","N","unavailable","unavailable",3
202406,"unavailable","MEL","CHC","P","A","SA","unavailable","unavailable","35 - 44 years","F","","N","unavailable","unavailable",3
202406,"unavailable","SYD","AKL","P","A","VN","unavailable","unavailable","35 - 44 years","M","","N","unavailable","unavailable",3
202406,"unavailable","MEL","AKL","P","A","AU","unavailable","unavailable","65 - 74 years","M","","N","unavailable","unavailable",3
202406,"unavailable","DXB","AKL","P","A","IR","unavailable","unavailable","01 - 11 years","F","","N","unavailable","unavailable",3
202406,"unavailable","MEL","WLG","P","A","PH","unavailable","unavailable","12 - 18 years","F","","N","unavailable","unavailable",3
202406,"unavailable","SCL","AKL","P","A","XX","unavailable","unavailable","25 - 34 years","F","","N","unavailable","unavailable",3
202406,"unavailable","SYD","AKL","P","A","XX","unavailable","unavailable","55 - 64 years","M","","N","unavailable","unavailable",3
202406,"unavailable","SYD","CHC","P","A","PH","unavailable","unavailable","19 - 24 years","M","","N","unavailable","unavailable",3
202406,"unavailable","SCL","AKL","P","A","AR","unavailable","unavailable","25 - 34 years","M","","N","unavailable","unavailable",3
202406,"unavailable","SYD","WLG","P","A","PH","unavailable","unavailable","19 - 24 years","M","","N","unavailable","unavailable",3
202406,"unavailable","MEL","AKL","P","A","LB","unavailable","unavailable","25 - 34 years","F","","N","unavailable","unavailable",3
202406,"unavailable","SHA","AKL","P","A","RU","unavailable","unavailable","25 - 34 years","M","","N","unavailable","unavailable",3
202406,"unavailable","XXA","AKL","P","A","TH","unavailable","unavailable","01 - 11 years","M","","N","unavailable","unavailable",3
202406,"unavailable","SYD","WLG","P","A","JP","unavailable","unavailable","19 - 24 years","M","","N","unavailable","unavailable",3
202406,"unavailable","OOL","AKL","P","A","FJ","unavailable","unavailable","25 - 34 years","F","","N","unavailable","unavailable",3
202406,"unavailable","MEL","WLG","P","A","AU","unavailable","unavailable","01 - 11 years","F","","N","unavailable","unavailable",3
202406,"unavailable","SIN","AKL","P","A","MM","unavailable","unavailable","01 - 11 years","M","","N","unavailable","unavailable",3
202406,"unavailable","LAX","AKL","P","A","GB","unavailable","unavailable","01 - 11 years","M","","N","unavailable","unavailable",3
202406,"unavailable","KUL","AKL","P","A","MY","unavailable","unavailable","12 - 18 years","M","","N","unavailable","unavailable",3
202406,"unavailable","CNS","AKL","P","A","AU","unavailable","unavailable","35 - 44 years","M","","N","unavailable","unavailable",3
202406,"unavailable","NRT","AKL","P","A","JP","unavailable","unavailable","35 - 44 years","F","","N","unavailable","unavailable",3
202406,"unavailable","SYD","AKL","P","A","JP","unavailable","unavailable","25 - 34 years","F","","N","unavailable","unavailable",3
202406,"unavailable","DOH","AKL","P","A","JO","unavailable","unavailable","19 - 24 years","M","","N","unavailable","unavailable",3
202406,"unavailable","BNE","CHC","P","A","AU","unavailable","unavailable","75+","M","","N","unavailable","unavailable",3
202406,"unavailable","CAN","AKL","P","A","CA","unavailable","unavailable","01 - 11 years","F","","N","unavailable","unavailable",3
202406,"unavailable","KUL","AKL","P","A","MY","unavailable","unavailable","65 - 74 years","F","","N","unavailable","unavailable",3
202406,"unavailable","MEL","CHC","P","A","AU","unavailable","unavailable","01 - 11 years","M","","N","unavailable","unavailable",3
202406,"unavailable","SYD","CHC","P","A","CN","unavailable","unavailable","12 - 18 years","M","","N","unavailable","unavailable",3
202406,"unavailable","DOH","AKL","P","A","QA","unavailable","unavailable","12 - 18 years","M","","N","unavailable","unavailable",3
202406,"unavailable","SHA","AKL","P","A","US","unavailable","unavailable","35 - 44 years","F","","N","unavailable","unavailable",3
202406,"unavailable","SYD","ZQN","P","A","GB","unavailable","unavailable","19 - 24 years","F","","N","unavailable","unavailable",3
202406,"unavailable","KUL","AKL","P","A","SA","unavailable","unavailable","01 - 11 years","M","","N","unavailable","unavailable",3
202406,"unavailable","SYD","ZQN","P","A","TW","unavailable","unavailable","25 - 34 years","F","","N","unavailable","unavailable",3
202406,"unavailable","CAN","AKL","P","A","RU","unavailable","unavailable","35 - 44 years","F","","N","unavailable","unavailable",3
202406,"unavailable","BNE","AKL","P","A","CA","unavailable","unavailable","25 - 34 years","M","","N","unavailable","unavailable",3
202406,"unavailable","SYD","CHC","P","A","FR","unavailable","unavailable","35 - 44 years","F","","N","unavailable","unavailable",3
202406,"unavailable","SIN","AKL","P","A","TC","unavailable","unavailable","01 - 11 years","M","","N","unavailable","unavailable",3
202406,"unavailable","SIN","AKL","P","A","SE","unavailable","unavailable","35 - 44 years","F","","N","unavailable","unavailable",3
202406,"unavailable","BNE","AKL","P","A","KR","unavailable","unavailable","35 - 44 years","M","","N","unavailable","unavailable",3
202406,"unavailable","BNE","AKL","P","A","XX","unavailable","unavailable","25 - 34 years","F","","N","unavailable","unavailable",3
202406,"unavailable","SYD","AKL","P","A","GB","unavailable","unavailable","25 - 34 years","M","","N","unavailable","unavailable",3
202406,"unavailable","SYD","AKL","P","A","ZA","unavailable","unavailable","55 - 64 years","F","","N","unavailable","unavailable",3
202406,"unavailable","SIN","AKL","P","A","IN","unavailable","unavailable","Less than 1 year","F","","N","unavailable","unavailable",3
202406,"unavailable","CAN","AKL","P","A","JP","unavailable","unavailable","25 - 34 years","F","","N","unavailable","unavailable",3
202406,"unavailable","SIN","CHC","P","A","XX","unavailable","unavailable","35 - 44 years","M","","N","unavailable","unavailable",3
202406,"unavailable","DXB","AKL","P","A","DE","unavailable","unavailable","12 - 18 years","F","","N","unavailable","unavailable",3
202406,"unavailable","SIN","CHC","P","A","IT","unavailable","unavailable","01 - 11 years","F","","N","unavailable","unavailable",3
202406,"unavailable","SYD","ZQN","P","A","SG","unavailable","unavailable","25 - 34 years","M","","N","unavailable","unavailable",3
202406,"unavailable","DXB","AKL","P","A","GB","unavailable","unavailable","35 - 44 years","F","","N","unavailable","unavailable",3
202406,"unavailable","DXB","AKL","P","A","ES","unavailable","unavailable","25 - 34 years","F","","N","unavailable","unavailable",3
202406,"unavailable","SYD","WLG","P","A","AU","unavailable","unavailable","19 - 24 years","M","","N","unavailable","unavailable",3
202406,"unavailable","PER","AKL","P","A","AU","unavailable","unavailable","35 - 44 years","M","","N","unavailable","unavailable",3
202406,"unavailable","BNE","AKL","P","A","XX","unavailable","unavailable","55 - 64 years","F","","N","unavailable","unavailable",3
202406,"unavailable","SHA","AKL","P","A","GB","unavailable","unavailable","35 - 44 years","F","","N","unavailable","unavailable",3
202406,"unavailable","NRT","AKL","P","A","DE","unavailable","unavailable","55 - 64 years","M","","N","unavailable","unavailable",3
202406,"unavailable","OOL","AKL","P","A","FR","unavailable","unavailable","25 - 34 years","F","","N","unavailable","unavailable",3
202406,"unavailable","DPS","AKL","P","A","ID","unavailable","unavailable","12 - 18 years","F","","N","unavailable","unavailable",3
202406,"unavailable","CAN","AKL","P","A","IN","unavailable","unavailable","25 - 34 years","F","","N","unavailable","unavailable",3
202406,"unavailable","DXB","AKL","P","A","IN","unavailable","unavailable","01 - 11 years","M","","N","unavailable","unavailable",3
202406,"unavailable","CAN","AKL","P","A","LA","unavailable","unavailable","25 - 34 years","F","","N","unavailable","unavailable",3
202406,"unavailable","NAN","AKL","P","A","WS","unavailable","unavailable","45 - 54 years","F","","N","unavailable","unavailable",3
202406,"unavailable","JFK","AKL","P","A","US","unavailable","unavailable","25 - 34 years","F","","N","unavailable","unavailable",3
202406,"unavailable","HKG","AKL","P","A","PH","unavailable","unavailable","55 - 64 years","M","","N","unavailable","unavailable",3
202406,"unavailable","MEL","WLG","P","A","AU","unavailable","unavailable","25 - 34 years","F","","N","unavailable","unavailable",3
202406,"unavailable","DXB","AKL","P","A","JO","unavailable","unavailable","25 - 34 years","F","","N","unavailable","unavailable",3
202406,"unavailable","DXB","AKL","P","A","IN","unavailable","unavailable","19 - 24 years","F","","N","unavailable","unavailable",3
202406,"unavailable","SCL","AKL","P","A","UY","unavailable","unavailable","19 - 24 years","F","","N","unavailable","unavailable",3
202406,"unavailable","CAN","AKL","P","A","NP","unavailable","unavailable","12 - 18 years","F","","N","unavailable","unavailable",3
202406,"unavailable","NAN","AKL","P","A","LB","unavailable","unavailable","45 - 54 years","F","","N","unavailable","unavailable",3
202406,"unavailable","KUL","AKL","P","A","PH","unavailable","unavailable","45 - 54 years","F","","N","unavailable","unavailable",3
202406,"unavailable","YVR","AKL","P","A","AE","unavailable","unavailable","19 - 24 years","M","","N","unavailable","unavailable",3
202406,"unavailable","SIN","AKL","P","A","JP","unavailable","unavailable","25 - 34 years","F","","N","unavailable","unavailable",3
202406,"unavailable","HKG","AKL","P","A","ZW","unavailable","unavailable","12 - 18 years","F","","N","unavailable","unavailable",3
202406,"unavailable","CAN","AKL","P","A","KH","unavailable","unavailable","25 - 34 years","M","","N","unavailable","unavailable",3
202406,"unavailable","SYD","AKL","P","A","KR","unavailable","unavailable","25 - 34 years","F","","N","unavailable","unavailable",3
202406,"unavailable","NAN","AKL","P","A","XX","unavailable","unavailable","12 - 18 years","M","","N","unavailable","unavailable",3
202406,"unavailable","SYD","AKL","P","A","XX","unavailable","unavailable","19 - 24 years","F","","N","unavailable","unavailable",3
202406,"unavailable","MEL","ZQN","P","A","GB","unavailable","unavailable","19 - 24 years","M","","N","unavailable","unavailable",3
202406,"unavailable","BNE","WLG","P","A","AU","unavailable","unavailable","19 - 24 years","F","","N","unavailable","unavailable",3
202406,"unavailable","KUL","AKL","P","A","NP","unavailable","unavailable","01 - 11 years","F","","N","unavailable","unavailable",3
202406,"unavailable","DOH","AKL","P","A","IE","unavailable","unavailable","25 - 34 years","M","","N","unavailable","unavailable",3
202406,"unavailable","SIN","CHC","P","A","MY","unavailable","unavailable","19 - 24 years","F","","N","unavailable","unavailable",3
202406,"unavailable","SYD","WLG","P","A","XX","unavailable","unavailable","25 - 34 years","M","","N","unavailable","unavailable",3
202406,"unavailable","MEL","CHC","P","A","ID","unavailable","unavailable","25 - 34 years","M","","N","unavailable","unavailable",3
202406,"unavailable","DXB","AKL","P","A","FJ","unavailable","unavailable","12 - 18 years","F","","N","unavailable","unavailable",3
202406,"unavailable","CAN","AKL","P","A","VN","unavailable","unavailable","55 - 64 years","M","","N","unavailable","unavailable",3
202406,"unavailable","KUL","AKL","P","A","PH","unavailable","unavailable","19 - 24 years","M","","N","unavailable","unavailable",3
202406,"unavailable","SYD","AKL","P","A","XX","unavailable","unavailable","19 - 24 years","M","","N","unavailable","unavailable",3
202406,"unavailable","NAN","WLG","P","A","FJ","unavailable","unavailable","01 - 11 years","F","","N","unavailable","unavailable",3
202406,"unavailable","NOU","AKL","P","A","NC","unavailable","unavailable","25 - 34 years","M","","N","unavailable","unavailable",3
202406,"unavailable","SFO","AKL","P","A","US","unavailable","unavailable","19 - 24 years","M","","N","unavailable","unavailable",3
202406,"unavailable","SYD","AKL","P","A","GB","unavailable","unavailable","19 - 24 years","M","","N","unavailable","unavailable",3
202406,"unavailable","SIN","CHC","P","A","IN","unavailable","unavailable","45 - 54 years","M","","N","unavailable","unavailable",3
202406,"unavailable","SIN","AKL","P","A","PH","unavailable","unavailable","55 - 64 years","M","","N","unavailable","unavailable",3
202406,"unavailable","SYD","WLG","P","A","SG","unavailable","unavailable","35 - 44 years","F","","N","unavailable","unavailable",3
202406,"unavailable","HKG","AKL","P","A","GB","unavailable","unavailable","55 - 64 years","M","","N","unavailable","unavailable",3
202406,"unavailable","SYD","CHC","P","A","XX","unavailable","unavailable","35 - 44 years","M","","N","unavailable","unavailable",3
202406,"unavailable","DOH","AKL","P","A","QA","unavailable","unavailable","25 - 34 years","M","","N","unavailable","unavailable",3
202406,"unavailable","MEL","WLG","P","A","SO","unavailable","unavailable","01 - 11 years","M","","N","unavailable","unavailable",3
202406,"unavailable","SFO","AKL","P","A","US","unavailable","unavailable","25 - 34 years","M","","N","unavailable","unavailable",3
202406,"unavailable","SYD","AKL","P","A","TH","unavailable","unavailable","01 - 11 years","M","","N","unavailable","unavailable",3
202406,"unavailable","HKG","AKL","P","A","CZ","unavailable","unavailable","25 - 34 years","M","","N","unavailable","unavailable",3
202406,"unavailable","SIN","AKL","P","A","AE","unavailable","unavailable","01 - 11 years","M","","N","unavailable","unavailable",3
202406,"unavailable","SIN","AKL","P","A","LT","unavailable","unavailable","25 - 34 years","M","","N","unavailable","unavailable",3
202406,"unavailable","DXB","AKL","P","A","ZA","unavailable","unavailable","12 - 18 years","M","","N","unavailable","unavailable",3
202406,"unavailable","SIN","AKL","P","A","MV","unavailable","unavailable","35 - 44 years","M","","N","unavailable","unavailable",3
202406,"unavailable","CAN","AKL","P","A","PK","unavailable","unavailable","01 - 11 years","M","","N","unavailable","unavailable",3
202406,"unavailable","HKG","AKL","P","A","XX","unavailable","unavailable","25 - 34 years","F","","N","unavailable","unavailable",3
202406,"unavailable","SFO","AKL","P","A","XX","unavailable","unavailable","Less than 1 year","M","","N","unavailable","unavailable",3
202406,"unavailable","SIN","CHC","P","A","VN","unavailable","unavailable","12 - 18 years","M","","N","unavailable","unavailable",3
202406,"unavailable","DOH","AKL","P","A","QA","unavailable","unavailable","35 - 44 years","F","","N","unavailable","unavailable",3
202406,"unavailable","KUL","AKL","P","A","MY","unavailable","unavailable","12 - 18 years","F","","N","unavailable","unavailable",3
202406,"unavailable","SIN","CHC","P","A","DE","unavailable","unavailable","25 - 34 years","F","","N","unavailable","unavailable",3
202406,"unavailable","SYD","WLG","P","A","TH","unavailable","unavailable","35 - 44 years","F","","N","unavailable","unavailable",3
202406,"unavailable","HKG","AKL","P","A","XX","unavailable","unavailable","19 - 24 years","M","","N","unavailable","unavailable",3
202406,"unavailable","KUL","AKL","P","A","MY","unavailable","unavailable","01 - 11 years","F","","N","unavailable","unavailable",3
202406,"unavailable","MEL","CHC","P","A","JP","unavailable","unavailable","25 - 34 years","F","","N","unavailable","unavailable",3
202406,"unavailable","YVR","AKL","P","A","CA","unavailable","unavailable","19 - 24 years","M","","N","unavailable","unavailable",3
202406,"unavailable","CAN","AKL","P","A","BD","unavailable","unavailable","25 - 34 years","M","","N","unavailable","unavailable",3
202406,"unavailable","SHA","AKL","P","A","TH","unavailable","unavailable","25 - 34 years","M","","N","unavailable","unavailable",3
202406,"unavailable","MEL","AKL","P","A","IE","unavailable","unavailable","25 - 34 years","M","","N","unavailable","unavailable",3
202406,"unavailable","PEK","AKL","P","A","US","unavailable","unavailable","25 - 34 years","M","","N","unavailable","unavailable",3
202406,"unavailable","SYD","WLG","P","A","AU","unavailable","unavailable","25 - 34 years","M","","N","unavailable","unavailable",3
202406,"unavailable","KUL","AKL","P","A","XX","unavailable","unavailable","55 - 64 years","M","","N","unavailable","unavailable",3
202406,"unavailable","MEL","WLG","P","A","GB","unavailable","unavailable","25 - 34 years","M","","N","unavailable","unavailable",3
202406,"unavailable","SIN","AKL","P","A","XX","unavailable","unavailable","12 - 18 years","M","","N","unavailable","unavailable",3
202406,"unavailable","HKG","AKL","P","A","JP","unavailable","unavailable","19 - 24 years","F","","N","unavailable","unavailable",3
202406,"unavailable","SIN","AKL","P","A","NL","unavailable","unavailable","01 - 11 years","F","","N","unavailable","unavailable",3
202406,"unavailable","IAH","AKL","P","A","XX","unavailable","unavailable","25 - 34 years","M","","N","unavailable","unavailable",3
202406,"unavailable","SHA","AKL","P","A","HK","unavailable","unavailable","19 - 24 years","F","","N","unavailable","unavailable",3
202406,"unavailable","SYD","AKL","P","A","XX","unavailable","unavailable","65 - 74 years","F","","N","unavailable","unavailable",3
202406,"unavailable","KUL","AKL","P","A","AE","unavailable","unavailable","25 - 34 years","M","","N","unavailable","unavailable",3
202406,"unavailable","SYD","WLG","P","A","IN","unavailable","unavailable","01 - 11 years","M","","N","unavailable","unavailable",3
202406,"unavailable","SYD","AKL","P","A","AU","unavailable","unavailable","55 - 64 years","M","","N","unavailable","unavailable",3
202406,"unavailable","SHA","AKL","P","A","KR","unavailable","unavailable","35 - 44 years","F","","N","unavailable","unavailable",3
202406,"unavailable","SIN","CHC","P","A","FR","unavailable","unavailable","25 - 34 years","M","","N","unavailable","unavailable",3
202406,"unavailable","SIN","CHC","P","A","SG","unavailable","unavailable","01 - 11 years","F","","N","unavailable","unavailable",3
202406,"unavailable","LAX","AKL","P","A","US","unavailable","unavailable","12 - 18 years","F","","N","unavailable","unavailable",3
202406,"unavailable","MEL","CHC","P","A","GB","unavailable","unavailable","12 - 18 years","F","","N","unavailable","unavailable",3
202406,"unavailable","SIN","CHC","P","A","CN","unavailable","unavailable","25 - 34 years","F","","N","unavailable","unavailable",3
202406,"unavailable","APW","AKL","P","A","XX","unavailable","unavailable","01 - 11 years","F","","N","unavailable","unavailable",3
202406,"unavailable","SHA","AKL","P","A","HK","unavailable","unavailable","25 - 34 years","F","","N","unavailable","unavailable",3
202406,"unavailable","XXA","AKL","P","A","GB","unavailable","unavailable","25 - 34 years","M","","N","unavailable","unavailable",3
202406,"unavailable","MEL","CHC","P","A","PH","unavailable","unavailable","12 - 18 years","F","","N","unavailable","unavailable",3
202406,"unavailable","XXA","AKL","P","A","RU","unavailable","unavailable","25 - 34 years","M","","N","unavailable","unavailable",3
202406,"unavailable","SIN","AKL","P","A","NP","unavailable","unavailable","19 - 24 years","F","","N","unavailable","unavailable",3
202406,"unavailable","MEL","CHC","P","A","AU","unavailable","unavailable","35 - 44 years","M","","N","unavailable","unavailable",3
202406,"unavailable","BNE","ZQN","P","A","AU","unavailable","unavailable","65 - 74 years","M","","N","unavailable","unavailable",3
202406,"unavailable","DXB","AKL","P","A","LK","unavailable","unavailable","25 - 34 years","F","","N","unavailable","unavailable",3
202406,"unavailable","MEL","CHC","P","A","NL","unavailable","unavailable","01 - 11 years","M","","N","unavailable","unavailable",3
202406,"unavailable","IAH","AKL","P","A","US","unavailable","unavailable","19 - 24 years","M","","N","unavailable","unavailable",3
202406,"unavailable","SIN","AKL","P","A","MM","unavailable","unavailable","19 - 24 years","F","","N","unavailable","unavailable",3
202406,"unavailable","SHA","AKL","P","A","KR","unavailable","unavailable","65 - 74 years","M","","N","unavailable","unavailable",3
202406,"unavailable","PPT","AKL","P","A","CR","unavailable","unavailable","25 - 34 years","F","","N","unavailable","unavailable",3
202406,"unavailable","BNE","AKL","P","A","PH","unavailable","unavailable","35 - 44 years","M","","N","unavailable","unavailable",3
202406,"unavailable","SYD","AKL","P","A","FR","unavailable","unavailable","19 - 24 years","M","","N","unavailable","unavailable",3
202406,"unavailable","SIN","AKL","P","A","GB","unavailable","unavailable","45 - 54 years","F","","N","unavailable","unavailable",3
202406,"unavailable","SYD","ZQN","P","A","IE","unavailable","unavailable","25 - 34 years","M","","N","unavailable","unavailable",3
202406,"unavailable","SYD","AKL","P","A","JP","unavailable","unavailable","19 - 24 years","M","","N","unavailable","unavailable",3
202406,"unavailable","HKG","AKL","P","A","PH","unavailable","unavailable","65 - 74 years","M","","N","unavailable","unavailable",3
202406,"unavailable","SIN","AKL","P","A","RU","unavailable","unavailable","35 - 44 years","M","","N","unavailable","unavailable",3
202406,"unavailable","SYD","CHC","P","A","IN","unavailable","unavailable","01 - 11 years","F","","N","unavailable","unavailable",3
202406,"unavailable","HKG","AKL","P","A","SA","unavailable","unavailable","35 - 44 years","M","","N","unavailable","unavailable",3
202406,"unavailable","HKG","AKL","P","A","ZA","unavailable","unavailable","19 - 24 years","F","","N","unavailable","unavailable",3
202406,"unavailable","SYD","WLG","P","A","ZA","unavailable","unavailable","25 - 34 years","M","","N","unavailable","unavailable",3
202406,"unavailable","DXB","AKL","P","A","DE","unavailable","unavailable","19 - 24 years","M","","N","unavailable","unavailable",3
202406,"unavailable","MEL","CHC","P","A","LK","unavailable","unavailable","01 - 11 years","M","","N","unavailable","unavailable",3
202406,"unavailable","MEL","CHC","P","A","IE","unavailable","unavailable","25 - 34 years","M","","N","unavailable","unavailable",3
202406,"unavailable","CAN","AKL","P","A","KH","unavailable","unavailable","12 - 18 years","M","","N","unavailable","unavailable",3
202406,"unavailable","SYD","WLG","P","A","AU","unavailable","unavailable","12 - 18 years","F","","N","unavailable","unavailable",3
202406,"unavailable","HKG","AKL","P","A","CN","unavailable","unavailable","01 - 11 years","M","","N","unavailable","unavailable",3
202406,"unavailable","SYD","CHC","P","A","AU","unavailable","unavailable","55 - 64 years","F","","N","unavailable","unavailable",3
202406,"unavailable","HKG","AKL","P","A","DE","unavailable","unavailable","19 - 24 years","F","","N","unavailable","unavailable",3
202406,"unavailable","SIN","AKL","P","A","KH","unavailable","unavailable","35 - 44 years","F","","N","unavailable","unavailable",3
202406,"unavailable","OOL","AKL","P","A","AU","unavailable","unavailable","65 - 74 years","F","","N","unavailable","unavailable",3
202406,"unavailable","BNE","ZQN","P","A","AU","unavailable","unavailable","19 - 24 years","F","","N","unavailable","unavailable",3
202406,"unavailable","KUL","AKL","P","A","MY","unavailable","unavailable","25 - 34 years","F","","N","unavailable","unavailable",3
202406,"unavailable","SYD","ZQN","P","A","AU","unavailable","unavailable","19 - 24 years","F","","N","unavailable","unavailable",3
202406,"unavailable","SYD","WLG","P","A","PH","unavailable","unavailable","35 - 44 years","M","","N","unavailable","unavailable",3
202406,"unavailable","SIN","AKL","P","A","BT","unavailable","unavailable","25 - 34 years","F","","N","unavailable","unavailable",3
202406,"unavailable","CAN","AKL","P","A","JP","unavailable","unavailable","12 - 18 years","F","","N","unavailable","unavailable",3
202406,"unavailable","SYD","ZQN","P","A","GB","unavailable","unavailable","25 - 34 years","F","","N","unavailable","unavailable",3
202406,"unavailable","APW","AKL","P","A","WS","unavailable","unavailable","55 - 64 years","M","","N","unavailable","unavailable",3
202406,"unavailable","SCL","AKL","P","A","CL","unavailable","unavailable","01 - 11 years","F","","N","unavailable","unavailable",3
202406,"unavailable","DPS","AKL","P","A","AE","unavailable","unavailable","35 - 44 years","M","","N","unavailable","unavailable",3
202406,"unavailable","BNE","ZQN","P","A","DE","unavailable","unavailable","19 - 24 years","M","","N","unavailable","unavailable",3
202406,"unavailable","SYD","CHC","P","A","XX","unavailable","unavailable","12 - 18 years","F","","N","unavailable","unavailable",3
202406,"unavailable","SIN","AKL","P","A","GB","unavailable","unavailable","19 - 24 years","F","","N","unavailable","unavailable",3
202406,"unavailable","SIN","AKL","P","A","TW","unavailable","unavailable","35 - 44 years","M","","N","unavailable","unavailable",3
202406,"unavailable","SZX","AKL","P","A","CN","unavailable","unavailable","45 - 54 years","F","","N","unavailable","unavailable",3
202406,"unavailable","MEL","CHC","P","A","IT","unavailable","unavailable","25 - 34 years","M","","N","unavailable","unavailable",3
202406,"unavailable","DXB","AKL","P","A","ZA","unavailable","unavailable","Less than 1 year","M","","N","unavailable","unavailable",3
202406,"unavailable","SCL","AKL","P","A","CL","unavailable","unavailable","19 - 24 years","M","","N","unavailable","unavailable",3
202406,"unavailable","MEL","WLG","P","A","AU","unavailable","unavailable","65 - 74 years","M","","N","unavailable","unavailable",3
202406,"unavailable","SHA","AKL","P","A","GB","unavailable","unavailable","19 - 24 years","M","","N","unavailable","unavailable",3
202406,"unavailable","CAN","AKL","P","A","PH","unavailable","unavailable","35 - 44 years","M","","N","unavailable","unavailable",3
202406,"unavailable","BNE","CHC","P","A","PG","unavailable","unavailable","01 - 11 years","F","","N","unavailable","unavailable",3
202406,"unavailable","SYD","AKL","P","A","IN","unavailable","unavailable","01 - 11 years","F","","N","unavailable","unavailable",3
202406,"unavailable","BNE","AKL","P","A","CZ","unavailable","unavailable","25 - 34 years","M","","N","unavailable","unavailable",3
202406,"unavailable","SYD","WLG","P","A","CN","unavailable","unavailable","25 - 34 years","F","","N","unavailable","unavailable",3
202406,"unavailable","CAN","AKL","P","A","KH","unavailable","unavailable","35 - 44 years","F","","N","unavailable","unavailable",3
202406,"unavailable","SIN","AKL","P","A","IN","unavailable","unavailable","45 - 54 years","F","","N","unavailable","unavailable",3
202406,"unavailable","MEL","CHC","P","A","XX","unavailable","unavailable","25 - 34 years","F","","N","unavailable","unavailable",3
202406,"unavailable","RAR","AKL","P","A","CK","unavailable","unavailable","55 - 64 years","F","","N","unavailable","unavailable",3
202406,"unavailable","DOH","AKL","P","A","IN","unavailable","unavailable","35 - 44 years","F","","N","unavailable","unavailable",3
202406,"unavailable","KUL","AKL","P","A","PH","unavailable","unavailable","12 - 18 years","F","","N","unavailable","unavailable",3
202406,"unavailable","APW","AKL","P","A","WS","unavailable","unavailable","35 - 44 years","F","","N","unavailable","unavailable",3
202406,"unavailable","KUL","AKL","P","A","PH","unavailable","unavailable","01 - 11 years","F","","N","unavailable","unavailable",3
202406,"unavailable","PER","AKL","P","A","AU","unavailable","unavailable","12 - 18 years","M","","N","unavailable","unavailable",3
202406,"unavailable","NAN","AKL","P","A","KI","unavailable","unavailable","25 - 34 years","F","","N","unavailable","unavailable",3
202406,"unavailable","SZX","AKL","P","A","CN","unavailable","unavailable","65 - 74 years","F","","N","unavailable","unavailable",3
202406,"unavailable","IAH","AKL","P","A","US","unavailable","unavailable","01 - 11 years","F","","N","unavailable","unavailable",3
202406,"unavailable","MEL","AKL","P","A","AU","unavailable","unavailable","35 - 44 years","F","","N","unavailable","unavailable",3
202406,"unavailable","NAN","WLG","P","A","FJ","unavailable","unavailable","19 - 24 years","F","","N","unavailable","unavailable",3
202406,"unavailable","SZX","AKL","P","A","XX","unavailable","unavailable","19 - 24 years","F","","N","unavailable","unavailable",3
202406,"unavailable","SYD","AKL","P","A","XX","unavailable","unavailable","65 - 74 years","M","","N","unavailable","unavailable",3
202406,"unavailable","SHA","AKL","P","A","RU","unavailable","unavailable","01 - 11 years","F","","N","unavailable","unavailable",3
202406,"unavailable","PER","AKL","P","A","AU","unavailable","unavailable","65 - 74 years","F","","N","unavailable","unavailable",3
202406,"unavailable","SIN","AKL","P","A","BD","unavailable","unavailable","19 - 24 years","F","","N","unavailable","unavailable",3
202406,"unavailable","MEL","ZQN","P","A","CA","unavailable","unavailable","25 - 34 years","F","","N","unavailable","unavailable",3
202406,"unavailable","DOH","AKL","P","A","IR","unavailable","unavailable","25 - 34 years","M","","N","unavailable","unavailable",3
202406,"unavailable","BNE","WLG","P","A","CA","unavailable","unavailable","19 - 24 years","F","","N","unavailable","unavailable",3
202406,"unavailable","BNE","CHC","P","A","PG","unavailable","unavailable","01 - 11 years","M","","N","unavailable","unavailable",3
202406,"unavailable","LAX","AKL","P","A","XX","unavailable","unavailable","35 - 44 years","M","","N","unavailable","unavailable",3
202406,"unavailable","IAH","AKL","P","A","MX","unavailable","unavailable","35 - 44 years","M","","N","unavailable","unavailable",3
202406,"unavailable","MEL","AKL","P","A","PH","unavailable","unavailable","12 - 18 years","F","","N","unavailable","unavailable",3
202406,"unavailable","SEL","AKL","P","A","KR","unavailable","unavailable","35 - 44 years","M","","N","unavailable","unavailable",3
202406,"unavailable","SIN","CHC","P","A","XX","unavailable","unavailable","25 - 34 years","F","","N","unavailable","unavailable",3
202406,"unavailable","SIN","AKL","P","A","NP","unavailable","unavailable","01 - 11 years","F","","N","unavailable","unavailable",3
202406,"unavailable","SYD","AKL","P","A","VN","unavailable","unavailable","25 - 34 years","M","","N","unavailable","unavailable",3
202406,"unavailable","XXA","AKL","P","A","HK","unavailable","unavailable","01 - 11 years","F","","N","unavailable","unavailable",3
202406,"unavailable","SHA","AKL","P","A","VN","unavailable","unavailable","35 - 44 years","F","","N","unavailable","unavailable",3
202406,"unavailable","IAH","AKL","P","A","MX","unavailable","unavailable","01 - 11 years","M","","N","unavailable","unavailable",3
202406,"unavailable","BNE","WLG","P","A","XX","unavailable","unavailable","35 - 44 years","F","","N","unavailable","unavailable",3
202406,"unavailable","MEL","CHC","P","A","PH","unavailable","unavailable","25 - 34 years","F","","N","unavailable","unavailable",3
202406,"unavailable","SYD","CHC","P","A","IN","unavailable","unavailable","25 - 34 years","F","","N","unavailable","unavailable",3
202406,"unavailable","BNE","AKL","P","A","XX","unavailable","unavailable","35 - 44 years","M","","N","unavailable","unavailable",3
202406,"unavailable","HKG","AKL","P","A","RU","unavailable","unavailable","01 - 11 years","F","","N","unavailable","unavailable",3
202406,"unavailable","SYD","ZQN","P","A","CA","unavailable","unavailable","25 - 34 years","M","","N","unavailable","unavailable",3
202406,"unavailable","NAN","WLG","P","A","XX","unavailable","unavailable","12 - 18 years","M","","N","unavailable","unavailable",3
202406,"unavailable","KUL","AKL","P","A","GB","unavailable","unavailable","01 - 11 years","F","","N","unavailable","unavailable",3
202406,"unavailable","IAH","AKL","P","A","CA","unavailable","unavailable","01 - 11 years","F","","N","unavailable","unavailable",3
202406,"unavailable","MEL","AKL","P","A","GB","unavailable","unavailable","25 - 34 years","M","","N","unavailable","unavailable",3
202406,"unavailable","SIN","AKL","P","A","MY","unavailable","unavailable","19 - 24 years","M","","N","unavailable","unavailable",3
202406,"unavailable","DOH","AKL","P","A","EE","unavailable","unavailable","35 - 44 years","M","","N","unavailable","unavailable",3
202406,"unavailable","SIN","AKL","P","A","TH","unavailable","unavailable","12 - 18 years","F","","N","unavailable","unavailable",3
202406,"unavailable","SYD","WLG","P","A","SG","unavailable","unavailable","25 - 34 years","F","","N","unavailable","unavailable",3
202406,"unavailable","DOH","AKL","P","A","AE","unavailable","unavailable","35 - 44 years","F","","N","unavailable","unavailable",3
202406,"unavailable","SYD","WLG","P","A","XX","unavailable","unavailable","25 - 34 years","F","","N","unavailable","unavailable",3
202406,"unavailable","DOH","AKL","P","A","TR","unavailable","unavailable","65 - 74 years","F","","N","unavailable","unavailable",3
202406,"unavailable","SYD","AKL","P","A","LK","unavailable","unavailable","25 - 34 years","M","","N","unavailable","unavailable",3
202406,"unavailable","DOH","AKL","P","A","ZA","unavailable","unavailable","45 - 54 years","M","","N","unavailable","unavailable",3
202406,"unavailable","HKG","AKL","P","A","SS","unavailable","unavailable","25 - 34 years","F","","N","unavailable","unavailable",3
202406,"unavailable","TPE","AKL","P","A","TW","unavailable","unavailable","01 - 11 years","M","","N","unavailable","unavailable",3
202406,"unavailable","SYD","AKL","P","A","AU","unavailable","unavailable","45 - 54 years","M","","N","unavailable","unavailable",3
202406,"unavailable","SIN","AKL","P","A","DE","unavailable","unavailable","19 - 24 years","F","","N","unavailable","unavailable",3
202406,"unavailable","SHA","AKL","P","A","FR","unavailable","unavailable","19 - 24 years","M","","N","unavailable","unavailable",3
202406,"unavailable","SYD","CHC","P","A","ZA","unavailable","unavailable","12 - 18 years","F","","N","unavailable","unavailable",3
202406,"unavailable","SIN","AKL","P","A","MM","unavailable","unavailable","01 - 11 years","F","","N","unavailable","unavailable",3
202406,"unavailable","OOL","WLG","P","A","AU","unavailable","unavailable","45 - 54 years","M","","N","unavailable","unavailable",3
202406,"unavailable","MEL","AKL","P","A","JO","unavailable","unavailable","01 - 11 years","F","","N","unavailable","unavailable",3
202406,"unavailable","SIN","AKL","P","A","ID","unavailable","unavailable","25 - 34 years","M","","N","unavailable","unavailable",3
202406,"unavailable","HKG","AKL","P","A","US","unavailable","unavailable","12 - 18 years","M","","N","unavailable","unavailable",3
202406,"unavailable","MEL","WLG","P","A","PH","unavailable","unavailable","01 - 11 years","M","","N","unavailable","unavailable",3
202406,"unavailable","SIN","CHC","P","A","ID","unavailable","unavailable","01 - 11 years","M","","N","unavailable","unavailable",3
202406,"unavailable","SYD","WLG","P","A","TH","unavailable","unavailable","01 - 11 years","M","","N","unavailable","unavailable",3
202406,"unavailable","KUL","AKL","P","A","NP","unavailable","unavailable","25 - 34 years","F","","N","unavailable","unavailable",3
202406,"unavailable","SYD","AKL","P","A","PG","unavailable","unavailable","12 - 18 years","M","","N","unavailable","unavailable",3
202406,"unavailable","CAN","AKL","P","A","NP","unavailable","unavailable","35 - 44 years","M","","N","unavailable","unavailable",3
202406,"unavailable","SYD","AKL","P","A","US","unavailable","unavailable","19 - 24 years","M","","N","unavailable","unavailable",3
202406,"unavailable","MEL","CHC","P","A","PH","unavailable","unavailable","35 - 44 years","F","","N","unavailable","unavailable",3
202406,"unavailable","HKG","AKL","P","A","VN","unavailable","unavailable","25 - 34 years","F","","N","unavailable","unavailable",3
202406,"unavailable","SYD","WLG","P","A","ID","unavailable","unavailable","35 - 44 years","M","","N","unavailable","unavailable",3
202406,"unavailable","SYD","AKL","P","A","ZA","unavailable","unavailable","45 - 54 years","M","","N","unavailable","unavailable",3
202406,"unavailable","YVR","AKL","P","A","CA","unavailable","unavailable","45 - 54 years","F","","N","unavailable","unavailable",3
202406,"unavailable","PPT","AKL","P","A","US","unavailable","unavailable","19 - 24 years","F","","N","unavailable","unavailable",3
202406,"unavailable","KUL","AKL","P","A","JP","unavailable","unavailable","25 - 34 years","M","","N","unavailable","unavailable",3
202406,"unavailable","XXA","AKL","P","A","VN","unavailable","unavailable","35 - 44 years","M","","N","unavailable","unavailable",3
202406,"unavailable","MEL","AKL","P","A","AU","unavailable","unavailable","12 - 18 years","M","","N","unavailable","unavailable",3
202406,"unavailable","BNE","AKL","P","A","AU","unavailable","unavailable","12 - 18 years","M","","N","unavailable","unavailable",3
202406,"unavailable","YVR","AKL","P","A","GB","unavailable","unavailable","25 - 34 years","F","","N","unavailable","unavailable",3
202406,"unavailable","DOH","AKL","P","A","IN","unavailable","unavailable","01 - 11 years","M","","N","unavailable","unavailable",3
202406,"unavailable","XXA","AKL","P","A","VN","unavailable","unavailable","25 - 34 years","M","","N","unavailable","unavailable",3
202406,"unavailable","DOH","AKL","P","A","XX","unavailable","unavailable","12 - 18 years","F","","N","unavailable","unavailable",3
202406,"unavailable","SYD","CHC","P","A","ZA","unavailable","unavailable","45 - 54 years","F","","N","unavailable","unavailable",3
202406,"unavailable","DXB","AKL","P","A","AM","unavailable","unavailable","19 - 24 years","M","","N","unavailable","unavailable",3
202406,"unavailable","SIN","AKL","P","A","JP","unavailable","unavailable","19 - 24 years","F","","N","unavailable","unavailable",3
202406,"unavailable","DXB","AKL","P","A","EG","unavailable","unavailable","35 - 44 years","F","","N","unavailable","unavailable",3
202406,"unavailable","HKG","AKL","P","A","XX","unavailable","unavailable","65 - 74 years","F","","N","unavailable","unavailable",3
202406,"unavailable","DOH","AKL","P","A","NL","unavailable","unavailable","01 - 11 years","F","","N","unavailable","unavailable",3
202406,"unavailable","PEK","AKL","P","A","CN","unavailable","unavailable","55 - 64 years","M","","N","unavailable","unavailable",3
202406,"unavailable","SHA","AKL","P","A","KR","unavailable","unavailable","19 - 24 years","M","","N","unavailable","unavailable",3
202406,"unavailable","ADL","AKL","P","A","AU","unavailable","unavailable","19 - 24 years","M","","N","unavailable","unavailable",3
202406,"unavailable","MEL","AKL","P","A","PH","unavailable","unavailable","45 - 54 years","M","","N","unavailable","unavailable",3
202406,"unavailable","DOH","AKL","P","A","IN","unavailable","unavailable","45 - 54 years","M","","N","unavailable","unavailable",3
202406,"unavailable","XXA","AKL","P","A","BD","unavailable","unavailable","25 - 34 years","M","","N","unavailable","unavailable",3
202406,"unavailable","BNE","WLG","P","A","SE","unavailable","unavailable","01 - 11 years","F","","N","unavailable","unavailable",3
202406,"unavailable","SIN","AKL","P","A","PH","unavailable","unavailable","35 - 44 years","M","","N","unavailable","unavailable",3
202406,"unavailable","SYD","CHC","P","A","ZA","unavailable","unavailable","12 - 18 years","M","","N","unavailable","unavailable",3
202406,"unavailable","MEL","WLG","P","A","SO","unavailable","unavailable","12 - 18 years","F","","N","unavailable","unavailable",3
202406,"unavailable","XXA","AKL","P","A","CZ","unavailable","unavailable","19 - 24 years","F","","N","unavailable","unavailable",3
202406,"unavailable","SYD","AKL","P","A","AE","unavailable","unavailable","45 - 54 years","M","","N","unavailable","unavailable",3
202406,"unavailable","SIN","AKL","P","A","MY","unavailable","unavailable","25 - 34 years","F","","N","unavailable","unavailable",3
202406,"unavailable","KUL","AKL","P","A","PH","unavailable","unavailable","45 - 54 years","M","","N","unavailable","unavailable",3
202406,"unavailable","DXB","AKL","P","A","BW","unavailable","unavailable","12 - 18 years","F","","N","unavailable","unavailable",3
202406,"unavailable","DOH","AKL","P","A","PK","unavailable","unavailable","19 - 24 years","F","","N","unavailable","unavailable",3
202406,"unavailable","HKG","AKL","P","A","HK","unavailable","unavailable","01 - 11 years","F","","N","unavailable","unavailable",3
202406,"unavailable","NRT","AKL","P","A","NU","unavailable","unavailable","25 - 34 years","F","","N","unavailable","unavailable",3
202406,"unavailable","HKG","AKL","P","A","BT","unavailable","unavailable","35 - 44 years","F","","N","unavailable","unavailable",3
202406,"unavailable","SCL","AKL","P","A","PA","unavailable","unavailable","45 - 54 years","F","","N","unavailable","unavailable",3
202406,"unavailable","SYD","AKL","P","A","BD","unavailable","unavailable","35 - 44 years","F","","N","unavailable","unavailable",3
202406,"unavailable","DOH","AKL","P","A","AU","unavailable","unavailable","25 - 34 years","M","","N","unavailable","unavailable",3
202406,"unavailable","SFO","AKL","P","A","CZ","unavailable","unavailable","25 - 34 years","F","","N","unavailable","unavailable",3
202406,"unavailable","SIN","AKL","P","A","KH","unavailable","unavailable","55 - 64 years","M","","N","unavailable","unavailable",3
202406,"unavailable","CAN","AKL","P","A","KZ","unavailable","unavailable","25 - 34 years","M","","N","unavailable","unavailable",3
202406,"unavailable","DXB","AKL","P","A","TN","unavailable","unavailable","25 - 34 years","M","","N","unavailable","unavailable",3
202406,"unavailable","SYD","CHC","P","A","XX","unavailable","unavailable","01 - 11 years","F","","N","unavailable","unavailable",3
202406,"unavailable","SYD","AKL","P","A","AU","unavailable","unavailable","Less than 1 year","F","","N","unavailable","unavailable",3
202406,"unavailable","SEL","AKL","P","A","KR","unavailable","unavailable","75+","F","","N","unavailable","unavailable",3
202406,"unavailable","BNE","AKL","P","A","DE","unavailable","unavailable","19 - 24 years","M","","N","unavailable","unavailable",3
202406,"unavailable","LAX","AKL","P","A","GB","unavailable","unavailable","19 - 24 years","F","","N","unavailable","unavailable",3
202406,"unavailable","SZX","AKL","P","A","CN","unavailable","unavailable","12 - 18 years","F","","N","unavailable","unavailable",3
202406,"unavailable","MEL","ZQN","P","A","PH","unavailable","unavailable","01 - 11 years","M","","N","unavailable","unavailable",3
202406,"unavailable","MEL","AKL","P","A","XX","unavailable","unavailable","45 - 54 years","M","","N","unavailable","unavailable",3
202406,"unavailable","DXB","AKL","P","A","IN","unavailable","unavailable","25 - 34 years","F","","N","unavailable","unavailable",3
202406,"unavailable","SHA","AKL","P","A","LA","unavailable","unavailable","01 - 11 years","F","","N","unavailable","unavailable",3
202406,"unavailable","DPS","AKL","P","A","XX","unavailable","unavailable","75+","F","","N","unavailable","unavailable",3
202406,"unavailable","MEL","WLG","P","A","AU","unavailable","unavailable","35 - 44 years","M","","N","unavailable","unavailable",3
202406,"unavailable","MEL","ZQN","P","A","PH","unavailable","unavailable","35 - 44 years","M","","N","unavailable","unavailable",3
202406,"unavailable","CAN","AKL","P","A","VN","unavailable","unavailable","45 - 54 years","M","","N","unavailable","unavailable",3
202406,"unavailable","HKG","AKL","P","A","IE","unavailable","unavailable","19 - 24 years","M","","N","unavailable","unavailable",3
202406,"unavailable","LAX","AKL","P","A","AU","unavailable","unavailable","01 - 11 years","M","","N","unavailable","unavailable",3
202406,"unavailable","SIN","AKL","P","A","MM","unavailable","unavailable","25 - 34 years","F","","N","unavailable","unavailable",3
202406,"unavailable","NRT","AKL","P","A","JP","unavailable","unavailable","01 - 11 years","F","","N","unavailable","unavailable",3
202406,"unavailable","XXA","AKL","P","A","AU","unavailable","unavailable","25 - 34 years","F","","N","unavailable","unavailable",3
202406,"unavailable","SCL","AKL","P","A","AU","unavailable","unavailable","25 - 34 years","F","","N","unavailable","unavailable",3
202406,"unavailable","SYD","WLG","P","A","LK","unavailable","unavailable","35 - 44 years","M","","N","unavailable","unavailable",3
202406,"unavailable","XXA","AKL","P","A","XX","unavailable","unavailable","19 - 24 years","M","","N","unavailable","unavailable",3
202406,"unavailable","SCL","AKL","P","A","BR","unavailable","unavailable","25 - 34 years","F","","N","unavailable","unavailable",3
202406,"unavailable","BNE","AKL","P","A","XX","unavailable","unavailable","65 - 74 years","M","","N","unavailable","unavailable",3
202406,"unavailable","DOH","AKL","P","A","NG","unavailable","unavailable","25 - 34 years","M","","N","unavailable","unavailable",3
202406,"unavailable","SYD","WLG","P","A","AU","unavailable","unavailable","55 - 64 years","F","","N","unavailable","unavailable",3
202406,"unavailable","HKG","AKL","P","A","KR","unavailable","unavailable","01 - 11 years","M","","N","unavailable","unavailable",3
202406,"unavailable","CAN","AKL","P","A","RU","unavailable","unavailable","01 - 11 years","F","","N","unavailable","unavailable",3
202406,"unavailable","DXB","AKL","P","A","IR","unavailable","unavailable","35 - 44 years","M","","N","unavailable","unavailable",3
202406,"unavailable","MEL","AKL","P","A","IN","unavailable","unavailable","25 - 34 years","M","","N","unavailable","unavailable",3
202406,"unavailable","SCL","AKL","P","A","EC","unavailable","unavailable","19 - 24 years","M","","N","unavailable","unavailable",3
202406,"unavailable","SYD","AKL","P","A","IN","unavailable","unavailable","12 - 18 years","F","","N","unavailable","unavailable",3
202406,"unavailable","CAN","AKL","P","A","CN","unavailable","unavailable","Less than 1 year","M","","N","unavailable","unavailable",3
202406,"unavailable","SYD","ZQN","P","A","ZA","unavailable","unavailable","65 - 74 years","F","","N","unavailable","unavailable",3
202406,"unavailable","SHA","AKL","P","A","HU","unavailable","unavailable","25 - 34 years","M","","N","unavailable","unavailable",3
202406,"unavailable","SYD","CHC","P","A","AE","unavailable","unavailable","35 - 44 years","F","","N","unavailable","unavailable",3
202406,"unavailable","MEL","CHC","P","A","PH","unavailable","unavailable","12 - 18 years","M","","N","unavailable","unavailable",3
202406,"unavailable","SIN","AKL","P","A","MY","unavailable","unavailable","19 - 24 years","F","","N","unavailable","unavailable",3
202406,"unavailable","LAX","AKL","P","A","US","unavailable","unavailable","55 - 64 years","F","","N","unavailable","unavailable",3
202406,"unavailable","SIN","AKL","P","A","GB","unavailable","unavailable","35 - 44 years","F","","N","unavailable","unavailable",3
202406,"unavailable","CAN","AKL","P","A","RU","unavailable","unavailable","25 - 34 years","F","","N","unavailable","unavailable",3
202406,"unavailable","KUL","AKL","P","A","KW","unavailable","unavailable","01 - 11 years","M","","N","unavailable","unavailable",3
202406,"unavailable","NAN","CHC","P","A","FJ","unavailable","unavailable","01 - 11 years","F","","N","unavailable","unavailable",3
202406,"unavailable","NRT","AKL","P","A","CA","unavailable","unavailable","35 - 44 years","F","","N","unavailable","unavailable",3
202406,"unavailable","KUL","AKL","P","A","QA","unavailable","unavailable","01 - 11 years","F","","N","unavailable","unavailable",3
202406,"unavailable","SIN","CHC","P","A","IN","unavailable","unavailable","65 - 74 years","M","","N","unavailable","unavailable",3
202406,"unavailable","SIN","AKL","P","A","NL","unavailable","unavailable","35 - 44 years","F","","N","unavailable","unavailable",3
202406,"unavailable","NAN","CHC","P","A","FJ","unavailable","unavailable","25 - 34 years","F","","N","unavailable","unavailable",3
202406,"unavailable","SYD","WLG","P","A","LK","unavailable","unavailable","12 - 18 years","M","","N","unavailable","unavailable",3
202406,"unavailable","BNE","AKL","P","A","AU","unavailable","unavailable","Less than 1 year","M","","N","unavailable","unavailable",3
202406,"unavailable","NRT","AKL","P","A","JP","unavailable","unavailable","55 - 64 years","M","","N","unavailable","unavailable",3
202406,"unavailable","HKG","AKL","P","A","ZW","unavailable","unavailable","25 - 34 years","M","","N","unavailable","unavailable",3
202406,"unavailable","MEL","AKL","P","A","XX","unavailable","unavailable","01 - 11 years","F","","N","unavailable","unavailable",3
202406,"unavailable","DOH","AKL","P","A","GB","unavailable","unavailable","12 - 18 years","F","","N","unavailable","unavailable",3
202406,"unavailable","TBU","AKL","P","A","TO","unavailable","unavailable","19 - 24 years","M","","N","unavailable","unavailable",3
202406,"unavailable","SHA","AKL","P","A","HU","unavailable","unavailable","45 - 54 years","F","","N","unavailable","unavailable",3
202406,"unavailable","SYD","WLG","P","A","TH","unavailable","unavailable","25 - 34 years","F","","N","unavailable","unavailable",3
202406,"unavailable","DOH","AKL","P","A","IN","unavailable","unavailable","25 - 34 years","M","","N","unavailable","unavailable",3
202406,"unavailable","MEL","CHC","P","A","GB","unavailable","unavailable","45 - 54 years","M","","N","unavailable","unavailable",3
202406,"unavailable","MEL","WLG","P","A","IN","unavailable","unavailable","35 - 44 years","F","","N","unavailable","unavailable",3
202406,"unavailable","JFK","AKL","P","A","AU","unavailable","unavailable","01 - 11 years","M","","N","unavailable","unavailable",3
202406,"unavailable","PER","AKL","P","A","XX","unavailable","unavailable","55 - 64 years","M","","N","unavailable","unavailable",3
202406,"unavailable","SHA","AKL","P","A","US","unavailable","unavailable","19 - 24 years","M","","N","unavailable","unavailable",3
202406,"unavailable","CAN","AKL","P","A","TH","unavailable","unavailable","19 - 24 years","M","","N","unavailable","unavailable",3
