MonthOfTravel,DayOfTravel,OverSeasPort,customs_port_code,passenger_type_code,direction_code,clnpr_code,overseas_state_code,main_country_visited_code,AgeAtTravelRange,sex_code,losa_range,travel_purpose_code,occupation_code,ta_code,TotalPassengerMovements
202105,unavailable,SYD,AKL,V,A,AU,unavailable,unavailable,45 - 54 years,M,less than 7 days,B,unavailable,unavailable,621
202105,unavailable,SYD,AKL,V,A,AU,unavailable,unavailable,35 - 44 years,M,less than 7 days,B,unavailable,unavailable,537
202105,unavailable,SYD,AKL,V,A,AU,unavailable,unavailable,25 - 34 years,F,less than 7 days,V,unavailable,unavailable,408
202105,unavailable,MEL,AKL,V,A,AU,unavailable,unavailable,45 - 54 years,M,less than 7 days,B,unavailable,unavailable,351
202105,unavailable,SYD,AKL,V,A,AU,unavailable,unavailable,55 - 64 years,M,less than 7 days,B,unavailable,unavailable,342
202105,unavailable,SYD,AKL,V,A,AU,unavailable,unavailable,25 - 34 years,M,less than 7 days,V,unavailable,unavailable,342
202105,unavailable,SYD,AKL,V,A,AU,unavailable,unavailable,25 - 34 years,M,less than 7 days,B,unavailable,unavailable,324
202105,unavailable,SYD,AKL,V,A,AU,unavailable,unavailable,35 - 44 years,M,less than 7 days,V,unavailable,unavailable,309
202105,unavailable,MEL,AKL,V,A,AU,unavailable,unavailable,25 - 34 years,M,less than 7 days,V,unavailable,unavailable,303
202105,unavailable,MEL,AKL,V,A,AU,unavailable,unavailable,25 - 34 years,F,less than 7 days,V,unavailable,unavailable,300
202105,unavailable,SYD,AKL,V,A,AU,unavailable,unavailable,45 - 54 years,F,less than 7 days,V,unavailable,unavailable,297
202105,unavailable,SYD,AKL,V,A,AU,unavailable,unavailable,25 - 34 years,F,8 - 14 days,V,unavailable,unavailable,279
202105,unavailable,MEL,AKL,V,A,AU,unavailable,unavailable,35 - 44 years,M,less than 7 days,B,unavailable,unavailable,279
202105,unavailable,SYD,AKL,V,A,AU,unavailable,unavailable,35 - 44 years,F,less than 7 days,V,unavailable,unavailable,279
202105,unavailable,MEL,AKL,V,A,AU,unavailable,unavailable,25 - 34 years,F,8 - 14 days,V,unavailable,unavailable,270
202105,unavailable,SYD,AKL,V,A,AU,unavailable,unavailable,45 - 54 years,M,less than 7 days,V,unavailable,unavailable,267
202105,unavailable,SYD,AKL,V,A,AU,unavailable,unavailable,55 - 64 years,M,less than 7 days,V,unavailable,unavailable,258
202105,unavailable,SYD,AKL,V,A,AU,unavailable,unavailable,25 - 34 years,M,8 - 14 days,V,unavailable,unavailable,240
202105,unavailable,SYD,AKL,V,A,AU,unavailable,unavailable,55 - 64 years,F,less than 7 days,V,unavailable,unavailable,234
202105,unavailable,BNE,AKL,V,A,AU,unavailable,unavailable,25 - 34 years,F,8 - 14 days,V,unavailable,unavailable,222
202105,unavailable,MEL,AKL,V,A,AU,unavailable,unavailable,25 - 34 years,M,8 - 14 days,V,unavailable,unavailable,222
202105,unavailable,MEL,AKL,V,A,AU,unavailable,unavailable,35 - 44 years,F,less than 7 days,V,unavailable,unavailable,219
202105,unavailable,BNE,AKL,V,A,AU,unavailable,unavailable,55 - 64 years,F,8 - 14 days,V,unavailable,unavailable,216
202105,unavailable,SYD,AKL,V,A,AU,unavailable,unavailable,55 - 64 years,F,8 - 14 days,V,unavailable,unavailable,213
202105,unavailable,BNE,AKL,V,A,AU,unavailable,unavailable,45 - 54 years,F,less than 7 days,V,unavailable,unavailable,213
202105,unavailable,SYD,AKL,V,A,AU,unavailable,unavailable,45 - 54 years,F,8 - 14 days,V,unavailable,unavailable,210
202105,unavailable,MEL,AKL,V,A,AU,unavailable,unavailable,45 - 54 years,F,less than 7 days,V,unavailable,unavailable,201
202105,unavailable,SYD,AKL,V,A,AU,unavailable,unavailable,35 - 44 years,F,8 - 14 days,V,unavailable,unavailable,198
202105,unavailable,BNE,AKL,V,A,AU,unavailable,unavailable,35 - 44 years,F,less than 7 days,V,unavailable,unavailable,189
202105,unavailable,BNE,AKL,V,A,AU,unavailable,unavailable,45 - 54 years,M,less than 7 days,B,unavailable,unavailable,189
202105,unavailable,MEL,AKL,V,A,AU,unavailable,unavailable,35 - 44 years,M,less than 7 days,V,unavailable,unavailable,189
202105,unavailable,SYD,ZQN,V,A,AU,unavailable,unavailable,25 - 34 years,M,less than 7 days,H,unavailable,unavailable,186
202105,unavailable,BNE,AKL,V,A,AU,unavailable,unavailable,55 - 64 years,F,less than 7 days,V,unavailable,unavailable,186
202105,unavailable,MEL,AKL,V,A,AU,unavailable,unavailable,55 - 64 years,M,less than 7 days,B,unavailable,unavailable,183
202105,unavailable,SYD,ZQN,V,A,AU,unavailable,unavailable,25 - 34 years,F,less than 7 days,H,unavailable,unavailable,180
202105,unavailable,BNE,AKL,V,A,AU,unavailable,unavailable,45 - 54 years,F,8 - 14 days,V,unavailable,unavailable,177
202105,unavailable,BNE,AKL,V,A,AU,unavailable,unavailable,35 - 44 years,M,less than 7 days,V,unavailable,unavailable,174
202105,unavailable,BNE,AKL,V,A,AU,unavailable,unavailable,25 - 34 years,M,less than 7 days,V,unavailable,unavailable,174
202105,unavailable,BNE,AKL,V,A,AU,unavailable,unavailable,25 - 34 years,F,less than 7 days,V,unavailable,unavailable,174
202105,unavailable,MEL,AKL,V,A,AU,unavailable,unavailable,45 - 54 years,M,less than 7 days,V,unavailable,unavailable,174
202105,unavailable,BNE,AKL,V,A,AU,unavailable,unavailable,55 - 64 years,M,less than 7 days,V,unavailable,unavailable,171
202105,unavailable,MEL,AKL,V,A,AU,unavailable,unavailable,25 - 34 years,F,15 to 27 days,V,unavailable,unavailable,171
202105,unavailable,BNE,AKL,V,A,AU,unavailable,unavailable,45 - 54 years,M,less than 7 days,V,unavailable,unavailable,168
202105,unavailable,SYD,AKL,V,A,AU,unavailable,unavailable,35 - 44 years,M,8 - 14 days,V,unavailable,unavailable,165
202105,unavailable,SYD,AKL,V,A,AU,unavailable,unavailable,55 - 64 years,M,8 - 14 days,V,unavailable,unavailable,165
202105,unavailable,SYD,AKL,V,A,AU,unavailable,unavailable,35 - 44 years,F,less than 7 days,B,unavailable,unavailable,165
202105,unavailable,SYD,AKL,V,A,AU,unavailable,unavailable,45 - 54 years,M,8 - 14 days,V,unavailable,unavailable,153
202105,unavailable,MEL,AKL,V,A,AU,unavailable,unavailable,35 - 44 years,F,8 - 14 days,V,unavailable,unavailable,153
202105,unavailable,SYD,AKL,V,A,AU,unavailable,unavailable,25 - 34 years,F,15 to 27 days,V,unavailable,unavailable,150
202105,unavailable,BNE,AKL,V,A,AU,unavailable,unavailable,25 - 34 years,M,8 - 14 days,V,unavailable,unavailable,147
202105,unavailable,SYD,ZQN,V,A,AU,unavailable,unavailable,35 - 44 years,M,less than 7 days,H,unavailable,unavailable,147
202105,unavailable,MEL,AKL,V,A,AU,unavailable,unavailable,35 - 44 years,M,8 - 14 days,V,unavailable,unavailable,144
202105,unavailable,OOL,AKL,V,A,AU,unavailable,unavailable,25 - 34 years,F,less than 7 days,V,unavailable,unavailable,144
202105,unavailable,BNE,AKL,V,A,AU,unavailable,unavailable,55 - 64 years,M,8 - 14 days,V,unavailable,unavailable,135
202105,unavailable,BNE,AKL,V,A,AU,unavailable,unavailable,35 - 44 years,F,8 - 14 days,V,unavailable,unavailable,135
202105,unavailable,MEL,AKL,V,A,AU,unavailable,unavailable,55 - 64 years,M,less than 7 days,V,unavailable,unavailable,135
202105,unavailable,SYD,AKL,V,A,AU,unavailable,unavailable,19 - 24 years,F,less than 7 days,V,unavailable,unavailable,132
202105,unavailable,SYD,AKL,V,A,AU,unavailable,unavailable,45 - 54 years,F,less than 7 days,B,unavailable,unavailable,132
202105,unavailable,MEL,AKL,V,A,AU,unavailable,unavailable,45 - 54 years,F,8 - 14 days,V,unavailable,unavailable,132
202105,unavailable,BNE,AKL,V,A,AU,unavailable,unavailable,35 - 44 years,M,less than 7 days,B,unavailable,unavailable,132
202105,unavailable,SYD,AKL,V,A,AU,unavailable,unavailable,55 - 64 years,F,15 to 27 days,V,unavailable,unavailable,132
202105,unavailable,OOL,AKL,V,A,AU,unavailable,unavailable,25 - 34 years,M,less than 7 days,V,unavailable,unavailable,132
202105,unavailable,OOL,AKL,V,A,AU,unavailable,unavailable,35 - 44 years,M,less than 7 days,V,unavailable,unavailable,126
202105,unavailable,OOL,AKL,V,A,AU,unavailable,unavailable,45 - 54 years,F,less than 7 days,V,unavailable,unavailable,126
202105,unavailable,OOL,AKL,V,A,AU,unavailable,unavailable,35 - 44 years,F,less than 7 days,V,unavailable,unavailable,123
202105,unavailable,OOL,AKL,V,A,AU,unavailable,unavailable,45 - 54 years,M,less than 7 days,V,unavailable,unavailable,126
202105,unavailable,MEL,AKL,V,A,AU,unavailable,unavailable,55 - 64 years,F,less than 7 days,V,unavailable,unavailable,123
202105,unavailable,BNE,AKL,V,A,AU,unavailable,unavailable,55 - 64 years,F,15 to 27 days,V,unavailable,unavailable,120
202105,unavailable,SYD,AKL,V,A,AU,unavailable,unavailable,25 - 34 years,F,less than 7 days,B,unavailable,unavailable,120
202105,unavailable,BNE,AKL,V,A,AU,unavailable,unavailable,45 - 54 years,M,8 - 14 days,V,unavailable,unavailable,120
202105,unavailable,SYD,AKL,V,A,AU,unavailable,unavailable,25 - 34 years,M,15 to 27 days,V,unavailable,unavailable,120
202105,unavailable,OOL,AKL,V,A,AU,unavailable,unavailable,55 - 64 years,F,8 - 14 days,V,unavailable,unavailable,117
202105,unavailable,SYD,WLG,V,A,AU,unavailable,unavailable,45 - 54 years,M,less than 7 days,B,unavailable,unavailable,111
202105,unavailable,BNE,AKL,V,A,AU,unavailable,unavailable,25 - 34 years,F,15 to 27 days,V,unavailable,unavailable,111
202105,unavailable,SYD,AKL,V,A,AU,unavailable,unavailable,01 - 11 years,F,8 - 14 days,V,unavailable,unavailable,111
202105,unavailable,MEL,AKL,V,A,AU,unavailable,unavailable,25 - 34 years,M,15 to 27 days,V,unavailable,unavailable,111
202105,unavailable,BNE,AKL,V,A,AU,unavailable,unavailable,35 - 44 years,M,8 - 14 days,V,unavailable,unavailable,108
202105,unavailable,SYD,WLG,V,A,AU,unavailable,unavailable,35 - 44 years,M,less than 7 days,B,unavailable,unavailable,108
202105,unavailable,MEL,AKL,V,A,AU,unavailable,unavailable,55 - 64 years,F,8 - 14 days,V,unavailable,unavailable,105
202105,unavailable,SYD,WLG,V,A,AU,unavailable,unavailable,55 - 64 years,M,less than 7 days,V,unavailable,unavailable,105
202105,unavailable,SYD,AKL,V,A,AU,unavailable,unavailable,01 - 11 years,M,less than 7 days,V,unavailable,unavailable,102
202105,unavailable,SYD,ZQN,V,A,AU,unavailable,unavailable,45 - 54 years,F,less than 7 days,H,unavailable,unavailable,102
202105,unavailable,SYD,ZQN,V,A,AU,unavailable,unavailable,35 - 44 years,F,less than 7 days,H,unavailable,unavailable,105
202105,unavailable,OOL,AKL,V,A,AU,unavailable,unavailable,25 - 34 years,F,8 - 14 days,V,unavailable,unavailable,102
202105,unavailable,SYD,AKL,V,A,AU,unavailable,unavailable,01 - 11 years,F,less than 7 days,V,unavailable,unavailable,99
202105,unavailable,SYD,AKL,V,A,AU,unavailable,unavailable,01 - 11 years,M,8 - 14 days,V,unavailable,unavailable,99
202105,unavailable,MEL,AKL,V,A,AU,unavailable,unavailable,01 - 11 years,M,8 - 14 days,V,unavailable,unavailable,99
202105,unavailable,BNE,AKL,V,A,AU,unavailable,unavailable,55 - 64 years,M,less than 7 days,B,unavailable,unavailable,99
202105,unavailable,SYD,CHC,V,A,AU,unavailable,unavailable,45 - 54 years,M,less than 7 days,V,unavailable,unavailable,96
202105,unavailable,SYD,CHC,V,A,AU,unavailable,unavailable,25 - 34 years,M,less than 7 days,V,unavailable,unavailable,96
202105,unavailable,MEL,CHC,V,A,AU,unavailable,unavailable,25 - 34 years,F,8 - 14 days,V,unavailable,unavailable,96
202105,unavailable,MEL,AKL,V,A,AU,unavailable,unavailable,19 - 24 years,F,less than 7 days,V,unavailable,unavailable,96
202105,unavailable,MEL,AKL,V,A,AU,unavailable,unavailable,55 - 64 years,F,15 to 27 days,V,unavailable,unavailable,96
202105,unavailable,MEL,AKL,V,A,AU,unavailable,unavailable,25 - 34 years,M,less than 7 days,B,unavailable,unavailable,96
202105,unavailable,SYD,AKL,V,A,AU,unavailable,unavailable,35 - 44 years,F,15 to 27 days,V,unavailable,unavailable,96
202105,unavailable,MEL,AKL,V,A,AU,unavailable,unavailable,25 - 34 years,F,28+ days,V,unavailable,unavailable,96
202105,unavailable,OOL,AKL,V,A,AU,unavailable,unavailable,45 - 54 years,F,8 - 14 days,V,unavailable,unavailable,93
202105,unavailable,SYD,CHC,V,A,AU,unavailable,unavailable,25 - 34 years,F,less than 7 days,V,unavailable,unavailable,96
202105,unavailable,SYD,AKL,V,A,AU,unavailable,unavailable,25 - 34 years,M,less than 7 days,H,unavailable,unavailable,93
202105,unavailable,SYD,AKL,V,A,AU,unavailable,unavailable,65 - 74 years,F,less than 7 days,V,unavailable,unavailable,93
202105,unavailable,SYD,AKL,V,A,AU,unavailable,unavailable,19 - 24 years,M,less than 7 days,V,unavailable,unavailable,93
202105,unavailable,SYD,ZQN,V,A,AU,unavailable,unavailable,45 - 54 years,M,less than 7 days,H,unavailable,unavailable,90
202105,unavailable,SYD,WLG,V,A,AU,unavailable,unavailable,45 - 54 years,M,less than 7 days,V,unavailable,unavailable,93
202105,unavailable,MEL,AKL,V,A,AU,unavailable,unavailable,55 - 64 years,M,8 - 14 days,V,unavailable,unavailable,90
202105,unavailable,BNE,AKL,V,A,AU,unavailable,unavailable,65 - 74 years,F,15 to 27 days,V,unavailable,unavailable,93
202105,unavailable,SYD,AKL,V,A,AU,unavailable,unavailable,65 - 74 years,M,8 - 14 days,V,unavailable,unavailable,93
202105,unavailable,SYD,WLG,V,A,AU,unavailable,unavailable,55 - 64 years,F,less than 7 days,V,unavailable,unavailable,90
202105,unavailable,SYD,WLG,V,A,AU,unavailable,unavailable,25 - 34 years,F,less than 7 days,V,unavailable,unavailable,87
202105,unavailable,MEL,AKL,V,A,AU,unavailable,unavailable,35 - 44 years,F,15 to 27 days,V,unavailable,unavailable,87
202105,unavailable,SYD,AKL,V,A,AU,unavailable,unavailable,65 - 74 years,F,8 - 14 days,V,unavailable,unavailable,87
202105,unavailable,MEL,AKL,V,A,AU,unavailable,unavailable,01 - 11 years,F,8 - 14 days,V,unavailable,unavailable,87
202105,unavailable,OOL,AKL,V,A,AU,unavailable,unavailable,55 - 64 years,F,less than 7 days,V,unavailable,unavailable,87
202105,unavailable,SYD,AKL,V,A,AU,unavailable,unavailable,45 - 54 years,F,15 to 27 days,V,unavailable,unavailable,87
202105,unavailable,PER,AKL,V,A,AU,unavailable,unavailable,25 - 34 years,F,8 - 14 days,V,unavailable,unavailable,87
202105,unavailable,SYD,CHC,V,A,AU,unavailable,unavailable,45 - 54 years,F,less than 7 days,V,unavailable,unavailable,87
202105,unavailable,BNE,AKL,V,A,AU,unavailable,unavailable,45 - 54 years,F,15 to 27 days,V,unavailable,unavailable,87
202105,unavailable,BNE,AKL,V,A,AU,unavailable,unavailable,65 - 74 years,F,8 - 14 days,V,unavailable,unavailable,84
202105,unavailable,SYD,CHC,V,A,AU,unavailable,unavailable,35 - 44 years,F,less than 7 days,V,unavailable,unavailable,84
202105,unavailable,MEL,AKL,V,A,AU,unavailable,unavailable,01 - 11 years,F,less than 7 days,V,unavailable,unavailable,84
202105,unavailable,BNE,AKL,V,A,AU,unavailable,unavailable,65 - 74 years,M,8 - 14 days,V,unavailable,unavailable,84
202105,unavailable,SYD,WLG,V,A,AU,unavailable,unavailable,35 - 44 years,F,less than 7 days,V,unavailable,unavailable,84
202105,unavailable,SYD,WLG,V,A,AU,unavailable,unavailable,45 - 54 years,F,less than 7 days,V,unavailable,unavailable,84
202105,unavailable,PER,AKL,V,A,AU,unavailable,unavailable,55 - 64 years,F,8 - 14 days,V,unavailable,unavailable,84
202105,unavailable,SYD,CHC,V,A,AU,unavailable,unavailable,55 - 64 years,M,less than 7 days,V,unavailable,unavailable,81
202105,unavailable,OOL,AKL,V,A,AU,unavailable,unavailable,35 - 44 years,F,8 - 14 days,V,unavailable,unavailable,81
202105,unavailable,SYD,AKL,V,A,AU,unavailable,unavailable,65 - 74 years,M,less than 7 days,V,unavailable,unavailable,81
202105,unavailable,BNE,AKL,V,A,AU,unavailable,unavailable,19 - 24 years,F,less than 7 days,V,unavailable,unavailable,81
202105,unavailable,BNE,AKL,V,A,AU,unavailable,unavailable,01 - 11 years,M,8 - 14 days,V,unavailable,unavailable,81
202105,unavailable,OOL,AKL,V,A,AU,unavailable,unavailable,55 - 64 years,M,8 - 14 days,V,unavailable,unavailable,81
202105,unavailable,PER,AKL,V,A,AU,unavailable,unavailable,25 - 34 years,F,15 to 27 days,V,unavailable,unavailable,81
202105,unavailable,SYD,CHC,V,A,AU,unavailable,unavailable,55 - 64 years,F,8 - 14 days,V,unavailable,unavailable,81
202105,unavailable,SYD,AKL,V,A,AU,unavailable,unavailable,35 - 44 years,M,less than 7 days,H,unavailable,unavailable,81
202105,unavailable,SYD,CHC,V,A,AU,unavailable,unavailable,55 - 64 years,F,less than 7 days,V,unavailable,unavailable,81
202105,unavailable,SYD,AKL,V,A,AU,unavailable,unavailable,25 - 34 years,F,less than 7 days,H,unavailable,unavailable,78
202105,unavailable,PER,AKL,V,A,AU,unavailable,unavailable,55 - 64 years,F,15 to 27 days,V,unavailable,unavailable,78
202105,unavailable,MEL,AKL,V,A,AU,unavailable,unavailable,45 - 54 years,M,8 - 14 days,V,unavailable,unavailable,78
202105,unavailable,SYD,AKL,V,A,AU,unavailable,unavailable,55 - 64 years,M,15 to 27 days,V,unavailable,unavailable,78
202105,unavailable,BNE,AKL,V,A,AU,unavailable,unavailable,19 - 24 years,F,8 - 14 days,V,unavailable,unavailable,78
202105,unavailable,SYD,WLG,V,A,AU,unavailable,unavailable,25 - 34 years,F,8 - 14 days,V,unavailable,unavailable,78
202105,unavailable,MEL,AKL,V,A,AU,unavailable,unavailable,35 - 44 years,F,less than 7 days,B,unavailable,unavailable,75
202105,unavailable,SYD,AKL,V,A,AU,unavailable,unavailable,65 - 74 years,F,15 to 27 days,V,unavailable,unavailable,75
202105,unavailable,MEL,CHC,V,A,AU,unavailable,unavailable,25 - 34 years,F,less than 7 days,V,unavailable,unavailable,75
202105,unavailable,BNE,CHC,V,A,AU,unavailable,unavailable,55 - 64 years,F,8 - 14 days,V,unavailable,unavailable,75
202105,unavailable,BNE,AKL,V,A,AU,unavailable,unavailable,01 - 11 years,F,less than 7 days,V,unavailable,unavailable,75
202105,unavailable,OOL,AKL,V,A,AU,unavailable,unavailable,55 - 64 years,M,less than 7 days,V,unavailable,unavailable,75
202105,unavailable,SYD,AKL,V,A,AU,unavailable,unavailable,19 - 24 years,F,8 - 14 days,V,unavailable,unavailable,75
202105,unavailable,MEL,WLG,V,A,AU,unavailable,unavailable,25 - 34 years,F,8 - 14 days,V,unavailable,unavailable,72
202105,unavailable,SYD,AKL,V,A,AU,unavailable,unavailable,45 - 54 years,M,less than 7 days,H,unavailable,unavailable,72
202105,unavailable,MEL,CHC,V,A,AU,unavailable,unavailable,25 - 34 years,M,8 - 14 days,V,unavailable,unavailable,72
202105,unavailable,SYD,CHC,V,A,AU,unavailable,unavailable,35 - 44 years,M,less than 7 days,V,unavailable,unavailable,72
202105,unavailable,OOL,AKL,V,A,AU,unavailable,unavailable,25 - 34 years,M,8 - 14 days,V,unavailable,unavailable,72
202105,unavailable,SYD,WLG,V,A,AU,unavailable,unavailable,35 - 44 years,M,less than 7 days,V,unavailable,unavailable,72
202105,unavailable,BNE,CHC,V,A,AU,unavailable,unavailable,45 - 54 years,F,less than 7 days,V,unavailable,unavailable,69
202105,unavailable,SYD,AKL,V,A,AU,unavailable,unavailable,25 - 34 years,F,28+ days,V,unavailable,unavailable,72
202105,unavailable,SYD,CHC,V,A,AU,unavailable,unavailable,25 - 34 years,F,8 - 14 days,V,unavailable,unavailable,69
202105,unavailable,BNE,AKL,V,A,AU,unavailable,unavailable,65 - 74 years,M,less than 7 days,V,unavailable,unavailable,69
202105,unavailable,MEL,AKL,V,A,AU,unavailable,unavailable,01 - 11 years,M,less than 7 days,V,unavailable,unavailable,69
202105,unavailable,BNE,AKL,V,A,AU,unavailable,unavailable,01 - 11 years,F,8 - 14 days,V,unavailable,unavailable,72
202105,unavailable,MEL,WLG,V,A,AU,unavailable,unavailable,25 - 34 years,F,less than 7 days,V,unavailable,unavailable,69
202105,unavailable,MEL,AKL,V,A,AU,unavailable,unavailable,25 - 34 years,M,less than 7 days,H,unavailable,unavailable,69
202105,unavailable,BNE,CHC,V,A,AU,unavailable,unavailable,25 - 34 years,F,less than 7 days,V,unavailable,unavailable,69
202105,unavailable,MEL,WLG,V,A,AU,unavailable,unavailable,45 - 54 years,M,less than 7 days,V,unavailable,unavailable,69
202105,unavailable,OOL,AKL,V,A,AU,unavailable,unavailable,01 - 11 years,M,8 - 14 days,V,unavailable,unavailable,69
202105,unavailable,OOL,AKL,V,A,AU,unavailable,unavailable,19 - 24 years,F,less than 7 days,V,unavailable,unavailable,69
202105,unavailable,BNE,AKL,V,A,AU,unavailable,unavailable,55 - 64 years,M,15 to 27 days,V,unavailable,unavailable,69
202105,unavailable,SYD,AKL,V,A,AU,unavailable,unavailable,35 - 44 years,M,15 to 27 days,V,unavailable,unavailable,69
202105,unavailable,BNE,CHC,V,A,AU,unavailable,unavailable,25 - 34 years,F,8 - 14 days,V,unavailable,unavailable,66
202105,unavailable,SYD,ZQN,V,A,AU,unavailable,unavailable,19 - 24 years,F,less than 7 days,H,unavailable,unavailable,69
202105,unavailable,BNE,CHC,V,A,AU,unavailable,unavailable,55 - 64 years,M,8 - 14 days,V,unavailable,unavailable,66
202105,unavailable,MEL,CHC,V,A,AU,unavailable,unavailable,35 - 44 years,M,less than 7 days,V,unavailable,unavailable,66
202105,unavailable,MEL,AKL,V,A,AU,unavailable,unavailable,45 - 54 years,F,less than 7 days,B,unavailable,unavailable,66
202105,unavailable,MEL,AKL,V,A,AU,unavailable,unavailable,35 - 44 years,M,15 to 27 days,V,unavailable,unavailable,66
202105,unavailable,PER,AKL,V,A,AU,unavailable,unavailable,25 - 34 years,M,8 - 14 days,V,unavailable,unavailable,66
202105,unavailable,SYD,CHC,V,A,AU,unavailable,unavailable,45 - 54 years,M,less than 7 days,B,unavailable,unavailable,63
202105,unavailable,BNE,WLG,V,A,AU,unavailable,unavailable,45 - 54 years,F,less than 7 days,V,unavailable,unavailable,66
202105,unavailable,SYD,WLG,V,A,AU,unavailable,unavailable,45 - 54 years,F,8 - 14 days,V,unavailable,unavailable,63
202105,unavailable,MEL,CHC,V,A,AU,unavailable,unavailable,25 - 34 years,M,less than 7 days,V,unavailable,unavailable,63
202105,unavailable,OOL,AKL,V,A,AU,unavailable,unavailable,35 - 44 years,M,8 - 14 days,V,unavailable,unavailable,63
202105,unavailable,SYD,CHC,V,A,AU,unavailable,unavailable,35 - 44 years,F,8 - 14 days,V,unavailable,unavailable,63
202105,unavailable,BNE,CHC,V,A,AU,unavailable,unavailable,45 - 54 years,F,8 - 14 days,V,unavailable,unavailable,63
202105,unavailable,SYD,WLG,V,A,AU,unavailable,unavailable,25 - 34 years,M,less than 7 days,V,unavailable,unavailable,63
202105,unavailable,MEL,CHC,V,A,AU,unavailable,unavailable,35 - 44 years,F,less than 7 days,V,unavailable,unavailable,63
202105,unavailable,SYD,WLG,V,A,AU,unavailable,unavailable,45 - 54 years,M,8 - 14 days,V,unavailable,unavailable,63
202105,unavailable,MEL,WLG,V,A,AU,unavailable,unavailable,25 - 34 years,M,less than 7 days,V,unavailable,unavailable,63
202105,unavailable,BNE,AKL,V,A,AU,unavailable,unavailable,65 - 74 years,M,15 to 27 days,V,unavailable,unavailable,63
202105,unavailable,BNE,CHC,V,A,AU,unavailable,unavailable,55 - 64 years,M,less than 7 days,V,unavailable,unavailable,63
202105,unavailable,BNE,CHC,V,A,AU,unavailable,unavailable,35 - 44 years,F,less than 7 days,V,unavailable,unavailable,60
202105,unavailable,SYD,WLG,V,A,AU,unavailable,unavailable,55 - 64 years,F,8 - 14 days,V,unavailable,unavailable,60
202105,unavailable,OOL,AKL,V,A,AU,unavailable,unavailable,01 - 11 years,F,less than 7 days,V,unavailable,unavailable,60
202105,unavailable,BNE,CHC,V,A,AU,unavailable,unavailable,45 - 54 years,M,less than 7 days,V,unavailable,unavailable,63
202105,unavailable,SYD,AKL,V,A,AU,unavailable,unavailable,45 - 54 years,F,less than 7 days,H,unavailable,unavailable,60
202105,unavailable,OOL,AKL,V,A,AU,unavailable,unavailable,01 - 11 years,F,8 - 14 days,V,unavailable,unavailable,63
202105,unavailable,MEL,WLG,V,A,AU,unavailable,unavailable,35 - 44 years,F,less than 7 days,V,unavailable,unavailable,63
202105,unavailable,SYD,AKL,V,A,AU,unavailable,unavailable,12 - 18 years,F,less than 7 days,V,unavailable,unavailable,60
202105,unavailable,MEL,WLG,V,A,AU,unavailable,unavailable,35 - 44 years,M,less than 7 days,B,unavailable,unavailable,63
202105,unavailable,SYD,CHC,V,A,AU,unavailable,unavailable,45 - 54 years,F,8 - 14 days,V,unavailable,unavailable,60
202105,unavailable,MEL,AKL,V,A,AU,unavailable,unavailable,01 - 11 years,M,15 to 27 days,V,unavailable,unavailable,60
202105,unavailable,BNE,CHC,V,A,AU,unavailable,unavailable,35 - 44 years,M,less than 7 days,V,unavailable,unavailable,60
202105,unavailable,SYD,AKL,V,A,AU,unavailable,unavailable,25 - 34 years,F,8 - 14 days,H,unavailable,unavailable,60
202105,unavailable,SYD,CHC,V,A,AU,unavailable,unavailable,25 - 34 years,M,8 - 14 days,V,unavailable,unavailable,60
202105,unavailable,MEL,AKL,V,A,AU,unavailable,unavailable,01 - 11 years,F,15 to 27 days,V,unavailable,unavailable,60
202105,unavailable,PER,AKL,V,A,AU,unavailable,unavailable,25 - 34 years,M,15 to 27 days,V,unavailable,unavailable,60
202105,unavailable,MEL,CHC,V,A,AU,unavailable,unavailable,55 - 64 years,F,8 - 14 days,V,unavailable,unavailable,60
202105,unavailable,BNE,AKL,V,A,AU,unavailable,unavailable,01 - 11 years,M,less than 7 days,V,unavailable,unavailable,60
202105,unavailable,SYD,WLG,V,A,AU,unavailable,unavailable,35 - 44 years,F,8 - 14 days,V,unavailable,unavailable,60
202105,unavailable,PER,AKL,V,A,AU,unavailable,unavailable,55 - 64 years,M,8 - 14 days,V,unavailable,unavailable,57
202105,unavailable,MEL,WLG,V,A,AU,unavailable,unavailable,25 - 34 years,M,8 - 14 days,V,unavailable,unavailable,60
202105,unavailable,SYD,AKL,V,A,AU,unavailable,unavailable,19 - 24 years,M,8 - 14 days,V,unavailable,unavailable,57
202105,unavailable,PER,AKL,V,A,AU,unavailable,unavailable,45 - 54 years,F,8 - 14 days,V,unavailable,unavailable,60
202105,unavailable,MEL,AKL,V,A,AU,unavailable,unavailable,25 - 34 years,M,28+ days,V,unavailable,unavailable,60
202105,unavailable,BNE,CHC,V,A,AU,unavailable,unavailable,55 - 64 years,F,15 to 27 days,V,unavailable,unavailable,60
202105,unavailable,PER,AKL,V,A,AU,unavailable,unavailable,35 - 44 years,F,8 - 14 days,V,unavailable,unavailable,57
202105,unavailable,SYD,AKL,V,A,AU,unavailable,unavailable,45 - 54 years,M,15 to 27 days,V,unavailable,unavailable,60
202105,unavailable,MEL,AKL,V,A,AU,unavailable,unavailable,19 - 24 years,M,less than 7 days,V,unavailable,unavailable,57
202105,unavailable,BNE,AKL,V,A,AU,unavailable,unavailable,25 - 34 years,M,15 to 27 days,V,unavailable,unavailable,57
202105,unavailable,SYD,AKL,V,A,AU,unavailable,unavailable,55 - 64 years,M,less than 7 days,H,unavailable,unavailable,57
202105,unavailable,OOL,AKL,V,A,AU,unavailable,unavailable,55 - 64 years,F,15 to 27 days,V,unavailable,unavailable,57
202105,unavailable,SYD,AKL,V,A,AU,unavailable,unavailable,25 - 34 years,M,8 - 14 days,H,unavailable,unavailable,57
202105,unavailable,SYD,AKL,V,A,AU,unavailable,unavailable,35 - 44 years,F,less than 7 days,H,unavailable,unavailable,57
202105,unavailable,SYD,AKL,V,A,AU,unavailable,unavailable,65 - 74 years,M,less than 7 days,B,unavailable,unavailable,57
202105,unavailable,SYD,ZQN,V,A,AU,unavailable,unavailable,55 - 64 years,M,less than 7 days,H,unavailable,unavailable,57
202105,unavailable,MEL,CHC,V,A,AU,unavailable,unavailable,45 - 54 years,M,less than 7 days,V,unavailable,unavailable,57
202105,unavailable,MEL,AKL,V,A,AU,unavailable,unavailable,45 - 54 years,F,15 to 27 days,V,unavailable,unavailable,57
202105,unavailable,SYD,CHC,V,A,AU,unavailable,unavailable,55 - 64 years,M,8 - 14 days,V,unavailable,unavailable,57
202105,unavailable,SYD,ZQN,V,A,AU,unavailable,unavailable,25 - 34 years,M,8 - 14 days,H,unavailable,unavailable,57
202105,unavailable,SYD,WLG,V,A,AU,unavailable,unavailable,25 - 34 years,M,8 - 14 days,V,unavailable,unavailable,57
202105,unavailable,BNE,AKL,V,A,AU,unavailable,unavailable,65 - 74 years,F,less than 7 days,V,unavailable,unavailable,57
202105,unavailable,MEL,AKL,V,A,AU,unavailable,unavailable,55 - 64 years,M,15 to 27 days,V,unavailable,unavailable,57
202105,unavailable,MEL,CHC,V,A,AU,unavailable,unavailable,25 - 34 years,F,15 to 27 days,V,unavailable,unavailable,54
202105,unavailable,OOL,AKL,V,A,AU,unavailable,unavailable,45 - 54 years,M,8 - 14 days,V,unavailable,unavailable,57
202105,unavailable,SYD,AKL,V,A,AU,unavailable,unavailable,45 - 54 years,M,8 - 14 days,B,unavailable,unavailable,57
202105,unavailable,PER,AKL,V,A,AU,unavailable,unavailable,35 - 44 years,M,8 - 14 days,V,unavailable,unavailable,54
202105,unavailable,MEL,WLG,V,A,AU,unavailable,unavailable,55 - 64 years,F,8 - 14 days,V,unavailable,unavailable,57
202105,unavailable,MEL,CHC,V,A,AU,unavailable,unavailable,45 - 54 years,F,less than 7 days,V,unavailable,unavailable,54
202105,unavailable,SYD,CHC,V,A,AU,unavailable,unavailable,25 - 34 years,M,8 - 14 days,H,unavailable,unavailable,57
202105,unavailable,BNE,WLG,V,A,AU,unavailable,unavailable,25 - 34 years,F,less than 7 days,V,unavailable,unavailable,57
202105,unavailable,MEL,WLG,V,A,AU,unavailable,unavailable,35 - 44 years,M,less than 7 days,V,unavailable,unavailable,54
202105,unavailable,MEL,WLG,V,A,AU,unavailable,unavailable,45 - 54 years,M,less than 7 days,B,unavailable,unavailable,54
202105,unavailable,MEL,AKL,V,A,AU,unavailable,unavailable,35 - 44 years,F,28+ days,V,unavailable,unavailable,57
202105,unavailable,PER,AKL,V,A,AU,unavailable,unavailable,55 - 64 years,M,15 to 27 days,V,unavailable,unavailable,54
202105,unavailable,BNE,CHC,V,A,AU,unavailable,unavailable,25 - 34 years,M,less than 7 days,V,unavailable,unavailable,54
202105,unavailable,BNE,CHC,V,A,AU,unavailable,unavailable,35 - 44 years,F,8 - 14 days,V,unavailable,unavailable,54
202105,unavailable,SYD,AKL,V,A,AU,unavailable,unavailable,12 - 18 years,M,less than 7 days,V,unavailable,unavailable,54
202105,unavailable,SYD,WLG,V,A,AU,unavailable,unavailable,55 - 64 years,M,less than 7 days,B,unavailable,unavailable,54
202105,unavailable,SYD,WLG,V,A,AU,unavailable,unavailable,55 - 64 years,M,8 - 14 days,V,unavailable,unavailable,54
202105,unavailable,BNE,AKL,V,A,AU,unavailable,unavailable,55 - 64 years,F,28+ days,V,unavailable,unavailable,54
202105,unavailable,BNE,AKL,V,A,AU,unavailable,unavailable,01 - 11 years,M,15 to 27 days,V,unavailable,unavailable,54
202105,unavailable,PER,AKL,V,A,AU,unavailable,unavailable,45 - 54 years,F,15 to 27 days,V,unavailable,unavailable,54
202105,unavailable,SYD,AKL,V,A,AU,unavailable,unavailable,01 - 11 years,M,15 to 27 days,V,unavailable,unavailable,54
202105,unavailable,BNE,WLG,V,A,AU,unavailable,unavailable,45 - 54 years,M,less than 7 days,V,unavailable,unavailable,54
202105,unavailable,BNE,AKL,V,A,AU,unavailable,unavailable,35 - 44 years,F,15 to 27 days,V,unavailable,unavailable,54
202105,unavailable,SYD,CHC,V,A,AU,unavailable,unavailable,25 - 34 years,F,8 - 14 days,H,unavailable,unavailable,54
202105,unavailable,SYD,AKL,V,A,AU,unavailable,unavailable,19 - 24 years,F,15 to 27 days,V,unavailable,unavailable,51
202105,unavailable,MEL,WLG,V,A,AU,unavailable,unavailable,35 - 44 years,F,8 - 14 days,V,unavailable,unavailable,51
202105,unavailable,MEL,AKL,V,A,AU,unavailable,unavailable,55 - 64 years,F,28+ days,V,unavailable,unavailable,51
202105,unavailable,MEL,CHC,V,A,AU,unavailable,unavailable,35 - 44 years,F,8 - 14 days,V,unavailable,unavailable,54
202105,unavailable,SYD,ZQN,V,A,AU,unavailable,unavailable,25 - 34 years,F,8 - 14 days,H,unavailable,unavailable,54
202105,unavailable,PER,AKL,V,A,AU,unavailable,unavailable,45 - 54 years,M,8 - 14 days,V,unavailable,unavailable,54
202105,unavailable,OOL,AKL,V,A,AU,unavailable,unavailable,01 - 11 years,M,less than 7 days,V,unavailable,unavailable,54
202105,unavailable,BNE,WLG,V,A,AU,unavailable,unavailable,35 - 44 years,F,less than 7 days,V,unavailable,unavailable,51
202105,unavailable,MEL,CHC,V,A,AU,unavailable,unavailable,35 - 44 years,M,8 - 14 days,V,unavailable,unavailable,51
202105,unavailable,SYD,AKL,V,A,AU,unavailable,unavailable,55 - 64 years,F,28+ days,V,unavailable,unavailable,51
202105,unavailable,MEL,AKL,V,A,AU,unavailable,unavailable,65 - 74 years,F,8 - 14 days,V,unavailable,unavailable,51
202105,unavailable,BNE,WLG,V,A,AU,unavailable,unavailable,55 - 64 years,F,8 - 14 days,V,unavailable,unavailable,51
202105,unavailable,MEL,AKL,V,A,AU,unavailable,unavailable,25 - 34 years,F,less than 7 days,B,unavailable,unavailable,51
202105,unavailable,BNE,AKL,V,A,AU,unavailable,unavailable,25 - 34 years,M,less than 7 days,B,unavailable,unavailable,51
202105,unavailable,SYD,ZQN,V,A,AU,unavailable,unavailable,55 - 64 years,F,less than 7 days,H,unavailable,unavailable,51
202105,unavailable,BNE,AKL,V,A,AU,unavailable,unavailable,65 - 74 years,F,28+ days,V,unavailable,unavailable,51
202105,unavailable,PER,AKL,V,A,AU,unavailable,unavailable,25 - 34 years,F,less than 7 days,V,unavailable,unavailable,51
202105,unavailable,MEL,AKL,V,A,AU,unavailable,unavailable,19 - 24 years,F,8 - 14 days,V,unavailable,unavailable,48
202105,unavailable,OOL,AKL,V,A,AU,unavailable,unavailable,19 - 24 years,F,8 - 14 days,V,unavailable,unavailable,51
202105,unavailable,BNE,AKL,V,A,AU,unavailable,unavailable,45 - 54 years,F,28+ days,V,unavailable,unavailable,51
202105,unavailable,SYD,AKL,V,A,AU,unavailable,unavailable,55 - 64 years,F,less than 7 days,H,unavailable,unavailable,48
202105,unavailable,SYD,WLG,V,A,AU,unavailable,unavailable,35 - 44 years,M,8 - 14 days,V,unavailable,unavailable,48
202105,unavailable,MEL,AKL,V,A,AU,unavailable,unavailable,25 - 34 years,M,8 - 14 days,H,unavailable,unavailable,51
202105,unavailable,SYD,AKL,V,A,AU,unavailable,unavailable,65 - 74 years,F,28+ days,V,unavailable,unavailable,48
202105,unavailable,SYD,AKL,V,A,AU,unavailable,unavailable,65 - 74 years,M,15 to 27 days,V,unavailable,unavailable,48
202105,unavailable,BNE,AKL,V,A,AU,unavailable,unavailable,19 - 24 years,M,less than 7 days,V,unavailable,unavailable,48
202105,unavailable,SYD,AKL,V,A,AU,unavailable,unavailable,01 - 11 years,F,15 to 27 days,V,unavailable,unavailable,48
202105,unavailable,MEL,WLG,V,A,AU,unavailable,unavailable,25 - 34 years,F,15 to 27 days,V,unavailable,unavailable,48
202105,unavailable,SYD,CHC,V,A,AU,unavailable,unavailable,55 - 64 years,M,less than 7 days,B,unavailable,unavailable,48
202105,unavailable,MEL,WLG,V,A,AU,unavailable,unavailable,25 - 34 years,M,less than 7 days,B,unavailable,unavailable,45
202105,unavailable,SYD,WLG,V,A,AU,unavailable,unavailable,25 - 34 years,M,less than 7 days,B,unavailable,unavailable,45
202105,unavailable,SYD,AKL,V,A,AU,unavailable,unavailable,19 - 24 years,M,less than 7 days,B,unavailable,unavailable,45
202105,unavailable,MEL,CHC,V,A,AU,unavailable,unavailable,45 - 54 years,M,less than 7 days,B,unavailable,unavailable,45
202105,unavailable,MEL,WLG,V,A,AU,unavailable,unavailable,45 - 54 years,F,less than 7 days,V,unavailable,unavailable,48
202105,unavailable,MEL,AKL,V,A,AU,unavailable,unavailable,35 - 44 years,M,less than 7 days,H,unavailable,unavailable,45
202105,unavailable,OOL,AKL,V,A,AU,unavailable,unavailable,65 - 74 years,M,8 - 14 days,V,unavailable,unavailable,48
202105,unavailable,BNE,AKL,V,A,AU,unavailable,unavailable,25 - 34 years,F,28+ days,V,unavailable,unavailable,48
202105,unavailable,PER,AKL,V,A,AU,unavailable,unavailable,55 - 64 years,F,28+ days,V,unavailable,unavailable,45
202105,unavailable,BNE,AKL,V,A,AU,unavailable,unavailable,65 - 74 years,M,28+ days,V,unavailable,unavailable,45
202105,unavailable,SYD,CHC,V,A,AU,unavailable,unavailable,35 - 44 years,M,less than 7 days,B,unavailable,unavailable,45
202105,unavailable,MEL,CHC,V,A,AU,unavailable,unavailable,55 - 64 years,F,less than 7 days,V,unavailable,unavailable,45
202105,unavailable,SYD,WLG,V,A,AU,unavailable,unavailable,25 - 34 years,F,15 to 27 days,V,unavailable,unavailable,45
202105,unavailable,SYD,CHC,V,A,AU,unavailable,unavailable,25 - 34 years,M,less than 7 days,H,unavailable,unavailable,45
202105,unavailable,OOL,AKL,V,A,AU,unavailable,unavailable,65 - 74 years,M,less than 7 days,V,unavailable,unavailable,45
202105,unavailable,SYD,AKL,V,A,AU,unavailable,unavailable,45 - 54 years,M,less than 7 days,N,unavailable,unavailable,45
202105,unavailable,MEL,AKL,V,A,AU,unavailable,unavailable,65 - 74 years,M,8 - 14 days,V,unavailable,unavailable,45
202105,unavailable,MEL,WLG,V,A,AU,unavailable,unavailable,55 - 64 years,F,less than 7 days,V,unavailable,unavailable,45
202105,unavailable,BNE,WLG,V,A,AU,unavailable,unavailable,55 - 64 years,F,less than 7 days,V,unavailable,unavailable,45
202105,unavailable,MEL,WLG,V,A,AU,unavailable,unavailable,45 - 54 years,M,8 - 14 days,V,unavailable,unavailable,45
202105,unavailable,PER,AKL,V,A,AU,unavailable,unavailable,01 - 11 years,F,8 - 14 days,V,unavailable,unavailable,45
202105,unavailable,BNE,WLG,V,A,AU,unavailable,unavailable,25 - 34 years,F,8 - 14 days,V,unavailable,unavailable,45
202105,unavailable,MEL,AKL,V,A,AU,unavailable,unavailable,45 - 54 years,M,15 to 27 days,V,unavailable,unavailable,42
202105,unavailable,BNE,AKL,V,A,AU,unavailable,unavailable,19 - 24 years,M,8 - 14 days,V,unavailable,unavailable,45
202105,unavailable,OOL,AKL,V,A,AU,unavailable,unavailable,65 - 74 years,F,15 to 27 days,V,unavailable,unavailable,45
202105,unavailable,BNE,CHC,V,A,AU,unavailable,unavailable,55 - 64 years,F,less than 7 days,V,unavailable,unavailable,45
202105,unavailable,BNE,AKL,V,A,AU,unavailable,unavailable,01 - 11 years,F,15 to 27 days,V,unavailable,unavailable,42
202105,unavailable,BNE,CHC,V,A,AU,unavailable,unavailable,25 - 34 years,F,15 to 27 days,V,unavailable,unavailable,42
202105,unavailable,SYD,WLG,V,A,AU,unavailable,unavailable,01 - 11 years,M,less than 7 days,V,unavailable,unavailable,42
202105,unavailable,OOL,AKL,V,A,AU,unavailable,unavailable,25 - 34 years,F,15 to 27 days,V,unavailable,unavailable,45
202105,unavailable,SYD,AKL,V,A,AU,unavailable,unavailable,35 - 44 years,M,8 - 14 days,B,unavailable,unavailable,42
202105,unavailable,MEL,AKL,V,A,AU,unavailable,unavailable,25 - 34 years,F,less than 7 days,H,unavailable,unavailable,42
202105,unavailable,MEL,WLG,V,A,AU,unavailable,unavailable,45 - 54 years,F,8 - 14 days,V,unavailable,unavailable,42
202105,unavailable,BNE,AKL,V,A,AU,unavailable,unavailable,12 - 18 years,F,less than 7 days,V,unavailable,unavailable,42
202105,unavailable,PER,AKL,V,A,AU,unavailable,unavailable,25 - 34 years,M,less than 7 days,V,unavailable,unavailable,42
202105,unavailable,SYD,CHC,V,A,AU,unavailable,unavailable,45 - 54 years,M,8 - 14 days,V,unavailable,unavailable,42
202105,unavailable,MEL,CHC,V,A,AU,unavailable,unavailable,55 - 64 years,M,less than 7 days,V,unavailable,unavailable,42
202105,unavailable,BNE,WLG,V,A,AU,unavailable,unavailable,25 - 34 years,M,8 - 14 days,V,unavailable,unavailable,42
202105,unavailable,MEL,WLG,V,A,AU,unavailable,unavailable,35 - 44 years,M,8 - 14 days,V,unavailable,unavailable,42
202105,unavailable,PER,AKL,V,A,AU,unavailable,unavailable,01 - 11 years,M,8 - 14 days,V,unavailable,unavailable,42
202105,unavailable,MEL,AKL,V,A,AU,unavailable,unavailable,25 - 34 years,F,8 - 14 days,H,unavailable,unavailable,42
202105,unavailable,MEL,ZQN,V,A,AU,unavailable,unavailable,25 - 34 years,F,less than 7 days,H,unavailable,unavailable,42
202105,unavailable,PER,AKL,V,A,AU,unavailable,unavailable,35 - 44 years,F,15 to 27 days,V,unavailable,unavailable,42
202105,unavailable,SYD,CHC,V,A,AU,unavailable,unavailable,25 - 34 years,F,15 to 27 days,V,unavailable,unavailable,39
202105,unavailable,SYD,CHC,V,A,AU,unavailable,unavailable,01 - 11 years,F,less than 7 days,V,unavailable,unavailable,39
202105,unavailable,MEL,AKL,V,A,AU,unavailable,unavailable,01 - 11 years,M,28+ days,V,unavailable,unavailable,42
202105,unavailable,BNE,ZQN,V,A,AU,unavailable,unavailable,25 - 34 years,F,less than 7 days,H,unavailable,unavailable,39
202105,unavailable,MEL,AKL,V,A,AU,unavailable,unavailable,19 - 24 years,M,8 - 14 days,V,unavailable,unavailable,39
202105,unavailable,OOL,AKL,V,A,AU,unavailable,unavailable,19 - 24 years,M,less than 7 days,V,unavailable,unavailable,39
202105,unavailable,MEL,AKL,V,A,AU,unavailable,unavailable,65 - 74 years,F,less than 7 days,V,unavailable,unavailable,39
202105,unavailable,BNE,WLG,V,A,AU,unavailable,unavailable,25 - 34 years,M,less than 7 days,V,unavailable,unavailable,39
202105,unavailable,BNE,WLG,V,A,AU,unavailable,unavailable,35 - 44 years,M,less than 7 days,V,unavailable,unavailable,39
202105,unavailable,OOL,AKL,V,A,AU,unavailable,unavailable,12 - 18 years,F,less than 7 days,V,unavailable,unavailable,39
202105,unavailable,MEL,AKL,V,A,AU,unavailable,unavailable,65 - 74 years,F,15 to 27 days,V,unavailable,unavailable,39
202105,unavailable,BNE,AKL,V,A,AU,unavailable,unavailable,35 - 44 years,F,less than 7 days,B,unavailable,unavailable,39
202105,unavailable,SYD,AKL,V,A,AU,unavailable,unavailable,25 - 34 years,M,less than 7 days,N,unavailable,unavailable,39
202105,unavailable,SYD,CHC,V,A,AU,unavailable,unavailable,35 - 44 years,M,8 - 14 days,V,unavailable,unavailable,39
202105,unavailable,OOL,AKL,V,A,AU,unavailable,unavailable,65 - 74 years,F,8 - 14 days,V,unavailable,unavailable,39
202105,unavailable,SYD,AKL,V,A,AU,unavailable,unavailable,55 - 64 years,F,less than 7 days,B,unavailable,unavailable,39
202105,unavailable,MEL,AKL,V,A,AU,unavailable,unavailable,45 - 54 years,M,8 - 14 days,B,unavailable,unavailable,39
202105,unavailable,OOL,AKL,V,A,AU,unavailable,unavailable,35 - 44 years,F,15 to 27 days,V,unavailable,unavailable,39
202105,unavailable,MEL,CHC,V,A,AU,unavailable,unavailable,55 - 64 years,M,8 - 14 days,V,unavailable,unavailable,39
202105,unavailable,SYD,CHC,V,A,AU,unavailable,unavailable,65 - 74 years,M,less than 7 days,V,unavailable,unavailable,36
202105,unavailable,SYD,AKL,V,A,AU,unavailable,unavailable,35 - 44 years,F,28+ days,V,unavailable,unavailable,39
202105,unavailable,SYD,AKL,V,A,AU,unavailable,unavailable,25 - 34 years,M,28+ days,V,unavailable,unavailable,36
202105,unavailable,MEL,CHC,V,A,AU,unavailable,unavailable,25 - 34 years,M,8 - 14 days,H,unavailable,unavailable,39
202105,unavailable,MEL,AKL,V,A,AU,unavailable,unavailable,01 - 11 years,F,28+ days,V,unavailable,unavailable,39
202105,unavailable,BNE,CHC,V,A,AU,unavailable,unavailable,45 - 54 years,M,8 - 14 days,V,unavailable,unavailable,39
202105,unavailable,BNE,CHC,V,A,AU,unavailable,unavailable,25 - 34 years,M,8 - 14 days,V,unavailable,unavailable,39
202105,unavailable,BNE,WLG,V,A,AU,unavailable,unavailable,55 - 64 years,M,less than 7 days,V,unavailable,unavailable,39
202105,unavailable,BNE,WLG,V,A,AU,unavailable,unavailable,45 - 54 years,F,8 - 14 days,V,unavailable,unavailable,36
202105,unavailable,OOL,AKL,V,A,AU,unavailable,unavailable,01 - 11 years,F,15 to 27 days,V,unavailable,unavailable,36
202105,unavailable,BNE,AKL,V,A,AU,unavailable,unavailable,35 - 44 years,M,15 to 27 days,V,unavailable,unavailable,36
202105,unavailable,SYD,AKL,V,A,AU,unavailable,unavailable,35 - 44 years,M,less than 7 days,N,unavailable,unavailable,36
202105,unavailable,MEL,AKL,V,A,AU,unavailable,unavailable,12 - 18 years,F,less than 7 days,V,unavailable,unavailable,36
202105,unavailable,SYD,WLG,V,A,AU,unavailable,unavailable,01 - 11 years,F,8 - 14 days,V,unavailable,unavailable,36
202105,unavailable,MEL,AKL,V,A,AU,unavailable,unavailable,65 - 74 years,M,less than 7 days,B,unavailable,unavailable,39
202105,unavailable,SYD,WLG,V,A,AU,unavailable,unavailable,19 - 24 years,F,less than 7 days,V,unavailable,unavailable,36
202105,unavailable,SYD,AKL,V,A,AU,unavailable,unavailable,35 - 44 years,M,8 - 14 days,H,unavailable,unavailable,36
202105,unavailable,MEL,WLG,V,A,AU,unavailable,unavailable,55 - 64 years,M,8 - 14 days,V,unavailable,unavailable,36
202105,unavailable,PER,AKL,V,A,AU,unavailable,unavailable,35 - 44 years,M,less than 7 days,V,unavailable,unavailable,36
202105,unavailable,SYD,AKL,V,A,AU,unavailable,unavailable,01 - 11 years,F,28+ days,V,unavailable,unavailable,36
202105,unavailable,SYD,CHC,V,A,AU,unavailable,unavailable,55 - 64 years,F,15 to 27 days,V,unavailable,unavailable,36
202105,unavailable,PER,AKL,V,A,AU,unavailable,unavailable,35 - 44 years,M,15 to 27 days,V,unavailable,unavailable,36
202105,unavailable,SYD,WLG,V,A,AU,unavailable,unavailable,55 - 64 years,F,15 to 27 days,V,unavailable,unavailable,36
202105,unavailable,SYD,AKL,V,A,AU,unavailable,unavailable,19 - 24 years,F,less than 7 days,H,unavailable,unavailable,36
202105,unavailable,SYD,AKL,V,A,AU,unavailable,unavailable,25 - 34 years,M,8 - 14 days,B,unavailable,unavailable,36
202105,unavailable,SYD,AKL,V,A,AU,unavailable,unavailable,45 - 54 years,F,28+ days,V,unavailable,unavailable,36
202105,unavailable,BNE,WLG,V,A,AU,unavailable,unavailable,35 - 44 years,F,8 - 14 days,V,unavailable,unavailable,36
202105,unavailable,PER,AKL,V,A,AU,unavailable,unavailable,45 - 54 years,F,28+ days,V,unavailable,unavailable,33
202105,unavailable,SYD,AKL,V,A,AU,unavailable,unavailable,12 - 18 years,F,8 - 14 days,V,unavailable,unavailable,33
202105,unavailable,SYD,ZQN,V,A,AU,unavailable,unavailable,19 - 24 years,M,less than 7 days,H,unavailable,unavailable,36
202105,unavailable,BNE,CHC,V,A,AU,unavailable,unavailable,65 - 74 years,F,8 - 14 days,V,unavailable,unavailable,33
202105,unavailable,MEL,AKL,V,A,AU,unavailable,unavailable,12 - 18 years,M,less than 7 days,V,unavailable,unavailable,36
202105,unavailable,SYD,CHC,V,A,AU,unavailable,unavailable,65 - 74 years,F,8 - 14 days,V,unavailable,unavailable,33
202105,unavailable,MEL,WLG,V,A,AU,unavailable,unavailable,55 - 64 years,M,less than 7 days,B,unavailable,unavailable,36
202105,unavailable,MEL,CHC,V,A,AU,unavailable,unavailable,25 - 34 years,M,15 to 27 days,V,unavailable,unavailable,33
202105,unavailable,PER,AKL,V,A,AU,unavailable,unavailable,65 - 74 years,F,28+ days,V,unavailable,unavailable,33
202105,unavailable,MEL,WLG,V,A,AU,unavailable,unavailable,25 - 34 years,F,28+ days,V,unavailable,unavailable,33
202105,unavailable,BNE,AKL,V,A,AU,unavailable,unavailable,12 - 18 years,M,less than 7 days,V,unavailable,unavailable,33
202105,unavailable,SYD,CHC,V,A,AU,unavailable,unavailable,35 - 44 years,M,8 - 14 days,H,unavailable,unavailable,33
202105,unavailable,MEL,ZQN,V,A,AU,unavailable,unavailable,25 - 34 years,M,less than 7 days,H,unavailable,unavailable,36
202105,unavailable,OOL,AKL,V,A,AU,unavailable,unavailable,65 - 74 years,M,15 to 27 days,V,unavailable,unavailable,33
202105,unavailable,MEL,AKL,V,A,AU,unavailable,unavailable,65 - 74 years,M,15 to 27 days,V,unavailable,unavailable,33
202105,unavailable,MEL,AKL,V,A,AU,unavailable,unavailable,35 - 44 years,M,28+ days,V,unavailable,unavailable,36
202105,unavailable,MEL,AKL,V,A,AU,unavailable,unavailable,65 - 74 years,M,less than 7 days,V,unavailable,unavailable,33
202105,unavailable,SYD,CHC,V,A,AU,unavailable,unavailable,01 - 11 years,M,less than 7 days,V,unavailable,unavailable,36
202105,unavailable,SYD,ZQN,V,A,AU,unavailable,unavailable,65 - 74 years,F,less than 7 days,H,unavailable,unavailable,33
202105,unavailable,OOL,AKL,V,A,AU,unavailable,unavailable,19 - 24 years,M,8 - 14 days,V,unavailable,unavailable,33
202105,unavailable,SYD,CHC,V,A,AU,unavailable,unavailable,25 - 34 years,F,less than 7 days,H,unavailable,unavailable,33
202105,unavailable,MEL,CHC,V,A,AU,unavailable,unavailable,25 - 34 years,F,8 - 14 days,H,unavailable,unavailable,33
202105,unavailable,PER,AKL,V,A,AU,unavailable,unavailable,45 - 54 years,M,15 to 27 days,V,unavailable,unavailable,33
202105,unavailable,BNE,CHC,V,A,AU,unavailable,unavailable,35 - 44 years,M,8 - 14 days,V,unavailable,unavailable,33
202105,unavailable,MEL,WLG,V,A,AU,unavailable,unavailable,25 - 34 years,M,15 to 27 days,V,unavailable,unavailable,33
202105,unavailable,MEL,AKL,V,A,AU,unavailable,unavailable,65 - 74 years,F,28+ days,V,unavailable,unavailable,33
202105,unavailable,MEL,CHC,V,A,AU,unavailable,unavailable,35 - 44 years,M,less than 7 days,B,unavailable,unavailable,33
202105,unavailable,MEL,WLG,V,A,AU,unavailable,unavailable,55 - 64 years,M,less than 7 days,V,unavailable,unavailable,30
202105,unavailable,BNE,ZQN,V,A,AU,unavailable,unavailable,25 - 34 years,M,less than 7 days,H,unavailable,unavailable,33
202105,unavailable,SYD,CHC,V,A,AU,unavailable,unavailable,19 - 24 years,F,less than 7 days,V,unavailable,unavailable,30
202105,unavailable,MEL,CHC,V,A,AU,unavailable,unavailable,01 - 11 years,M,8 - 14 days,V,unavailable,unavailable,33
202105,unavailable,PER,AKL,V,A,AU,unavailable,unavailable,65 - 74 years,F,15 to 27 days,V,unavailable,unavailable,33
202105,unavailable,MEL,AKL,V,A,AU,unavailable,unavailable,19 - 24 years,F,15 to 27 days,V,unavailable,unavailable,33
202105,unavailable,OOL,AKL,V,A,AU,unavailable,unavailable,01 - 11 years,M,15 to 27 days,V,unavailable,unavailable,30
202105,unavailable,SYD,AKL,V,A,AU,unavailable,unavailable,19 - 24 years,M,15 to 27 days,V,unavailable,unavailable,30
202105,unavailable,SYD,CHC,V,A,AU,unavailable,unavailable,01 - 11 years,F,8 - 14 days,V,unavailable,unavailable,30
202105,unavailable,BNE,AKL,V,A,AU,unavailable,unavailable,45 - 54 years,M,15 to 27 days,V,unavailable,unavailable,33
202105,unavailable,BNE,AKL,V,A,AU,unavailable,unavailable,45 - 54 years,F,less than 7 days,B,unavailable,unavailable,30
202105,unavailable,SYD,AKL,V,A,AU,unavailable,unavailable,55 - 64 years,M,28+ days,V,unavailable,unavailable,30
202105,unavailable,BNE,CHC,V,A,AU,unavailable,unavailable,01 - 11 years,M,8 - 14 days,V,unavailable,unavailable,30
202105,unavailable,BNE,CHC,V,A,AU,unavailable,unavailable,65 - 74 years,F,15 to 27 days,V,unavailable,unavailable,30
202105,unavailable,SYD,WLG,V,A,AU,unavailable,unavailable,01 - 11 years,M,8 - 14 days,V,unavailable,unavailable,30
202105,unavailable,BNE,AKL,V,A,AU,unavailable,unavailable,01 - 11 years,M,28+ days,V,unavailable,unavailable,30
202105,unavailable,SYD,CHC,V,A,AU,unavailable,unavailable,65 - 74 years,F,less than 7 days,V,unavailable,unavailable,30
202105,unavailable,BNE,WLG,V,A,AU,unavailable,unavailable,35 - 44 years,M,8 - 14 days,V,unavailable,unavailable,30
202105,unavailable,MEL,CHC,V,A,AU,unavailable,unavailable,45 - 54 years,F,8 - 14 days,V,unavailable,unavailable,30
202105,unavailable,SYD,ZQN,V,A,AU,unavailable,unavailable,45 - 54 years,F,less than 7 days,V,unavailable,unavailable,30
202105,unavailable,BNE,CHC,V,A,AU,unavailable,unavailable,65 - 74 years,M,8 - 14 days,V,unavailable,unavailable,30
202105,unavailable,OOL,AKL,V,A,AU,unavailable,unavailable,65 - 74 years,F,less than 7 days,V,unavailable,unavailable,30
202105,unavailable,SYD,ZQN,V,A,AU,unavailable,unavailable,25 - 34 years,F,8 - 14 days,V,unavailable,unavailable,30
202105,unavailable,BNE,AKL,V,A,AU,unavailable,unavailable,45 - 54 years,M,less than 7 days,H,unavailable,unavailable,30
202105,unavailable,MEL,WLG,V,A,AU,unavailable,unavailable,35 - 44 years,F,15 to 27 days,V,unavailable,unavailable,30
202105,unavailable,SYD,ZQN,V,A,AU,unavailable,unavailable,55 - 64 years,M,less than 7 days,V,unavailable,unavailable,30
202105,unavailable,SYD,WLG,V,A,AU,unavailable,unavailable,45 - 54 years,F,less than 7 days,B,unavailable,unavailable,30
202105,unavailable,SYD,AKL,V,A,AU,unavailable,unavailable,55 - 64 years,M,8 - 14 days,B,unavailable,unavailable,30
202105,unavailable,BNE,AKL,V,A,AU,unavailable,unavailable,12 - 18 years,F,8 - 14 days,V,unavailable,unavailable,30
202105,unavailable,BNE,CHC,V,A,AU,unavailable,unavailable,55 - 64 years,F,28+ days,V,unavailable,unavailable,30
202105,unavailable,MEL,AKL,V,A,AU,unavailable,unavailable,45 - 54 years,F,28+ days,V,unavailable,unavailable,30
202105,unavailable,OOL,AKL,V,A,AU,unavailable,unavailable,12 - 18 years,F,8 - 14 days,V,unavailable,unavailable,30
202105,unavailable,BNE,WLG,V,A,AU,unavailable,unavailable,01 - 11 years,F,8 - 14 days,V,unavailable,unavailable,30
202105,unavailable,MEL,AKL,V,A,AU,unavailable,unavailable,55 - 64 years,M,8 - 14 days,B,unavailable,unavailable,30
202105,unavailable,BNE,WLG,V,A,AU,unavailable,unavailable,01 - 11 years,M,8 - 14 days,V,unavailable,unavailable,30
202105,unavailable,SYD,ZQN,V,A,AU,unavailable,unavailable,25 - 34 years,F,less than 7 days,V,unavailable,unavailable,30
202105,unavailable,BNE,AKL,V,A,AU,unavailable,unavailable,25 - 34 years,F,less than 7 days,B,unavailable,unavailable,30
202105,unavailable,OOL,AKL,V,A,AU,unavailable,unavailable,25 - 34 years,M,15 to 27 days,V,unavailable,unavailable,27
202105,unavailable,MEL,CHC,V,A,AU,unavailable,unavailable,25 - 34 years,F,28+ days,V,unavailable,unavailable,30
202105,unavailable,PER,AKL,V,A,AU,unavailable,unavailable,55 - 64 years,M,less than 7 days,V,unavailable,unavailable,30
202105,unavailable,BNE,CHC,V,A,AU,unavailable,unavailable,19 - 24 years,F,8 - 14 days,V,unavailable,unavailable,30
202105,unavailable,SYD,CHC,V,A,AU,unavailable,unavailable,65 - 74 years,M,8 - 14 days,V,unavailable,unavailable,27
202105,unavailable,SYD,CHC,V,A,AU,unavailable,unavailable,35 - 44 years,M,less than 7 days,H,unavailable,unavailable,30
202105,unavailable,BNE,AKL,V,A,AU,unavailable,unavailable,55 - 64 years,M,28+ days,V,unavailable,unavailable,30
202105,unavailable,BNE,AKL,V,A,AU,unavailable,unavailable,75+,F,8 - 14 days,V,unavailable,unavailable,30
202105,unavailable,PER,AKL,V,A,AU,unavailable,unavailable,01 - 11 years,F,15 to 27 days,V,unavailable,unavailable,30
202105,unavailable,SYD,ZQN,V,A,AU,unavailable,unavailable,35 - 44 years,M,8 - 14 days,H,unavailable,unavailable,30
202105,unavailable,PER,AKL,V,A,AU,unavailable,unavailable,65 - 74 years,M,15 to 27 days,V,unavailable,unavailable,27
202105,unavailable,BNE,ZQN,V,A,AU,unavailable,unavailable,35 - 44 years,M,less than 7 days,H,unavailable,unavailable,30
202105,unavailable,MEL,AKL,V,A,AU,unavailable,unavailable,45 - 54 years,F,less than 7 days,H,unavailable,unavailable,30
202105,unavailable,SYD,AKL,V,A,AU,unavailable,unavailable,35 - 44 years,M,28+ days,V,unavailable,unavailable,27
202105,unavailable,SYD,ZQN,V,A,AU,unavailable,unavailable,35 - 44 years,F,less than 7 days,V,unavailable,unavailable,30
202105,unavailable,MEL,CHC,V,A,AU,unavailable,unavailable,35 - 44 years,F,15 to 27 days,V,unavailable,unavailable,27
202105,unavailable,BNE,ZQN,V,A,AU,unavailable,unavailable,55 - 64 years,M,less than 7 days,H,unavailable,unavailable,30
202105,unavailable,SYD,ZQN,V,A,AU,unavailable,unavailable,35 - 44 years,M,8 - 14 days,V,unavailable,unavailable,30
202105,unavailable,BNE,WLG,V,A,AU,unavailable,unavailable,45 - 54 years,M,less than 7 days,B,unavailable,unavailable,27
202105,unavailable,BNE,ZQN,V,A,AU,unavailable,unavailable,45 - 54 years,M,less than 7 days,H,unavailable,unavailable,27
202105,unavailable,BNE,AKL,V,A,AU,unavailable,unavailable,35 - 44 years,M,less than 7 days,H,unavailable,unavailable,30
202105,unavailable,PER,AKL,V,A,AU,unavailable,unavailable,01 - 11 years,F,28+ days,V,unavailable,unavailable,30
202105,unavailable,PER,AKL,V,A,AU,unavailable,unavailable,25 - 34 years,F,28+ days,V,unavailable,unavailable,30
202105,unavailable,MEL,ZQN,V,A,AU,unavailable,unavailable,35 - 44 years,M,less than 7 days,H,unavailable,unavailable,27
202105,unavailable,BNE,CHC,V,A,AU,unavailable,unavailable,45 - 54 years,M,less than 7 days,B,unavailable,unavailable,30
202105,unavailable,SYD,WLG,V,A,AU,unavailable,unavailable,01 - 11 years,F,less than 7 days,V,unavailable,unavailable,27
202105,unavailable,BNE,AKL,V,A,AU,unavailable,unavailable,75+,M,8 - 14 days,V,unavailable,unavailable,30
202105,unavailable,BNE,AKL,V,A,AU,unavailable,unavailable,25 - 34 years,M,28+ days,V,unavailable,unavailable,27
202105,unavailable,SYD,ZQN,V,A,AU,unavailable,unavailable,45 - 54 years,M,less than 7 days,B,unavailable,unavailable,27
202105,unavailable,SYD,ZQN,V,A,AU,unavailable,unavailable,65 - 74 years,M,less than 7 days,H,unavailable,unavailable,27
202105,unavailable,SYD,ZQN,V,A,AU,unavailable,unavailable,55 - 64 years,M,8 - 14 days,H,unavailable,unavailable,27
202105,unavailable,BNE,AKL,V,A,AU,unavailable,unavailable,65 - 74 years,M,less than 7 days,B,unavailable,unavailable,27
202105,unavailable,SYD,AKL,V,A,AU,unavailable,unavailable,55 - 64 years,F,8 - 14 days,H,unavailable,unavailable,27
202105,unavailable,ADL,AKL,V,A,AU,unavailable,unavailable,55 - 64 years,F,8 - 14 days,V,unavailable,unavailable,27
202105,unavailable,BNE,WLG,V,A,AU,unavailable,unavailable,45 - 54 years,M,8 - 14 days,V,unavailable,unavailable,27
202105,unavailable,PER,AKL,V,A,AU,unavailable,unavailable,45 - 54 years,M,less than 7 days,V,unavailable,unavailable,27
202105,unavailable,BNE,CHC,V,A,AU,unavailable,unavailable,55 - 64 years,M,15 to 27 days,V,unavailable,unavailable,27
202105,unavailable,SYD,AKL,V,A,AU,unavailable,unavailable,35 - 44 years,F,8 - 14 days,H,unavailable,unavailable,27
202105,unavailable,MEL,WLG,V,A,AU,unavailable,unavailable,35 - 44 years,M,15 to 27 days,V,unavailable,unavailable,27
202105,unavailable,BNE,AKL,V,A,AU,unavailable,unavailable,25 - 34 years,F,less than 7 days,H,unavailable,unavailable,27
202105,unavailable,SYD,WLG,V,A,AU,unavailable,unavailable,25 - 34 years,M,15 to 27 days,V,unavailable,unavailable,27
202105,unavailable,SYD,CHC,V,A,AU,unavailable,unavailable,19 - 24 years,M,less than 7 days,V,unavailable,unavailable,27
202105,unavailable,MEL,AKL,V,A,AU,unavailable,unavailable,35 - 44 years,M,8 - 14 days,H,unavailable,unavailable,24
202105,unavailable,MEL,AKL,V,A,AU,unavailable,unavailable,35 - 44 years,F,less than 7 days,H,unavailable,unavailable,24
202105,unavailable,PER,AKL,V,A,AU,unavailable,unavailable,65 - 74 years,F,8 - 14 days,V,unavailable,unavailable,24
202105,unavailable,MEL,AKL,V,A,AU,unavailable,unavailable,55 - 64 years,F,less than 7 days,B,unavailable,unavailable,24
202105,unavailable,MEL,AKL,V,A,AU,unavailable,unavailable,35 - 44 years,M,8 - 14 days,B,unavailable,unavailable,27
202105,unavailable,PER,AKL,V,A,AU,unavailable,unavailable,55 - 64 years,M,28+ days,V,unavailable,unavailable,27
202105,unavailable,OOL,AKL,V,A,AU,unavailable,unavailable,45 - 54 years,F,15 to 27 days,V,unavailable,unavailable,27
202105,unavailable,BNE,WLG,V,A,AU,unavailable,unavailable,55 - 64 years,M,8 - 14 days,V,unavailable,unavailable,24
202105,unavailable,SYD,AKL,V,A,AU,unavailable,unavailable,25 - 34 years,F,8 - 14 days,B,unavailable,unavailable,24
202105,unavailable,PER,AKL,V,A,AU,unavailable,unavailable,45 - 54 years,F,less than 7 days,V,unavailable,unavailable,24
202105,unavailable,BNE,CHC,V,A,AU,unavailable,unavailable,19 - 24 years,F,less than 7 days,V,unavailable,unavailable,27
202105,unavailable,SYD,AKL,V,A,AU,unavailable,unavailable,65 - 74 years,M,28+ days,V,unavailable,unavailable,24
202105,unavailable,SYD,WLG,V,A,AU,unavailable,unavailable,65 - 74 years,F,15 to 27 days,V,unavailable,unavailable,27
202105,unavailable,SYD,AKL,V,A,AU,unavailable,unavailable,55 - 64 years,M,less than 7 days,N,unavailable,unavailable,24
202105,unavailable,SYD,ZQN,V,A,AU,unavailable,unavailable,45 - 54 years,M,less than 7 days,V,unavailable,unavailable,24
202105,unavailable,BNE,CHC,V,A,AU,unavailable,unavailable,65 - 74 years,M,15 to 27 days,V,unavailable,unavailable,27
202105,unavailable,OOL,AKL,V,A,AU,unavailable,unavailable,45 - 54 years,M,less than 7 days,B,unavailable,unavailable,24
202105,unavailable,SYD,WLG,V,A,AU,unavailable,unavailable,45 - 54 years,F,15 to 27 days,V,unavailable,unavailable,24
202105,unavailable,MEL,AKL,V,A,AU,unavailable,unavailable,45 - 54 years,M,less than 7 days,N,unavailable,unavailable,27
202105,unavailable,OOL,AKL,V,A,AU,unavailable,unavailable,65 - 74 years,F,28+ days,V,unavailable,unavailable,24
202105,unavailable,MEL,CHC,V,A,AU,unavailable,unavailable,35 - 44 years,M,15 to 27 days,V,unavailable,unavailable,27
202105,unavailable,SYD,ZQN,V,A,AU,unavailable,unavailable,35 - 44 years,M,less than 7 days,B,unavailable,unavailable,27
202105,unavailable,SYD,AKL,V,A,AU,unavailable,unavailable,12 - 18 years,M,8 - 14 days,V,unavailable,unavailable,24
202105,unavailable,MEL,CHC,V,A,AU,unavailable,unavailable,01 - 11 years,M,less than 7 days,V,unavailable,unavailable,27
202105,unavailable,MEL,CHC,V,A,AU,unavailable,unavailable,45 - 54 years,F,15 to 27 days,V,unavailable,unavailable,27
202105,unavailable,BNE,WLG,V,A,AU,unavailable,unavailable,55 - 64 years,F,15 to 27 days,V,unavailable,unavailable,24
202105,unavailable,BNE,AKL,V,A,AU,unavailable,unavailable,55 - 64 years,M,less than 7 days,H,unavailable,unavailable,24
202105,unavailable,SYD,CHC,V,A,AU,unavailable,unavailable,65 - 74 years,F,15 to 27 days,V,unavailable,unavailable,24
202105,unavailable,MEL,WLG,V,A,AU,unavailable,unavailable,01 - 11 years,F,8 - 14 days,V,unavailable,unavailable,24
202105,unavailable,SYD,CHC,V,A,AU,unavailable,unavailable,25 - 34 years,M,less than 7 days,B,unavailable,unavailable,24
202105,unavailable,BNE,AKL,V,A,AU,unavailable,unavailable,45 - 54 years,M,8 - 14 days,B,unavailable,unavailable,24
202105,unavailable,MEL,AKL,V,A,AU,unavailable,unavailable,12 - 18 years,F,8 - 14 days,V,unavailable,unavailable,24
202105,unavailable,BNE,AKL,V,A,AU,unavailable,unavailable,19 - 24 years,F,15 to 27 days,V,unavailable,unavailable,24
202105,unavailable,MEL,WLG,V,A,AU,unavailable,unavailable,01 - 11 years,F,less than 7 days,V,unavailable,unavailable,24
202105,unavailable,BNE,AKL,V,A,AU,unavailable,unavailable,55 - 64 years,M,8 - 14 days,H,unavailable,unavailable,24
202105,unavailable,MEL,WLG,V,A,AU,unavailable,unavailable,65 - 74 years,M,8 - 14 days,V,unavailable,unavailable,24
202105,unavailable,SYD,WLG,V,A,AU,unavailable,unavailable,65 - 74 years,M,8 - 14 days,V,unavailable,unavailable,24
202105,unavailable,PER,AKL,V,A,AU,unavailable,unavailable,19 - 24 years,F,8 - 14 days,V,unavailable,unavailable,24
202105,unavailable,SYD,WLG,V,A,AU,unavailable,unavailable,35 - 44 years,M,15 to 27 days,V,unavailable,unavailable,24
202105,unavailable,SYD,WLG,V,A,AU,unavailable,unavailable,65 - 74 years,M,less than 7 days,V,unavailable,unavailable,24
202105,unavailable,MEL,CHC,V,A,AU,unavailable,unavailable,25 - 34 years,M,less than 7 days,B,unavailable,unavailable,24
202105,unavailable,SYD,AKL,V,A,AU,unavailable,unavailable,55 - 64 years,M,8 - 14 days,H,unavailable,unavailable,21
202105,unavailable,MEL,AKL,V,A,AU,unavailable,unavailable,55 - 64 years,M,less than 7 days,H,unavailable,unavailable,24
202105,unavailable,SYD,WLG,V,A,AU,unavailable,unavailable,25 - 34 years,F,less than 7 days,B,unavailable,unavailable,21
202105,unavailable,SYD,ZQN,V,A,AU,unavailable,unavailable,35 - 44 years,M,less than 7 days,V,unavailable,unavailable,24
202105,unavailable,MEL,CHC,V,A,AU,unavailable,unavailable,55 - 64 years,M,less than 7 days,B,unavailable,unavailable,24
202105,unavailable,SYD,ZQN,V,A,AU,unavailable,unavailable,55 - 64 years,F,8 - 14 days,V,unavailable,unavailable,24
202105,unavailable,MEL,WLG,V,A,AU,unavailable,unavailable,55 - 64 years,F,15 to 27 days,V,unavailable,unavailable,24
202105,unavailable,MEL,CHC,V,A,AU,unavailable,unavailable,35 - 44 years,F,28+ days,V,unavailable,unavailable,24
202105,unavailable,BNE,AKL,V,A,AU,unavailable,unavailable,01 - 11 years,F,28+ days,V,unavailable,unavailable,21
202105,unavailable,PER,AKL,V,A,AU,unavailable,unavailable,01 - 11 years,M,15 to 27 days,V,unavailable,unavailable,24
202105,unavailable,OOL,AKL,V,A,AU,unavailable,unavailable,35 - 44 years,M,less than 7 days,B,unavailable,unavailable,24
202105,unavailable,SYD,CHC,V,A,AU,unavailable,unavailable,35 - 44 years,F,8 - 14 days,H,unavailable,unavailable,24
202105,unavailable,PER,AKL,V,A,AU,unavailable,unavailable,55 - 64 years,F,less than 7 days,V,unavailable,unavailable,21
202105,unavailable,BNE,CHC,V,A,AU,unavailable,unavailable,01 - 11 years,M,less than 7 days,V,unavailable,unavailable,21
202105,unavailable,BNE,AKL,V,A,AU,unavailable,unavailable,55 - 64 years,M,8 - 14 days,B,unavailable,unavailable,24
202105,unavailable,OOL,AKL,V,A,AU,unavailable,unavailable,55 - 64 years,M,15 to 27 days,V,unavailable,unavailable,24
202105,unavailable,MEL,AKL,V,A,AU,unavailable,unavailable,55 - 64 years,M,8 - 14 days,H,unavailable,unavailable,21
202105,unavailable,BNE,CHC,V,A,AU,unavailable,unavailable,01 - 11 years,F,8 - 14 days,V,unavailable,unavailable,21
202105,unavailable,SYD,WLG,V,A,AU,unavailable,unavailable,65 - 74 years,F,less than 7 days,V,unavailable,unavailable,24
202105,unavailable,MEL,AKL,V,A,AU,unavailable,unavailable,25 - 34 years,M,8 - 14 days,B,unavailable,unavailable,21
202105,unavailable,OOL,AKL,V,A,AU,unavailable,unavailable,55 - 64 years,F,28+ days,V,unavailable,unavailable,21
202105,unavailable,SYD,WLG,V,A,AU,unavailable,unavailable,35 - 44 years,F,less than 7 days,B,unavailable,unavailable,24
202105,unavailable,SYD,CHC,V,A,AU,unavailable,unavailable,55 - 64 years,M,15 to 27 days,V,unavailable,unavailable,24
202105,unavailable,SYD,ZQN,V,A,AU,unavailable,unavailable,55 - 64 years,M,less than 7 days,B,unavailable,unavailable,21
202105,unavailable,MEL,ZQN,V,A,AU,unavailable,unavailable,25 - 34 years,M,8 - 14 days,H,unavailable,unavailable,24
202105,unavailable,MEL,AKL,V,A,AU,unavailable,unavailable,65 - 74 years,M,28+ days,V,unavailable,unavailable,21
202105,unavailable,BNE,CHC,V,A,AU,unavailable,unavailable,45 - 54 years,M,less than 7 days,H,unavailable,unavailable,21
202105,unavailable,BNE,AKL,V,A,AU,unavailable,unavailable,35 - 44 years,F,28+ days,V,unavailable,unavailable,21
202105,unavailable,PER,AKL,V,A,AU,unavailable,unavailable,45 - 54 years,M,28+ days,V,unavailable,unavailable,24
202105,unavailable,MEL,WLG,V,A,AU,unavailable,unavailable,19 - 24 years,F,less than 7 days,V,unavailable,unavailable,21
202105,unavailable,BNE,AKL,V,A,AU,unavailable,unavailable,75+,F,15 to 27 days,V,unavailable,unavailable,21
202105,unavailable,SYD,WLG,V,A,AU,unavailable,unavailable,19 - 24 years,F,8 - 14 days,V,unavailable,unavailable,21
202105,unavailable,MEL,WLG,V,A,AU,unavailable,unavailable,01 - 11 years,M,less than 7 days,V,unavailable,unavailable,21
202105,unavailable,SYD,WLG,V,A,AU,unavailable,unavailable,65 - 74 years,F,8 - 14 days,V,unavailable,unavailable,24
202105,unavailable,SYD,AKL,V,A,AU,unavailable,unavailable,25 - 34 years,M,15 to 27 days,H,unavailable,unavailable,21
202105,unavailable,SYD,AKL,V,A,AU,unavailable,unavailable,45 - 54 years,F,less than 7 days,N,unavailable,unavailable,21
202105,unavailable,BNE,CHC,V,A,AU,unavailable,unavailable,45 - 54 years,F,15 to 27 days,V,unavailable,unavailable,24
202105,unavailable,PER,AKL,V,A,AU,unavailable,unavailable,35 - 44 years,F,less than 7 days,V,unavailable,unavailable,24
202105,unavailable,SYD,CHC,V,A,AU,unavailable,unavailable,55 - 64 years,M,8 - 14 days,H,unavailable,unavailable,21
202105,unavailable,BNE,CHC,V,A,AU,unavailable,unavailable,25 - 34 years,M,15 to 27 days,V,unavailable,unavailable,21
202105,unavailable,SYD,AKL,V,A,AU,unavailable,unavailable,Less than 1 year,F,8 - 14 days,V,unavailable,unavailable,21
202105,unavailable,SYD,AKL,V,A,AU,unavailable,unavailable,45 - 54 years,M,8 - 14 days,H,unavailable,unavailable,21
202105,unavailable,MEL,AKL,V,A,AU,unavailable,unavailable,45 - 54 years,M,less than 7 days,H,unavailable,unavailable,21
202105,unavailable,BNE,AKL,V,A,XX,unavailable,unavailable,25 - 34 years,M,less than 7 days,N,unavailable,unavailable,21
202105,unavailable,BNE,AKL,V,A,AU,unavailable,unavailable,75+,M,15 to 27 days,V,unavailable,unavailable,21
202105,unavailable,MEL,AKL,V,A,AU,unavailable,unavailable,19 - 24 years,F,28+ days,V,unavailable,unavailable,21
202105,unavailable,SYD,AKL,V,A,AU,unavailable,unavailable,25 - 34 years,F,15 to 27 days,H,unavailable,unavailable,21
202105,unavailable,MEL,WLG,V,A,AU,unavailable,unavailable,45 - 54 years,F,15 to 27 days,V,unavailable,unavailable,21
202105,unavailable,SYD,AKL,V,A,AU,unavailable,unavailable,25 - 34 years,F,28+ days,N,unavailable,unavailable,21
202105,unavailable,BNE,CHC,V,A,AU,unavailable,unavailable,25 - 34 years,M,8 - 14 days,H,unavailable,unavailable,21
202105,unavailable,SYD,WLG,V,A,AU,unavailable,unavailable,35 - 44 years,F,15 to 27 days,V,unavailable,unavailable,21
202105,unavailable,SYD,ZQN,V,A,AU,unavailable,unavailable,35 - 44 years,F,8 - 14 days,V,unavailable,unavailable,21
202105,unavailable,SYD,CHC,V,A,AU,unavailable,unavailable,25 - 34 years,M,15 to 27 days,V,unavailable,unavailable,21
202105,unavailable,SYD,AKL,V,A,AU,unavailable,unavailable,45 - 54 years,F,8 - 14 days,H,unavailable,unavailable,21
202105,unavailable,BNE,WLG,V,A,AU,unavailable,unavailable,19 - 24 years,F,less than 7 days,V,unavailable,unavailable,21
202105,unavailable,BNE,CHC,V,A,AU,unavailable,unavailable,35 - 44 years,F,15 to 27 days,V,unavailable,unavailable,21
202105,unavailable,BNE,AKL,V,A,AU,unavailable,unavailable,45 - 54 years,M,28+ days,V,unavailable,unavailable,21
202105,unavailable,MEL,WLG,V,A,AU,unavailable,unavailable,01 - 11 years,M,8 - 14 days,V,unavailable,unavailable,21
202105,unavailable,SYD,AKL,V,A,AU,unavailable,unavailable,75+,M,15 to 27 days,V,unavailable,unavailable,21
202105,unavailable,MEL,WLG,V,A,AU,unavailable,unavailable,65 - 74 years,F,8 - 14 days,V,unavailable,unavailable,21
202105,unavailable,BNE,CHC,V,A,AU,unavailable,unavailable,01 - 11 years,F,less than 7 days,V,unavailable,unavailable,21
202105,unavailable,SYD,ZQN,V,A,AU,unavailable,unavailable,25 - 34 years,M,less than 7 days,B,unavailable,unavailable,21
202105,unavailable,SYD,AKL,V,A,AU,unavailable,unavailable,01 - 11 years,M,8 - 14 days,H,unavailable,unavailable,21
202105,unavailable,BNE,WLG,V,A,AU,unavailable,unavailable,01 - 11 years,M,less than 7 days,V,unavailable,unavailable,21
202105,unavailable,PER,AKL,V,A,AU,unavailable,unavailable,45 - 54 years,M,less than 7 days,B,unavailable,unavailable,21
202105,unavailable,MEL,WLG,V,A,AU,unavailable,unavailable,55 - 64 years,F,28+ days,V,unavailable,unavailable,21
202105,unavailable,BNE,WLG,V,A,AU,unavailable,unavailable,65 - 74 years,F,8 - 14 days,V,unavailable,unavailable,21
202105,unavailable,BNE,AKL,V,A,AU,unavailable,unavailable,25 - 34 years,M,less than 7 days,H,unavailable,unavailable,21
202105,unavailable,SYD,WLG,V,A,AU,unavailable,unavailable,35 - 44 years,M,less than 7 days,H,unavailable,unavailable,18
202105,unavailable,BNE,CHC,V,A,AU,unavailable,unavailable,65 - 74 years,F,less than 7 days,V,unavailable,unavailable,18
202105,unavailable,SYD,CHC,V,A,AU,unavailable,unavailable,01 - 11 years,M,8 - 14 days,V,unavailable,unavailable,21
202105,unavailable,ADL,AKL,V,A,AU,unavailable,unavailable,55 - 64 years,M,8 - 14 days,V,unavailable,unavailable,21
202105,unavailable,BNE,WLG,V,A,AU,unavailable,unavailable,65 - 74 years,F,28+ days,V,unavailable,unavailable,18
202105,unavailable,MEL,AKL,V,A,AU,unavailable,unavailable,25 - 34 years,M,28+ days,N,unavailable,unavailable,18
202105,unavailable,SYD,WLG,V,A,AU,unavailable,unavailable,55 - 64 years,M,15 to 27 days,V,unavailable,unavailable,21
202105,unavailable,ADL,AKL,V,A,AU,unavailable,unavailable,45 - 54 years,F,less than 7 days,V,unavailable,unavailable,18
202105,unavailable,SYD,ZQN,V,A,AU,unavailable,unavailable,55 - 64 years,M,8 - 14 days,V,unavailable,unavailable,21
202105,unavailable,SYD,ZQN,V,A,AU,unavailable,unavailable,55 - 64 years,F,8 - 14 days,H,unavailable,unavailable,21
202105,unavailable,SYD,WLG,V,A,AU,unavailable,unavailable,45 - 54 years,M,15 to 27 days,V,unavailable,unavailable,21
202105,unavailable,MEL,AKL,V,A,AU,unavailable,unavailable,25 - 34 years,M,less than 7 days,N,unavailable,unavailable,21
202105,unavailable,PER,AKL,V,A,AU,unavailable,unavailable,35 - 44 years,F,28+ days,V,unavailable,unavailable,21
202105,unavailable,BNE,WLG,V,A,AU,unavailable,unavailable,35 - 44 years,M,less than 7 days,B,unavailable,unavailable,18
202105,unavailable,BNE,ZQN,V,A,AU,unavailable,unavailable,55 - 64 years,F,less than 7 days,V,unavailable,unavailable,21
202105,unavailable,MEL,CHC,V,A,AU,unavailable,unavailable,01 - 11 years,F,8 - 14 days,V,unavailable,unavailable,21
202105,unavailable,SYD,WLG,V,A,AU,unavailable,unavailable,12 - 18 years,F,less than 7 days,V,unavailable,unavailable,18
202105,unavailable,BNE,WLG,V,A,AU,unavailable,unavailable,25 - 34 years,F,15 to 27 days,V,unavailable,unavailable,18
202105,unavailable,MEL,AKL,V,A,AU,unavailable,unavailable,55 - 64 years,M,28+ days,V,unavailable,unavailable,21
202105,unavailable,BNE,AKL,V,A,AU,unavailable,unavailable,45 - 54 years,F,less than 7 days,H,unavailable,unavailable,18
202105,unavailable,MEL,CHC,V,A,AU,unavailable,unavailable,55 - 64 years,F,28+ days,V,unavailable,unavailable,18
202105,unavailable,MEL,WLG,V,A,AU,unavailable,unavailable,01 - 11 years,M,15 to 27 days,V,unavailable,unavailable,18
202105,unavailable,MEL,AKL,V,A,AU,unavailable,unavailable,55 - 64 years,F,less than 7 days,H,unavailable,unavailable,21
202105,unavailable,SYD,CHC,V,A,AU,unavailable,unavailable,65 - 74 years,M,15 to 27 days,V,unavailable,unavailable,21
202105,unavailable,MEL,ZQN,V,A,AU,unavailable,unavailable,25 - 34 years,F,8 - 14 days,H,unavailable,unavailable,18
202105,unavailable,SYD,AKL,V,A,AU,unavailable,unavailable,45 - 54 years,M,28+ days,V,unavailable,unavailable,18
202105,unavailable,MEL,ZQN,V,A,AU,unavailable,unavailable,25 - 34 years,F,8 - 14 days,V,unavailable,unavailable,18
202105,unavailable,BNE,AKL,V,A,AU,unavailable,unavailable,55 - 64 years,F,less than 7 days,H,unavailable,unavailable,18
202105,unavailable,ADL,AKL,V,A,AU,unavailable,unavailable,25 - 34 years,F,15 to 27 days,V,unavailable,unavailable,18
202105,unavailable,SYD,AKL,V,A,AU,unavailable,unavailable,65 - 74 years,M,less than 7 days,H,unavailable,unavailable,18
202105,unavailable,BNE,ZQN,V,A,AU,unavailable,unavailable,45 - 54 years,F,less than 7 days,H,unavailable,unavailable,18
202105,unavailable,SYD,AKL,V,A,AU,unavailable,unavailable,19 - 24 years,F,28+ days,V,unavailable,unavailable,18
202105,unavailable,SYD,AKL,V,A,AU,unavailable,unavailable,25 - 34 years,M,28+ days,N,unavailable,unavailable,18
202105,unavailable,MEL,CHC,V,A,AU,unavailable,unavailable,01 - 11 years,F,less than 7 days,V,unavailable,unavailable,21
202105,unavailable,ADL,AKL,V,A,AU,unavailable,unavailable,55 - 64 years,F,15 to 27 days,V,unavailable,unavailable,18
202105,unavailable,PER,AKL,V,A,AU,unavailable,unavailable,35 - 44 years,M,less than 7 days,B,unavailable,unavailable,21
202105,unavailable,SYD,ZQN,V,A,AU,unavailable,unavailable,25 - 34 years,M,8 - 14 days,V,unavailable,unavailable,21
202105,unavailable,SYD,AKL,V,A,AU,unavailable,unavailable,75+,M,less than 7 days,V,unavailable,unavailable,18
202105,unavailable,BNE,AKL,V,A,AU,unavailable,unavailable,25 - 34 years,M,8 - 14 days,H,unavailable,unavailable,21
202105,unavailable,MEL,AKL,V,A,AU,unavailable,unavailable,Less than 1 year,F,8 - 14 days,V,unavailable,unavailable,18
202105,unavailable,SYD,AKL,V,A,AU,unavailable,unavailable,75+,F,8 - 14 days,V,unavailable,unavailable,18
202105,unavailable,SYD,ZQN,V,A,AU,unavailable,unavailable,01 - 11 years,F,less than 7 days,H,unavailable,unavailable,18
202105,unavailable,BNE,ZQN,V,A,AU,unavailable,unavailable,55 - 64 years,F,less than 7 days,H,unavailable,unavailable,18
202105,unavailable,SYD,CHC,V,A,AU,unavailable,unavailable,35 - 44 years,F,less than 7 days,H,unavailable,unavailable,18
202105,unavailable,BNE,CHC,V,A,AU,unavailable,unavailable,25 - 34 years,F,less than 7 days,H,unavailable,unavailable,18
202105,unavailable,MEL,AKL,V,A,AU,unavailable,unavailable,45 - 54 years,M,8 - 14 days,H,unavailable,unavailable,18
202105,unavailable,MEL,AKL,V,A,AU,unavailable,unavailable,25 - 34 years,M,15 to 27 days,H,unavailable,unavailable,21
202105,unavailable,SYD,AKL,V,A,AU,unavailable,unavailable,19 - 24 years,F,less than 7 days,B,unavailable,unavailable,21
202105,unavailable,SYD,AKL,V,A,AU,unavailable,unavailable,01 - 11 years,M,28+ days,V,unavailable,unavailable,18
202105,unavailable,SYD,ZQN,V,A,AU,unavailable,unavailable,45 - 54 years,M,8 - 14 days,H,unavailable,unavailable,21
202105,unavailable,SYD,CHC,V,A,AU,unavailable,unavailable,45 - 54 years,M,less than 7 days,H,unavailable,unavailable,18
202105,unavailable,ADL,AKL,V,A,AU,unavailable,unavailable,25 - 34 years,M,8 - 14 days,V,unavailable,unavailable,18
202105,unavailable,SYD,ZQN,V,A,AU,unavailable,unavailable,55 - 64 years,F,less than 7 days,V,unavailable,unavailable,18
202105,unavailable,BNE,WLG,V,A,AU,unavailable,unavailable,65 - 74 years,M,8 - 14 days,V,unavailable,unavailable,18
202105,unavailable,SYD,ZQN,V,A,AU,unavailable,unavailable,25 - 34 years,F,15 to 27 days,H,unavailable,unavailable,18
202105,unavailable,OOL,AKL,V,A,AU,unavailable,unavailable,25 - 34 years,M,less than 7 days,H,unavailable,unavailable,21
202105,unavailable,PER,AKL,V,A,AU,unavailable,unavailable,65 - 74 years,M,8 - 14 days,V,unavailable,unavailable,18
202105,unavailable,PER,AKL,V,A,AU,unavailable,unavailable,35 - 44 years,M,28+ days,V,unavailable,unavailable,21
202105,unavailable,OOL,AKL,V,A,AU,unavailable,unavailable,25 - 34 years,F,28+ days,V,unavailable,unavailable,21
202105,unavailable,MEL,AKL,V,A,AU,unavailable,unavailable,19 - 24 years,M,15 to 27 days,V,unavailable,unavailable,18
202105,unavailable,MEL,CHC,V,A,AU,unavailable,unavailable,25 - 34 years,M,15 to 27 days,H,unavailable,unavailable,18
202105,unavailable,MEL,CHC,V,A,AU,unavailable,unavailable,19 - 24 years,F,less than 7 days,V,unavailable,unavailable,18
202105,unavailable,SYD,AKL,V,A,XX,unavailable,unavailable,45 - 54 years,M,less than 7 days,N,unavailable,unavailable,18
202105,unavailable,BNE,AKL,V,A,AU,unavailable,unavailable,35 - 44 years,M,less than 7 days,N,unavailable,unavailable,18
202105,unavailable,LAX,AKL,V,A,US,unavailable,unavailable,45 - 54 years,F,28+ days,V,unavailable,unavailable,18
202105,unavailable,BNE,CHC,V,A,AU,unavailable,unavailable,45 - 54 years,M,15 to 27 days,V,unavailable,unavailable,18
202105,unavailable,SYD,AKL,V,A,AU,unavailable,unavailable,19 - 24 years,M,less than 7 days,H,unavailable,unavailable,18
202105,unavailable,PER,AKL,V,A,AU,unavailable,unavailable,65 - 74 years,M,28+ days,V,unavailable,unavailable,18
202105,unavailable,OOL,AKL,V,A,AU,unavailable,unavailable,12 - 18 years,M,less than 7 days,V,unavailable,unavailable,18
202105,unavailable,PER,AKL,V,A,AU,unavailable,unavailable,19 - 24 years,M,8 - 14 days,V,unavailable,unavailable,18
202105,unavailable,MEL,AKL,V,A,AU,unavailable,unavailable,25 - 34 years,F,28+ days,N,unavailable,unavailable,18
202105,unavailable,SYD,ZQN,V,A,AU,unavailable,unavailable,45 - 54 years,F,8 - 14 days,H,unavailable,unavailable,18
202105,unavailable,BNE,AKL,V,A,AU,unavailable,unavailable,35 - 44 years,M,28+ days,V,unavailable,unavailable,18
202105,unavailable,PER,AKL,V,A,AU,unavailable,unavailable,25 - 34 years,M,28+ days,V,unavailable,unavailable,18
202105,unavailable,SYD,ZQN,V,A,AU,unavailable,unavailable,35 - 44 years,F,8 - 14 days,H,unavailable,unavailable,18
202105,unavailable,BNE,AKL,V,A,AU,unavailable,unavailable,12 - 18 years,M,8 - 14 days,V,unavailable,unavailable,18
202105,unavailable,SYD,ZQN,V,A,AU,unavailable,unavailable,25 - 34 years,F,less than 7 days,B,unavailable,unavailable,18
202105,unavailable,SYD,CHC,V,A,AU,unavailable,unavailable,45 - 54 years,F,15 to 27 days,V,unavailable,unavailable,18
202105,unavailable,OOL,AKL,V,A,AU,unavailable,unavailable,35 - 44 years,M,15 to 27 days,V,unavailable,unavailable,18
202105,unavailable,BNE,WLG,V,A,AU,unavailable,unavailable,01 - 11 years,F,less than 7 days,V,unavailable,unavailable,18
202105,unavailable,SYD,WLG,V,A,AU,unavailable,unavailable,19 - 24 years,M,8 - 14 days,V,unavailable,unavailable,18
202105,unavailable,BNE,CHC,V,A,AU,unavailable,unavailable,25 - 34 years,F,8 - 14 days,H,unavailable,unavailable,18
202105,unavailable,SYD,AKL,V,A,AU,unavailable,unavailable,19 - 24 years,M,less than 7 days,O,unavailable,unavailable,18
202105,unavailable,BNE,ZQN,V,A,AU,unavailable,unavailable,25 - 34 years,F,8 - 14 days,V,unavailable,unavailable,18
202105,unavailable,SYD,CHC,V,A,AU,unavailable,unavailable,55 - 64 years,F,8 - 14 days,H,unavailable,unavailable,15
202105,unavailable,MEL,CHC,V,A,AU,unavailable,unavailable,25 - 34 years,M,28+ days,V,unavailable,unavailable,15
202105,unavailable,BNE,AKL,V,A,AU,unavailable,unavailable,Less than 1 year,F,8 - 14 days,V,unavailable,unavailable,18
202105,unavailable,BNE,AKL,V,A,AU,unavailable,unavailable,35 - 44 years,M,8 - 14 days,H,unavailable,unavailable,18
202105,unavailable,BNE,CHC,V,A,AU,unavailable,unavailable,25 - 34 years,M,less than 7 days,H,unavailable,unavailable,15
202105,unavailable,SYD,CHC,V,A,AU,unavailable,unavailable,45 - 54 years,F,less than 7 days,H,unavailable,unavailable,15
202105,unavailable,BNE,AKL,V,A,AU,unavailable,unavailable,75+,M,less than 7 days,V,unavailable,unavailable,18
202105,unavailable,BNE,AKL,V,A,AU,unavailable,unavailable,35 - 44 years,M,8 - 14 days,B,unavailable,unavailable,18
202105,unavailable,BNE,CHC,V,A,AU,unavailable,unavailable,12 - 18 years,F,8 - 14 days,V,unavailable,unavailable,15
202105,unavailable,MEL,CHC,V,A,AU,unavailable,unavailable,65 - 74 years,M,less than 7 days,V,unavailable,unavailable,15
202105,unavailable,SYD,CHC,V,A,AU,unavailable,unavailable,12 - 18 years,F,less than 7 days,V,unavailable,unavailable,18
202105,unavailable,SYD,ZQN,V,A,AU,unavailable,unavailable,25 - 34 years,M,less than 7 days,V,unavailable,unavailable,18
202105,unavailable,SYD,WLG,V,A,AU,unavailable,unavailable,55 - 64 years,M,less than 7 days,H,unavailable,unavailable,18
202105,unavailable,SYD,AKL,V,A,AU,unavailable,unavailable,19 - 24 years,F,8 - 14 days,H,unavailable,unavailable,15
202105,unavailable,MEL,AKL,V,A,AU,unavailable,unavailable,45 - 54 years,F,8 - 14 days,H,unavailable,unavailable,18
202105,unavailable,BNE,AKL,V,A,AU,unavailable,unavailable,12 - 18 years,F,28+ days,V,unavailable,unavailable,18
202105,unavailable,BNE,ZQN,V,A,AU,unavailable,unavailable,35 - 44 years,F,less than 7 days,V,unavailable,unavailable,15
202105,unavailable,SYD,CHC,V,A,AU,unavailable,unavailable,55 - 64 years,M,less than 7 days,H,unavailable,unavailable,15
202105,unavailable,LAX,AKL,V,A,US,unavailable,unavailable,19 - 24 years,F,28+ days,N,unavailable,unavailable,18
202105,unavailable,LAX,AKL,V,A,US,unavailable,unavailable,35 - 44 years,F,28+ days,V,unavailable,unavailable,18
202105,unavailable,SYD,WLG,V,A,AU,unavailable,unavailable,25 - 34 years,M,8 - 14 days,B,unavailable,unavailable,18
202105,unavailable,SYD,CHC,V,A,AU,unavailable,unavailable,35 - 44 years,M,15 to 27 days,V,unavailable,unavailable,18
202105,unavailable,MEL,AKL,V,A,AU,unavailable,unavailable,75+,M,8 - 14 days,V,unavailable,unavailable,18
202105,unavailable,OOL,AKL,V,A,AU,unavailable,unavailable,35 - 44 years,M,less than 7 days,H,unavailable,unavailable,15
202105,unavailable,MEL,AKL,V,A,AU,unavailable,unavailable,55 - 64 years,M,less than 7 days,N,unavailable,unavailable,18
202105,unavailable,BNE,AKL,V,A,AU,unavailable,unavailable,19 - 24 years,F,28+ days,V,unavailable,unavailable,18
202105,unavailable,SYD,AKL,V,A,AU,unavailable,unavailable,19 - 24 years,M,8 - 14 days,H,unavailable,unavailable,18
202105,unavailable,MEL,CHC,V,A,AU,unavailable,unavailable,55 - 64 years,F,15 to 27 days,V,unavailable,unavailable,15
202105,unavailable,BNE,CHC,V,A,AU,unavailable,unavailable,65 - 74 years,M,less than 7 days,V,unavailable,unavailable,15
202105,unavailable,MEL,AKL,V,A,AU,unavailable,unavailable,35 - 44 years,F,8 - 14 days,H,unavailable,unavailable,15
202105,unavailable,BNE,WLG,V,A,AU,unavailable,unavailable,45 - 54 years,F,15 to 27 days,V,unavailable,unavailable,15
202105,unavailable,SYD,ZQN,V,A,AU,unavailable,unavailable,19 - 24 years,M,8 - 14 days,H,unavailable,unavailable,15
202105,unavailable,MEL,AKL,V,A,AU,unavailable,unavailable,55 - 64 years,F,8 - 14 days,H,unavailable,unavailable,15
202105,unavailable,BNE,AKL,V,A,XX,unavailable,unavailable,19 - 24 years,M,less than 7 days,N,unavailable,unavailable,15
202105,unavailable,SYD,AKL,V,A,AU,unavailable,unavailable,65 - 74 years,F,less than 7 days,H,unavailable,unavailable,15
202105,unavailable,MEL,ZQN,V,A,AU,unavailable,unavailable,45 - 54 years,F,less than 7 days,V,unavailable,unavailable,18
202105,unavailable,BNE,CHC,V,A,AU,unavailable,unavailable,55 - 64 years,M,8 - 14 days,H,unavailable,unavailable,15
202105,unavailable,ADL,AKL,V,A,AU,unavailable,unavailable,65 - 74 years,F,8 - 14 days,V,unavailable,unavailable,15
202105,unavailable,SYD,AKL,V,A,AU,unavailable,unavailable,75+,M,8 - 14 days,V,unavailable,unavailable,18
202105,unavailable,MEL,AKL,V,A,AU,unavailable,unavailable,45 - 54 years,M,28+ days,V,unavailable,unavailable,15
202105,unavailable,ADL,AKL,V,A,AU,unavailable,unavailable,45 - 54 years,M,less than 7 days,B,unavailable,unavailable,15
202105,unavailable,OOL,CHC,V,A,AU,unavailable,unavailable,55 - 64 years,F,8 - 14 days,V,unavailable,unavailable,18
202105,unavailable,PER,AKL,V,A,AU,unavailable,unavailable,25 - 34 years,F,8 - 14 days,H,unavailable,unavailable,15
202105,unavailable,SYD,ZQN,V,A,AU,unavailable,unavailable,65 - 74 years,M,8 - 14 days,H,unavailable,unavailable,15
202105,unavailable,MEL,CHC,V,A,AU,unavailable,unavailable,25 - 34 years,F,less than 7 days,H,unavailable,unavailable,15
202105,unavailable,SIN,AKL,V,A,GB,unavailable,unavailable,45 - 54 years,F,28+ days,V,unavailable,unavailable,18
202105,unavailable,BNE,WLG,V,A,AU,unavailable,unavailable,55 - 64 years,F,28+ days,V,unavailable,unavailable,15
202105,unavailable,SYD,CHC,V,A,AU,unavailable,unavailable,19 - 24 years,M,8 - 14 days,H,unavailable,unavailable,15
202105,unavailable,MEL,CHC,V,A,AU,unavailable,unavailable,01 - 11 years,M,15 to 27 days,V,unavailable,unavailable,18
202105,unavailable,BNE,AKL,V,A,AU,unavailable,unavailable,75+,M,28+ days,V,unavailable,unavailable,15
202105,unavailable,ADL,AKL,V,A,AU,unavailable,unavailable,55 - 64 years,M,less than 7 days,V,unavailable,unavailable,15
202105,unavailable,BNE,AKL,V,A,AU,unavailable,unavailable,Less than 1 year,M,8 - 14 days,V,unavailable,unavailable,18
202105,unavailable,OOL,AKL,V,A,AU,unavailable,unavailable,45 - 54 years,M,15 to 27 days,V,unavailable,unavailable,15
202105,unavailable,SYD,WLG,V,A,AU,unavailable,unavailable,25 - 34 years,F,8 - 14 days,O,unavailable,unavailable,15
202105,unavailable,BNE,CHC,V,A,AU,unavailable,unavailable,12 - 18 years,F,less than 7 days,V,unavailable,unavailable,18
202105,unavailable,SYD,AKL,V,A,AU,unavailable,unavailable,01 - 11 years,F,less than 7 days,H,unavailable,unavailable,18
202105,unavailable,MEL,ZQN,V,A,AU,unavailable,unavailable,25 - 34 years,F,less than 7 days,V,unavailable,unavailable,15
202105,unavailable,SYD,AKL,V,A,AU,unavailable,unavailable,Less than 1 year,M,8 - 14 days,V,unavailable,unavailable,15
202105,unavailable,SYD,AKL,V,A,AU,unavailable,unavailable,Less than 1 year,M,less than 7 days,V,unavailable,unavailable,18
202105,unavailable,MEL,CHC,V,A,AU,unavailable,unavailable,45 - 54 years,M,8 - 14 days,V,unavailable,unavailable,15
202105,unavailable,BNE,ZQN,V,A,AU,unavailable,unavailable,55 - 64 years,M,8 - 14 days,H,unavailable,unavailable,18
202105,unavailable,BNE,WLG,V,A,AU,unavailable,unavailable,35 - 44 years,F,15 to 27 days,V,unavailable,unavailable,15
202105,unavailable,SYD,CHC,V,A,AU,unavailable,unavailable,35 - 44 years,F,15 to 27 days,V,unavailable,unavailable,18
202105,unavailable,BNE,ZQN,V,A,AU,unavailable,unavailable,35 - 44 years,F,8 - 14 days,V,unavailable,unavailable,18
202105,unavailable,SYD,AKL,V,A,AU,unavailable,unavailable,55 - 64 years,M,15 to 27 days,H,unavailable,unavailable,15
202105,unavailable,OOL,AKL,V,A,AU,unavailable,unavailable,55 - 64 years,M,less than 7 days,B,unavailable,unavailable,15
202105,unavailable,SYD,AKL,V,A,AU,unavailable,unavailable,65 - 74 years,M,8 - 14 days,H,unavailable,unavailable,15
202105,unavailable,BNE,CHC,V,A,AU,unavailable,unavailable,55 - 64 years,M,less than 7 days,B,unavailable,unavailable,15
202105,unavailable,MEL,AKL,V,A,AU,unavailable,unavailable,Less than 1 year,F,15 to 27 days,V,unavailable,unavailable,15
202105,unavailable,OOL,AKL,V,A,AU,unavailable,unavailable,19 - 24 years,F,15 to 27 days,V,unavailable,unavailable,15
202105,unavailable,SYD,CHC,V,A,AU,unavailable,unavailable,35 - 44 years,F,less than 7 days,B,unavailable,unavailable,15
202105,unavailable,MEL,WLG,V,A,AU,unavailable,unavailable,45 - 54 years,F,less than 7 days,B,unavailable,unavailable,15
202105,unavailable,SYD,CHC,V,A,AU,unavailable,unavailable,25 - 34 years,M,15 to 27 days,H,unavailable,unavailable,15
202105,unavailable,SYD,AKL,V,A,AU,unavailable,unavailable,19 - 24 years,M,28+ days,V,unavailable,unavailable,15
202105,unavailable,BNE,ZQN,V,A,AU,unavailable,unavailable,55 - 64 years,M,less than 7 days,V,unavailable,unavailable,15
202105,unavailable,SYD,ZQN,V,A,AU,unavailable,unavailable,65 - 74 years,F,8 - 14 days,H,unavailable,unavailable,15
202105,unavailable,SYD,ZQN,V,A,AU,unavailable,unavailable,25 - 34 years,F,less than 7 days,N,unavailable,unavailable,15
202105,unavailable,MEL,CHC,V,A,AU,unavailable,unavailable,35 - 44 years,M,less than 7 days,H,unavailable,unavailable,15
202105,unavailable,MEL,WLG,V,A,AU,unavailable,unavailable,25 - 34 years,M,less than 7 days,H,unavailable,unavailable,15
202105,unavailable,BNE,AKL,V,A,AU,unavailable,unavailable,35 - 44 years,F,less than 7 days,H,unavailable,unavailable,15
202105,unavailable,SYD,CHC,V,A,AU,unavailable,unavailable,45 - 54 years,M,15 to 27 days,V,unavailable,unavailable,15
202105,unavailable,BNE,AKL,V,A,AU,unavailable,unavailable,55 - 64 years,F,8 - 14 days,H,unavailable,unavailable,15
202105,unavailable,BNE,ZQN,V,A,AU,unavailable,unavailable,35 - 44 years,F,less than 7 days,H,unavailable,unavailable,15
202105,unavailable,SYD,WLG,V,A,AU,unavailable,unavailable,25 - 34 years,F,28+ days,V,unavailable,unavailable,15
202105,unavailable,SYD,WLG,V,A,AU,unavailable,unavailable,19 - 24 years,M,less than 7 days,V,unavailable,unavailable,15
202105,unavailable,SYD,ZQN,V,A,AU,unavailable,unavailable,19 - 24 years,F,8 - 14 days,H,unavailable,unavailable,15
202105,unavailable,BNE,AKL,V,A,AU,unavailable,unavailable,45 - 54 years,M,less than 7 days,N,unavailable,unavailable,15
202105,unavailable,BNE,AKL,V,A,AU,unavailable,unavailable,35 - 44 years,M,28+ days,N,unavailable,unavailable,15
202105,unavailable,SYD,WLG,V,A,AU,unavailable,unavailable,01 - 11 years,F,15 to 27 days,V,unavailable,unavailable,15
202105,unavailable,BNE,WLG,V,A,AU,unavailable,unavailable,65 - 74 years,M,28+ days,V,unavailable,unavailable,15
202105,unavailable,MEL,AKL,V,A,AU,unavailable,unavailable,65 - 74 years,M,8 - 14 days,H,unavailable,unavailable,15
202105,unavailable,SYD,WLG,V,A,AU,unavailable,unavailable,25 - 34 years,M,28+ days,V,unavailable,unavailable,15
202105,unavailable,SYD,ZQN,V,A,AU,unavailable,unavailable,65 - 74 years,F,8 - 14 days,V,unavailable,unavailable,15
202105,unavailable,BNE,CHC,V,A,AU,unavailable,unavailable,01 - 11 years,M,15 to 27 days,V,unavailable,unavailable,15
202105,unavailable,MEL,WLG,V,A,AU,unavailable,unavailable,01 - 11 years,F,15 to 27 days,V,unavailable,unavailable,15
202105,unavailable,BNE,CHC,V,A,AU,unavailable,unavailable,65 - 74 years,F,28+ days,V,unavailable,unavailable,15
202105,unavailable,SYD,AKL,V,A,XX,unavailable,unavailable,35 - 44 years,M,less than 7 days,N,unavailable,unavailable,15
202105,unavailable,MEL,CHC,V,A,AU,unavailable,unavailable,65 - 74 years,F,8 - 14 days,V,unavailable,unavailable,15
202105,unavailable,BNE,CHC,V,A,AU,unavailable,unavailable,55 - 64 years,F,8 - 14 days,H,unavailable,unavailable,15
202105,unavailable,SYD,AKL,V,A,AU,unavailable,unavailable,75+,F,less than 7 days,V,unavailable,unavailable,15
202105,unavailable,SYD,CHC,V,A,AU,unavailable,unavailable,19 - 24 years,F,8 - 14 days,V,unavailable,unavailable,15
202105,unavailable,LAX,AKL,V,A,US,unavailable,unavailable,55 - 64 years,F,28+ days,V,unavailable,unavailable,15
202105,unavailable,SYD,CHC,V,A,AU,unavailable,unavailable,25 - 34 years,F,15 to 27 days,H,unavailable,unavailable,15
202105,unavailable,MEL,AKL,V,A,AU,unavailable,unavailable,19 - 24 years,M,28+ days,V,unavailable,unavailable,15
202105,unavailable,MEL,CHC,V,A,AU,unavailable,unavailable,35 - 44 years,M,28+ days,V,unavailable,unavailable,15
202105,unavailable,ADL,AKL,V,A,AU,unavailable,unavailable,55 - 64 years,F,less than 7 days,V,unavailable,unavailable,15
202105,unavailable,SYD,ZQN,V,A,AU,unavailable,unavailable,65 - 74 years,M,less than 7 days,V,unavailable,unavailable,12
202105,unavailable,ADL,AKL,V,A,AU,unavailable,unavailable,65 - 74 years,F,28+ days,V,unavailable,unavailable,15
202105,unavailable,SYD,CHC,V,A,AU,unavailable,unavailable,19 - 24 years,F,8 - 14 days,H,unavailable,unavailable,12
202105,unavailable,SYD,WLG,V,A,AU,unavailable,unavailable,55 - 64 years,F,28+ days,V,unavailable,unavailable,15
202105,unavailable,MEL,ZQN,V,A,AU,unavailable,unavailable,45 - 54 years,M,less than 7 days,H,unavailable,unavailable,12
202105,unavailable,BNE,WLG,V,A,AU,unavailable,unavailable,19 - 24 years,F,8 - 14 days,V,unavailable,unavailable,15
202105,unavailable,SYD,WLG,V,A,AU,unavailable,unavailable,45 - 54 years,M,less than 7 days,H,unavailable,unavailable,15
202105,unavailable,BNE,CHC,V,A,AU,unavailable,unavailable,35 - 44 years,M,8 - 14 days,H,unavailable,unavailable,12
202105,unavailable,SYD,AKL,V,A,AU,unavailable,unavailable,25 - 34 years,M,15 to 27 days,B,unavailable,unavailable,12
202105,unavailable,BNE,CHC,V,A,AU,unavailable,unavailable,01 - 11 years,F,15 to 27 days,V,unavailable,unavailable,12
202105,unavailable,SYD,AKL,V,A,AU,unavailable,unavailable,12 - 18 years,F,15 to 27 days,V,unavailable,unavailable,12
202105,unavailable,MEL,ZQN,V,A,AU,unavailable,unavailable,35 - 44 years,F,less than 7 days,H,unavailable,unavailable,12
202105,unavailable,BNE,AKL,V,A,AU,unavailable,unavailable,25 - 34 years,F,8 - 14 days,H,unavailable,unavailable,12
202105,unavailable,MEL,WLG,V,A,AU,unavailable,unavailable,45 - 54 years,M,15 to 27 days,V,unavailable,unavailable,15
202105,unavailable,PER,AKL,V,A,AU,unavailable,unavailable,01 - 11 years,M,28+ days,V,unavailable,unavailable,12
202105,unavailable,MEL,AKL,V,A,AU,unavailable,unavailable,19 - 24 years,M,less than 7 days,H,unavailable,unavailable,15
202105,unavailable,BNE,AKL,V,A,AU,unavailable,unavailable,45 - 54 years,M,15 to 27 days,B,unavailable,unavailable,12
202105,unavailable,SYD,ZQN,V,A,AU,unavailable,unavailable,25 - 34 years,M,15 to 27 days,H,unavailable,unavailable,12
202105,unavailable,MEL,ZQN,V,A,AU,unavailable,unavailable,25 - 34 years,M,8 - 14 days,V,unavailable,unavailable,15
202105,unavailable,MEL,CHC,V,A,AU,unavailable,unavailable,25 - 34 years,F,15 to 27 days,H,unavailable,unavailable,12
202105,unavailable,MEL,AKL,V,A,AU,unavailable,unavailable,Less than 1 year,M,8 - 14 days,V,unavailable,unavailable,12
202105,unavailable,MEL,AKL,V,A,AU,unavailable,unavailable,19 - 24 years,F,less than 7 days,H,unavailable,unavailable,12
202105,unavailable,SYD,CHC,V,A,AU,unavailable,unavailable,55 - 64 years,F,28+ days,V,unavailable,unavailable,15
202105,unavailable,SYD,AKL,V,A,AU,unavailable,unavailable,45 - 54 years,F,8 - 14 days,N,unavailable,unavailable,15
202105,unavailable,BNE,CHC,V,A,AU,unavailable,unavailable,35 - 44 years,M,15 to 27 days,V,unavailable,unavailable,15
202105,unavailable,SYD,CHC,V,A,AU,unavailable,unavailable,65 - 74 years,F,28+ days,V,unavailable,unavailable,15
202105,unavailable,SYD,ZQN,V,A,AU,unavailable,unavailable,65 - 74 years,M,8 - 14 days,V,unavailable,unavailable,15
202105,unavailable,SYD,AKL,V,A,AU,unavailable,unavailable,25 - 34 years,M,28+ days,H,unavailable,unavailable,15
202105,unavailable,SYD,CHC,V,A,AU,unavailable,unavailable,45 - 54 years,M,8 - 14 days,H,unavailable,unavailable,12
202105,unavailable,SYD,ZQN,V,A,AU,unavailable,unavailable,35 - 44 years,F,less than 7 days,B,unavailable,unavailable,12
202105,unavailable,MEL,AKL,V,A,AU,unavailable,unavailable,25 - 34 years,F,15 to 27 days,H,unavailable,unavailable,15
202105,unavailable,BNE,CHC,V,A,AU,unavailable,unavailable,25 - 34 years,M,15 to 27 days,B,unavailable,unavailable,15
202105,unavailable,MEL,ZQN,V,A,AU,unavailable,unavailable,35 - 44 years,M,less than 7 days,V,unavailable,unavailable,15
202105,unavailable,SYD,AKL,V,A,AU,unavailable,unavailable,Less than 1 year,F,15 to 27 days,V,unavailable,unavailable,15
202105,unavailable,MEL,CHC,V,A,AU,unavailable,unavailable,25 - 34 years,M,less than 7 days,H,unavailable,unavailable,15
202105,unavailable,LAX,AKL,V,A,US,unavailable,unavailable,45 - 54 years,M,28+ days,V,unavailable,unavailable,15
202105,unavailable,OOL,AKL,V,A,AU,unavailable,unavailable,12 - 18 years,M,8 - 14 days,V,unavailable,unavailable,12
202105,unavailable,SYD,AKL,V,A,AU,unavailable,unavailable,35 - 44 years,M,15 to 27 days,B,unavailable,unavailable,12
202105,unavailable,SYD,AKL,V,A,AU,unavailable,unavailable,55 - 64 years,F,less than 7 days,N,unavailable,unavailable,15
202105,unavailable,ADL,AKL,V,A,AU,unavailable,unavailable,25 - 34 years,F,8 - 14 days,V,unavailable,unavailable,15
202105,unavailable,LAX,AKL,V,A,US,unavailable,unavailable,35 - 44 years,M,28+ days,V,unavailable,unavailable,12
202105,unavailable,BNE,WLG,V,A,AU,unavailable,unavailable,65 - 74 years,F,less than 7 days,V,unavailable,unavailable,15
202105,unavailable,SYD,WLG,V,A,AU,unavailable,unavailable,01 - 11 years,M,15 to 27 days,V,unavailable,unavailable,12
202105,unavailable,MEL,WLG,V,A,AU,unavailable,unavailable,35 - 44 years,M,28+ days,V,unavailable,unavailable,12
202105,unavailable,SYD,AKL,V,A,AU,unavailable,unavailable,35 - 44 years,F,less than 7 days,N,unavailable,unavailable,12
202105,unavailable,SYD,AKL,V,A,AU,unavailable,unavailable,35 - 44 years,F,8 - 14 days,B,unavailable,unavailable,12
202105,unavailable,OOL,AKL,V,A,AU,unavailable,unavailable,19 - 24 years,M,less than 7 days,H,unavailable,unavailable,12
202105,unavailable,SYD,CHC,V,A,AU,unavailable,unavailable,55 - 64 years,F,less than 7 days,H,unavailable,unavailable,12
202105,unavailable,MEL,AKL,V,A,AU,unavailable,unavailable,35 - 44 years,M,28+ days,B,unavailable,unavailable,12
202105,unavailable,BNE,AKL,V,A,AU,unavailable,unavailable,65 - 74 years,M,8 - 14 days,H,unavailable,unavailable,15
202105,unavailable,BNE,ZQN,V,A,AU,unavailable,unavailable,25 - 34 years,M,8 - 14 days,H,unavailable,unavailable,12
202105,unavailable,SYD,AKL,V,A,AU,unavailable,unavailable,75+,F,15 to 27 days,V,unavailable,unavailable,12
202105,unavailable,MEL,CHC,V,A,AU,unavailable,unavailable,65 - 74 years,M,8 - 14 days,V,unavailable,unavailable,12
202105,unavailable,SYD,AKL,V,A,AU,unavailable,unavailable,55 - 64 years,F,less than 7 days,O,unavailable,unavailable,15
202105,unavailable,MEL,CHC,V,A,AU,unavailable,unavailable,65 - 74 years,M,15 to 27 days,V,unavailable,unavailable,12
202105,unavailable,OOL,AKL,V,A,AU,unavailable,unavailable,35 - 44 years,F,28+ days,V,unavailable,unavailable,15
202105,unavailable,SYD,AKL,V,A,AU,unavailable,unavailable,65 - 74 years,F,8 - 14 days,H,unavailable,unavailable,12
202105,unavailable,MEL,AKL,V,A,AU,unavailable,unavailable,Less than 1 year,M,15 to 27 days,V,unavailable,unavailable,12
202105,unavailable,MEL,AKL,V,A,AU,unavailable,unavailable,25 - 34 years,M,28+ days,H,unavailable,unavailable,15
202105,unavailable,PER,AKL,V,A,AU,unavailable,unavailable,25 - 34 years,M,15 to 27 days,B,unavailable,unavailable,15
202105,unavailable,MEL,CHC,V,A,AU,unavailable,unavailable,65 - 74 years,F,less than 7 days,V,unavailable,unavailable,12
202105,unavailable,OOL,AKL,V,A,AU,unavailable,unavailable,35 - 44 years,F,less than 7 days,H,unavailable,unavailable,12
202105,unavailable,OOL,AKL,V,A,AU,unavailable,unavailable,01 - 11 years,F,28+ days,V,unavailable,unavailable,12
202105,unavailable,BNE,AKL,V,A,AU,unavailable,unavailable,45 - 54 years,F,less than 7 days,N,unavailable,unavailable,12
202105,unavailable,BNE,CHC,V,A,AU,unavailable,unavailable,19 - 24 years,M,8 - 14 days,V,unavailable,unavailable,12
202105,unavailable,MEL,CHC,V,A,AU,unavailable,unavailable,35 - 44 years,M,8 - 14 days,H,unavailable,unavailable,12
202105,unavailable,OOL,AKL,V,A,AU,unavailable,unavailable,25 - 34 years,M,less than 7 days,N,unavailable,unavailable,12
202105,unavailable,SYD,ZQN,V,A,AU,unavailable,unavailable,01 - 11 years,F,8 - 14 days,H,unavailable,unavailable,15
202105,unavailable,SYD,CHC,V,A,AU,unavailable,unavailable,25 - 34 years,F,28+ days,V,unavailable,unavailable,12
202105,unavailable,MEL,CHC,V,A,AU,unavailable,unavailable,65 - 74 years,F,15 to 27 days,V,unavailable,unavailable,15
202105,unavailable,SYD,WLG,V,A,AU,unavailable,unavailable,55 - 64 years,F,less than 7 days,B,unavailable,unavailable,15
202105,unavailable,MEL,CHC,V,A,AU,unavailable,unavailable,19 - 24 years,M,8 - 14 days,V,unavailable,unavailable,15
202105,unavailable,SYD,CHC,V,A,AU,unavailable,unavailable,01 - 11 years,F,15 to 27 days,V,unavailable,unavailable,15
202105,unavailable,OOL,AKL,V,A,AU,unavailable,unavailable,25 - 34 years,F,less than 7 days,H,unavailable,unavailable,12
202105,unavailable,MEL,WLG,V,A,AU,unavailable,unavailable,35 - 44 years,F,less than 7 days,B,unavailable,unavailable,15
202105,unavailable,SYD,AKL,V,A,AU,unavailable,unavailable,25 - 34 years,M,28+ days,B,unavailable,unavailable,15
202105,unavailable,SYD,AKL,V,A,AU,unavailable,unavailable,45 - 54 years,F,8 - 14 days,B,unavailable,unavailable,12
202105,unavailable,OOL,AKL,V,A,AU,unavailable,unavailable,45 - 54 years,F,28+ days,V,unavailable,unavailable,12
202105,unavailable,SYD,WLG,V,A,AU,unavailable,unavailable,25 - 34 years,M,8 - 14 days,O,unavailable,unavailable,12
202105,unavailable,MEL,WLG,V,A,AU,unavailable,unavailable,25 - 34 years,M,28+ days,V,unavailable,unavailable,15
202105,unavailable,BNE,WLG,V,A,AU,unavailable,unavailable,55 - 64 years,M,less than 7 days,B,unavailable,unavailable,12
202105,unavailable,MEL,AKL,V,A,AU,unavailable,unavailable,Less than 1 year,F,28+ days,V,unavailable,unavailable,15
202105,unavailable,BNE,AKL,V,A,AU,unavailable,unavailable,45 - 54 years,M,28+ days,B,unavailable,unavailable,15
202105,unavailable,LAX,AKL,V,A,US,unavailable,unavailable,55 - 64 years,M,28+ days,V,unavailable,unavailable,15
202105,unavailable,MEL,AKL,V,A,AU,unavailable,unavailable,25 - 34 years,F,less than 7 days,N,unavailable,unavailable,12
202105,unavailable,BNE,WLG,V,A,AU,unavailable,unavailable,45 - 54 years,M,15 to 27 days,V,unavailable,unavailable,12
202105,unavailable,SYD,AKL,V,A,AU,unavailable,unavailable,01 - 11 years,M,less than 7 days,H,unavailable,unavailable,12
202105,unavailable,MEL,AKL,V,A,AU,unavailable,unavailable,25 - 34 years,M,15 to 27 days,B,unavailable,unavailable,12
202105,unavailable,BNE,CHC,V,A,AU,unavailable,unavailable,35 - 44 years,M,less than 7 days,B,unavailable,unavailable,12
202105,unavailable,BNE,ZQN,V,A,AU,unavailable,unavailable,55 - 64 years,F,8 - 14 days,V,unavailable,unavailable,12
202105,unavailable,MEL,CHC,V,A,AU,unavailable,unavailable,55 - 64 years,M,8 - 14 days,H,unavailable,unavailable,12
202105,unavailable,SYD,AKL,V,A,AU,unavailable,unavailable,45 - 54 years,M,less than 7 days,O,unavailable,unavailable,12
202105,unavailable,BNE,ZQN,V,A,AU,unavailable,unavailable,55 - 64 years,F,15 to 27 days,V,unavailable,unavailable,12
202105,unavailable,SYD,AKL,V,A,AU,unavailable,unavailable,45 - 54 years,F,less than 7 days,O,unavailable,unavailable,12
202105,unavailable,MEL,AKL,V,A,AU,unavailable,unavailable,45 - 54 years,M,15 to 27 days,B,unavailable,unavailable,12
202105,unavailable,SYD,AKL,V,A,AU,unavailable,unavailable,35 - 44 years,M,less than 7 days,O,unavailable,unavailable,12
202105,unavailable,PER,AKL,V,A,AU,unavailable,unavailable,25 - 34 years,M,8 - 14 days,H,unavailable,unavailable,12
202105,unavailable,SYD,AKL,V,A,AU,unavailable,unavailable,25 - 34 years,M,less than 7 days,O,unavailable,unavailable,12
202105,unavailable,MEL,ZQN,V,A,AU,unavailable,unavailable,55 - 64 years,M,less than 7 days,H,unavailable,unavailable,12
202105,unavailable,BNE,WLG,V,A,AU,unavailable,unavailable,65 - 74 years,M,less than 7 days,V,unavailable,unavailable,12
202105,unavailable,LAX,AKL,V,A,US,unavailable,unavailable,25 - 34 years,M,28+ days,V,unavailable,unavailable,12
202105,unavailable,BNE,AKL,V,A,AU,unavailable,unavailable,45 - 54 years,M,less than 7 days,O,unavailable,unavailable,12
202105,unavailable,ADL,AKL,V,A,AU,unavailable,unavailable,65 - 74 years,M,8 - 14 days,V,unavailable,unavailable,12
202105,unavailable,OOL,AKL,V,A,AU,unavailable,unavailable,25 - 34 years,M,28+ days,V,unavailable,unavailable,12
202105,unavailable,MEL,AKL,V,A,AU,unavailable,unavailable,12 - 18 years,M,8 - 14 days,V,unavailable,unavailable,12
202105,unavailable,SYD,CHC,V,A,AU,unavailable,unavailable,12 - 18 years,M,less than 7 days,V,unavailable,unavailable,12
202105,unavailable,MEL,AKL,V,A,AU,unavailable,unavailable,25 - 34 years,M,less than 7 days,O,unavailable,unavailable,12
202105,unavailable,BNE,AKL,V,A,XX,unavailable,unavailable,45 - 54 years,M,less than 7 days,N,unavailable,unavailable,12
202105,unavailable,MEL,AKL,V,A,AU,unavailable,unavailable,65 - 74 years,M,less than 7 days,H,unavailable,unavailable,12
202105,unavailable,MEL,CHC,V,A,AU,unavailable,unavailable,45 - 54 years,M,15 to 27 days,V,unavailable,unavailable,12
202105,unavailable,SYD,AKL,V,A,AU,unavailable,unavailable,45 - 54 years,M,8 - 14 days,N,unavailable,unavailable,12
202105,unavailable,SYD,AKL,V,A,AU,unavailable,unavailable,25 - 34 years,M,8 - 14 days,N,unavailable,unavailable,12
202105,unavailable,SYD,CHC,V,A,AU,unavailable,unavailable,65 - 74 years,M,less than 7 days,B,unavailable,unavailable,12
202105,unavailable,MEL,WLG,V,A,AU,unavailable,unavailable,35 - 44 years,F,28+ days,V,unavailable,unavailable,12
202105,unavailable,SYD,WLG,V,A,AU,unavailable,unavailable,25 - 34 years,M,less than 7 days,H,unavailable,unavailable,12
202105,unavailable,BNE,WLG,V,A,AU,unavailable,unavailable,12 - 18 years,M,8 - 14 days,V,unavailable,unavailable,12
202105,unavailable,BNE,AKL,V,A,AU,unavailable,unavailable,45 - 54 years,M,8 - 14 days,H,unavailable,unavailable,12
202105,unavailable,MEL,AKL,V,A,AU,unavailable,unavailable,35 - 44 years,M,less than 7 days,O,unavailable,unavailable,12
202105,unavailable,LAX,AKL,V,A,US,unavailable,unavailable,19 - 24 years,M,28+ days,N,unavailable,unavailable,12
202105,unavailable,SYD,ZQN,V,A,AU,unavailable,unavailable,45 - 54 years,M,8 - 14 days,V,unavailable,unavailable,12
202105,unavailable,MEL,AKL,V,A,AU,unavailable,unavailable,19 - 24 years,M,8 - 14 days,H,unavailable,unavailable,12
202105,unavailable,MEL,AKL,V,A,AU,unavailable,unavailable,65 - 74 years,F,8 - 14 days,H,unavailable,unavailable,12
202105,unavailable,SYD,AKL,V,A,AU,unavailable,unavailable,45 - 54 years,M,less than 7 days,C,unavailable,unavailable,12
202105,unavailable,BNE,ZQN,V,A,AU,unavailable,unavailable,25 - 34 years,M,8 - 14 days,V,unavailable,unavailable,12
202105,unavailable,BNE,AKL,V,A,AU,unavailable,unavailable,75+,F,less than 7 days,V,unavailable,unavailable,12
202105,unavailable,SYD,AKL,V,A,XX,unavailable,unavailable,35 - 44 years,F,less than 7 days,N,unavailable,unavailable,12
202105,unavailable,ADL,AKL,V,A,AU,unavailable,unavailable,55 - 64 years,F,28+ days,V,unavailable,unavailable,12
202105,unavailable,MEL,WLG,V,A,AU,unavailable,unavailable,19 - 24 years,F,8 - 14 days,V,unavailable,unavailable,12
202105,unavailable,SYD,AKL,V,A,XX,unavailable,unavailable,55 - 64 years,M,less than 7 days,N,unavailable,unavailable,12
202105,unavailable,SYD,WLG,V,A,AU,unavailable,unavailable,65 - 74 years,F,28+ days,V,unavailable,unavailable,12
202105,unavailable,SYD,ZQN,V,A,AU,unavailable,unavailable,45 - 54 years,F,8 - 14 days,V,unavailable,unavailable,12
202105,unavailable,SYD,WLG,V,A,AU,unavailable,unavailable,12 - 18 years,M,8 - 14 days,V,unavailable,unavailable,12
202105,unavailable,SYD,CHC,V,A,AU,unavailable,unavailable,25 - 34 years,M,28+ days,V,unavailable,unavailable,12
202105,unavailable,ADL,AKL,V,A,AU,unavailable,unavailable,35 - 44 years,F,8 - 14 days,V,unavailable,unavailable,12
202105,unavailable,SYD,ZQN,V,A,AU,unavailable,unavailable,25 - 34 years,F,28+ days,H,unavailable,unavailable,12
202105,unavailable,OOL,AKL,V,A,AU,unavailable,unavailable,25 - 34 years,F,8 - 14 days,H,unavailable,unavailable,12
202105,unavailable,SYD,AKL,V,A,XX,unavailable,unavailable,25 - 34 years,M,less than 7 days,N,unavailable,unavailable,12
202105,unavailable,SYD,AKL,V,A,AU,unavailable,unavailable,35 - 44 years,M,28+ days,B,unavailable,unavailable,12
202105,unavailable,MEL,CHC,V,A,AU,unavailable,unavailable,65 - 74 years,F,28+ days,V,unavailable,unavailable,12
202105,unavailable,SYD,AKL,V,A,AU,unavailable,unavailable,25 - 34 years,F,less than 7 days,N,unavailable,unavailable,12
202105,unavailable,MEL,ZQN,V,A,AU,unavailable,unavailable,45 - 54 years,F,8 - 14 days,V,unavailable,unavailable,12
202105,unavailable,RAR,AKL,V,A,CK,unavailable,unavailable,55 - 64 years,F,28+ days,V,unavailable,unavailable,12
202105,unavailable,PER,AKL,V,A,AU,unavailable,unavailable,19 - 24 years,M,less than 7 days,V,unavailable,unavailable,12
202105,unavailable,SYD,AKL,V,A,AU,unavailable,unavailable,Less than 1 year,M,15 to 27 days,V,unavailable,unavailable,12
202105,unavailable,SYD,AKL,V,A,AU,unavailable,unavailable,35 - 44 years,F,15 to 27 days,H,unavailable,unavailable,12
202105,unavailable,BNE,AKL,V,A,XX,unavailable,unavailable,45 - 54 years,F,less than 7 days,N,unavailable,unavailable,12
202105,unavailable,BNE,ZQN,V,A,AU,unavailable,unavailable,25 - 34 years,F,8 - 14 days,H,unavailable,unavailable,12
202105,unavailable,MEL,ZQN,V,A,AU,unavailable,unavailable,55 - 64 years,F,less than 7 days,V,unavailable,unavailable,12
202105,unavailable,SIN,AKL,V,A,GB,unavailable,unavailable,25 - 34 years,F,28+ days,V,unavailable,unavailable,12
202105,unavailable,MEL,AKL,V,A,AU,unavailable,unavailable,25 - 34 years,M,28+ days,B,unavailable,unavailable,12
202105,unavailable,SYD,ZQN,V,A,AU,unavailable,unavailable,25 - 34 years,F,15 to 27 days,V,unavailable,unavailable,9
202105,unavailable,OOL,CHC,V,A,AU,unavailable,unavailable,55 - 64 years,F,less than 7 days,V,unavailable,unavailable,12
202105,unavailable,OOL,AKL,V,A,AU,unavailable,unavailable,45 - 54 years,F,less than 7 days,B,unavailable,unavailable,12
202105,unavailable,LAX,AKL,V,A,US,unavailable,unavailable,01 - 11 years,F,28+ days,V,unavailable,unavailable,9
202105,unavailable,SYD,WLG,V,A,AU,unavailable,unavailable,65 - 74 years,M,15 to 27 days,V,unavailable,unavailable,12
202105,unavailable,SYD,CHC,V,A,AU,unavailable,unavailable,45 - 54 years,F,less than 7 days,B,unavailable,unavailable,9
202105,unavailable,ADL,AKL,V,A,AU,unavailable,unavailable,35 - 44 years,M,less than 7 days,V,unavailable,unavailable,12
202105,unavailable,BNE,ZQN,V,A,AU,unavailable,unavailable,55 - 64 years,F,8 - 14 days,H,unavailable,unavailable,12
202105,unavailable,SYD,AKL,V,A,AU,unavailable,unavailable,19 - 24 years,M,less than 7 days,N,unavailable,unavailable,12
202105,unavailable,MEL,WLG,V,A,AU,unavailable,unavailable,25 - 34 years,F,less than 7 days,B,unavailable,unavailable,12
202105,unavailable,SYD,CHC,V,A,AU,unavailable,unavailable,55 - 64 years,M,8 - 14 days,B,unavailable,unavailable,12
202105,unavailable,MEL,AKL,V,A,AU,unavailable,unavailable,25 - 34 years,F,8 - 14 days,B,unavailable,unavailable,12
202105,unavailable,MEL,WLG,V,A,AU,unavailable,unavailable,19 - 24 years,M,less than 7 days,B,unavailable,unavailable,12
202105,unavailable,SYD,ZQN,V,A,AU,unavailable,unavailable,45 - 54 years,F,less than 7 days,B,unavailable,unavailable,12
202105,unavailable,BNE,AKL,V,A,AU,unavailable,unavailable,55 - 64 years,M,8 - 14 days,N,unavailable,unavailable,12
202105,unavailable,ADL,AKL,V,A,AU,unavailable,unavailable,45 - 54 years,M,less than 7 days,V,unavailable,unavailable,12
202105,unavailable,MEL,ZQN,V,A,AU,unavailable,unavailable,55 - 64 years,F,8 - 14 days,V,unavailable,unavailable,9
202105,unavailable,OOL,AKL,V,A,AU,unavailable,unavailable,45 - 54 years,F,8 - 14 days,H,unavailable,unavailable,9
202105,unavailable,SYD,AKL,V,A,AU,unavailable,unavailable,55 - 64 years,M,28+ days,B,unavailable,unavailable,12
202105,unavailable,SYD,AKL,V,A,AU,unavailable,unavailable,25 - 34 years,F,less than 7 days,O,unavailable,unavailable,9
202105,unavailable,BNE,WLG,V,A,AU,unavailable,unavailable,65 - 74 years,F,15 to 27 days,V,unavailable,unavailable,12
202105,unavailable,SYD,WLG,V,A,AU,unavailable,unavailable,45 - 54 years,F,less than 7 days,H,unavailable,unavailable,9
202105,unavailable,SYD,AKL,V,A,AU,unavailable,unavailable,65 - 74 years,M,8 - 14 days,B,unavailable,unavailable,12
202105,unavailable,HBA,AKL,V,A,AU,unavailable,unavailable,55 - 64 years,M,less than 7 days,V,unavailable,unavailable,12
202105,unavailable,MEL,WLG,V,A,AU,unavailable,unavailable,25 - 34 years,M,less than 7 days,O,unavailable,unavailable,12
202105,unavailable,SYD,AKL,V,A,AU,unavailable,unavailable,45 - 54 years,M,15 to 27 days,H,unavailable,unavailable,12
202105,unavailable,MEL,CHC,V,A,AU,unavailable,unavailable,55 - 64 years,M,15 to 27 days,V,unavailable,unavailable,9
202105,unavailable,BNE,AKL,V,A,AU,unavailable,unavailable,25 - 34 years,M,less than 7 days,O,unavailable,unavailable,12
202105,unavailable,BNE,AKL,V,A,AU,unavailable,unavailable,25 - 34 years,M,28+ days,N,unavailable,unavailable,12
202105,unavailable,PER,AKL,V,A,AU,unavailable,unavailable,01 - 11 years,M,less than 7 days,V,unavailable,unavailable,12
202105,unavailable,MEL,CHC,V,A,AU,unavailable,unavailable,12 - 18 years,M,less than 7 days,V,unavailable,unavailable,12
202105,unavailable,PER,AKL,V,A,AU,unavailable,unavailable,55 - 64 years,M,less than 7 days,B,unavailable,unavailable,12
202105,unavailable,BNE,CHC,V,A,AU,unavailable,unavailable,Less than 1 year,F,8 - 14 days,V,unavailable,unavailable,12
202105,unavailable,MEL,AKL,V,A,AU,unavailable,unavailable,35 - 44 years,M,less than 7 days,N,unavailable,unavailable,9
202105,unavailable,MEL,ZQN,V,A,AU,unavailable,unavailable,35 - 44 years,F,less than 7 days,V,unavailable,unavailable,12
202105,unavailable,MEL,AKL,V,A,AU,unavailable,unavailable,75+,M,less than 7 days,V,unavailable,unavailable,12
202105,unavailable,SIN,AKL,V,A,GB,unavailable,unavailable,45 - 54 years,M,28+ days,V,unavailable,unavailable,9
202105,unavailable,BNE,AKL,V,A,AU,unavailable,unavailable,19 - 24 years,M,15 to 27 days,V,unavailable,unavailable,12
202105,unavailable,SYD,ZQN,V,A,AU,unavailable,unavailable,55 - 64 years,M,15 to 27 days,H,unavailable,unavailable,9
202105,unavailable,MEL,WLG,V,A,AU,unavailable,unavailable,19 - 24 years,M,less than 7 days,V,unavailable,unavailable,12
202105,unavailable,PER,AKL,V,A,AU,unavailable,unavailable,19 - 24 years,F,less than 7 days,V,unavailable,unavailable,12
202105,unavailable,BNE,AKL,V,A,AU,unavailable,unavailable,12 - 18 years,M,15 to 27 days,V,unavailable,unavailable,12
202105,unavailable,BNE,AKL,V,A,AU,unavailable,unavailable,65 - 74 years,M,15 to 27 days,H,unavailable,unavailable,12
202105,unavailable,MEL,ZQN,V,A,AU,unavailable,unavailable,19 - 24 years,M,less than 7 days,H,unavailable,unavailable,9
202105,unavailable,BNE,WLG,V,A,AU,unavailable,unavailable,55 - 64 years,M,15 to 27 days,V,unavailable,unavailable,12
202105,unavailable,SYD,AKL,V,A,AU,unavailable,unavailable,45 - 54 years,M,28+ days,B,unavailable,unavailable,9
202105,unavailable,SYD,AKL,V,A,AU,unavailable,unavailable,Less than 1 year,F,28+ days,V,unavailable,unavailable,9
202105,unavailable,BNE,AKL,V,A,AU,unavailable,unavailable,35 - 44 years,M,8 - 14 days,N,unavailable,unavailable,12
202105,unavailable,BNE,CHC,V,A,AU,unavailable,unavailable,19 - 24 years,M,15 to 27 days,B,unavailable,unavailable,12
202105,unavailable,SYD,WLG,V,A,AU,unavailable,unavailable,12 - 18 years,M,less than 7 days,V,unavailable,unavailable,12
202105,unavailable,MEL,AKL,V,A,AU,unavailable,unavailable,12 - 18 years,M,15 to 27 days,V,unavailable,unavailable,12
202105,unavailable,BNE,WLG,V,A,AU,unavailable,unavailable,19 - 24 years,M,less than 7 days,V,unavailable,unavailable,9
202105,unavailable,PER,AKL,V,A,AU,unavailable,unavailable,25 - 34 years,F,15 to 27 days,H,unavailable,unavailable,12
202105,unavailable,BNE,AKL,V,A,AU,unavailable,unavailable,35 - 44 years,M,15 to 27 days,H,unavailable,unavailable,9
202105,unavailable,MEL,AKL,V,A,AU,unavailable,unavailable,75+,F,8 - 14 days,V,unavailable,unavailable,12
202105,unavailable,SYD,AKL,V,A,AU,unavailable,unavailable,25 - 34 years,F,28+ days,H,unavailable,unavailable,12
202105,unavailable,BNE,AKL,V,A,AU,unavailable,unavailable,75+,F,28+ days,V,unavailable,unavailable,9
202105,unavailable,BNE,AKL,V,A,AU,unavailable,unavailable,25 - 34 years,M,15 to 27 days,H,unavailable,unavailable,12
202105,unavailable,BNE,WLG,V,A,AU,unavailable,unavailable,65 - 74 years,M,15 to 27 days,V,unavailable,unavailable,12
202105,unavailable,OOL,AKL,V,A,AU,unavailable,unavailable,19 - 24 years,F,less than 7 days,H,unavailable,unavailable,12
202105,unavailable,MEL,CHC,V,A,AU,unavailable,unavailable,45 - 54 years,F,less than 7 days,B,unavailable,unavailable,9
202105,unavailable,SYD,ZQN,V,A,AU,unavailable,unavailable,01 - 11 years,M,less than 7 days,H,unavailable,unavailable,12
202105,unavailable,OOL,AKL,V,A,AU,unavailable,unavailable,45 - 54 years,F,less than 7 days,H,unavailable,unavailable,12
202105,unavailable,SYD,AKL,V,A,AU,unavailable,unavailable,12 - 18 years,M,15 to 27 days,V,unavailable,unavailable,9
202105,unavailable,MEL,AKL,V,A,AU,unavailable,unavailable,55 - 64 years,M,15 to 27 days,H,unavailable,unavailable,12
202105,unavailable,SYD,ZQN,V,A,AU,unavailable,unavailable,55 - 64 years,F,15 to 27 days,V,unavailable,unavailable,12
202105,unavailable,MEL,AKL,V,A,AU,unavailable,unavailable,25 - 34 years,M,8 - 14 days,N,unavailable,unavailable,12
202105,unavailable,MEL,AKL,V,A,AU,unavailable,unavailable,12 - 18 years,M,28+ days,V,unavailable,unavailable,9
202105,unavailable,BNE,AKL,V,A,AU,unavailable,unavailable,35 - 44 years,F,8 - 14 days,H,unavailable,unavailable,12
202105,unavailable,BNE,ZQN,V,A,AU,unavailable,unavailable,65 - 74 years,F,15 to 27 days,V,unavailable,unavailable,12
202105,unavailable,OOL,AKL,V,A,AU,unavailable,unavailable,45 - 54 years,M,less than 7 days,H,unavailable,unavailable,9
202105,unavailable,SYD,AKL,V,A,AU,unavailable,unavailable,65 - 74 years,M,15 to 27 days,H,unavailable,unavailable,9
202105,unavailable,SYD,CHC,V,A,AU,unavailable,unavailable,01 - 11 years,M,15 to 27 days,V,unavailable,unavailable,12
202105,unavailable,BNE,AKL,V,A,AU,unavailable,unavailable,65 - 74 years,M,28+ days,N,unavailable,unavailable,9
202105,unavailable,MEL,CHC,V,A,AU,unavailable,unavailable,01 - 11 years,M,28+ days,V,unavailable,unavailable,9
202105,unavailable,OOL,CHC,V,A,AU,unavailable,unavailable,35 - 44 years,F,8 - 14 days,V,unavailable,unavailable,12
202105,unavailable,SYD,CHC,V,A,AU,unavailable,unavailable,65 - 74 years,M,28+ days,V,unavailable,unavailable,12
202105,unavailable,BNE,CHC,V,A,AU,unavailable,unavailable,55 - 64 years,M,28+ days,V,unavailable,unavailable,12
202105,unavailable,BNE,CHC,V,A,AU,unavailable,unavailable,45 - 54 years,M,8 - 14 days,B,unavailable,unavailable,12
202105,unavailable,BNE,WLG,V,A,AU,unavailable,unavailable,25 - 34 years,M,less than 7 days,B,unavailable,unavailable,12
202105,unavailable,BNE,AKL,V,A,AU,unavailable,unavailable,55 - 64 years,F,28+ days,N,unavailable,unavailable,9
202105,unavailable,BNE,WLG,V,A,AU,unavailable,unavailable,19 - 24 years,M,8 - 14 days,V,unavailable,unavailable,9
202105,unavailable,PER,AKL,V,A,AU,unavailable,unavailable,25 - 34 years,M,less than 7 days,H,unavailable,unavailable,9
202105,unavailable,NRT,AKL,V,A,JP,unavailable,unavailable,25 - 34 years,M,28+ days,V,unavailable,unavailable,12
202105,unavailable,BNE,AKL,V,A,AU,unavailable,unavailable,35 - 44 years,M,28+ days,B,unavailable,unavailable,9
202105,unavailable,BNE,AKL,V,A,XX,unavailable,unavailable,55 - 64 years,M,less than 7 days,N,unavailable,unavailable,12
202105,unavailable,SYD,AKL,V,A,AU,unavailable,unavailable,75+,F,28+ days,V,unavailable,unavailable,12
202105,unavailable,OOL,AKL,V,A,AU,unavailable,unavailable,12 - 18 years,F,28+ days,V,unavailable,unavailable,9
202105,unavailable,MEL,AKL,V,A,AU,unavailable,unavailable,25 - 34 years,F,8 - 14 days,N,unavailable,unavailable,12
202105,unavailable,LAX,AKL,V,A,US,unavailable,unavailable,19 - 24 years,F,28+ days,V,unavailable,unavailable,9
202105,unavailable,BNE,WLG,V,A,AU,unavailable,unavailable,35 - 44 years,M,15 to 27 days,V,unavailable,unavailable,9
202105,unavailable,BNE,CHC,V,A,AU,unavailable,unavailable,12 - 18 years,M,8 - 14 days,V,unavailable,unavailable,9
202105,unavailable,SYD,ZQN,V,A,AU,unavailable,unavailable,12 - 18 years,F,less than 7 days,H,unavailable,unavailable,9
202105,unavailable,OOL,CHC,V,A,AU,unavailable,unavailable,55 - 64 years,M,8 - 14 days,V,unavailable,unavailable,9
202105,unavailable,MEL,AKL,V,A,AU,unavailable,unavailable,35 - 44 years,F,8 - 14 days,B,unavailable,unavailable,9
202105,unavailable,PER,AKL,V,A,AU,unavailable,unavailable,55 - 64 years,F,28+ days,H,unavailable,unavailable,12
202105,unavailable,MEL,WLG,V,A,AU,unavailable,unavailable,01 - 11 years,F,28+ days,V,unavailable,unavailable,9
202105,unavailable,ADL,AKL,V,A,AU,unavailable,unavailable,45 - 54 years,M,8 - 14 days,V,unavailable,unavailable,12
202105,unavailable,OOL,AKL,V,A,AU,unavailable,unavailable,35 - 44 years,M,8 - 14 days,H,unavailable,unavailable,12
202105,unavailable,OOL,AKL,V,A,AU,unavailable,unavailable,65 - 74 years,M,28+ days,V,unavailable,unavailable,9
202105,unavailable,MEL,WLG,V,A,AU,unavailable,unavailable,12 - 18 years,F,less than 7 days,V,unavailable,unavailable,12
202105,unavailable,MEL,AKL,V,A,AU,unavailable,unavailable,35 - 44 years,M,8 - 14 days,N,unavailable,unavailable,12
202105,unavailable,HBA,AKL,V,A,AU,unavailable,unavailable,55 - 64 years,F,8 - 14 days,V,unavailable,unavailable,9
202105,unavailable,SYD,AKL,V,A,AU,unavailable,unavailable,55 - 64 years,F,8 - 14 days,B,unavailable,unavailable,9
202105,unavailable,MEL,WLG,V,A,AU,unavailable,unavailable,65 - 74 years,F,less than 7 days,V,unavailable,unavailable,9
202105,unavailable,BNE,CHC,V,A,AU,unavailable,unavailable,55 - 64 years,F,15 to 27 days,H,unavailable,unavailable,9
202105,unavailable,BNE,ZQN,V,A,AU,unavailable,unavailable,65 - 74 years,F,8 - 14 days,H,unavailable,unavailable,9
202105,unavailable,MEL,WLG,V,A,AU,unavailable,unavailable,55 - 64 years,M,15 to 27 days,V,unavailable,unavailable,9
202105,unavailable,SYD,WLG,V,A,AU,unavailable,unavailable,55 - 64 years,F,less than 7 days,H,unavailable,unavailable,9
202105,unavailable,BNE,ZQN,V,A,AU,unavailable,unavailable,19 - 24 years,M,less than 7 days,H,unavailable,unavailable,9
202105,unavailable,BNE,ZQN,V,A,AU,unavailable,unavailable,65 - 74 years,M,less than 7 days,H,unavailable,unavailable,12
202105,unavailable,MEL,CHC,V,A,AU,unavailable,unavailable,12 - 18 years,F,8 - 14 days,V,unavailable,unavailable,9
202105,unavailable,SYD,ZQN,V,A,AU,unavailable,unavailable,01 - 11 years,M,8 - 14 days,V,unavailable,unavailable,12
202105,unavailable,MEL,CHC,V,A,AU,unavailable,unavailable,35 - 44 years,F,8 - 14 days,H,unavailable,unavailable,9
202105,unavailable,MEL,AKL,V,A,AU,unavailable,unavailable,19 - 24 years,M,less than 7 days,B,unavailable,unavailable,12
202105,unavailable,BNE,CHC,V,A,AU,unavailable,unavailable,55 - 64 years,M,less than 7 days,H,unavailable,unavailable,12
202105,unavailable,BNE,CHC,V,A,AU,unavailable,unavailable,65 - 74 years,M,28+ days,V,unavailable,unavailable,12
202105,unavailable,SYD,WLG,V,A,AU,unavailable,unavailable,45 - 54 years,M,less than 7 days,N,unavailable,unavailable,9
202105,unavailable,BNE,ZQN,V,A,AU,unavailable,unavailable,25 - 34 years,F,less than 7 days,V,unavailable,unavailable,9
202105,unavailable,SYD,ZQN,V,A,AU,unavailable,unavailable,25 - 34 years,M,28+ days,H,unavailable,unavailable,9
202105,unavailable,SYD,CHC,V,A,AU,unavailable,unavailable,75+,M,15 to 27 days,V,unavailable,unavailable,9
202105,unavailable,SYD,ZQN,V,A,AU,unavailable,unavailable,55 - 64 years,F,15 to 27 days,H,unavailable,unavailable,9
202105,unavailable,SYD,WLG,V,A,AU,unavailable,unavailable,35 - 44 years,M,8 - 14 days,B,unavailable,unavailable,12
202105,unavailable,BNE,AKL,V,A,AU,unavailable,unavailable,25 - 34 years,F,less than 7 days,N,unavailable,unavailable,9
202105,unavailable,BNE,ZQN,V,A,AU,unavailable,unavailable,25 - 34 years,M,less than 7 days,V,unavailable,unavailable,9
202105,unavailable,OOL,AKL,V,A,AU,unavailable,unavailable,75+,F,15 to 27 days,V,unavailable,unavailable,9
202105,unavailable,LAX,AKL,V,A,US,unavailable,unavailable,25 - 34 years,F,28+ days,V,unavailable,unavailable,9
202105,unavailable,BNE,AKL,V,A,AU,unavailable,unavailable,45 - 54 years,F,less than 7 days,O,unavailable,unavailable,9
202105,unavailable,MEL,WLG,V,A,AU,unavailable,unavailable,65 - 74 years,F,15 to 27 days,V,unavailable,unavailable,12
202105,unavailable,SYD,AKL,V,A,AU,unavailable,unavailable,01 - 11 years,F,8 - 14 days,H,unavailable,unavailable,9
202105,unavailable,MEL,CHC,V,A,AU,unavailable,unavailable,12 - 18 years,F,less than 7 days,V,unavailable,unavailable,9
202105,unavailable,BNE,AKL,V,A,AU,unavailable,unavailable,65 - 74 years,F,less than 7 days,H,unavailable,unavailable,12
202105,unavailable,LAX,AKL,V,A,US,unavailable,unavailable,19 - 24 years,M,28+ days,V,unavailable,unavailable,9
202105,unavailable,BNE,CHC,V,A,AU,unavailable,unavailable,45 - 54 years,M,less than 7 days,N,unavailable,unavailable,12
202105,unavailable,MEL,CHC,V,A,AU,unavailable,unavailable,55 - 64 years,M,28+ days,V,unavailable,unavailable,12
202105,unavailable,SYD,AKL,V,A,AU,unavailable,unavailable,25 - 34 years,F,8 - 14 days,N,unavailable,unavailable,9
202105,unavailable,MEL,WLG,V,A,AU,unavailable,unavailable,35 - 44 years,M,less than 7 days,H,unavailable,unavailable,12
202105,unavailable,SYD,WLG,V,A,AU,unavailable,unavailable,65 - 74 years,M,less than 7 days,B,unavailable,unavailable,9
202105,unavailable,BNE,AKL,V,A,AU,unavailable,unavailable,45 - 54 years,M,8 - 14 days,N,unavailable,unavailable,12
202105,unavailable,BNE,CHC,V,A,AU,unavailable,unavailable,45 - 54 years,M,8 - 14 days,H,unavailable,unavailable,9
202105,unavailable,PER,AKL,V,A,AU,unavailable,unavailable,65 - 74 years,M,less than 7 days,V,unavailable,unavailable,9
202105,unavailable,MEL,AKL,V,A,AU,unavailable,unavailable,Less than 1 year,M,less than 7 days,V,unavailable,unavailable,12
202105,unavailable,BNE,AKL,V,A,AU,unavailable,unavailable,45 - 54 years,F,8 - 14 days,H,unavailable,unavailable,9
202105,unavailable,BNE,AKL,V,A,AU,unavailable,unavailable,55 - 64 years,F,less than 7 days,B,unavailable,unavailable,9
202105,unavailable,OOL,AKL,V,A,AU,unavailable,unavailable,55 - 64 years,M,28+ days,V,unavailable,unavailable,12
202105,unavailable,SYD,AKL,V,A,AU,unavailable,unavailable,45 - 54 years,M,15 to 27 days,B,unavailable,unavailable,9
202105,unavailable,BNE,CHC,V,A,AU,unavailable,unavailable,45 - 54 years,F,28+ days,V,unavailable,unavailable,9
202105,unavailable,SYD,ZQN,V,A,AU,unavailable,unavailable,01 - 11 years,F,less than 7 days,V,unavailable,unavailable,9
202105,unavailable,BNE,CHC,V,A,AU,unavailable,unavailable,35 - 44 years,M,less than 7 days,H,unavailable,unavailable,9
202105,unavailable,BNE,ZQN,V,A,AU,unavailable,unavailable,01 - 11 years,M,8 - 14 days,V,unavailable,unavailable,9
202105,unavailable,SYD,AKL,V,A,AU,unavailable,unavailable,25 - 34 years,F,15 to 27 days,B,unavailable,unavailable,9
202105,unavailable,KUL,AKL,V,A,AE,unavailable,unavailable,01 - 11 years,F,28+ days,V,unavailable,unavailable,9
202105,unavailable,SYD,ZQN,V,A,AU,unavailable,unavailable,12 - 18 years,M,less than 7 days,H,unavailable,unavailable,9
202105,unavailable,SYD,ZQN,V,A,AU,unavailable,unavailable,19 - 24 years,M,28+ days,H,unavailable,unavailable,9
202105,unavailable,MEL,AKL,V,A,AU,unavailable,unavailable,55 - 64 years,F,15 to 27 days,H,unavailable,unavailable,9
202105,unavailable,OOL,CHC,V,A,AU,unavailable,unavailable,55 - 64 years,F,15 to 27 days,V,unavailable,unavailable,9
202105,unavailable,OOL,AKL,V,A,AU,unavailable,unavailable,19 - 24 years,F,28+ days,V,unavailable,unavailable,9
202105,unavailable,SYD,AKL,V,A,AU,unavailable,unavailable,65 - 74 years,F,28+ days,N,unavailable,unavailable,9
202105,unavailable,SYD,CHC,V,A,AU,unavailable,unavailable,19 - 24 years,F,15 to 27 days,V,unavailable,unavailable,9
202105,unavailable,BNE,CHC,V,A,AU,unavailable,unavailable,25 - 34 years,F,15 to 27 days,H,unavailable,unavailable,9
202105,unavailable,SYD,AKL,V,A,AU,unavailable,unavailable,19 - 24 years,F,less than 7 days,N,unavailable,unavailable,9
202105,unavailable,SYD,WLG,V,A,AU,unavailable,unavailable,45 - 54 years,M,8 - 14 days,B,unavailable,unavailable,9
202105,unavailable,SYD,AKL,V,A,AU,unavailable,unavailable,55 - 64 years,F,28+ days,N,unavailable,unavailable,9
202105,unavailable,MEL,AKL,V,A,XX,unavailable,unavailable,45 - 54 years,M,less than 7 days,N,unavailable,unavailable,9
202105,unavailable,SYD,AKL,V,A,AU,unavailable,unavailable,19 - 24 years,F,28+ days,E,unavailable,unavailable,9
202105,unavailable,HBA,AKL,V,A,AU,unavailable,unavailable,45 - 54 years,M,less than 7 days,V,unavailable,unavailable,9
202105,unavailable,SYD,CHC,V,A,AU,unavailable,unavailable,19 - 24 years,M,8 - 14 days,V,unavailable,unavailable,9
202105,unavailable,MEL,CHC,V,A,AU,unavailable,unavailable,55 - 64 years,F,8 - 14 days,H,unavailable,unavailable,9
202105,unavailable,OOL,AKL,V,A,AU,unavailable,unavailable,45 - 54 years,F,less than 7 days,N,unavailable,unavailable,9
202105,unavailable,SYD,WLG,V,A,AU,unavailable,unavailable,65 - 74 years,M,28+ days,V,unavailable,unavailable,9
202105,unavailable,HBA,AKL,V,A,AU,unavailable,unavailable,55 - 64 years,M,8 - 14 days,V,unavailable,unavailable,9
202105,unavailable,RAR,AKL,V,A,CK,unavailable,unavailable,55 - 64 years,F,8 - 14 days,V,unavailable,unavailable,9
202105,unavailable,BNE,AKL,V,A,AU,unavailable,unavailable,12 - 18 years,F,15 to 27 days,V,unavailable,unavailable,9
202105,unavailable,BNE,AKL,V,A,AU,unavailable,unavailable,45 - 54 years,F,28+ days,N,unavailable,unavailable,9
202105,unavailable,BNE,AKL,V,A,AU,unavailable,unavailable,Less than 1 year,F,less than 7 days,V,unavailable,unavailable,9
202105,unavailable,RAR,AKL,V,A,CK,unavailable,unavailable,55 - 64 years,F,15 to 27 days,V,unavailable,unavailable,9
202105,unavailable,BNE,AKL,V,A,AU,unavailable,unavailable,35 - 44 years,F,15 to 27 days,H,unavailable,unavailable,9
202105,unavailable,ADL,AKL,V,A,AU,unavailable,unavailable,55 - 64 years,M,15 to 27 days,V,unavailable,unavailable,9
202105,unavailable,SYD,WLG,V,A,AU,unavailable,unavailable,55 - 64 years,M,less than 7 days,N,unavailable,unavailable,9
202105,unavailable,OOL,AKL,V,A,AU,unavailable,unavailable,25 - 34 years,M,8 - 14 days,H,unavailable,unavailable,9
202105,unavailable,SYD,WLG,V,A,AU,unavailable,unavailable,19 - 24 years,F,8 - 14 days,O,unavailable,unavailable,9
202105,unavailable,MEL,CHC,V,A,AU,unavailable,unavailable,01 - 11 years,F,15 to 27 days,V,unavailable,unavailable,9
202105,unavailable,BNE,WLG,V,A,AU,unavailable,unavailable,25 - 34 years,M,15 to 27 days,V,unavailable,unavailable,9
202105,unavailable,BNE,AKL,V,A,AU,unavailable,unavailable,65 - 74 years,F,8 - 14 days,H,unavailable,unavailable,9
202105,unavailable,MEL,AKL,V,A,AU,unavailable,unavailable,35 - 44 years,M,28+ days,N,unavailable,unavailable,9
202105,unavailable,SYD,AKL,V,A,AU,unavailable,unavailable,65 - 74 years,F,less than 7 days,B,unavailable,unavailable,9
202105,unavailable,MEL,AKL,V,A,AU,unavailable,unavailable,Less than 1 year,F,less than 7 days,V,unavailable,unavailable,9
202105,unavailable,PER,AKL,V,A,AU,unavailable,unavailable,01 - 11 years,F,less than 7 days,V,unavailable,unavailable,9
202105,unavailable,BNE,AKL,V,A,AU,unavailable,unavailable,45 - 54 years,M,28+ days,N,unavailable,unavailable,9
202105,unavailable,PER,AKL,V,A,AU,unavailable,unavailable,19 - 24 years,F,28+ days,V,unavailable,unavailable,9
202105,unavailable,BNE,ZQN,V,A,AU,unavailable,unavailable,19 - 24 years,F,less than 7 days,H,unavailable,unavailable,9
202105,unavailable,SYD,CHC,V,A,AU,unavailable,unavailable,35 - 44 years,M,15 to 27 days,H,unavailable,unavailable,9
202105,unavailable,BNE,ZQN,V,A,AU,unavailable,unavailable,45 - 54 years,F,8 - 14 days,V,unavailable,unavailable,9
202105,unavailable,SYD,CHC,V,A,AU,unavailable,unavailable,75+,M,less than 7 days,V,unavailable,unavailable,9
202105,unavailable,SYD,ZQN,V,A,AU,unavailable,unavailable,75+,F,less than 7 days,H,unavailable,unavailable,9
202105,unavailable,MEL,ZQN,V,A,AU,unavailable,unavailable,01 - 11 years,F,8 - 14 days,V,unavailable,unavailable,9
202105,unavailable,MEL,AKL,V,A,AU,unavailable,unavailable,12 - 18 years,F,28+ days,V,unavailable,unavailable,9
202105,unavailable,MEL,ZQN,V,A,AU,unavailable,unavailable,25 - 34 years,F,15 to 27 days,V,unavailable,unavailable,9
202105,unavailable,SYD,AKL,V,A,AU,unavailable,unavailable,55 - 64 years,M,15 to 27 days,B,unavailable,unavailable,9
202105,unavailable,MEL,CHC,V,A,AU,unavailable,unavailable,Less than 1 year,M,8 - 14 days,V,unavailable,unavailable,9
202105,unavailable,ADL,AKL,V,A,AU,unavailable,unavailable,55 - 64 years,M,28+ days,V,unavailable,unavailable,9
202105,unavailable,SYD,AKL,V,A,AU,unavailable,unavailable,35 - 44 years,M,15 to 27 days,H,unavailable,unavailable,9
202105,unavailable,PER,AKL,V,A,AU,unavailable,unavailable,12 - 18 years,F,less than 7 days,V,unavailable,unavailable,9
202105,unavailable,SYD,AKL,V,A,AU,unavailable,unavailable,55 - 64 years,M,15 to 27 days,N,unavailable,unavailable,9
202105,unavailable,BNE,WLG,V,A,AU,unavailable,unavailable,12 - 18 years,F,less than 7 days,V,unavailable,unavailable,9
202105,unavailable,SYD,AKL,V,A,AU,unavailable,unavailable,19 - 24 years,F,less than 7 days,O,unavailable,unavailable,9
202105,unavailable,RAR,AKL,V,A,CK,unavailable,unavailable,55 - 64 years,M,15 to 27 days,V,unavailable,unavailable,9
202105,unavailable,MEL,AKL,V,A,AU,unavailable,unavailable,12 - 18 years,F,15 to 27 days,V,unavailable,unavailable,9
202105,unavailable,BNE,CHC,V,A,AU,unavailable,unavailable,45 - 54 years,F,8 - 14 days,H,unavailable,unavailable,9
202105,unavailable,BNE,AKL,V,A,XX,unavailable,unavailable,25 - 34 years,F,less than 7 days,N,unavailable,unavailable,9
202105,unavailable,MEL,WLG,V,A,AU,unavailable,unavailable,55 - 64 years,M,28+ days,V,unavailable,unavailable,9
202105,unavailable,MEL,AKL,V,A,AU,unavailable,unavailable,55 - 64 years,F,8 - 14 days,N,unavailable,unavailable,9
202105,unavailable,OOL,AKL,V,A,AU,unavailable,unavailable,75+,M,8 - 14 days,V,unavailable,unavailable,9
202105,unavailable,SYD,WLG,V,A,AU,unavailable,unavailable,25 - 34 years,F,8 - 14 days,H,unavailable,unavailable,9
202105,unavailable,MEL,ZQN,V,A,AU,unavailable,unavailable,25 - 34 years,M,less than 7 days,V,unavailable,unavailable,9
202105,unavailable,SYD,WLG,V,A,AU,unavailable,unavailable,35 - 44 years,F,28+ days,V,unavailable,unavailable,9
202105,unavailable,MEL,AKL,V,A,AU,unavailable,unavailable,75+,M,15 to 27 days,V,unavailable,unavailable,9
202105,unavailable,SYD,AKL,V,A,AU,unavailable,unavailable,55 - 64 years,M,8 - 14 days,N,unavailable,unavailable,9
202105,unavailable,SYD,ZQN,V,A,AU,unavailable,unavailable,01 - 11 years,F,8 - 14 days,V,unavailable,unavailable,9
202105,unavailable,SYD,AKL,V,A,AU,unavailable,unavailable,75+,M,28+ days,V,unavailable,unavailable,9
202105,unavailable,ADL,AKL,V,A,AU,unavailable,unavailable,25 - 34 years,F,less than 7 days,V,unavailable,unavailable,9
202105,unavailable,PER,AKL,V,A,AU,unavailable,unavailable,55 - 64 years,F,15 to 27 days,H,unavailable,unavailable,9
202105,unavailable,MEL,WLG,V,A,AU,unavailable,unavailable,65 - 74 years,M,less than 7 days,V,unavailable,unavailable,9
202105,unavailable,SYD,CHC,V,A,AU,unavailable,unavailable,25 - 34 years,M,8 - 14 days,B,unavailable,unavailable,9
202105,unavailable,MEL,AKL,V,A,AU,unavailable,unavailable,35 - 44 years,M,15 to 27 days,N,unavailable,unavailable,9
202105,unavailable,SYD,ZQN,V,A,AU,unavailable,unavailable,01 - 11 years,M,less than 7 days,V,unavailable,unavailable,9
202105,unavailable,PER,AKL,V,A,AU,unavailable,unavailable,19 - 24 years,M,15 to 27 days,V,unavailable,unavailable,9
202105,unavailable,MEL,WLG,V,A,AU,unavailable,unavailable,01 - 11 years,M,28+ days,V,unavailable,unavailable,9
202105,unavailable,MEL,CHC,V,A,AU,unavailable,unavailable,19 - 24 years,F,8 - 14 days,V,unavailable,unavailable,9
202105,unavailable,BNE,ZQN,V,A,AU,unavailable,unavailable,01 - 11 years,F,8 - 14 days,V,unavailable,unavailable,9
202105,unavailable,OOL,AKL,V,A,AU,unavailable,unavailable,75+,M,15 to 27 days,V,unavailable,unavailable,9
202105,unavailable,BNE,AKL,V,A,AU,unavailable,unavailable,55 - 64 years,M,28+ days,B,unavailable,unavailable,9
202105,unavailable,PER,AKL,V,A,AU,unavailable,unavailable,25 - 34 years,M,15 to 27 days,H,unavailable,unavailable,9
202105,unavailable,MEL,ZQN,V,A,AU,unavailable,unavailable,55 - 64 years,M,less than 7 days,V,unavailable,unavailable,9
202105,unavailable,SYD,AKL,V,A,AU,unavailable,unavailable,55 - 64 years,M,less than 7 days,C,unavailable,unavailable,9
202105,unavailable,SYD,WLG,V,A,AU,unavailable,unavailable,75+,M,less than 7 days,V,unavailable,unavailable,6
202105,unavailable,BNE,AKL,V,A,XX,unavailable,unavailable,45 - 54 years,M,8 - 14 days,N,unavailable,unavailable,6
202105,unavailable,OOL,AKL,V,A,AU,unavailable,unavailable,01 - 11 years,M,28+ days,V,unavailable,unavailable,9
202105,unavailable,BNE,AKL,V,A,AU,unavailable,unavailable,19 - 24 years,M,less than 7 days,H,unavailable,unavailable,9
202105,unavailable,BNE,AKL,V,A,AU,unavailable,unavailable,12 - 18 years,M,28+ days,V,unavailable,unavailable,9
202105,unavailable,MEL,AKL,V,A,AU,unavailable,unavailable,19 - 24 years,M,28+ days,H,unavailable,unavailable,9
202105,unavailable,SYD,AKL,V,A,AU,unavailable,unavailable,35 - 44 years,M,less than 7 days,E,unavailable,unavailable,6
202105,unavailable,SYD,ZQN,V,A,AU,unavailable,unavailable,35 - 44 years,M,less than 7 days,N,unavailable,unavailable,9
202105,unavailable,BNE,WLG,V,A,AU,unavailable,unavailable,01 - 11 years,F,15 to 27 days,V,unavailable,unavailable,6
202105,unavailable,BNE,AKL,V,A,AU,unavailable,unavailable,Less than 1 year,M,less than 7 days,V,unavailable,unavailable,9
202105,unavailable,ZZS,NPL,V,A,XX,unavailable,unavailable,25 - 34 years,M,less than 7 days,N,unavailable,unavailable,9
202105,unavailable,PER,AKL,V,A,AU,unavailable,unavailable,55 - 64 years,M,15 to 27 days,H,unavailable,unavailable,9
202105,unavailable,SYD,AKL,V,A,AU,unavailable,unavailable,55 - 64 years,F,8 - 14 days,N,unavailable,unavailable,6
202105,unavailable,SYD,AKL,V,A,AU,unavailable,unavailable,55 - 64 years,F,15 to 27 days,N,unavailable,unavailable,6
202105,unavailable,SYD,AKL,V,A,AU,unavailable,unavailable,35 - 44 years,M,less than 7 days,C,unavailable,unavailable,9
202105,unavailable,LAX,AKL,V,A,US,unavailable,unavailable,45 - 54 years,M,28+ days,B,unavailable,unavailable,9
202105,unavailable,OOL,CHC,V,A,AU,unavailable,unavailable,45 - 54 years,F,8 - 14 days,V,unavailable,unavailable,6
202105,unavailable,BNE,AKL,V,A,AU,unavailable,unavailable,45 - 54 years,F,8 - 14 days,B,unavailable,unavailable,9
202105,unavailable,CAN,AKL,V,A,CN,unavailable,unavailable,55 - 64 years,M,28+ days,V,unavailable,unavailable,9
202105,unavailable,HBA,AKL,V,A,AU,unavailable,unavailable,65 - 74 years,M,less than 7 days,V,unavailable,unavailable,6
202105,unavailable,SYD,ZQN,V,A,AU,unavailable,unavailable,65 - 74 years,M,less than 7 days,B,unavailable,unavailable,9
202105,unavailable,SIN,AKL,V,A,RU,unavailable,unavailable,35 - 44 years,M,28+ days,B,unavailable,unavailable,9
202105,unavailable,BNE,AKL,V,A,AU,unavailable,unavailable,55 - 64 years,M,28+ days,N,unavailable,unavailable,6
202105,unavailable,LAX,AKL,V,A,US,unavailable,unavailable,01 - 11 years,M,28+ days,V,unavailable,unavailable,6
202105,unavailable,PER,AKL,V,A,AU,unavailable,unavailable,45 - 54 years,M,less than 7 days,N,unavailable,unavailable,6
202105,unavailable,SYD,CHC,V,A,AU,unavailable,unavailable,55 - 64 years,M,less than 7 days,N,unavailable,unavailable,9
202105,unavailable,BNE,AKL,V,A,AU,unavailable,unavailable,55 - 64 years,F,15 to 27 days,N,unavailable,unavailable,6
202105,unavailable,SYD,CHC,V,A,AU,unavailable,unavailable,45 - 54 years,F,8 - 14 days,H,unavailable,unavailable,6
202105,unavailable,MEL,AKL,V,A,AU,unavailable,unavailable,45 - 54 years,M,28+ days,B,unavailable,unavailable,9
202105,unavailable,ADL,AKL,V,A,AU,unavailable,unavailable,35 - 44 years,M,8 - 14 days,V,unavailable,unavailable,9
202105,unavailable,SYD,AKL,V,A,XX,unavailable,unavailable,45 - 54 years,F,less than 7 days,N,unavailable,unavailable,9
202105,unavailable,ADL,AKL,V,A,AU,unavailable,unavailable,25 - 34 years,M,15 to 27 days,V,unavailable,unavailable,9
202105,unavailable,SYD,WLG,V,A,AU,unavailable,unavailable,45 - 54 years,F,28+ days,V,unavailable,unavailable,6
202105,unavailable,RAR,AKL,V,A,CK,unavailable,unavailable,55 - 64 years,M,8 - 14 days,V,unavailable,unavailable,6
202105,unavailable,CAN,AKL,V,A,CN,unavailable,unavailable,35 - 44 years,M,28+ days,N,unavailable,unavailable,9
202105,unavailable,BNE,AKL,V,A,AU,unavailable,unavailable,55 - 64 years,M,less than 7 days,N,unavailable,unavailable,6
202105,unavailable,MEL,WLG,V,A,AU,unavailable,unavailable,45 - 54 years,F,less than 7 days,H,unavailable,unavailable,6
202105,unavailable,HBA,AKL,V,A,AU,unavailable,unavailable,55 - 64 years,F,less than 7 days,V,unavailable,unavailable,6
202105,unavailable,SIN,AKL,V,A,SG,unavailable,unavailable,35 - 44 years,F,28+ days,V,unavailable,unavailable,6
202105,unavailable,PER,AKL,V,A,AU,unavailable,unavailable,19 - 24 years,F,15 to 27 days,V,unavailable,unavailable,6
202105,unavailable,SYD,AKL,V,A,AU,unavailable,unavailable,35 - 44 years,M,8 - 14 days,N,unavailable,unavailable,9
202105,unavailable,BNE,CHC,V,A,AU,unavailable,unavailable,45 - 54 years,F,less than 7 days,H,unavailable,unavailable,9
202105,unavailable,MEL,WLG,V,A,AU,unavailable,unavailable,35 - 44 years,F,less than 7 days,H,unavailable,unavailable,9
202105,unavailable,MEL,WLG,V,A,AU,unavailable,unavailable,45 - 54 years,M,8 - 14 days,B,unavailable,unavailable,9
202105,unavailable,SYD,ZQN,V,A,AU,unavailable,unavailable,25 - 34 years,M,15 to 27 days,V,unavailable,unavailable,9
202105,unavailable,BNE,AKL,V,A,ZA,unavailable,unavailable,25 - 34 years,M,28+ days,B,unavailable,unavailable,9
202105,unavailable,BNE,CHC,V,A,AU,unavailable,unavailable,25 - 34 years,F,28+ days,V,unavailable,unavailable,9
202105,unavailable,BNE,AKL,V,A,AU,unavailable,unavailable,35 - 44 years,M,less than 7 days,O,unavailable,unavailable,6
202105,unavailable,RAR,AKL,V,A,CK,unavailable,unavailable,65 - 74 years,F,28+ days,V,unavailable,unavailable,9
202105,unavailable,SYD,AKL,V,A,AU,unavailable,unavailable,45 - 54 years,F,28+ days,B,unavailable,unavailable,9
202105,unavailable,SIN,AKL,V,A,SG,unavailable,unavailable,35 - 44 years,M,28+ days,V,unavailable,unavailable,6
202105,unavailable,HBA,AKL,V,A,AU,unavailable,unavailable,45 - 54 years,F,8 - 14 days,V,unavailable,unavailable,9
202105,unavailable,ADL,AKL,V,A,AU,unavailable,unavailable,35 - 44 years,F,15 to 27 days,V,unavailable,unavailable,9
202105,unavailable,BNE,AKL,V,A,AU,unavailable,unavailable,25 - 34 years,M,less than 7 days,N,unavailable,unavailable,6
202105,unavailable,ADL,AKL,V,A,AU,unavailable,unavailable,35 - 44 years,M,less than 7 days,B,unavailable,unavailable,9
202105,unavailable,MEL,AKL,V,A,AU,unavailable,unavailable,45 - 54 years,M,28+ days,N,unavailable,unavailable,6
202105,unavailable,PER,AKL,V,A,AU,unavailable,unavailable,Less than 1 year,F,15 to 27 days,V,unavailable,unavailable,6
202105,unavailable,BNE,AKL,V,A,AU,unavailable,unavailable,55 - 64 years,F,less than 7 days,N,unavailable,unavailable,9
202105,unavailable,MEL,ZQN,V,A,AU,unavailable,unavailable,35 - 44 years,F,8 - 14 days,V,unavailable,unavailable,6
202105,unavailable,BNE,AKL,V,A,AU,unavailable,unavailable,55 - 64 years,F,15 to 27 days,H,unavailable,unavailable,9
202105,unavailable,MEL,AKL,V,A,AU,unavailable,unavailable,55 - 64 years,M,less than 7 days,O,unavailable,unavailable,9
202105,unavailable,SYD,AKL,V,A,AU,unavailable,unavailable,45 - 54 years,F,15 to 27 days,N,unavailable,unavailable,6
202105,unavailable,MEL,ZQN,V,A,AU,unavailable,unavailable,45 - 54 years,M,less than 7 days,V,unavailable,unavailable,9
202105,unavailable,SYD,AKL,V,A,AU,unavailable,unavailable,12 - 18 years,M,28+ days,V,unavailable,unavailable,9
202105,unavailable,BNE,CHC,V,A,AU,unavailable,unavailable,19 - 24 years,M,less than 7 days,V,unavailable,unavailable,6
202105,unavailable,BNE,AKL,V,A,AU,unavailable,unavailable,25 - 34 years,F,8 - 14 days,B,unavailable,unavailable,9
202105,unavailable,BNE,AKL,V,A,AU,unavailable,unavailable,55 - 64 years,M,less than 7 days,O,unavailable,unavailable,9
202105,unavailable,MEL,CHC,V,A,AU,unavailable,unavailable,25 - 34 years,M,28+ days,H,unavailable,unavailable,9
202105,unavailable,BNE,AKL,V,A,AU,unavailable,unavailable,65 - 74 years,F,15 to 27 days,H,unavailable,unavailable,9
202105,unavailable,BNE,AKL,V,A,AU,unavailable,unavailable,25 - 34 years,M,28+ days,B,unavailable,unavailable,6
202105,unavailable,SYD,ZQN,V,A,AU,unavailable,unavailable,75+,M,less than 7 days,H,unavailable,unavailable,6
202105,unavailable,BNE,ZQN,V,A,AU,unavailable,unavailable,45 - 54 years,M,8 - 14 days,V,unavailable,unavailable,9
202105,unavailable,OOL,CHC,V,A,AU,unavailable,unavailable,65 - 74 years,M,8 - 14 days,V,unavailable,unavailable,6
202105,unavailable,BNE,CHC,V,A,AU,unavailable,unavailable,19 - 24 years,F,15 to 27 days,V,unavailable,unavailable,6
202105,unavailable,OOL,AKL,V,A,AU,unavailable,unavailable,55 - 64 years,M,8 - 14 days,B,unavailable,unavailable,9
202105,unavailable,HBA,AKL,V,A,AU,unavailable,unavailable,25 - 34 years,F,8 - 14 days,V,unavailable,unavailable,9
202105,unavailable,OOL,AKL,V,A,AU,unavailable,unavailable,45 - 54 years,M,less than 7 days,O,unavailable,unavailable,9
202105,unavailable,SYD,WLG,V,A,AU,unavailable,unavailable,35 - 44 years,F,less than 7 days,H,unavailable,unavailable,9
202105,unavailable,MEL,AKL,V,A,AU,unavailable,unavailable,55 - 64 years,M,15 to 27 days,B,unavailable,unavailable,9
202105,unavailable,PER,AKL,V,A,AU,unavailable,unavailable,35 - 44 years,M,8 - 14 days,H,unavailable,unavailable,6
202105,unavailable,BNE,ZQN,V,A,AU,unavailable,unavailable,45 - 54 years,F,less than 7 days,V,unavailable,unavailable,9
202105,unavailable,OOL,CHC,V,A,AU,unavailable,unavailable,25 - 34 years,F,8 - 14 days,V,unavailable,unavailable,6
202105,unavailable,SIN,AKL,V,A,PH,unavailable,unavailable,25 - 34 years,M,8 - 14 days,O,unavailable,unavailable,9
202105,unavailable,OOL,AKL,V,A,AU,unavailable,unavailable,25 - 34 years,M,less than 7 days,O,unavailable,unavailable,9
202105,unavailable,MEL,ZQN,V,A,AU,unavailable,unavailable,45 - 54 years,F,less than 7 days,H,unavailable,unavailable,6
202105,unavailable,MEL,AKL,V,A,AU,unavailable,unavailable,19 - 24 years,F,8 - 14 days,H,unavailable,unavailable,6
202105,unavailable,BNE,AKL,V,A,AU,unavailable,unavailable,01 - 11 years,F,less than 7 days,H,unavailable,unavailable,9
202105,unavailable,MEL,AKL,V,A,AU,unavailable,unavailable,35 - 44 years,F,less than 7 days,N,unavailable,unavailable,6
202105,unavailable,SYD,AKL,V,A,AU,unavailable,unavailable,55 - 64 years,M,28+ days,N,unavailable,unavailable,9
202105,unavailable,BNE,ZQN,V,A,AU,unavailable,unavailable,35 - 44 years,M,8 - 14 days,H,unavailable,unavailable,9
202105,unavailable,SYD,AKL,V,A,AU,unavailable,unavailable,65 - 74 years,F,15 to 27 days,H,unavailable,unavailable,6
202105,unavailable,SIN,AKL,V,A,SG,unavailable,unavailable,45 - 54 years,F,28+ days,V,unavailable,unavailable,6
202105,unavailable,MEL,WLG,V,A,AU,unavailable,unavailable,25 - 34 years,F,less than 7 days,H,unavailable,unavailable,6
202105,unavailable,PER,AKL,V,A,AU,unavailable,unavailable,25 - 34 years,M,8 - 14 days,N,unavailable,unavailable,9
202105,unavailable,BNE,AKL,V,A,ZA,unavailable,unavailable,25 - 34 years,F,28+ days,B,unavailable,unavailable,6
202105,unavailable,MEL,CHC,V,A,AU,unavailable,unavailable,35 - 44 years,F,less than 7 days,H,unavailable,unavailable,6
202105,unavailable,PER,AKL,V,A,AU,unavailable,unavailable,45 - 54 years,F,15 to 27 days,H,unavailable,unavailable,9
202105,unavailable,BNE,AKL,V,A,AU,unavailable,unavailable,19 - 24 years,M,28+ days,V,unavailable,unavailable,6
202105,unavailable,ADL,AKL,V,A,AU,unavailable,unavailable,25 - 34 years,M,15 to 27 days,H,unavailable,unavailable,9
202105,unavailable,MEL,CHC,V,A,AU,unavailable,unavailable,25 - 34 years,M,28+ days,N,unavailable,unavailable,9
202105,unavailable,SYD,ZQN,V,A,AU,unavailable,unavailable,25 - 34 years,M,less than 7 days,N,unavailable,unavailable,9
202105,unavailable,SYD,AKL,V,A,AU,unavailable,unavailable,25 - 34 years,M,15 to 27 days,N,unavailable,unavailable,9
202105,unavailable,BNE,CHC,V,A,AU,unavailable,unavailable,35 - 44 years,F,8 - 14 days,H,unavailable,unavailable,6
202105,unavailable,BNE,AKL,V,A,AU,unavailable,unavailable,Less than 1 year,M,15 to 27 days,V,unavailable,unavailable,9
202105,unavailable,MEL,AKL,V,A,AU,unavailable,unavailable,65 - 74 years,F,less than 7 days,H,unavailable,unavailable,9
202105,unavailable,OOL,AKL,V,A,AU,unavailable,unavailable,75+,F,28+ days,V,unavailable,unavailable,6
202105,unavailable,BNE,ZQN,V,A,AU,unavailable,unavailable,35 - 44 years,M,less than 7 days,V,unavailable,unavailable,6
202105,unavailable,MEL,WLG,V,A,AU,unavailable,unavailable,65 - 74 years,M,15 to 27 days,V,unavailable,unavailable,6
202105,unavailable,SYD,AKL,V,A,XX,unavailable,unavailable,55 - 64 years,F,less than 7 days,N,unavailable,unavailable,9
202105,unavailable,ADL,AKL,V,A,AU,unavailable,unavailable,45 - 54 years,F,8 - 14 days,V,unavailable,unavailable,6
202105,unavailable,MEL,WLG,V,A,AU,unavailable,unavailable,65 - 74 years,M,28+ days,V,unavailable,unavailable,6
202105,unavailable,SYD,AKL,V,A,AU,unavailable,unavailable,45 - 54 years,F,28+ days,N,unavailable,unavailable,9
202105,unavailable,MEL,AKL,V,A,AU,unavailable,unavailable,75+,F,28+ days,V,unavailable,unavailable,9
202105,unavailable,BNE,AKL,V,A,AU,unavailable,unavailable,25 - 34 years,M,8 - 14 days,N,unavailable,unavailable,9
202105,unavailable,BNE,AKL,V,A,AU,unavailable,unavailable,01 - 11 years,M,28+ days,N,unavailable,unavailable,9
202105,unavailable,BNE,AKL,V,A,AU,unavailable,unavailable,25 - 34 years,F,8 - 14 days,N,unavailable,unavailable,9
202105,unavailable,BNE,AKL,V,A,AU,unavailable,unavailable,25 - 34 years,M,15 to 27 days,B,unavailable,unavailable,9
202105,unavailable,PER,AKL,V,A,AU,unavailable,unavailable,12 - 18 years,F,15 to 27 days,V,unavailable,unavailable,9
202105,unavailable,SYD,AKL,V,A,AU,unavailable,unavailable,35 - 44 years,M,28+ days,N,unavailable,unavailable,9
202105,unavailable,MEL,WLG,V,A,AU,unavailable,unavailable,19 - 24 years,F,15 to 27 days,V,unavailable,unavailable,9
202105,unavailable,SYD,WLG,V,A,AU,unavailable,unavailable,55 - 64 years,M,28+ days,V,unavailable,unavailable,6
202105,unavailable,OOL,CHC,V,A,AU,unavailable,unavailable,45 - 54 years,M,less than 7 days,V,unavailable,unavailable,9
202105,unavailable,HBA,AKL,V,A,AU,unavailable,unavailable,65 - 74 years,M,8 - 14 days,V,unavailable,unavailable,9
202105,unavailable,MEL,AKL,V,A,AU,unavailable,unavailable,01 - 11 years,M,8 - 14 days,H,unavailable,unavailable,9
202105,unavailable,ADL,AKL,V,A,AU,unavailable,unavailable,65 - 74 years,M,less than 7 days,V,unavailable,unavailable,6
202105,unavailable,BNE,AKL,V,A,AU,unavailable,unavailable,35 - 44 years,M,15 to 27 days,B,unavailable,unavailable,6
202105,unavailable,SYD,WLG,V,A,AU,unavailable,unavailable,25 - 34 years,F,less than 7 days,H,unavailable,unavailable,6
202105,unavailable,MEL,AKL,V,A,AU,unavailable,unavailable,55 - 64 years,F,less than 7 days,O,unavailable,unavailable,6
202105,unavailable,ADL,AKL,V,A,AU,unavailable,unavailable,01 - 11 years,M,15 to 27 days,V,unavailable,unavailable,6
202105,unavailable,SYD,AKL,V,A,AU,unavailable,unavailable,35 - 44 years,M,28+ days,H,unavailable,unavailable,6
202105,unavailable,BNE,AKL,V,A,AU,unavailable,unavailable,19 - 24 years,M,less than 7 days,B,unavailable,unavailable,6
202105,unavailable,MEL,AKL,V,A,AU,unavailable,unavailable,01 - 11 years,F,less than 7 days,H,unavailable,unavailable,6
202105,unavailable,BNE,AKL,V,A,AU,unavailable,unavailable,25 - 34 years,F,28+ days,H,unavailable,unavailable,6
202105,unavailable,ADL,AKL,V,A,AU,unavailable,unavailable,65 - 74 years,M,less than 7 days,B,unavailable,unavailable,9
202105,unavailable,BNE,ZQN,V,A,AU,unavailable,unavailable,45 - 54 years,F,8 - 14 days,H,unavailable,unavailable,6
202105,unavailable,MEL,CHC,V,A,AU,unavailable,unavailable,45 - 54 years,M,8 - 14 days,B,unavailable,unavailable,9
202105,unavailable,PER,AKL,V,A,AU,unavailable,unavailable,55 - 64 years,M,less than 7 days,N,unavailable,unavailable,9
202105,unavailable,SYD,CHC,V,A,AU,unavailable,unavailable,45 - 54 years,M,less than 7 days,N,unavailable,unavailable,6
202105,unavailable,MEL,WLG,V,A,AU,unavailable,unavailable,35 - 44 years,M,8 - 14 days,H,unavailable,unavailable,9
202105,unavailable,KUL,AKL,V,A,AE,unavailable,unavailable,45 - 54 years,M,28+ days,V,unavailable,unavailable,6
202105,unavailable,MEL,ZQN,V,A,AU,unavailable,unavailable,45 - 54 years,F,8 - 14 days,H,unavailable,unavailable,9
202105,unavailable,SIN,AKL,V,A,GB,unavailable,unavailable,55 - 64 years,F,28+ days,V,unavailable,unavailable,6
202105,unavailable,MEL,ZQN,V,A,AU,unavailable,unavailable,35 - 44 years,M,less than 7 days,B,unavailable,unavailable,6
202105,unavailable,SYD,AKL,V,A,AU,unavailable,unavailable,12 - 18 years,F,less than 7 days,H,unavailable,unavailable,6
202105,unavailable,SYD,CHC,V,A,AU,unavailable,unavailable,35 - 44 years,F,15 to 27 days,H,unavailable,unavailable,6
202105,unavailable,MEL,WLG,V,A,AU,unavailable,unavailable,Less than 1 year,F,8 - 14 days,V,unavailable,unavailable,6
202105,unavailable,BNE,CHC,V,A,AU,unavailable,unavailable,75+,M,8 - 14 days,V,unavailable,unavailable,6
202105,unavailable,SYD,WLG,V,A,AU,unavailable,unavailable,01 - 11 years,M,28+ days,V,unavailable,unavailable,6
202105,unavailable,HBA,AKL,V,A,AU,unavailable,unavailable,25 - 34 years,F,8 - 14 days,H,unavailable,unavailable,6
202105,unavailable,OOL,AKL,V,A,AU,unavailable,unavailable,Less than 1 year,M,15 to 27 days,V,unavailable,unavailable,9
202105,unavailable,MEL,ZQN,V,A,AU,unavailable,unavailable,55 - 64 years,F,less than 7 days,H,unavailable,unavailable,6
202105,unavailable,OOL,AKL,V,A,AU,unavailable,unavailable,75+,F,8 - 14 days,V,unavailable,unavailable,6
202105,unavailable,BNE,WLG,V,A,AU,unavailable,unavailable,35 - 44 years,F,28+ days,V,unavailable,unavailable,9
202105,unavailable,SYD,CHC,V,A,AU,unavailable,unavailable,75+,F,15 to 27 days,V,unavailable,unavailable,6
202105,unavailable,MEL,AKL,V,A,AU,unavailable,unavailable,25 - 34 years,F,15 to 27 days,N,unavailable,unavailable,9
202105,unavailable,MEL,AKL,V,A,AU,unavailable,unavailable,35 - 44 years,M,15 to 27 days,B,unavailable,unavailable,9
202105,unavailable,CAN,AKL,V,A,CN,unavailable,unavailable,65 - 74 years,F,28+ days,V,unavailable,unavailable,9
202105,unavailable,BNE,ZQN,V,A,AU,unavailable,unavailable,35 - 44 years,M,8 - 14 days,V,unavailable,unavailable,6
202105,unavailable,SYD,AKL,V,A,AU,unavailable,unavailable,12 - 18 years,M,less than 7 days,H,unavailable,unavailable,6
202105,unavailable,PER,AKL,V,A,AU,unavailable,unavailable,Less than 1 year,M,28+ days,V,unavailable,unavailable,6
202105,unavailable,BNE,AKL,V,A,AU,unavailable,unavailable,01 - 11 years,F,8 - 14 days,H,unavailable,unavailable,6
202105,unavailable,MEL,AKL,V,A,AU,unavailable,unavailable,45 - 54 years,M,15 to 27 days,H,unavailable,unavailable,6
202105,unavailable,BNE,AKL,V,A,AU,unavailable,unavailable,25 - 34 years,F,15 to 27 days,H,unavailable,unavailable,6
202105,unavailable,BNE,WLG,V,A,AU,unavailable,unavailable,45 - 54 years,F,28+ days,V,unavailable,unavailable,6
202105,unavailable,KUL,AKL,V,A,AE,unavailable,unavailable,45 - 54 years,F,28+ days,V,unavailable,unavailable,9
202105,unavailable,BNE,WLG,V,A,AU,unavailable,unavailable,45 - 54 years,M,28+ days,V,unavailable,unavailable,6
202105,unavailable,MEL,CHC,V,A,AU,unavailable,unavailable,55 - 64 years,M,15 to 27 days,H,unavailable,unavailable,6
202105,unavailable,PER,AKL,V,A,AU,unavailable,unavailable,25 - 34 years,M,28+ days,H,unavailable,unavailable,9
202105,unavailable,ADL,AKL,V,A,AU,unavailable,unavailable,25 - 34 years,M,less than 7 days,B,unavailable,unavailable,9
202105,unavailable,SYD,AKL,V,A,XX,unavailable,unavailable,55 - 64 years,F,8 - 14 days,N,unavailable,unavailable,6
202105,unavailable,KUL,AKL,V,A,IN,unavailable,unavailable,25 - 34 years,F,28+ days,E,unavailable,unavailable,6
202105,unavailable,MEL,CHC,V,A,AU,unavailable,unavailable,12 - 18 years,M,8 - 14 days,V,unavailable,unavailable,6
202105,unavailable,MEL,ZQN,V,A,AU,unavailable,unavailable,01 - 11 years,F,less than 7 days,V,unavailable,unavailable,6
202105,unavailable,MEL,CHC,V,A,AU,unavailable,unavailable,45 - 54 years,M,less than 7 days,H,unavailable,unavailable,6
202105,unavailable,OOL,AKL,V,A,AU,unavailable,unavailable,45 - 54 years,M,28+ days,V,unavailable,unavailable,9
202105,unavailable,BNE,ZQN,V,A,AU,unavailable,unavailable,01 - 11 years,M,less than 7 days,H,unavailable,unavailable,9
202105,unavailable,SYD,AKL,V,A,XX,unavailable,unavailable,25 - 34 years,F,less than 7 days,N,unavailable,unavailable,9
202105,unavailable,BNE,ZQN,V,A,AU,unavailable,unavailable,55 - 64 years,M,8 - 14 days,V,unavailable,unavailable,6
202105,unavailable,SYD,CHC,V,A,AU,unavailable,unavailable,75+,M,8 - 14 days,V,unavailable,unavailable,9
202105,unavailable,MEL,CHC,V,A,AU,unavailable,unavailable,01 - 11 years,F,28+ days,V,unavailable,unavailable,6
202105,unavailable,SYD,AKL,V,A,AU,unavailable,unavailable,35 - 44 years,F,8 - 14 days,N,unavailable,unavailable,9
202105,unavailable,PER,AKL,V,A,AU,unavailable,unavailable,25 - 34 years,F,less than 7 days,H,unavailable,unavailable,6
202105,unavailable,BNE,AKL,V,A,AU,unavailable,unavailable,35 - 44 years,F,15 to 27 days,B,unavailable,unavailable,6
202105,unavailable,PER,AKL,V,A,AU,unavailable,unavailable,35 - 44 years,F,8 - 14 days,H,unavailable,unavailable,6
202105,unavailable,MEL,ZQN,V,A,AU,unavailable,unavailable,55 - 64 years,M,8 - 14 days,V,unavailable,unavailable,6
202105,unavailable,SYD,WLG,V,A,AU,unavailable,unavailable,Less than 1 year,F,8 - 14 days,V,unavailable,unavailable,6
202105,unavailable,SYD,AKL,V,A,AU,unavailable,unavailable,65 - 74 years,M,28+ days,N,unavailable,unavailable,9
202105,unavailable,SYD,AKL,V,A,XX,unavailable,unavailable,25 - 34 years,F,8 - 14 days,N,unavailable,unavailable,6
202105,unavailable,BNE,WLG,V,A,AU,unavailable,unavailable,19 - 24 years,F,28+ days,V,unavailable,unavailable,9
202105,unavailable,LAX,AKL,V,A,US,unavailable,unavailable,65 - 74 years,M,28+ days,V,unavailable,unavailable,9
202105,unavailable,MEL,CHC,V,A,AU,unavailable,unavailable,19 - 24 years,M,less than 7 days,V,unavailable,unavailable,9
202105,unavailable,BNE,AKL,V,A,AU,unavailable,unavailable,25 - 34 years,M,8 - 14 days,B,unavailable,unavailable,6
202105,unavailable,PER,AKL,V,A,AU,unavailable,unavailable,55 - 64 years,M,less than 7 days,H,unavailable,unavailable,6
202105,unavailable,KUL,AKL,V,A,GB,unavailable,unavailable,25 - 34 years,M,28+ days,B,unavailable,unavailable,6
202105,unavailable,SYD,ZQN,V,A,AU,unavailable,unavailable,65 - 74 years,F,15 to 27 days,V,unavailable,unavailable,9
202105,unavailable,NRT,AKL,V,A,JP,unavailable,unavailable,25 - 34 years,F,28+ days,V,unavailable,unavailable,9
202105,unavailable,SYD,WLG,V,A,AU,unavailable,unavailable,19 - 24 years,M,less than 7 days,B,unavailable,unavailable,9
202105,unavailable,BNE,AKL,V,A,AU,unavailable,unavailable,19 - 24 years,F,8 - 14 days,H,unavailable,unavailable,6
202105,unavailable,SYD,WLG,V,A,AU,unavailable,unavailable,19 - 24 years,M,8 - 14 days,O,unavailable,unavailable,6
202105,unavailable,BNE,ZQN,V,A,AU,unavailable,unavailable,01 - 11 years,F,less than 7 days,V,unavailable,unavailable,6
202105,unavailable,BNE,CHC,V,A,AU,unavailable,unavailable,25 - 34 years,M,15 to 27 days,H,unavailable,unavailable,9
202105,unavailable,MEL,AKL,V,A,AU,unavailable,unavailable,45 - 54 years,F,less than 7 days,N,unavailable,unavailable,9
202105,unavailable,BNE,AKL,V,A,AU,unavailable,unavailable,Less than 1 year,F,28+ days,V,unavailable,unavailable,6
202105,unavailable,MEL,AKL,V,A,AU,unavailable,unavailable,19 - 24 years,M,less than 7 days,O,unavailable,unavailable,9
202105,unavailable,NRT,AKL,V,A,JP,unavailable,unavailable,01 - 11 years,F,28+ days,V,unavailable,unavailable,9
202105,unavailable,SYD,AKL,V,A,AU,unavailable,unavailable,55 - 64 years,F,15 to 27 days,H,unavailable,unavailable,9
202105,unavailable,BNE,AKL,V,A,AU,unavailable,unavailable,35 - 44 years,F,28+ days,B,unavailable,unavailable,6
202105,unavailable,SYD,WLG,V,A,AU,unavailable,unavailable,12 - 18 years,F,8 - 14 days,V,unavailable,unavailable,6
202105,unavailable,BNE,CHC,V,A,AU,unavailable,unavailable,65 - 74 years,M,8 - 14 days,H,unavailable,unavailable,6
202105,unavailable,BNE,ZQN,V,A,AU,unavailable,unavailable,65 - 74 years,M,less than 7 days,V,unavailable,unavailable,6
202105,unavailable,BNE,ZQN,V,A,AU,unavailable,unavailable,65 - 74 years,F,8 - 14 days,V,unavailable,unavailable,6
202105,unavailable,SYD,AKL,V,A,AU,unavailable,unavailable,Less than 1 year,F,less than 7 days,V,unavailable,unavailable,6
202105,unavailable,SYD,AKL,V,A,AU,unavailable,unavailable,35 - 44 years,F,28+ days,N,unavailable,unavailable,6
202105,unavailable,PER,AKL,V,A,AU,unavailable,unavailable,Less than 1 year,M,15 to 27 days,V,unavailable,unavailable,6
202105,unavailable,MEL,WLG,V,A,AU,unavailable,unavailable,45 - 54 years,F,28+ days,V,unavailable,unavailable,6
202105,unavailable,BNE,AKL,V,A,AU,unavailable,unavailable,55 - 64 years,M,15 to 27 days,N,unavailable,unavailable,9
202105,unavailable,NRT,AKL,V,A,JP,unavailable,unavailable,25 - 34 years,M,28+ days,N,unavailable,unavailable,6
202105,unavailable,SYD,WLG,V,A,AU,unavailable,unavailable,55 - 64 years,M,8 - 14 days,B,unavailable,unavailable,9
202105,unavailable,SYD,CHC,V,A,AU,unavailable,unavailable,45 - 54 years,M,28+ days,V,unavailable,unavailable,9
202105,unavailable,OOL,AKL,V,A,AU,unavailable,unavailable,35 - 44 years,M,28+ days,V,unavailable,unavailable,9
202105,unavailable,ADL,AKL,V,A,AU,unavailable,unavailable,65 - 74 years,M,28+ days,V,unavailable,unavailable,9
202105,unavailable,CAN,AKL,V,A,CN,unavailable,unavailable,55 - 64 years,F,28+ days,V,unavailable,unavailable,9
202105,unavailable,OOL,AKL,V,A,AU,unavailable,unavailable,Less than 1 year,M,8 - 14 days,V,unavailable,unavailable,9
202105,unavailable,SYD,AKL,V,A,AU,unavailable,unavailable,19 - 24 years,M,28+ days,N,unavailable,unavailable,6
202105,unavailable,RAR,AKL,V,A,CK,unavailable,unavailable,45 - 54 years,F,15 to 27 days,V,unavailable,unavailable,6
202105,unavailable,OOL,CHC,V,A,AU,unavailable,unavailable,01 - 11 years,F,8 - 14 days,V,unavailable,unavailable,6
202105,unavailable,SYD,CHC,V,A,AU,unavailable,unavailable,75+,F,8 - 14 days,V,unavailable,unavailable,9
202105,unavailable,OOL,AKL,V,A,AU,unavailable,unavailable,25 - 34 years,F,less than 7 days,O,unavailable,unavailable,6
202105,unavailable,ADL,AKL,V,A,AU,unavailable,unavailable,35 - 44 years,F,less than 7 days,V,unavailable,unavailable,6
202105,unavailable,SYD,AKL,V,A,AU,unavailable,unavailable,65 - 74 years,M,15 to 27 days,B,unavailable,unavailable,9
202105,unavailable,MEL,ZQN,V,A,AU,unavailable,unavailable,45 - 54 years,M,8 - 14 days,V,unavailable,unavailable,6
202105,unavailable,MEL,AKL,V,A,AU,unavailable,unavailable,25 - 34 years,F,28+ days,H,unavailable,unavailable,6
202105,unavailable,MEL,CHC,V,A,AU,unavailable,unavailable,55 - 64 years,M,less than 7 days,H,unavailable,unavailable,6
202105,unavailable,HBA,AKL,V,A,AU,unavailable,unavailable,55 - 64 years,F,15 to 27 days,V,unavailable,unavailable,6
202105,unavailable,OOL,AKL,V,A,AU,unavailable,unavailable,45 - 54 years,M,8 - 14 days,B,unavailable,unavailable,9
202105,unavailable,MEL,ZQN,V,A,AU,unavailable,unavailable,65 - 74 years,F,less than 7 days,H,unavailable,unavailable,6
202105,unavailable,BNE,CHC,V,A,AU,unavailable,unavailable,55 - 64 years,M,15 to 27 days,H,unavailable,unavailable,6
202105,unavailable,ADL,AKL,V,A,AU,unavailable,unavailable,25 - 34 years,M,less than 7 days,V,unavailable,unavailable,9
202105,unavailable,PER,AKL,V,A,AU,unavailable,unavailable,55 - 64 years,F,less than 7 days,H,unavailable,unavailable,6
202105,unavailable,SYD,ZQN,V,A,AU,unavailable,unavailable,65 - 74 years,F,15 to 27 days,H,unavailable,unavailable,9
202105,unavailable,SYD,CHC,V,A,AU,unavailable,unavailable,45 - 54 years,M,8 - 14 days,B,unavailable,unavailable,9
202105,unavailable,MEL,WLG,V,A,AU,unavailable,unavailable,Less than 1 year,M,28+ days,V,unavailable,unavailable,6
202105,unavailable,BNE,WLG,V,A,AU,unavailable,unavailable,12 - 18 years,F,8 - 14 days,V,unavailable,unavailable,9
202105,unavailable,SYD,CHC,V,A,AU,unavailable,unavailable,45 - 54 years,F,28+ days,V,unavailable,unavailable,9
202105,unavailable,MEL,WLG,V,A,AU,unavailable,unavailable,55 - 64 years,M,less than 7 days,H,unavailable,unavailable,6
202105,unavailable,BNE,WLG,V,A,AU,unavailable,unavailable,Less than 1 year,F,8 - 14 days,V,unavailable,unavailable,9
202105,unavailable,SIN,AKL,V,A,GB,unavailable,unavailable,25 - 34 years,M,28+ days,B,unavailable,unavailable,6
202105,unavailable,BNE,ZQN,V,A,AU,unavailable,unavailable,65 - 74 years,M,8 - 14 days,H,unavailable,unavailable,9
202105,unavailable,OOL,AKL,V,A,AU,unavailable,unavailable,25 - 34 years,M,8 - 14 days,N,unavailable,unavailable,6
202105,unavailable,SIN,AKL,V,A,GB,unavailable,unavailable,65 - 74 years,F,28+ days,V,unavailable,unavailable,6
202105,unavailable,MEL,AKL,V,A,AU,unavailable,unavailable,19 - 24 years,M,less than 7 days,N,unavailable,unavailable,9
202105,unavailable,KUL,AKL,V,A,GB,unavailable,unavailable,35 - 44 years,M,28+ days,B,unavailable,unavailable,9
202105,unavailable,MEL,AKL,V,A,AU,unavailable,unavailable,25 - 34 years,F,less than 7 days,E,unavailable,unavailable,9
202105,unavailable,RAR,AKL,V,A,CK,unavailable,unavailable,65 - 74 years,F,8 - 14 days,V,unavailable,unavailable,6
202105,unavailable,OOL,AKL,V,A,AU,unavailable,unavailable,55 - 64 years,F,8 - 14 days,H,unavailable,unavailable,6
202105,unavailable,ZZS,NPL,V,A,XX,unavailable,unavailable,45 - 54 years,M,less than 7 days,N,unavailable,unavailable,6
202105,unavailable,ADL,AKL,V,A,AU,unavailable,unavailable,45 - 54 years,M,15 to 27 days,V,unavailable,unavailable,6
202105,unavailable,MEL,AKL,V,A,AU,unavailable,unavailable,19 - 24 years,F,28+ days,N,unavailable,unavailable,6
202105,unavailable,MEL,AKL,V,A,AU,unavailable,unavailable,55 - 64 years,M,8 - 14 days,N,unavailable,unavailable,6
202105,unavailable,MEL,ZQN,V,A,AU,unavailable,unavailable,35 - 44 years,M,8 - 14 days,V,unavailable,unavailable,6
202105,unavailable,SYD,AKL,V,A,AU,unavailable,unavailable,12 - 18 years,M,8 - 14 days,O,unavailable,unavailable,6
202105,unavailable,OOL,AKL,V,A,AU,unavailable,unavailable,65 - 74 years,M,15 to 27 days,H,unavailable,unavailable,6
202105,unavailable,BNE,ZQN,V,A,AU,unavailable,unavailable,01 - 11 years,F,less than 7 days,H,unavailable,unavailable,6
202105,unavailable,MEL,CHC,V,A,AU,unavailable,unavailable,01 - 11 years,F,8 - 14 days,H,unavailable,unavailable,6
202105,unavailable,MEL,CHC,V,A,AU,unavailable,unavailable,55 - 64 years,F,less than 7 days,B,unavailable,unavailable,6
202105,unavailable,SYD,ZQN,V,A,AU,unavailable,unavailable,45 - 54 years,F,15 to 27 days,V,unavailable,unavailable,6
202105,unavailable,BNE,CHC,V,A,AU,unavailable,unavailable,35 - 44 years,M,28+ days,V,unavailable,unavailable,6
202105,unavailable,MEL,CHC,V,A,AU,unavailable,unavailable,55 - 64 years,M,8 - 14 days,B,unavailable,unavailable,6
202105,unavailable,MEL,ZQN,V,A,AU,unavailable,unavailable,55 - 64 years,F,28+ days,V,unavailable,unavailable,6
202105,unavailable,BNE,AKL,V,A,XX,unavailable,unavailable,55 - 64 years,F,8 - 14 days,N,unavailable,unavailable,6
202105,unavailable,SYD,AKL,V,A,AU,unavailable,unavailable,55 - 64 years,F,less than 7 days,C,unavailable,unavailable,6
202105,unavailable,MEL,ZQN,V,A,AU,unavailable,unavailable,65 - 74 years,M,less than 7 days,H,unavailable,unavailable,6
202105,unavailable,SYD,ZQN,V,A,AU,unavailable,unavailable,35 - 44 years,M,15 to 27 days,V,unavailable,unavailable,6
202105,unavailable,BNE,AKL,V,A,AU,unavailable,unavailable,65 - 74 years,M,less than 7 days,O,unavailable,unavailable,6
202105,unavailable,ADL,AKL,V,A,AU,unavailable,unavailable,01 - 11 years,F,8 - 14 days,V,unavailable,unavailable,6
202105,unavailable,BNE,AKL,V,A,AU,unavailable,unavailable,45 - 54 years,F,8 - 14 days,N,unavailable,unavailable,6
202105,unavailable,MEL,AKL,V,A,AU,unavailable,unavailable,65 - 74 years,M,8 - 14 days,B,unavailable,unavailable,6
202105,unavailable,SYD,CHC,V,A,AU,unavailable,unavailable,01 - 11 years,M,8 - 14 days,H,unavailable,unavailable,6
202105,unavailable,MEL,AKL,V,A,XX,unavailable,unavailable,25 - 34 years,F,less than 7 days,N,unavailable,unavailable,6
202105,unavailable,ADL,AKL,V,A,AU,unavailable,unavailable,35 - 44 years,F,less than 7 days,B,unavailable,unavailable,6
202105,unavailable,OOL,AKL,V,A,AU,unavailable,unavailable,25 - 34 years,M,less than 7 days,B,unavailable,unavailable,6
202105,unavailable,OOL,AKL,V,A,AU,unavailable,unavailable,35 - 44 years,M,28+ days,N,unavailable,unavailable,6
202105,unavailable,SYD,CHC,V,A,AU,unavailable,unavailable,19 - 24 years,F,28+ days,V,unavailable,unavailable,6
202105,unavailable,PER,AKL,V,A,AU,unavailable,unavailable,45 - 54 years,M,15 to 27 days,H,unavailable,unavailable,6
202105,unavailable,SYD,AKL,V,A,XX,unavailable,unavailable,35 - 44 years,M,8 - 14 days,N,unavailable,unavailable,6
202105,unavailable,MEL,CHC,V,A,AU,unavailable,unavailable,25 - 34 years,F,28+ days,N,unavailable,unavailable,6
202105,unavailable,SYD,CHC,V,A,AU,unavailable,unavailable,35 - 44 years,F,28+ days,V,unavailable,unavailable,6
202105,unavailable,BNE,AKL,V,A,AU,unavailable,unavailable,65 - 74 years,M,8 - 14 days,B,unavailable,unavailable,6
202105,unavailable,BNE,AKL,V,A,AU,unavailable,unavailable,25 - 34 years,F,28+ days,N,unavailable,unavailable,6
202105,unavailable,BNE,AKL,V,A,AU,unavailable,unavailable,35 - 44 years,F,8 - 14 days,B,unavailable,unavailable,6
202105,unavailable,MEL,WLG,V,A,AU,unavailable,unavailable,19 - 24 years,M,less than 7 days,O,unavailable,unavailable,6
202105,unavailable,MEL,ZQN,V,A,AU,unavailable,unavailable,01 - 11 years,F,15 to 27 days,V,unavailable,unavailable,6
202105,unavailable,MEL,ZQN,V,A,AU,unavailable,unavailable,25 - 34 years,M,15 to 27 days,V,unavailable,unavailable,6
202105,unavailable,BNE,AKL,V,A,XX,unavailable,unavailable,45 - 54 years,F,15 to 27 days,N,unavailable,unavailable,6
202105,unavailable,SYD,CHC,V,A,AU,unavailable,unavailable,01 - 11 years,M,15 to 27 days,H,unavailable,unavailable,6
202105,unavailable,OOL,CHC,V,A,AU,unavailable,unavailable,65 - 74 years,F,8 - 14 days,V,unavailable,unavailable,6
202105,unavailable,BNE,ZQN,V,A,AU,unavailable,unavailable,35 - 44 years,F,15 to 27 days,V,unavailable,unavailable,6
202105,unavailable,BNE,AKL,V,A,AU,unavailable,unavailable,25 - 34 years,M,28+ days,H,unavailable,unavailable,6
202105,unavailable,OOL,AKL,V,A,AU,unavailable,unavailable,55 - 64 years,F,8 - 14 days,N,unavailable,unavailable,6
202105,unavailable,MEL,CHC,V,A,AU,unavailable,unavailable,Less than 1 year,F,8 - 14 days,V,unavailable,unavailable,6
202105,unavailable,SYD,CHC,V,A,AU,unavailable,unavailable,55 - 64 years,F,less than 7 days,B,unavailable,unavailable,6
202105,unavailable,OOL,AKL,V,A,AU,unavailable,unavailable,Less than 1 year,F,15 to 27 days,V,unavailable,unavailable,6
202105,unavailable,SYD,CHC,V,A,AU,unavailable,unavailable,01 - 11 years,F,8 - 14 days,H,unavailable,unavailable,6
202105,unavailable,MEL,AKL,V,A,AU,unavailable,unavailable,19 - 24 years,F,8 - 14 days,N,unavailable,unavailable,6
202105,unavailable,SYD,CHC,V,A,AU,unavailable,unavailable,12 - 18 years,F,8 - 14 days,V,unavailable,unavailable,6
202105,unavailable,OOL,CHC,V,A,AU,unavailable,unavailable,25 - 34 years,F,15 to 27 days,V,unavailable,unavailable,6
202105,unavailable,SYD,WLG,V,A,AU,unavailable,unavailable,55 - 64 years,M,less than 7 days,O,unavailable,unavailable,6
202105,unavailable,SYD,ZQN,V,A,AU,unavailable,unavailable,35 - 44 years,M,15 to 27 days,H,unavailable,unavailable,6
202105,unavailable,MEL,AKL,V,A,XX,unavailable,unavailable,35 - 44 years,M,less than 7 days,N,unavailable,unavailable,6
202105,unavailable,KUL,AKL,V,A,AE,unavailable,unavailable,35 - 44 years,F,28+ days,V,unavailable,unavailable,6
202105,unavailable,SYD,AKL,V,A,XX,unavailable,unavailable,01 - 11 years,M,8 - 14 days,N,unavailable,unavailable,6
202105,unavailable,MEL,WLG,V,A,AU,unavailable,unavailable,35 - 44 years,M,8 - 14 days,B,unavailable,unavailable,6
202105,unavailable,SYD,AKL,V,A,AU,unavailable,unavailable,65 - 74 years,M,less than 7 days,O,unavailable,unavailable,6
202105,unavailable,ADL,AKL,V,A,AU,unavailable,unavailable,01 - 11 years,M,8 - 14 days,V,unavailable,unavailable,6
202105,unavailable,OOL,AKL,V,A,AU,unavailable,unavailable,12 - 18 years,F,8 - 14 days,H,unavailable,unavailable,6
202105,unavailable,BNE,ZQN,V,A,AU,unavailable,unavailable,01 - 11 years,M,15 to 27 days,V,unavailable,unavailable,6
202105,unavailable,MEL,WLG,V,A,AU,unavailable,unavailable,Less than 1 year,M,8 - 14 days,V,unavailable,unavailable,6
202105,unavailable,OOL,AKL,V,A,AU,unavailable,unavailable,01 - 11 years,F,8 - 14 days,N,unavailable,unavailable,6
202105,unavailable,BNE,AKL,V,A,XX,unavailable,unavailable,55 - 64 years,F,15 to 27 days,N,unavailable,unavailable,6
202105,unavailable,MEL,AKL,V,A,AU,unavailable,unavailable,01 - 11 years,F,15 to 27 days,H,unavailable,unavailable,6
202105,unavailable,MEL,AKL,V,A,AU,unavailable,unavailable,01 - 11 years,F,8 - 14 days,N,unavailable,unavailable,6
202105,unavailable,BNE,ZQN,V,A,AU,unavailable,unavailable,55 - 64 years,M,15 to 27 days,V,unavailable,unavailable,6
202105,unavailable,MEL,AKL,V,A,AU,unavailable,unavailable,45 - 54 years,F,8 - 14 days,B,unavailable,unavailable,6
202105,unavailable,SYD,ZQN,V,A,AU,unavailable,unavailable,65 - 74 years,F,less than 7 days,V,unavailable,unavailable,6
202105,unavailable,PER,AKL,V,A,AU,unavailable,unavailable,25 - 34 years,M,less than 7 days,B,unavailable,unavailable,6
202105,unavailable,LAX,AKL,V,A,US,unavailable,unavailable,65 - 74 years,F,28+ days,V,unavailable,unavailable,6
202105,unavailable,ADL,AKL,V,A,AU,unavailable,unavailable,65 - 74 years,F,15 to 27 days,V,unavailable,unavailable,6
202105,unavailable,SYD,WLG,V,A,AU,unavailable,unavailable,25 - 34 years,M,less than 7 days,N,unavailable,unavailable,6
202105,unavailable,BNE,CHC,V,A,AU,unavailable,unavailable,25 - 34 years,M,less than 7 days,B,unavailable,unavailable,6
202105,unavailable,SYD,WLG,V,A,AU,unavailable,unavailable,45 - 54 years,M,28+ days,V,unavailable,unavailable,6
202105,unavailable,SYD,ZQN,V,A,AU,unavailable,unavailable,35 - 44 years,F,less than 7 days,N,unavailable,unavailable,6
202105,unavailable,SYD,ZQN,V,A,AU,unavailable,unavailable,19 - 24 years,F,28+ days,V,unavailable,unavailable,6
202105,unavailable,BNE,AKL,V,A,AU,unavailable,unavailable,55 - 64 years,M,15 to 27 days,B,unavailable,unavailable,6
202105,unavailable,HBA,AKL,V,A,AU,unavailable,unavailable,35 - 44 years,M,less than 7 days,B,unavailable,unavailable,6
202105,unavailable,SIN,AKL,V,A,PH,unavailable,unavailable,35 - 44 years,M,8 - 14 days,O,unavailable,unavailable,6
202105,unavailable,MEL,AKL,V,A,AU,unavailable,unavailable,45 - 54 years,F,15 to 27 days,B,unavailable,unavailable,6
202105,unavailable,MEL,CHC,V,A,AU,unavailable,unavailable,45 - 54 years,F,15 to 27 days,H,unavailable,unavailable,6
202105,unavailable,MEL,ZQN,V,A,AU,unavailable,unavailable,01 - 11 years,M,less than 7 days,H,unavailable,unavailable,6
202105,unavailable,MEL,ZQN,V,A,AU,unavailable,unavailable,65 - 74 years,F,8 - 14 days,V,unavailable,unavailable,6
202105,unavailable,RAR,AKL,V,A,CK,unavailable,unavailable,55 - 64 years,M,28+ days,V,unavailable,unavailable,6
202105,unavailable,MEL,ZQN,V,A,AU,unavailable,unavailable,45 - 54 years,M,15 to 27 days,V,unavailable,unavailable,6
202105,unavailable,MEL,ZQN,V,A,AU,unavailable,unavailable,35 - 44 years,F,15 to 27 days,V,unavailable,unavailable,6
202105,unavailable,SYD,CHC,V,A,AU,unavailable,unavailable,19 - 24 years,M,15 to 27 days,V,unavailable,unavailable,6
202105,unavailable,OOL,AKL,V,A,AU,unavailable,unavailable,01 - 11 years,M,less than 7 days,H,unavailable,unavailable,6
202105,unavailable,MEL,AKL,V,A,AU,unavailable,unavailable,55 - 64 years,M,28+ days,N,unavailable,unavailable,6
202105,unavailable,OOL,AKL,V,A,AU,unavailable,unavailable,25 - 34 years,F,28+ days,N,unavailable,unavailable,6
202105,unavailable,SYD,AKL,V,A,AU,unavailable,unavailable,35 - 44 years,M,15 to 27 days,N,unavailable,unavailable,6
202105,unavailable,BNE,ZQN,V,A,AU,unavailable,unavailable,25 - 34 years,F,15 to 27 days,V,unavailable,unavailable,6
202105,unavailable,PER,AKL,V,A,AU,unavailable,unavailable,Less than 1 year,M,8 - 14 days,V,unavailable,unavailable,6
202105,unavailable,RAR,AKL,V,A,CK,unavailable,unavailable,45 - 54 years,F,28+ days,V,unavailable,unavailable,6
202105,unavailable,SYD,CHC,V,A,AU,unavailable,unavailable,65 - 74 years,M,less than 7 days,H,unavailable,unavailable,6
202105,unavailable,BNE,ZQN,V,A,AU,unavailable,unavailable,35 - 44 years,F,8 - 14 days,H,unavailable,unavailable,6
202105,unavailable,SYD,CHC,V,A,AU,unavailable,unavailable,55 - 64 years,F,8 - 14 days,N,unavailable,unavailable,6
202105,unavailable,MEL,AKL,V,A,AU,unavailable,unavailable,35 - 44 years,M,less than 7 days,C,unavailable,unavailable,6
202105,unavailable,RAR,AKL,V,A,CK,unavailable,unavailable,01 - 11 years,M,8 - 14 days,V,unavailable,unavailable,6
202105,unavailable,BNE,WLG,V,A,AU,unavailable,unavailable,25 - 34 years,F,28+ days,V,unavailable,unavailable,6
202105,unavailable,PER,AKL,V,A,AU,unavailable,unavailable,35 - 44 years,M,less than 7 days,O,unavailable,unavailable,6
202105,unavailable,MEL,WLG,V,A,AU,unavailable,unavailable,35 - 44 years,M,less than 7 days,N,unavailable,unavailable,6
202105,unavailable,ADL,AKL,V,A,AU,unavailable,unavailable,25 - 34 years,F,28+ days,V,unavailable,unavailable,6
202105,unavailable,SYD,ZQN,V,A,AU,unavailable,unavailable,19 - 24 years,F,less than 7 days,V,unavailable,unavailable,6
202105,unavailable,BNE,AKL,V,A,XX,unavailable,unavailable,45 - 54 years,F,8 - 14 days,N,unavailable,unavailable,6
202105,unavailable,SYD,CHC,V,A,AU,unavailable,unavailable,65 - 74 years,F,less than 7 days,H,unavailable,unavailable,6
202105,unavailable,BNE,CHC,V,A,AU,unavailable,unavailable,35 - 44 years,F,less than 7 days,H,unavailable,unavailable,6
202105,unavailable,SYD,CHC,V,A,AU,unavailable,unavailable,12 - 18 years,M,8 - 14 days,V,unavailable,unavailable,6
202105,unavailable,OOL,CHC,V,A,AU,unavailable,unavailable,55 - 64 years,M,less than 7 days,V,unavailable,unavailable,6
202105,unavailable,SYD,AKL,V,A,AU,unavailable,unavailable,65 - 74 years,M,28+ days,H,unavailable,unavailable,6
202105,unavailable,MEL,CHC,V,A,AU,unavailable,unavailable,19 - 24 years,M,15 to 27 days,V,unavailable,unavailable,6
202105,unavailable,SYD,AKL,V,A,AU,unavailable,unavailable,Less than 1 year,M,28+ days,V,unavailable,unavailable,6
202105,unavailable,KUL,AKL,V,A,AE,unavailable,unavailable,35 - 44 years,M,28+ days,V,unavailable,unavailable,6
202105,unavailable,MEL,CHC,V,A,AU,unavailable,unavailable,45 - 54 years,M,28+ days,V,unavailable,unavailable,6
202105,unavailable,BNE,AKL,V,A,AU,unavailable,unavailable,19 - 24 years,F,28+ days,N,unavailable,unavailable,6
202105,unavailable,MEL,ZQN,V,A,AU,unavailable,unavailable,35 - 44 years,F,8 - 14 days,H,unavailable,unavailable,6
202105,unavailable,BNE,AKL,V,A,XX,unavailable,unavailable,35 - 44 years,M,8 - 14 days,N,unavailable,unavailable,6
202105,unavailable,OOL,CHC,V,A,AU,unavailable,unavailable,35 - 44 years,F,less than 7 days,V,unavailable,unavailable,6
202105,unavailable,BNE,CHC,V,A,AU,unavailable,unavailable,75+,F,15 to 27 days,V,unavailable,unavailable,6
202105,unavailable,PER,AKL,V,A,AU,unavailable,unavailable,12 - 18 years,M,15 to 27 days,V,unavailable,unavailable,6
202105,unavailable,CAN,AKL,V,A,CN,unavailable,unavailable,55 - 64 years,F,28+ days,N,unavailable,unavailable,6
202105,unavailable,SYD,AKL,V,A,AU,unavailable,unavailable,01 - 11 years,F,28+ days,N,unavailable,unavailable,6
202105,unavailable,BNE,ZQN,V,A,AU,unavailable,unavailable,45 - 54 years,M,less than 7 days,V,unavailable,unavailable,6
202105,unavailable,MEL,CHC,V,A,AU,unavailable,unavailable,35 - 44 years,M,15 to 27 days,H,unavailable,unavailable,6
202105,unavailable,HBA,AKL,V,A,AU,unavailable,unavailable,45 - 54 years,F,less than 7 days,V,unavailable,unavailable,6
202105,unavailable,SYD,AKL,V,A,AU,unavailable,unavailable,12 - 18 years,F,28+ days,V,unavailable,unavailable,6
202105,unavailable,CAN,AKL,V,A,CN,unavailable,unavailable,65 - 74 years,M,28+ days,N,unavailable,unavailable,6
202105,unavailable,MEL,ZQN,V,A,AU,unavailable,unavailable,19 - 24 years,F,less than 7 days,H,unavailable,unavailable,6
202105,unavailable,RAR,AKL,V,A,CK,unavailable,unavailable,65 - 74 years,M,28+ days,V,unavailable,unavailable,6
202105,unavailable,SYD,AKL,V,A,XX,unavailable,unavailable,01 - 11 years,F,8 - 14 days,N,unavailable,unavailable,6
202105,unavailable,BNE,WLG,V,A,AU,unavailable,unavailable,55 - 64 years,M,28+ days,V,unavailable,unavailable,6
202105,unavailable,CAN,AKL,V,A,CN,unavailable,unavailable,65 - 74 years,M,28+ days,V,unavailable,unavailable,6
202105,unavailable,BNE,ZQN,V,A,AU,unavailable,unavailable,65 - 74 years,F,less than 7 days,H,unavailable,unavailable,6
202105,unavailable,BNE,CHC,V,A,AU,unavailable,unavailable,75+,F,8 - 14 days,V,unavailable,unavailable,6
202105,unavailable,MEL,WLG,V,A,AU,unavailable,unavailable,19 - 24 years,M,8 - 14 days,V,unavailable,unavailable,6
202105,unavailable,HBA,AKL,V,A,AU,unavailable,unavailable,65 - 74 years,F,8 - 14 days,V,unavailable,unavailable,6
202105,unavailable,SYD,AKL,V,A,AU,unavailable,unavailable,35 - 44 years,F,less than 7 days,O,unavailable,unavailable,6
202105,unavailable,BNE,AKL,V,A,AU,unavailable,unavailable,65 - 74 years,F,15 to 27 days,N,unavailable,unavailable,6
202105,unavailable,SYD,AKL,V,A,AU,unavailable,unavailable,19 - 24 years,F,15 to 27 days,H,unavailable,unavailable,6
202105,unavailable,SYD,AKL,V,A,AU,unavailable,unavailable,45 - 54 years,F,15 to 27 days,H,unavailable,unavailable,6
202105,unavailable,SYD,WLG,V,A,AU,unavailable,unavailable,35 - 44 years,M,28+ days,V,unavailable,unavailable,6
202105,unavailable,HKG,AKL,V,A,HK,unavailable,unavailable,45 - 54 years,M,28+ days,V,unavailable,unavailable,6
202105,unavailable,MEL,WLG,V,A,AU,unavailable,unavailable,19 - 24 years,M,8 - 14 days,B,unavailable,unavailable,6
202105,unavailable,BNE,AKL,V,A,XX,unavailable,unavailable,25 - 34 years,M,8 - 14 days,N,unavailable,unavailable,6
202105,unavailable,MEL,CHC,V,A,AU,unavailable,unavailable,65 - 74 years,F,8 - 14 days,H,unavailable,unavailable,6
202105,unavailable,MEL,CHC,V,A,AU,unavailable,unavailable,65 - 74 years,M,28+ days,V,unavailable,unavailable,6
202105,unavailable,MEL,WLG,V,A,AU,unavailable,unavailable,55 - 64 years,F,less than 7 days,B,unavailable,unavailable,6
202105,unavailable,OOL,CHC,V,A,AU,unavailable,unavailable,45 - 54 years,M,8 - 14 days,V,unavailable,unavailable,6
202105,unavailable,PER,AKL,V,A,AU,unavailable,unavailable,75+,M,15 to 27 days,V,unavailable,unavailable,6
202105,unavailable,PER,AKL,V,A,AU,unavailable,unavailable,55 - 64 years,M,8 - 14 days,H,unavailable,unavailable,6
202105,unavailable,OOL,CHC,V,A,AU,unavailable,unavailable,45 - 54 years,F,less than 7 days,V,unavailable,unavailable,6
202105,unavailable,SYD,AKL,V,A,AU,unavailable,unavailable,75+,M,8 - 14 days,N,unavailable,unavailable,6
202105,unavailable,MEL,AKL,V,A,AU,unavailable,unavailable,55 - 64 years,F,less than 7 days,N,unavailable,unavailable,3
202105,unavailable,BNE,ZQN,V,A,AU,unavailable,unavailable,01 - 11 years,M,less than 7 days,V,unavailable,unavailable,3
202105,unavailable,SYD,ZQN,V,A,AU,unavailable,unavailable,45 - 54 years,M,15 to 27 days,V,unavailable,unavailable,6
202105,unavailable,BNE,AKL,V,A,AU,unavailable,unavailable,65 - 74 years,F,8 - 14 days,N,unavailable,unavailable,6
202105,unavailable,OOL,AKL,V,A,AU,unavailable,unavailable,19 - 24 years,M,28+ days,V,unavailable,unavailable,6
202105,unavailable,BNE,AKL,V,A,XX,unavailable,unavailable,55 - 64 years,M,8 - 14 days,N,unavailable,unavailable,6
202105,unavailable,SYD,AKL,V,A,AU,unavailable,unavailable,19 - 24 years,F,28+ days,H,unavailable,unavailable,6
202105,unavailable,SYD,AKL,V,A,AU,unavailable,unavailable,35 - 44 years,F,28+ days,B,unavailable,unavailable,3
202105,unavailable,PER,AKL,V,A,AU,unavailable,unavailable,25 - 34 years,M,28+ days,N,unavailable,unavailable,3
202105,unavailable,MEL,AKL,V,A,XX,unavailable,unavailable,25 - 34 years,M,less than 7 days,N,unavailable,unavailable,6
202105,unavailable,BNE,AKL,V,A,AU,unavailable,unavailable,19 - 24 years,M,8 - 14 days,H,unavailable,unavailable,3
202105,unavailable,HBA,AKL,V,A,AU,unavailable,unavailable,01 - 11 years,F,8 - 14 days,V,unavailable,unavailable,6
202105,unavailable,SYD,ZQN,V,A,AU,unavailable,unavailable,65 - 74 years,M,15 to 27 days,V,unavailable,unavailable,6
202105,unavailable,PER,AKL,V,A,AU,unavailable,unavailable,45 - 54 years,M,8 - 14 days,N,unavailable,unavailable,6
202105,unavailable,MEL,WLG,V,A,AU,unavailable,unavailable,25 - 34 years,M,15 to 27 days,B,unavailable,unavailable,3
202105,unavailable,HBA,AKL,V,A,AU,unavailable,unavailable,01 - 11 years,M,8 - 14 days,V,unavailable,unavailable,6
202105,unavailable,KUL,AKL,V,A,IN,unavailable,unavailable,25 - 34 years,F,28+ days,O,unavailable,unavailable,6
202105,unavailable,SYD,AKL,V,A,AU,unavailable,unavailable,35 - 44 years,F,15 to 27 days,B,unavailable,unavailable,6
202105,unavailable,SYD,AKL,V,A,AU,unavailable,unavailable,65 - 74 years,M,28+ days,B,unavailable,unavailable,3
202105,unavailable,SIN,AKL,V,A,GB,unavailable,unavailable,35 - 44 years,M,28+ days,V,unavailable,unavailable,6
202105,unavailable,SYD,CHC,V,A,AU,unavailable,unavailable,55 - 64 years,M,8 - 14 days,N,unavailable,unavailable,6
202105,unavailable,SYD,WLG,V,A,AU,unavailable,unavailable,12 - 18 years,F,15 to 27 days,V,unavailable,unavailable,3
202105,unavailable,SYD,AKL,V,A,AU,unavailable,unavailable,75+,M,less than 7 days,B,unavailable,unavailable,6
202105,unavailable,BNE,ZQN,V,A,AU,unavailable,unavailable,12 - 18 years,M,8 - 14 days,V,unavailable,unavailable,6
202105,unavailable,BNE,WLG,V,A,AU,unavailable,unavailable,45 - 54 years,F,less than 7 days,B,unavailable,unavailable,6
202105,unavailable,OOL,AKL,V,A,AU,unavailable,unavailable,25 - 34 years,F,less than 7 days,B,unavailable,unavailable,3
202105,unavailable,SIN,AKL,V,A,GB,unavailable,unavailable,25 - 34 years,F,28+ days,O,unavailable,unavailable,3
202105,unavailable,SYD,WLG,V,A,AU,unavailable,unavailable,35 - 44 years,M,less than 7 days,O,unavailable,unavailable,3
202105,unavailable,SYD,AKL,V,A,AU,unavailable,unavailable,01 - 11 years,F,15 to 27 days,H,unavailable,unavailable,6
202105,unavailable,MEL,ZQN,V,A,AU,unavailable,unavailable,25 - 34 years,F,less than 7 days,B,unavailable,unavailable,6
202105,unavailable,SYD,AKL,V,A,AU,unavailable,unavailable,65 - 74 years,M,15 to 27 days,N,unavailable,unavailable,6
202105,unavailable,OOL,AKL,V,A,AU,unavailable,unavailable,55 - 64 years,M,less than 7 days,H,unavailable,unavailable,6
202105,unavailable,PER,AKL,V,A,AU,unavailable,unavailable,25 - 34 years,F,28+ days,H,unavailable,unavailable,3
202105,unavailable,BNE,ZQN,V,A,AU,unavailable,unavailable,65 - 74 years,M,8 - 14 days,V,unavailable,unavailable,3
202105,unavailable,MEL,WLG,V,A,AU,unavailable,unavailable,55 - 64 years,M,15 to 27 days,H,unavailable,unavailable,6
202105,unavailable,PER,AKL,V,A,AU,unavailable,unavailable,Less than 1 year,F,28+ days,V,unavailable,unavailable,6
202105,unavailable,PER,AKL,V,A,AU,unavailable,unavailable,65 - 74 years,F,less than 7 days,V,unavailable,unavailable,6
202105,unavailable,LAX,AKL,V,A,US,unavailable,unavailable,35 - 44 years,F,28+ days,B,unavailable,unavailable,6
202105,unavailable,SYD,AKL,V,A,AU,unavailable,unavailable,25 - 34 years,F,less than 7 days,E,unavailable,unavailable,6
202105,unavailable,BNE,AKL,V,A,AU,unavailable,unavailable,Less than 1 year,F,15 to 27 days,V,unavailable,unavailable,6
202105,unavailable,PER,AKL,V,A,AU,unavailable,unavailable,55 - 64 years,M,less than 7 days,O,unavailable,unavailable,6
202105,unavailable,SYD,AKL,V,A,AU,unavailable,unavailable,19 - 24 years,M,8 - 14 days,B,unavailable,unavailable,6
202105,unavailable,BNE,AKL,V,A,AU,unavailable,unavailable,25 - 34 years,F,less than 7 days,O,unavailable,unavailable,6
202105,unavailable,ADL,AKL,V,A,AU,unavailable,unavailable,35 - 44 years,F,28+ days,V,unavailable,unavailable,3
202105,unavailable,OOL,AKL,V,A,AU,unavailable,unavailable,35 - 44 years,F,8 - 14 days,H,unavailable,unavailable,6
202105,unavailable,HBA,AKL,V,A,AU,unavailable,unavailable,55 - 64 years,M,15 to 27 days,V,unavailable,unavailable,6
202105,unavailable,SYD,AKL,V,A,AU,unavailable,unavailable,45 - 54 years,M,28+ days,N,unavailable,unavailable,3
202105,unavailable,BNE,AKL,V,A,AU,unavailable,unavailable,55 - 64 years,F,8 - 14 days,E,unavailable,unavailable,3
202105,unavailable,SYD,ZQN,V,A,AU,unavailable,unavailable,35 - 44 years,F,15 to 27 days,V,unavailable,unavailable,6
202105,unavailable,MEL,AKL,V,A,AU,unavailable,unavailable,45 - 54 years,M,8 - 14 days,N,unavailable,unavailable,6
202105,unavailable,MEL,CHC,V,A,AU,unavailable,unavailable,75+,F,less than 7 days,V,unavailable,unavailable,6
202105,unavailable,LAX,AKL,V,A,US,unavailable,unavailable,25 - 34 years,M,28+ days,N,unavailable,unavailable,3
202105,unavailable,SYD,AKL,V,A,AU,unavailable,unavailable,25 - 34 years,F,8 - 14 days,E,unavailable,unavailable,3
202105,unavailable,PER,AKL,V,A,AU,unavailable,unavailable,01 - 11 years,M,15 to 27 days,O,unavailable,unavailable,3
202105,unavailable,BNE,CHC,V,A,AU,unavailable,unavailable,65 - 74 years,M,15 to 27 days,H,unavailable,unavailable,6
202105,unavailable,BNE,AKL,V,A,AU,unavailable,unavailable,65 - 74 years,M,15 to 27 days,B,unavailable,unavailable,3
202105,unavailable,SYD,WLG,V,A,AU,unavailable,unavailable,75+,F,less than 7 days,V,unavailable,unavailable,6
202105,unavailable,BNE,WLG,V,A,AU,unavailable,unavailable,45 - 54 years,M,less than 7 days,H,unavailable,unavailable,6
202105,unavailable,PER,AKL,V,A,AU,unavailable,unavailable,65 - 74 years,M,28+ days,H,unavailable,unavailable,6
202105,unavailable,HBA,AKL,V,A,AU,unavailable,unavailable,35 - 44 years,F,15 to 27 days,V,unavailable,unavailable,3
202105,unavailable,BNE,CHC,V,A,AU,unavailable,unavailable,35 - 44 years,M,15 to 27 days,B,unavailable,unavailable,3
202105,unavailable,MEL,CHC,V,A,AU,unavailable,unavailable,55 - 64 years,F,less than 7 days,H,unavailable,unavailable,6
202105,unavailable,BNE,WLG,V,A,AU,unavailable,unavailable,75+,F,15 to 27 days,V,unavailable,unavailable,6
202105,unavailable,PER,AKL,V,A,AU,unavailable,unavailable,25 - 34 years,M,15 to 27 days,O,unavailable,unavailable,6
202105,unavailable,BNE,AKL,V,A,AU,unavailable,unavailable,01 - 11 years,M,8 - 14 days,H,unavailable,unavailable,6
202105,unavailable,HBA,AKL,V,A,AU,unavailable,unavailable,25 - 34 years,M,8 - 14 days,H,unavailable,unavailable,6
202105,unavailable,ADL,AKL,V,A,AU,unavailable,unavailable,75+,F,8 - 14 days,V,unavailable,unavailable,6
202105,unavailable,BNE,CHC,V,A,AU,unavailable,unavailable,Less than 1 year,F,15 to 27 days,V,unavailable,unavailable,3
202105,unavailable,MEL,AKL,V,A,AU,unavailable,unavailable,25 - 34 years,M,15 to 27 days,N,unavailable,unavailable,6
202105,unavailable,LAX,AKL,V,A,US,unavailable,unavailable,55 - 64 years,M,28+ days,N,unavailable,unavailable,6
202105,unavailable,OOL,AKL,V,A,AU,unavailable,unavailable,35 - 44 years,F,less than 7 days,B,unavailable,unavailable,6
202105,unavailable,LAX,AKL,V,A,US,unavailable,unavailable,25 - 34 years,M,28+ days,B,unavailable,unavailable,6
202105,unavailable,BNE,CHC,V,A,AU,unavailable,unavailable,25 - 34 years,F,less than 7 days,B,unavailable,unavailable,6
202105,unavailable,SYD,CHC,V,A,AU,unavailable,unavailable,75+,F,less than 7 days,V,unavailable,unavailable,6
202105,unavailable,SYD,AKL,V,A,AU,unavailable,unavailable,19 - 24 years,F,28+ days,N,unavailable,unavailable,6
202105,unavailable,PER,AKL,V,A,AU,unavailable,unavailable,45 - 54 years,M,8 - 14 days,B,unavailable,unavailable,6
202105,unavailable,KUL,AKL,V,A,AE,unavailable,unavailable,55 - 64 years,M,28+ days,V,unavailable,unavailable,6
202105,unavailable,OOL,AKL,V,A,AU,unavailable,unavailable,19 - 24 years,F,15 to 27 days,H,unavailable,unavailable,3
202105,unavailable,BNE,CHC,V,A,AU,unavailable,unavailable,55 - 64 years,M,8 - 14 days,B,unavailable,unavailable,6
202105,unavailable,HBA,AKL,V,A,AU,unavailable,unavailable,65 - 74 years,F,15 to 27 days,V,unavailable,unavailable,3
202105,unavailable,OOL,AKL,V,A,AU,unavailable,unavailable,55 - 64 years,M,8 - 14 days,H,unavailable,unavailable,6
202105,unavailable,PER,AKL,V,A,AU,unavailable,unavailable,12 - 18 years,M,less than 7 days,V,unavailable,unavailable,3
202105,unavailable,MEL,AKL,V,A,AU,unavailable,unavailable,65 - 74 years,M,15 to 27 days,H,unavailable,unavailable,3
202105,unavailable,OOL,AKL,V,A,AU,unavailable,unavailable,19 - 24 years,M,15 to 27 days,V,unavailable,unavailable,3
202105,unavailable,SYD,WLG,V,A,AU,unavailable,unavailable,Less than 1 year,M,less than 7 days,V,unavailable,unavailable,3
202105,unavailable,MEL,WLG,V,A,AU,unavailable,unavailable,12 - 18 years,M,8 - 14 days,V,unavailable,unavailable,3
202105,unavailable,MEL,ZQN,V,A,AU,unavailable,unavailable,35 - 44 years,M,8 - 14 days,H,unavailable,unavailable,3
202105,unavailable,SYD,WLG,V,A,AU,unavailable,unavailable,75+,F,28+ days,V,unavailable,unavailable,6
202105,unavailable,SIN,AKL,V,A,SG,unavailable,unavailable,45 - 54 years,M,28+ days,V,unavailable,unavailable,6
202105,unavailable,PER,AKL,V,A,AU,unavailable,unavailable,75+,F,15 to 27 days,V,unavailable,unavailable,6
202105,unavailable,BNE,AKL,V,A,XX,unavailable,unavailable,35 - 44 years,M,less than 7 days,N,unavailable,unavailable,3
202105,unavailable,BNE,AKL,V,A,AU,unavailable,unavailable,19 - 24 years,F,15 to 27 days,H,unavailable,unavailable,6
202105,unavailable,SYD,WLG,V,A,AU,unavailable,unavailable,45 - 54 years,F,less than 7 days,N,unavailable,unavailable,6
202105,unavailable,BNE,AKL,V,A,AU,unavailable,unavailable,01 - 11 years,M,less than 7 days,H,unavailable,unavailable,6
202105,unavailable,SYD,CHC,V,A,AU,unavailable,unavailable,55 - 64 years,M,28+ days,V,unavailable,unavailable,3
202105,unavailable,SYD,ZQN,V,A,AU,unavailable,unavailable,25 - 34 years,M,8 - 14 days,B,unavailable,unavailable,3
202105,unavailable,MEL,CHC,V,A,AU,unavailable,unavailable,35 - 44 years,F,15 to 27 days,H,unavailable,unavailable,6
202105,unavailable,LAX,AKL,V,A,US,unavailable,unavailable,25 - 34 years,F,28+ days,B,unavailable,unavailable,6
202105,unavailable,MEL,AKL,V,A,AU,unavailable,unavailable,35 - 44 years,F,8 - 14 days,N,unavailable,unavailable,6
202105,unavailable,MEL,ZQN,V,A,AU,unavailable,unavailable,25 - 34 years,F,28+ days,V,unavailable,unavailable,6
202105,unavailable,BNE,CHC,V,A,AU,unavailable,unavailable,65 - 74 years,F,15 to 27 days,H,unavailable,unavailable,3
202105,unavailable,SYD,AKL,V,A,AU,unavailable,unavailable,55 - 64 years,F,28+ days,H,unavailable,unavailable,6
202105,unavailable,ADL,AKL,V,A,AU,unavailable,unavailable,45 - 54 years,F,15 to 27 days,V,unavailable,unavailable,3
202105,unavailable,MEL,ZQN,V,A,AU,unavailable,unavailable,25 - 34 years,M,less than 7 days,B,unavailable,unavailable,3
202105,unavailable,BNE,AKL,V,A,AU,unavailable,unavailable,65 - 74 years,F,less than 7 days,N,unavailable,unavailable,6
202105,unavailable,MEL,CHC,V,A,AU,unavailable,unavailable,45 - 54 years,F,28+ days,V,unavailable,unavailable,6
202105,unavailable,MEL,AKL,V,A,AU,unavailable,unavailable,25 - 34 years,F,8 - 14 days,E,unavailable,unavailable,6
202105,unavailable,RAR,AKL,V,A,CK,unavailable,unavailable,45 - 54 years,M,15 to 27 days,V,unavailable,unavailable,6
202105,unavailable,SYD,AKL,V,A,XX,unavailable,unavailable,45 - 54 years,F,8 - 14 days,N,unavailable,unavailable,6
202105,unavailable,LAX,AKL,V,A,US,unavailable,unavailable,35 - 44 years,M,28+ days,B,unavailable,unavailable,6
202105,unavailable,SYD,WLG,V,A,AU,unavailable,unavailable,Less than 1 year,F,15 to 27 days,V,unavailable,unavailable,3
202105,unavailable,PER,AKL,V,A,AU,unavailable,unavailable,25 - 34 years,M,8 - 14 days,B,unavailable,unavailable,3
202105,unavailable,MEL,AKL,V,A,AU,unavailable,unavailable,01 - 11 years,F,8 - 14 days,H,unavailable,unavailable,3
202105,unavailable,KUL,AKL,V,A,GB,unavailable,unavailable,45 - 54 years,F,28+ days,V,unavailable,unavailable,3
202105,unavailable,MEL,CHC,V,A,AU,unavailable,unavailable,35 - 44 years,F,less than 7 days,B,unavailable,unavailable,6
202105,unavailable,SYD,ZQN,V,A,AU,unavailable,unavailable,19 - 24 years,F,8 - 14 days,V,unavailable,unavailable,3
202105,unavailable,RAR,AKL,V,A,CK,unavailable,unavailable,01 - 11 years,F,15 to 27 days,V,unavailable,unavailable,6
202105,unavailable,NRT,AKL,V,A,JP,unavailable,unavailable,35 - 44 years,M,28+ days,V,unavailable,unavailable,3
202105,unavailable,BNE,WLG,V,A,AU,unavailable,unavailable,35 - 44 years,F,8 - 14 days,H,unavailable,unavailable,6
202105,unavailable,SYD,AKL,V,A,XX,unavailable,unavailable,01 - 11 years,M,less than 7 days,N,unavailable,unavailable,3
202105,unavailable,BNE,AKL,V,A,AU,unavailable,unavailable,25 - 34 years,F,15 to 27 days,B,unavailable,unavailable,6
202105,unavailable,OOL,AKL,V,A,AU,unavailable,unavailable,45 - 54 years,M,less than 7 days,N,unavailable,unavailable,6
202105,unavailable,MEL,WLG,V,A,AU,unavailable,unavailable,Less than 1 year,M,less than 7 days,V,unavailable,unavailable,6
202105,unavailable,MEL,AKL,V,A,AU,unavailable,unavailable,75+,F,15 to 27 days,V,unavailable,unavailable,6
202105,unavailable,BNE,ZQN,V,A,AU,unavailable,unavailable,65 - 74 years,F,15 to 27 days,H,unavailable,unavailable,6
202105,unavailable,BNE,AKL,V,A,AU,unavailable,unavailable,01 - 11 years,F,28+ days,N,unavailable,unavailable,6
202105,unavailable,SYD,AKL,V,A,AU,unavailable,unavailable,19 - 24 years,M,15 to 27 days,H,unavailable,unavailable,3
202105,unavailable,NRT,AKL,V,A,JP,unavailable,unavailable,12 - 18 years,F,28+ days,V,unavailable,unavailable,6
202105,unavailable,MEL,AKL,V,A,AU,unavailable,unavailable,19 - 24 years,F,less than 7 days,B,unavailable,unavailable,3
202105,unavailable,MEL,ZQN,V,A,AU,unavailable,unavailable,55 - 64 years,M,15 to 27 days,V,unavailable,unavailable,3
202105,unavailable,SYD,ZQN,V,A,AU,unavailable,unavailable,45 - 54 years,F,15 to 27 days,H,unavailable,unavailable,6
202105,unavailable,SYD,CHC,V,A,AU,unavailable,unavailable,65 - 74 years,M,8 - 14 days,H,unavailable,unavailable,6
202105,unavailable,MEL,AKL,V,A,AU,unavailable,unavailable,35 - 44 years,F,less than 7 days,O,unavailable,unavailable,6
202105,unavailable,OOL,AKL,V,A,AU,unavailable,unavailable,01 - 11 years,F,28+ days,N,unavailable,unavailable,6
202105,unavailable,BNE,ZQN,V,A,AU,unavailable,unavailable,35 - 44 years,M,less than 7 days,B,unavailable,unavailable,6
202105,unavailable,KUL,AKL,V,A,AE,unavailable,unavailable,55 - 64 years,F,28+ days,V,unavailable,unavailable,3
202105,unavailable,SYD,CHC,V,A,AU,unavailable,unavailable,19 - 24 years,M,less than 7 days,H,unavailable,unavailable,6
202105,unavailable,PER,AKL,V,A,AU,unavailable,unavailable,55 - 64 years,M,28+ days,H,unavailable,unavailable,6
202105,unavailable,APW,AKL,V,A,WS,unavailable,unavailable,19 - 24 years,M,28+ days,N,unavailable,unavailable,6
202105,unavailable,OOL,CHC,V,A,AU,unavailable,unavailable,35 - 44 years,M,8 - 14 days,V,unavailable,unavailable,3
202105,unavailable,MEL,WLG,V,A,AU,unavailable,unavailable,55 - 64 years,F,15 to 27 days,H,unavailable,unavailable,6
202105,unavailable,SYD,ZQN,V,A,AU,unavailable,unavailable,19 - 24 years,M,less than 7 days,V,unavailable,unavailable,6
202105,unavailable,OOL,AKL,V,A,AU,unavailable,unavailable,35 - 44 years,M,less than 7 days,O,unavailable,unavailable,6
202105,unavailable,MEL,AKL,V,A,AU,unavailable,unavailable,01 - 11 years,F,15 to 27 days,N,unavailable,unavailable,6
202105,unavailable,BNE,CHC,V,A,AU,unavailable,unavailable,12 - 18 years,M,less than 7 days,V,unavailable,unavailable,3
202105,unavailable,PER,AKL,V,A,AU,unavailable,unavailable,45 - 54 years,F,8 - 14 days,H,unavailable,unavailable,6
202105,unavailable,MEL,ZQN,V,A,AU,unavailable,unavailable,45 - 54 years,M,less than 7 days,B,unavailable,unavailable,3
202105,unavailable,SYD,CHC,V,A,AU,unavailable,unavailable,Less than 1 year,M,8 - 14 days,V,unavailable,unavailable,6
202105,unavailable,MEL,ZQN,V,A,AU,unavailable,unavailable,65 - 74 years,F,28+ days,V,unavailable,unavailable,3
202105,unavailable,BNE,CHC,V,A,AU,unavailable,unavailable,55 - 64 years,F,less than 7 days,H,unavailable,unavailable,6
202105,unavailable,OOL,AKL,V,A,AU,unavailable,unavailable,12 - 18 years,M,28+ days,V,unavailable,unavailable,3
202105,unavailable,OOL,AKL,V,A,AU,unavailable,unavailable,19 - 24 years,F,8 - 14 days,H,unavailable,unavailable,6
202105,unavailable,SYD,AKL,V,A,XX,unavailable,unavailable,25 - 34 years,M,28+ days,N,unavailable,unavailable,3
202105,unavailable,SYD,AKL,V,A,AU,unavailable,unavailable,35 - 44 years,F,less than 7 days,C,unavailable,unavailable,3
202105,unavailable,SYD,AKL,V,A,XX,unavailable,unavailable,45 - 54 years,M,8 - 14 days,N,unavailable,unavailable,3
202105,unavailable,SYD,AKL,V,A,AU,unavailable,unavailable,01 - 11 years,M,less than 7 days,N,unavailable,unavailable,6
202105,unavailable,SIN,AKL,V,A,SG,unavailable,unavailable,01 - 11 years,M,28+ days,V,unavailable,unavailable,3
202105,unavailable,MEL,AKL,V,A,AU,unavailable,unavailable,35 - 44 years,F,28+ days,N,unavailable,unavailable,6
202105,unavailable,SYD,ZQN,V,A,AU,unavailable,unavailable,65 - 74 years,M,15 to 27 days,H,unavailable,unavailable,6
202105,unavailable,SYD,CHC,V,A,AU,unavailable,unavailable,35 - 44 years,M,less than 7 days,N,unavailable,unavailable,6
202105,unavailable,MEL,AKL,V,A,AU,unavailable,unavailable,25 - 34 years,F,28+ days,B,unavailable,unavailable,6
202105,unavailable,OOL,AKL,V,A,AU,unavailable,unavailable,19 - 24 years,M,28+ days,N,unavailable,unavailable,3
202105,unavailable,SYD,WLG,V,A,AU,unavailable,unavailable,Less than 1 year,M,8 - 14 days,V,unavailable,unavailable,6
202105,unavailable,BNE,WLG,V,A,AU,unavailable,unavailable,01 - 11 years,F,28+ days,V,unavailable,unavailable,6
202105,unavailable,MEL,WLG,V,A,AU,unavailable,unavailable,75+,F,15 to 27 days,V,unavailable,unavailable,6
202105,unavailable,SYD,AKL,V,A,AU,unavailable,unavailable,65 - 74 years,M,less than 7 days,N,unavailable,unavailable,6
202105,unavailable,ZZS,WRE,V,A,XX,unavailable,unavailable,35 - 44 years,M,less than 7 days,N,unavailable,unavailable,6
202105,unavailable,HBA,AKL,V,A,AU,unavailable,unavailable,45 - 54 years,M,less than 7 days,H,unavailable,unavailable,6
202105,unavailable,CAN,AKL,V,A,CN,unavailable,unavailable,55 - 64 years,M,28+ days,N,unavailable,unavailable,3
202105,unavailable,PER,AKL,V,A,AU,unavailable,unavailable,12 - 18 years,M,8 - 14 days,V,unavailable,unavailable,3
202105,unavailable,BNE,AKL,V,A,XX,unavailable,unavailable,12 - 18 years,F,8 - 14 days,N,unavailable,unavailable,6
202105,unavailable,BNE,AKL,V,A,ZA,unavailable,unavailable,35 - 44 years,M,28+ days,B,unavailable,unavailable,6
202105,unavailable,MEL,WLG,V,A,AU,unavailable,unavailable,55 - 64 years,M,less than 7 days,N,unavailable,unavailable,6
202105,unavailable,OOL,AKL,V,A,AU,unavailable,unavailable,65 - 74 years,F,15 to 27 days,H,unavailable,unavailable,3
202105,unavailable,BNE,AKL,V,A,XX,unavailable,unavailable,35 - 44 years,F,less than 7 days,N,unavailable,unavailable,6
202105,unavailable,BNE,AKL,V,A,AU,unavailable,unavailable,Less than 1 year,M,28+ days,V,unavailable,unavailable,6
202105,unavailable,KUL,AKL,V,A,AE,unavailable,unavailable,01 - 11 years,M,28+ days,V,unavailable,unavailable,6
202105,unavailable,MEL,WLG,V,A,AU,unavailable,unavailable,12 - 18 years,F,8 - 14 days,V,unavailable,unavailable,6
202105,unavailable,SYD,AKL,V,A,AU,unavailable,unavailable,75+,M,8 - 14 days,H,unavailable,unavailable,6
202105,unavailable,SYD,CHC,V,A,AU,unavailable,unavailable,25 - 34 years,M,28+ days,H,unavailable,unavailable,3
202105,unavailable,BNE,CHC,V,A,AU,unavailable,unavailable,75+,M,28+ days,V,unavailable,unavailable,3
202105,unavailable,MEL,CHC,V,A,AU,unavailable,unavailable,19 - 24 years,F,28+ days,V,unavailable,unavailable,3
202105,unavailable,PER,AKL,V,A,AU,unavailable,unavailable,35 - 44 years,M,8 - 14 days,N,unavailable,unavailable,3
202105,unavailable,SYD,AKL,V,A,AU,unavailable,unavailable,12 - 18 years,F,less than 7 days,N,unavailable,unavailable,3
202105,unavailable,MEL,AKL,V,A,AU,unavailable,unavailable,25 - 34 years,F,15 to 27 days,B,unavailable,unavailable,3
202105,unavailable,OOL,AKL,V,A,AU,unavailable,unavailable,01 - 11 years,M,8 - 14 days,H,unavailable,unavailable,6
202105,unavailable,KUL,AKL,V,A,GB,unavailable,unavailable,25 - 34 years,M,28+ days,V,unavailable,unavailable,6
202105,unavailable,SHA,AKL,V,A,CN,unavailable,unavailable,55 - 64 years,M,28+ days,N,unavailable,unavailable,3
202105,unavailable,BNE,AKL,V,A,AU,unavailable,unavailable,55 - 64 years,F,less than 7 days,O,unavailable,unavailable,3
202105,unavailable,SYD,CHC,V,A,AU,unavailable,unavailable,65 - 74 years,F,15 to 27 days,H,unavailable,unavailable,6
202105,unavailable,SYD,WLG,V,A,AU,unavailable,unavailable,65 - 74 years,M,less than 7 days,H,unavailable,unavailable,3
202105,unavailable,MEL,ZQN,V,A,AU,unavailable,unavailable,55 - 64 years,F,8 - 14 days,H,unavailable,unavailable,3
202105,unavailable,BNE,AKL,V,A,AU,unavailable,unavailable,35 - 44 years,F,less than 7 days,N,unavailable,unavailable,6
202105,unavailable,BNE,AKL,V,A,AU,unavailable,unavailable,19 - 24 years,M,15 to 27 days,H,unavailable,unavailable,6
202105,unavailable,MEL,CHC,V,A,AU,unavailable,unavailable,45 - 54 years,M,15 to 27 days,H,unavailable,unavailable,6
202105,unavailable,SYD,AKL,V,A,AU,unavailable,unavailable,55 - 64 years,M,less than 7 days,O,unavailable,unavailable,6
202105,unavailable,PER,AKL,V,A,AU,unavailable,unavailable,25 - 34 years,M,28+ days,B,unavailable,unavailable,3
202105,unavailable,PER,AKL,V,A,AU,unavailable,unavailable,35 - 44 years,M,8 - 14 days,B,unavailable,unavailable,6
202105,unavailable,BNE,CHC,V,A,AU,unavailable,unavailable,45 - 54 years,M,28+ days,V,unavailable,unavailable,3
202105,unavailable,SYD,AKL,V,A,AU,unavailable,unavailable,01 - 11 years,M,15 to 27 days,N,unavailable,unavailable,6
202105,unavailable,BNE,ZQN,V,A,AU,unavailable,unavailable,45 - 54 years,M,8 - 14 days,H,unavailable,unavailable,6
202105,unavailable,MEL,WLG,V,A,AU,unavailable,unavailable,65 - 74 years,F,28+ days,V,unavailable,unavailable,6
202105,unavailable,OOL,CHC,V,A,AU,unavailable,unavailable,01 - 11 years,M,8 - 14 days,V,unavailable,unavailable,6
202105,unavailable,MEL,CHC,V,A,AU,unavailable,unavailable,55 - 64 years,F,15 to 27 days,H,unavailable,unavailable,3
202105,unavailable,OOL,AKL,V,A,AU,unavailable,unavailable,55 - 64 years,F,15 to 27 days,H,unavailable,unavailable,3
202105,unavailable,SYD,AKL,V,A,AU,unavailable,unavailable,75+,M,15 to 27 days,H,unavailable,unavailable,3
202105,unavailable,OOL,CHC,V,A,AU,unavailable,unavailable,35 - 44 years,F,15 to 27 days,V,unavailable,unavailable,6
202105,unavailable,PER,AKL,V,A,AU,unavailable,unavailable,35 - 44 years,M,28+ days,B,unavailable,unavailable,6
202105,unavailable,BNE,ZQN,V,A,AU,unavailable,unavailable,65 - 74 years,M,28+ days,H,unavailable,unavailable,6
202105,unavailable,RAR,AKL,V,A,CK,unavailable,unavailable,55 - 64 years,M,less than 7 days,V,unavailable,unavailable,6
202105,unavailable,SYD,CHC,V,A,AU,unavailable,unavailable,Less than 1 year,M,15 to 27 days,V,unavailable,unavailable,3
202105,unavailable,SYD,CHC,V,A,AU,unavailable,unavailable,25 - 34 years,F,8 - 14 days,B,unavailable,unavailable,6
202105,unavailable,BNE,CHC,V,A,AU,unavailable,unavailable,55 - 64 years,M,less than 7 days,N,unavailable,unavailable,3
202105,unavailable,MEL,WLG,V,A,AU,unavailable,unavailable,55 - 64 years,F,less than 7 days,H,unavailable,unavailable,3
202105,unavailable,SIN,AKL,V,A,SG,unavailable,unavailable,55 - 64 years,F,28+ days,V,unavailable,unavailable,3
202105,unavailable,MEL,CHC,V,A,AU,unavailable,unavailable,75+,M,8 - 14 days,V,unavailable,unavailable,6
202105,unavailable,SIN,AKL,V,A,TH,unavailable,unavailable,25 - 34 years,F,28+ days,V,unavailable,unavailable,3
202105,unavailable,SYD,ZQN,V,A,AU,unavailable,unavailable,12 - 18 years,F,less than 7 days,V,unavailable,unavailable,3
202105,unavailable,BNE,WLG,V,A,AU,unavailable,unavailable,25 - 34 years,F,less than 7 days,B,unavailable,unavailable,6
202105,unavailable,PER,AKL,V,A,AU,unavailable,unavailable,35 - 44 years,M,15 to 27 days,B,unavailable,unavailable,3
202105,unavailable,MEL,AKL,V,A,AU,unavailable,unavailable,19 - 24 years,F,28+ days,H,unavailable,unavailable,3
202105,unavailable,SIN,AKL,V,A,GB,unavailable,unavailable,19 - 24 years,F,28+ days,V,unavailable,unavailable,3
202105,unavailable,BNE,CHC,V,A,AU,unavailable,unavailable,55 - 64 years,M,15 to 27 days,B,unavailable,unavailable,3
202105,unavailable,SYD,CHC,V,A,AU,unavailable,unavailable,45 - 54 years,F,less than 7 days,O,unavailable,unavailable,3
202105,unavailable,PER,AKL,V,A,AU,unavailable,unavailable,45 - 54 years,M,8 - 14 days,H,unavailable,unavailable,3
202105,unavailable,MEL,CHC,V,A,AU,unavailable,unavailable,01 - 11 years,F,less than 7 days,H,unavailable,unavailable,6
202105,unavailable,SIN,AKL,V,A,RU,unavailable,unavailable,55 - 64 years,M,28+ days,O,unavailable,unavailable,3
202105,unavailable,SYD,ZQN,V,A,AU,unavailable,unavailable,12 - 18 years,M,less than 7 days,V,unavailable,unavailable,3
202105,unavailable,BNE,WLG,V,A,AU,unavailable,unavailable,45 - 54 years,M,28+ days,B,unavailable,unavailable,3
202105,unavailable,MEL,AKL,V,A,AU,unavailable,unavailable,45 - 54 years,F,less than 7 days,O,unavailable,unavailable,3
202105,unavailable,OOL,CHC,V,A,AU,unavailable,unavailable,01 - 11 years,M,15 to 27 days,V,unavailable,unavailable,3
202105,unavailable,SIN,AKL,V,A,RU,unavailable,unavailable,45 - 54 years,M,28+ days,B,unavailable,unavailable,3
202105,unavailable,MEL,AKL,V,A,AU,unavailable,unavailable,19 - 24 years,M,8 - 14 days,N,unavailable,unavailable,3
202105,unavailable,HBA,AKL,V,A,AU,unavailable,unavailable,65 - 74 years,F,less than 7 days,V,unavailable,unavailable,6
202105,unavailable,BNE,CHC,V,A,AU,unavailable,unavailable,45 - 54 years,M,8 - 14 days,N,unavailable,unavailable,3
202105,unavailable,SYD,AKL,V,A,XX,unavailable,unavailable,25 - 34 years,M,8 - 14 days,N,unavailable,unavailable,3
202105,unavailable,BNE,CHC,V,A,AU,unavailable,unavailable,12 - 18 years,F,15 to 27 days,V,unavailable,unavailable,3
202105,unavailable,BNE,CHC,V,A,AU,unavailable,unavailable,19 - 24 years,M,less than 7 days,H,unavailable,unavailable,3
202105,unavailable,BNE,WLG,V,A,AU,unavailable,unavailable,25 - 34 years,F,less than 7 days,H,unavailable,unavailable,3
202105,unavailable,PER,AKL,V,A,AU,unavailable,unavailable,75+,M,28+ days,V,unavailable,unavailable,3
202105,unavailable,SYD,WLG,V,A,AU,unavailable,unavailable,45 - 54 years,F,less than 7 days,O,unavailable,unavailable,6
202105,unavailable,RAR,AKL,V,A,CK,unavailable,unavailable,65 - 74 years,M,15 to 27 days,V,unavailable,unavailable,3
202105,unavailable,MEL,AKL,V,A,AU,unavailable,unavailable,45 - 54 years,F,15 to 27 days,H,unavailable,unavailable,3
202105,unavailable,SYD,CHC,V,A,AU,unavailable,unavailable,35 - 44 years,M,8 - 14 days,B,unavailable,unavailable,6
202105,unavailable,SYD,ZQN,V,A,AU,unavailable,unavailable,55 - 64 years,F,less than 7 days,N,unavailable,unavailable,3
202105,unavailable,MEL,CHC,V,A,AU,unavailable,unavailable,75+,F,15 to 27 days,V,unavailable,unavailable,6
202105,unavailable,HBA,AKL,V,A,AU,unavailable,unavailable,25 - 34 years,F,less than 7 days,H,unavailable,unavailable,3
202105,unavailable,APW,AKL,V,A,WS,unavailable,unavailable,55 - 64 years,F,28+ days,O,unavailable,unavailable,3
202105,unavailable,SYD,AKL,V,A,AU,unavailable,unavailable,12 - 18 years,F,15 to 27 days,N,unavailable,unavailable,3
202105,unavailable,LAX,AKL,V,A,US,unavailable,unavailable,45 - 54 years,M,28+ days,O,unavailable,unavailable,3
202105,unavailable,BNE,ZQN,V,A,AU,unavailable,unavailable,65 - 74 years,M,15 to 27 days,H,unavailable,unavailable,3
202105,unavailable,ADL,AKL,V,A,AU,unavailable,unavailable,19 - 24 years,F,less than 7 days,V,unavailable,unavailable,6
202105,unavailable,SYD,WLG,V,A,AU,unavailable,unavailable,55 - 64 years,F,8 - 14 days,H,unavailable,unavailable,6
202105,unavailable,BNE,CHC,V,A,AU,unavailable,unavailable,65 - 74 years,M,less than 7 days,B,unavailable,unavailable,6
202105,unavailable,BNE,ZQN,V,A,AU,unavailable,unavailable,45 - 54 years,M,15 to 27 days,V,unavailable,unavailable,6
202105,unavailable,RAR,AKL,V,A,CK,unavailable,unavailable,45 - 54 years,F,8 - 14 days,V,unavailable,unavailable,3
202105,unavailable,SYD,CHC,V,A,AU,unavailable,unavailable,25 - 34 years,M,less than 7 days,N,unavailable,unavailable,3
202105,unavailable,OOL,CHC,V,A,AU,unavailable,unavailable,65 - 74 years,F,15 to 27 days,V,unavailable,unavailable,3
202105,unavailable,ZZS,AKL,V,A,XX,unavailable,unavailable,35 - 44 years,M,less than 7 days,N,unavailable,unavailable,3
202105,unavailable,MEL,AKL,V,A,AU,unavailable,unavailable,19 - 24 years,F,less than 7 days,O,unavailable,unavailable,3
202105,unavailable,ZZS,AKL,V,A,XX,unavailable,unavailable,25 - 34 years,M,less than 7 days,N,unavailable,unavailable,6
202105,unavailable,BNE,CHC,V,A,AU,unavailable,unavailable,75+,F,less than 7 days,V,unavailable,unavailable,6
202105,unavailable,BNE,AKL,V,A,AU,unavailable,unavailable,35 - 44 years,F,8 - 14 days,N,unavailable,unavailable,3
202105,unavailable,BNE,AKL,V,A,XX,unavailable,unavailable,65 - 74 years,F,15 to 27 days,N,unavailable,unavailable,3
202105,unavailable,ADL,AKL,V,A,AU,unavailable,unavailable,55 - 64 years,M,less than 7 days,B,unavailable,unavailable,6
202105,unavailable,HBA,AKL,V,A,AU,unavailable,unavailable,19 - 24 years,F,less than 7 days,V,unavailable,unavailable,3
202105,unavailable,SYD,ZQN,V,A,AU,unavailable,unavailable,55 - 64 years,M,15 to 27 days,V,unavailable,unavailable,6
202105,unavailable,HBA,AKL,V,A,AU,unavailable,unavailable,25 - 34 years,M,less than 7 days,H,unavailable,unavailable,3
202105,unavailable,KUL,AKL,V,A,AE,unavailable,unavailable,25 - 34 years,F,28+ days,V,unavailable,unavailable,6
202105,unavailable,BNE,CHC,V,A,AU,unavailable,unavailable,75+,M,15 to 27 days,V,unavailable,unavailable,3
202105,unavailable,IUE,AKL,V,A,NU,unavailable,unavailable,01 - 11 years,M,28+ days,V,unavailable,unavailable,6
202105,unavailable,SYD,WLG,V,A,AU,unavailable,unavailable,45 - 54 years,M,less than 7 days,C,unavailable,unavailable,3
202105,unavailable,ADL,AKL,V,A,AU,unavailable,unavailable,45 - 54 years,F,28+ days,V,unavailable,unavailable,3
202105,unavailable,LAX,AKL,V,A,US,unavailable,unavailable,55 - 64 years,M,28+ days,B,unavailable,unavailable,6
202105,unavailable,BNE,AKL,V,A,XX,unavailable,unavailable,01 - 11 years,M,8 - 14 days,N,unavailable,unavailable,6
202105,unavailable,SYD,AKL,V,A,AU,unavailable,unavailable,55 - 64 years,M,28+ days,O,unavailable,unavailable,3
202105,unavailable,OOL,AKL,V,A,AU,unavailable,unavailable,45 - 54 years,M,8 - 14 days,H,unavailable,unavailable,3
202105,unavailable,BNE,CHC,V,A,AU,unavailable,unavailable,45 - 54 years,M,15 to 27 days,B,unavailable,unavailable,3
202105,unavailable,BNE,ZQN,V,A,AU,unavailable,unavailable,19 - 24 years,M,8 - 14 days,H,unavailable,unavailable,3
202105,unavailable,LAX,AKL,V,A,MX,unavailable,unavailable,25 - 34 years,F,28+ days,B,unavailable,unavailable,3
202105,unavailable,PER,AKL,V,A,AU,unavailable,unavailable,25 - 34 years,F,28+ days,N,unavailable,unavailable,3
202105,unavailable,PER,AKL,V,A,AU,unavailable,unavailable,45 - 54 years,M,15 to 27 days,N,unavailable,unavailable,6
202105,unavailable,OOL,CHC,V,A,AU,unavailable,unavailable,65 - 74 years,F,less than 7 days,V,unavailable,unavailable,3
202105,unavailable,BNE,AKL,V,A,AU,unavailable,unavailable,45 - 54 years,M,15 to 27 days,H,unavailable,unavailable,3
202105,unavailable,MEL,WLG,V,A,AU,unavailable,unavailable,25 - 34 years,F,15 to 27 days,H,unavailable,unavailable,6
202105,unavailable,BNE,AKL,V,A,AU,unavailable,unavailable,19 - 24 years,F,less than 7 days,H,unavailable,unavailable,3
202105,unavailable,BNE,ZQN,V,A,AU,unavailable,unavailable,45 - 54 years,F,less than 7 days,B,unavailable,unavailable,3
202105,unavailable,SYD,AKL,V,A,AU,unavailable,unavailable,19 - 24 years,F,15 to 27 days,E,unavailable,unavailable,3
202105,unavailable,SYD,AKL,V,A,AU,unavailable,unavailable,25 - 34 years,F,15 to 27 days,E,unavailable,unavailable,6
202105,unavailable,SYD,CHC,V,A,AU,unavailable,unavailable,25 - 34 years,F,28+ days,N,unavailable,unavailable,6
202105,unavailable,OOL,AKL,V,A,AU,unavailable,unavailable,Less than 1 year,M,less than 7 days,V,unavailable,unavailable,3
202105,unavailable,OOL,AKL,V,A,AU,unavailable,unavailable,25 - 34 years,F,less than 7 days,N,unavailable,unavailable,6
202105,unavailable,MEL,WLG,V,A,AU,unavailable,unavailable,25 - 34 years,M,28+ days,N,unavailable,unavailable,6
202105,unavailable,HKG,AKL,V,A,HK,unavailable,unavailable,25 - 34 years,M,28+ days,V,unavailable,unavailable,3
202105,unavailable,OOL,AKL,V,A,AU,unavailable,unavailable,65 - 74 years,F,8 - 14 days,H,unavailable,unavailable,6
202105,unavailable,BNE,AKL,V,A,AU,unavailable,unavailable,75+,M,8 - 14 days,H,unavailable,unavailable,6
202105,unavailable,OOL,AKL,V,A,AU,unavailable,unavailable,19 - 24 years,M,8 - 14 days,H,unavailable,unavailable,3
202105,unavailable,SYD,AKL,V,A,AU,unavailable,unavailable,19 - 24 years,F,less than 7 days,E,unavailable,unavailable,3
202105,unavailable,CBR,ZQN,V,A,AU,unavailable,unavailable,35 - 44 years,M,less than 7 days,B,unavailable,unavailable,3
202105,unavailable,HBA,AKL,V,A,AU,unavailable,unavailable,55 - 64 years,M,8 - 14 days,H,unavailable,unavailable,6
202105,unavailable,SYD,WLG,V,A,AU,unavailable,unavailable,65 - 74 years,F,less than 7 days,H,unavailable,unavailable,3
202105,unavailable,BNE,CHC,V,A,AU,unavailable,unavailable,75+,M,less than 7 days,V,unavailable,unavailable,3
202105,unavailable,SIN,AKL,V,A,SG,unavailable,unavailable,25 - 34 years,M,28+ days,V,unavailable,unavailable,6
202105,unavailable,SYD,AKL,V,A,AU,unavailable,unavailable,45 - 54 years,M,15 to 27 days,N,unavailable,unavailable,6
202105,unavailable,ZZS,AKL,V,A,XX,unavailable,unavailable,45 - 54 years,M,less than 7 days,N,unavailable,unavailable,6
202105,unavailable,SYD,CHC,V,A,AU,unavailable,unavailable,55 - 64 years,M,15 to 27 days,H,unavailable,unavailable,3
202105,unavailable,MEL,ZQN,V,A,AU,unavailable,unavailable,45 - 54 years,M,8 - 14 days,H,unavailable,unavailable,6
202105,unavailable,BNE,AKL,V,A,AU,unavailable,unavailable,19 - 24 years,M,28+ days,H,unavailable,unavailable,3
202105,unavailable,TBU,AKL,V,A,TO,unavailable,unavailable,35 - 44 years,F,28+ days,N,unavailable,unavailable,3
202105,unavailable,BNE,AKL,V,A,AU,unavailable,unavailable,45 - 54 years,M,28+ days,O,unavailable,unavailable,3
202105,unavailable,MEL,WLG,V,A,AU,unavailable,unavailable,25 - 34 years,M,8 - 14 days,H,unavailable,unavailable,3
202105,unavailable,BNE,ZQN,V,A,AU,unavailable,unavailable,19 - 24 years,F,8 - 14 days,H,unavailable,unavailable,6
202105,unavailable,MEL,CHC,V,A,AU,unavailable,unavailable,35 - 44 years,M,8 - 14 days,B,unavailable,unavailable,3
202105,unavailable,PER,AKL,V,A,AU,unavailable,unavailable,65 - 74 years,F,15 to 27 days,H,unavailable,unavailable,6
202105,unavailable,MEL,WLG,V,A,AU,unavailable,unavailable,19 - 24 years,F,8 - 14 days,H,unavailable,unavailable,3
202105,unavailable,MEL,ZQN,V,A,AU,unavailable,unavailable,25 - 34 years,M,28+ days,H,unavailable,unavailable,3
202105,unavailable,MEL,ZQN,V,A,AU,unavailable,unavailable,19 - 24 years,F,15 to 27 days,V,unavailable,unavailable,3
202105,unavailable,SYD,AKL,V,A,AU,unavailable,unavailable,19 - 24 years,M,15 to 27 days,B,unavailable,unavailable,6
202105,unavailable,BNE,AKL,V,A,AU,unavailable,unavailable,65 - 74 years,F,less than 7 days,B,unavailable,unavailable,3
202105,unavailable,BNE,WLG,V,A,AU,unavailable,unavailable,01 - 11 years,M,28+ days,V,unavailable,unavailable,6
202105,unavailable,ADL,AKL,V,A,AU,unavailable,unavailable,55 - 64 years,M,less than 7 days,H,unavailable,unavailable,3
202105,unavailable,SYD,WLG,V,A,AU,unavailable,unavailable,25 - 34 years,F,8 - 14 days,B,unavailable,unavailable,6
202105,unavailable,BNE,AKL,V,A,XX,unavailable,unavailable,01 - 11 years,M,less than 7 days,N,unavailable,unavailable,3
202105,unavailable,SYD,WLG,V,A,AU,unavailable,unavailable,01 - 11 years,F,less than 7 days,H,unavailable,unavailable,3
202105,unavailable,LAX,AKL,V,A,US,unavailable,unavailable,12 - 18 years,M,28+ days,V,unavailable,unavailable,3
202105,unavailable,OOL,AKL,V,A,AU,unavailable,unavailable,55 - 64 years,M,15 to 27 days,H,unavailable,unavailable,3
202105,unavailable,MEL,WLG,V,A,AU,unavailable,unavailable,25 - 34 years,M,15 to 27 days,H,unavailable,unavailable,3
202105,unavailable,RAR,AKL,V,A,CK,unavailable,unavailable,65 - 74 years,M,8 - 14 days,V,unavailable,unavailable,3
202105,unavailable,OOL,AKL,V,A,AU,unavailable,unavailable,55 - 64 years,F,less than 7 days,B,unavailable,unavailable,3
202105,unavailable,SYD,AKL,V,A,AU,unavailable,unavailable,25 - 34 years,F,28+ days,B,unavailable,unavailable,3
202105,unavailable,ADL,AKL,V,A,AU,unavailable,unavailable,65 - 74 years,F,less than 7 days,V,unavailable,unavailable,3
202105,unavailable,PER,AKL,V,A,AU,unavailable,unavailable,01 - 11 years,M,8 - 14 days,H,unavailable,unavailable,6
202105,unavailable,SYD,ZQN,V,A,AU,unavailable,unavailable,75+,M,8 - 14 days,V,unavailable,unavailable,6
202105,unavailable,SYD,AKL,V,A,XX,unavailable,unavailable,35 - 44 years,F,8 - 14 days,N,unavailable,unavailable,3
202105,unavailable,KUL,AKL,V,A,RO,unavailable,unavailable,25 - 34 years,M,28+ days,B,unavailable,unavailable,3
202105,unavailable,ADL,AKL,V,A,AU,unavailable,unavailable,01 - 11 years,F,less than 7 days,V,unavailable,unavailable,3
202105,unavailable,PER,AKL,V,A,AU,unavailable,unavailable,75+,M,8 - 14 days,V,unavailable,unavailable,6
202105,unavailable,BNE,AKL,V,A,AU,unavailable,unavailable,12 - 18 years,M,8 - 14 days,H,unavailable,unavailable,6
202105,unavailable,MEL,AKL,V,A,AU,unavailable,unavailable,01 - 11 years,M,less than 7 days,H,unavailable,unavailable,6
202105,unavailable,ADL,AKL,V,A,AU,unavailable,unavailable,35 - 44 years,M,15 to 27 days,V,unavailable,unavailable,6
202105,unavailable,OOL,AKL,V,A,AU,unavailable,unavailable,65 - 74 years,M,less than 7 days,H,unavailable,unavailable,6
202105,unavailable,MEL,AKL,V,A,AU,unavailable,unavailable,12 - 18 years,F,8 - 14 days,H,unavailable,unavailable,6
202105,unavailable,OOL,CHC,V,A,AU,unavailable,unavailable,01 - 11 years,F,15 to 27 days,V,unavailable,unavailable,3
202105,unavailable,SHA,AKL,V,A,CN,unavailable,unavailable,55 - 64 years,F,28+ days,N,unavailable,unavailable,3
202105,unavailable,BNE,AKL,V,A,AU,unavailable,unavailable,65 - 74 years,M,8 - 14 days,N,unavailable,unavailable,6
202105,unavailable,PER,AKL,V,A,AU,unavailable,unavailable,55 - 64 years,M,15 to 27 days,N,unavailable,unavailable,3
202105,unavailable,BNE,ZQN,V,A,AU,unavailable,unavailable,55 - 64 years,F,15 to 27 days,H,unavailable,unavailable,3
202105,unavailable,SYD,AKL,V,A,AU,unavailable,unavailable,19 - 24 years,M,28+ days,H,unavailable,unavailable,6
202105,unavailable,SYD,AKL,V,A,AU,unavailable,unavailable,25 - 34 years,F,8 - 14 days,O,unavailable,unavailable,3
202105,unavailable,BNE,WLG,V,A,AU,unavailable,unavailable,12 - 18 years,M,less than 7 days,V,unavailable,unavailable,3
202105,unavailable,SYD,ZQN,V,A,AU,unavailable,unavailable,65 - 74 years,M,28+ days,H,unavailable,unavailable,6
202105,unavailable,BNE,AKL,V,A,AU,unavailable,unavailable,75+,M,less than 7 days,N,unavailable,unavailable,6
202105,unavailable,NRT,AKL,V,A,JP,unavailable,unavailable,55 - 64 years,M,28+ days,V,unavailable,unavailable,3
202105,unavailable,BNE,CHC,V,A,AU,unavailable,unavailable,Less than 1 year,M,15 to 27 days,V,unavailable,unavailable,3
202105,unavailable,BNE,ZQN,V,A,AU,unavailable,unavailable,35 - 44 years,M,15 to 27 days,V,unavailable,unavailable,3
202105,unavailable,OOL,AKL,V,A,AU,unavailable,unavailable,65 - 74 years,M,less than 7 days,B,unavailable,unavailable,3
202105,unavailable,MEL,CHC,V,A,AU,unavailable,unavailable,19 - 24 years,F,8 - 14 days,H,unavailable,unavailable,3
202105,unavailable,BNE,CHC,V,A,AU,unavailable,unavailable,Less than 1 year,M,less than 7 days,V,unavailable,unavailable,3
202105,unavailable,BNE,AKL,V,A,AU,unavailable,unavailable,55 - 64 years,F,8 - 14 days,N,unavailable,unavailable,3
202105,unavailable,SIN,AKL,V,A,PH,unavailable,unavailable,25 - 34 years,F,28+ days,E,unavailable,unavailable,6
202105,unavailable,SYD,ZQN,V,A,AU,unavailable,unavailable,12 - 18 years,F,8 - 14 days,V,unavailable,unavailable,6
202105,unavailable,NRT,AKL,V,A,JP,unavailable,unavailable,45 - 54 years,M,28+ days,V,unavailable,unavailable,3
202105,unavailable,SYD,AKL,V,A,AU,unavailable,unavailable,25 - 34 years,F,15 to 27 days,N,unavailable,unavailable,6
202105,unavailable,OOL,AKL,V,A,AU,unavailable,unavailable,12 - 18 years,F,15 to 27 days,V,unavailable,unavailable,3
202105,unavailable,OOL,AKL,V,A,AU,unavailable,unavailable,75+,F,less than 7 days,V,unavailable,unavailable,3
202105,unavailable,SYD,WLG,V,A,AU,unavailable,unavailable,35 - 44 years,F,8 - 14 days,B,unavailable,unavailable,3
202105,unavailable,SYD,CHC,V,A,AU,unavailable,unavailable,35 - 44 years,M,28+ days,H,unavailable,unavailable,3
202105,unavailable,MEL,AKL,V,A,AU,unavailable,unavailable,35 - 44 years,F,28+ days,H,unavailable,unavailable,3
202105,unavailable,MEL,WLG,V,A,AU,unavailable,unavailable,75+,M,less than 7 days,V,unavailable,unavailable,3
202105,unavailable,MEL,WLG,V,A,AU,unavailable,unavailable,19 - 24 years,M,28+ days,V,unavailable,unavailable,3
202105,unavailable,ZZS,NPL,V,A,XX,unavailable,unavailable,35 - 44 years,M,less than 7 days,N,unavailable,unavailable,3
202105,unavailable,BNE,AKL,V,A,AU,unavailable,unavailable,01 - 11 years,M,15 to 27 days,H,unavailable,unavailable,3
202105,unavailable,MEL,CHC,V,A,AU,unavailable,unavailable,01 - 11 years,M,8 - 14 days,H,unavailable,unavailable,3
202105,unavailable,SYD,ZQN,V,A,AU,unavailable,unavailable,19 - 24 years,F,less than 7 days,N,unavailable,unavailable,3
202105,unavailable,RAR,AKL,V,A,CK,unavailable,unavailable,35 - 44 years,F,less than 7 days,V,unavailable,unavailable,3
202105,unavailable,NAN,AKL,V,A,FJ,unavailable,unavailable,35 - 44 years,M,28+ days,O,unavailable,unavailable,3
202105,unavailable,SYD,AKL,V,A,AU,unavailable,unavailable,01 - 11 years,F,8 - 14 days,N,unavailable,unavailable,3
202105,unavailable,SYD,AKL,V,A,AU,unavailable,unavailable,01 - 11 years,F,less than 7 days,O,unavailable,unavailable,6
202105,unavailable,BNE,AKL,V,A,AU,unavailable,unavailable,65 - 74 years,M,less than 7 days,H,unavailable,unavailable,6
202105,unavailable,MEL,AKL,V,A,AU,unavailable,unavailable,65 - 74 years,M,28+ days,H,unavailable,unavailable,6
202105,unavailable,BNE,ZQN,V,A,AU,unavailable,unavailable,45 - 54 years,M,less than 7 days,B,unavailable,unavailable,3
202105,unavailable,LAX,AKL,V,A,US,unavailable,unavailable,45 - 54 years,M,28+ days,N,unavailable,unavailable,6
202105,unavailable,RAR,AKL,V,A,CK,unavailable,unavailable,25 - 34 years,M,15 to 27 days,V,unavailable,unavailable,3
202105,unavailable,BNE,CHC,V,A,AU,unavailable,unavailable,19 - 24 years,F,8 - 14 days,H,unavailable,unavailable,3
202105,unavailable,MEL,AKL,V,A,AU,unavailable,unavailable,Less than 1 year,M,28+ days,V,unavailable,unavailable,6
202105,unavailable,MEL,WLG,V,A,AU,unavailable,unavailable,55 - 64 years,F,8 - 14 days,H,unavailable,unavailable,3
202105,unavailable,MEL,CHC,V,A,AU,unavailable,unavailable,75+,F,8 - 14 days,V,unavailable,unavailable,6
202105,unavailable,OOL,AKL,V,A,AU,unavailable,unavailable,Less than 1 year,F,8 - 14 days,V,unavailable,unavailable,6
202105,unavailable,OOL,AKL,V,A,AU,unavailable,unavailable,75+,M,8 - 14 days,H,unavailable,unavailable,3
202105,unavailable,MEL,ZQN,V,A,AU,unavailable,unavailable,65 - 74 years,M,less than 7 days,V,unavailable,unavailable,3
202105,unavailable,SYD,CHC,V,A,AU,unavailable,unavailable,01 - 11 years,M,less than 7 days,H,unavailable,unavailable,6
202105,unavailable,MEL,ZQN,V,A,AU,unavailable,unavailable,01 - 11 years,F,less than 7 days,H,unavailable,unavailable,3
202105,unavailable,BNE,CHC,V,A,AU,unavailable,unavailable,35 - 44 years,F,15 to 27 days,H,unavailable,unavailable,6
202105,unavailable,MEL,WLG,V,A,AU,unavailable,unavailable,45 - 54 years,M,less than 7 days,O,unavailable,unavailable,6
202105,unavailable,OOL,AKL,V,A,AU,unavailable,unavailable,65 - 74 years,M,15 to 27 days,N,unavailable,unavailable,3
202105,unavailable,PER,AKL,V,A,AU,unavailable,unavailable,55 - 64 years,F,15 to 27 days,N,unavailable,unavailable,3
202105,unavailable,MEL,CHC,V,A,AU,unavailable,unavailable,65 - 74 years,F,15 to 27 days,H,unavailable,unavailable,3
202105,unavailable,SYD,CHC,V,A,AU,unavailable,unavailable,65 - 74 years,F,8 - 14 days,N,unavailable,unavailable,3
202105,unavailable,MEL,AKL,V,A,AU,unavailable,unavailable,55 - 64 years,F,28+ days,N,unavailable,unavailable,6
202105,unavailable,RAR,AKL,V,A,CK,unavailable,unavailable,75+,F,28+ days,O,unavailable,unavailable,6
202105,unavailable,MEL,AKL,V,A,AU,unavailable,unavailable,25 - 34 years,F,less than 7 days,C,unavailable,unavailable,3
202105,unavailable,NRT,AKL,V,A,JP,unavailable,unavailable,45 - 54 years,F,28+ days,V,unavailable,unavailable,3
202105,unavailable,MEL,WLG,V,A,AU,unavailable,unavailable,45 - 54 years,F,15 to 27 days,H,unavailable,unavailable,3
202105,unavailable,BNE,ZQN,V,A,AU,unavailable,unavailable,25 - 34 years,F,28+ days,V,unavailable,unavailable,6
202105,unavailable,BNE,AKL,V,A,AU,unavailable,unavailable,12 - 18 years,M,less than 7 days,H,unavailable,unavailable,3
202105,unavailable,KUL,AKL,V,A,DE,unavailable,unavailable,25 - 34 years,M,28+ days,V,unavailable,unavailable,3
202105,unavailable,ZZS,WRE,V,A,XX,unavailable,unavailable,55 - 64 years,M,less than 7 days,N,unavailable,unavailable,3
202105,unavailable,PER,AKL,V,A,AU,unavailable,unavailable,35 - 44 years,M,less than 7 days,N,unavailable,unavailable,3
202105,unavailable,SHA,AKL,V,A,CN,unavailable,unavailable,65 - 74 years,F,28+ days,N,unavailable,unavailable,3
202105,unavailable,SYD,ZQN,V,A,AU,unavailable,unavailable,19 - 24 years,M,28+ days,N,unavailable,unavailable,3
202105,unavailable,SYD,CHC,V,A,AU,unavailable,unavailable,01 - 11 years,M,28+ days,V,unavailable,unavailable,3
202105,unavailable,CAN,AKL,V,A,CN,unavailable,unavailable,01 - 11 years,F,28+ days,N,unavailable,unavailable,3
202105,unavailable,BNE,ZQN,V,A,AU,unavailable,unavailable,25 - 34 years,M,8 - 14 days,N,unavailable,unavailable,3
202105,unavailable,PER,AKL,V,A,AU,unavailable,unavailable,45 - 54 years,M,28+ days,N,unavailable,unavailable,6
202105,unavailable,BNE,CHC,V,A,AU,unavailable,unavailable,25 - 34 years,M,less than 7 days,N,unavailable,unavailable,3
202105,unavailable,PER,AKL,V,A,AU,unavailable,unavailable,25 - 34 years,F,less than 7 days,B,unavailable,unavailable,6
202105,unavailable,ADL,AKL,V,A,AU,unavailable,unavailable,65 - 74 years,M,15 to 27 days,V,unavailable,unavailable,3
202105,unavailable,SYD,ZQN,V,A,AU,unavailable,unavailable,01 - 11 years,M,8 - 14 days,H,unavailable,unavailable,3
202105,unavailable,MEL,WLG,V,A,AU,unavailable,unavailable,Less than 1 year,F,28+ days,V,unavailable,unavailable,3
202105,unavailable,BNE,AKL,V,A,AU,unavailable,unavailable,65 - 74 years,M,less than 7 days,N,unavailable,unavailable,3
202105,unavailable,MEL,ZQN,V,A,AU,unavailable,unavailable,65 - 74 years,M,28+ days,V,unavailable,unavailable,6
202105,unavailable,SYD,ZQN,V,A,AU,unavailable,unavailable,75+,F,less than 7 days,V,unavailable,unavailable,3
202105,unavailable,MEL,AKL,V,A,AU,unavailable,unavailable,55 - 64 years,F,15 to 27 days,B,unavailable,unavailable,6
202105,unavailable,MEL,CHC,V,A,AU,unavailable,unavailable,45 - 54 years,M,15 to 27 days,B,unavailable,unavailable,3
202105,unavailable,OOL,AKL,V,A,AU,unavailable,unavailable,55 - 64 years,F,8 - 14 days,B,unavailable,unavailable,6
202105,unavailable,BNE,WLG,V,A,AU,unavailable,unavailable,25 - 34 years,M,less than 7 days,H,unavailable,unavailable,3
202105,unavailable,HBA,AKL,V,A,AU,unavailable,unavailable,35 - 44 years,M,8 - 14 days,H,unavailable,unavailable,3
202105,unavailable,MEL,WLG,V,A,AU,unavailable,unavailable,55 - 64 years,M,8 - 14 days,B,unavailable,unavailable,6
202105,unavailable,BNE,CHC,V,A,AU,unavailable,unavailable,45 - 54 years,F,less than 7 days,B,unavailable,unavailable,6
202105,unavailable,MEL,AKL,V,A,AU,unavailable,unavailable,45 - 54 years,M,less than 7 days,C,unavailable,unavailable,6
202105,unavailable,BNE,CHC,V,A,AU,unavailable,unavailable,35 - 44 years,F,less than 7 days,B,unavailable,unavailable,6
202105,unavailable,MEL,WLG,V,A,AU,unavailable,unavailable,19 - 24 years,M,15 to 27 days,V,unavailable,unavailable,3
202105,unavailable,SYD,WLG,V,A,AU,unavailable,unavailable,19 - 24 years,M,less than 7 days,H,unavailable,unavailable,3
202105,unavailable,SIN,AKL,V,A,GB,unavailable,unavailable,55 - 64 years,M,28+ days,V,unavailable,unavailable,6
202105,unavailable,SYD,AKL,V,A,AU,unavailable,unavailable,25 - 34 years,M,less than 7 days,E,unavailable,unavailable,6
202105,unavailable,BNE,WLG,V,A,AU,unavailable,unavailable,25 - 34 years,M,28+ days,V,unavailable,unavailable,3
202105,unavailable,RAR,AKL,V,A,CK,unavailable,unavailable,25 - 34 years,F,15 to 27 days,V,unavailable,unavailable,3
202105,unavailable,SYD,AKL,V,A,AU,unavailable,unavailable,19 - 24 years,M,8 - 14 days,O,unavailable,unavailable,3
202105,unavailable,SYD,CHC,V,A,AU,unavailable,unavailable,65 - 74 years,M,less than 7 days,N,unavailable,unavailable,3
202105,unavailable,BNE,AKL,V,A,AU,unavailable,unavailable,35 - 44 years,F,less than 7 days,O,unavailable,unavailable,3
202105,unavailable,SYD,AKL,V,A,AU,unavailable,unavailable,01 - 11 years,F,less than 7 days,N,unavailable,unavailable,3
202105,unavailable,OOL,AKL,V,A,AU,unavailable,unavailable,45 - 54 years,F,less than 7 days,O,unavailable,unavailable,3
202105,unavailable,MEL,AKL,V,A,AU,unavailable,unavailable,35 - 44 years,M,15 to 27 days,H,unavailable,unavailable,3
202105,unavailable,BNE,ZQN,V,A,AU,unavailable,unavailable,65 - 74 years,M,15 to 27 days,V,unavailable,unavailable,3
202105,unavailable,SHA,AKL,V,A,CN,unavailable,unavailable,65 - 74 years,M,28+ days,V,unavailable,unavailable,3
202105,unavailable,LAX,AKL,V,A,CA,unavailable,unavailable,19 - 24 years,F,28+ days,V,unavailable,unavailable,3
202105,unavailable,SYD,WLG,V,A,AU,unavailable,unavailable,45 - 54 years,M,8 - 14 days,O,unavailable,unavailable,6
202105,unavailable,OOL,AKL,V,A,AU,unavailable,unavailable,01 - 11 years,F,less than 7 days,H,unavailable,unavailable,6
202105,unavailable,SIN,AKL,V,A,GB,unavailable,unavailable,01 - 11 years,M,28+ days,O,unavailable,unavailable,3
202105,unavailable,MEL,ZQN,V,A,AU,unavailable,unavailable,25 - 34 years,F,15 to 27 days,H,unavailable,unavailable,3
202105,unavailable,PER,AKL,V,A,AU,unavailable,unavailable,25 - 34 years,M,less than 7 days,O,unavailable,unavailable,6
202105,unavailable,MEL,CHC,V,A,AU,unavailable,unavailable,45 - 54 years,F,8 - 14 days,H,unavailable,unavailable,6
202105,unavailable,SIN,AKL,V,A,SG,unavailable,unavailable,55 - 64 years,M,28+ days,V,unavailable,unavailable,6
202105,unavailable,SYD,AKL,V,A,AU,unavailable,unavailable,01 - 11 years,M,28+ days,H,unavailable,unavailable,6
202105,unavailable,KUL,AKL,V,A,DE,unavailable,unavailable,25 - 34 years,F,28+ days,V,unavailable,unavailable,3
202105,unavailable,BNE,AKL,V,A,AU,unavailable,unavailable,19 - 24 years,F,28+ days,H,unavailable,unavailable,3
202105,unavailable,MEL,WLG,V,A,AU,unavailable,unavailable,35 - 44 years,F,less than 7 days,N,unavailable,unavailable,3
202105,unavailable,SYD,WLG,V,A,AU,unavailable,unavailable,45 - 54 years,F,8 - 14 days,B,unavailable,unavailable,6
202105,unavailable,SYD,CHC,V,A,AU,unavailable,unavailable,12 - 18 years,M,less than 7 days,H,unavailable,unavailable,3
202105,unavailable,CAN,AKL,V,A,CN,unavailable,unavailable,65 - 74 years,F,28+ days,N,unavailable,unavailable,6
202105,unavailable,MEL,AKL,V,A,AU,unavailable,unavailable,19 - 24 years,M,15 to 27 days,H,unavailable,unavailable,3
202105,unavailable,MEL,ZQN,V,A,AU,unavailable,unavailable,01 - 11 years,M,8 - 14 days,V,unavailable,unavailable,3
202105,unavailable,MEL,AKL,V,A,AU,unavailable,unavailable,45 - 54 years,F,8 - 14 days,N,unavailable,unavailable,3
202105,unavailable,BNE,WLG,V,A,AU,unavailable,unavailable,01 - 11 years,M,15 to 27 days,V,unavailable,unavailable,3
202105,unavailable,BNE,CHC,V,A,AU,unavailable,unavailable,25 - 34 years,M,28+ days,N,unavailable,unavailable,6
202105,unavailable,SIN,AKL,V,A,GB,unavailable,unavailable,35 - 44 years,F,28+ days,V,unavailable,unavailable,3
202105,unavailable,HKG,AKL,V,A,HK,unavailable,unavailable,35 - 44 years,M,28+ days,V,unavailable,unavailable,3
202105,unavailable,KUL,AKL,V,A,GB,unavailable,unavailable,55 - 64 years,M,28+ days,B,unavailable,unavailable,3
202105,unavailable,BNE,AKL,V,A,AU,unavailable,unavailable,35 - 44 years,F,28+ days,N,unavailable,unavailable,3
202105,unavailable,APW,AKL,V,A,WS,unavailable,unavailable,45 - 54 years,M,28+ days,O,unavailable,unavailable,3
202105,unavailable,MEL,WLG,V,A,AU,unavailable,unavailable,45 - 54 years,M,less than 7 days,N,unavailable,unavailable,3
202105,unavailable,BNE,AKL,V,A,AU,unavailable,unavailable,55 - 64 years,F,8 - 14 days,B,unavailable,unavailable,6
202105,unavailable,SIN,AKL,V,A,GB,unavailable,unavailable,65 - 74 years,M,28+ days,V,unavailable,unavailable,3
202105,unavailable,SYD,WLG,V,A,AU,unavailable,unavailable,35 - 44 years,F,less than 7 days,C,unavailable,unavailable,3
202105,unavailable,OOL,AKL,V,A,AU,unavailable,unavailable,19 - 24 years,F,less than 7 days,O,unavailable,unavailable,6
202105,unavailable,BNE,CHC,V,A,AU,unavailable,unavailable,45 - 54 years,F,less than 7 days,N,unavailable,unavailable,3
202105,unavailable,KUL,AKL,V,A,AE,unavailable,unavailable,35 - 44 years,F,28+ days,E,unavailable,unavailable,3
202105,unavailable,APW,AKL,V,A,WS,unavailable,unavailable,65 - 74 years,F,28+ days,O,unavailable,unavailable,6
202105,unavailable,SYD,AKL,V,A,AU,unavailable,unavailable,01 - 11 years,M,28+ days,N,unavailable,unavailable,3
202105,unavailable,SIN,AKL,V,A,GB,unavailable,unavailable,45 - 54 years,F,15 to 27 days,V,unavailable,unavailable,6
202105,unavailable,RAR,AKL,V,A,CK,unavailable,unavailable,35 - 44 years,F,28+ days,V,unavailable,unavailable,6
202105,unavailable,BNE,WLG,V,A,AU,unavailable,unavailable,19 - 24 years,F,15 to 27 days,V,unavailable,unavailable,3
202105,unavailable,OOL,AKL,V,A,AU,unavailable,unavailable,55 - 64 years,F,less than 7 days,H,unavailable,unavailable,6
202105,unavailable,MEL,WLG,V,A,AU,unavailable,unavailable,25 - 34 years,M,8 - 14 days,B,unavailable,unavailable,3
202105,unavailable,BNE,WLG,V,A,AU,unavailable,unavailable,12 - 18 years,F,8 - 14 days,H,unavailable,unavailable,3
202105,unavailable,BNE,AKL,V,A,AU,unavailable,unavailable,45 - 54 years,M,less than 7 days,E,unavailable,unavailable,3
202105,unavailable,SIN,AKL,V,A,PH,unavailable,unavailable,01 - 11 years,F,28+ days,V,unavailable,unavailable,3
202105,unavailable,SYD,ZQN,V,A,AU,unavailable,unavailable,25 - 34 years,F,8 - 14 days,B,unavailable,unavailable,3
202105,unavailable,BNE,ZQN,V,A,AU,unavailable,unavailable,55 - 64 years,F,28+ days,H,unavailable,unavailable,3
202105,unavailable,SYD,WLG,V,A,AU,unavailable,unavailable,55 - 64 years,F,8 - 14 days,B,unavailable,unavailable,3
202105,unavailable,SYD,WLG,V,A,AU,unavailable,unavailable,55 - 64 years,F,less than 7 days,N,unavailable,unavailable,3
202105,unavailable,MEL,AKL,V,A,AU,unavailable,unavailable,75+,M,28+ days,V,unavailable,unavailable,6
202105,unavailable,SYD,WLG,V,A,AU,unavailable,unavailable,12 - 18 years,M,15 to 27 days,V,unavailable,unavailable,6
202105,unavailable,SYD,CHC,V,A,AU,unavailable,unavailable,19 - 24 years,F,less than 7 days,H,unavailable,unavailable,3
202105,unavailable,SYD,WLG,V,A,AU,unavailable,unavailable,25 - 34 years,F,8 - 14 days,N,unavailable,unavailable,6
202105,unavailable,BNE,CHC,V,A,AU,unavailable,unavailable,65 - 74 years,M,15 to 27 days,N,unavailable,unavailable,3
202105,unavailable,BNE,AKL,V,A,XX,unavailable,unavailable,25 - 34 years,M,15 to 27 days,N,unavailable,unavailable,3
202105,unavailable,APW,AKL,V,A,WS,unavailable,unavailable,35 - 44 years,F,28+ days,O,unavailable,unavailable,6
202105,unavailable,SYD,WLG,V,A,AU,unavailable,unavailable,75+,F,15 to 27 days,V,unavailable,unavailable,3
202105,unavailable,MEL,AKL,V,A,AU,unavailable,unavailable,55 - 64 years,M,28+ days,B,unavailable,unavailable,3
202105,unavailable,NAN,AKL,V,A,FJ,unavailable,unavailable,25 - 34 years,F,28+ days,O,unavailable,unavailable,3
202105,unavailable,MEL,ZQN,V,A,AU,unavailable,unavailable,35 - 44 years,M,28+ days,V,unavailable,unavailable,6
202105,unavailable,SYD,ZQN,V,A,AU,unavailable,unavailable,35 - 44 years,M,less than 7 days,C,unavailable,unavailable,6
202105,unavailable,MEL,AKL,V,A,XX,unavailable,unavailable,55 - 64 years,M,less than 7 days,N,unavailable,unavailable,3
202105,unavailable,BNE,ZQN,V,A,AU,unavailable,unavailable,19 - 24 years,F,28+ days,B,unavailable,unavailable,6
202105,unavailable,SYD,WLG,V,A,AU,unavailable,unavailable,Less than 1 year,M,15 to 27 days,V,unavailable,unavailable,3
202105,unavailable,PER,AKL,V,A,AU,unavailable,unavailable,35 - 44 years,F,15 to 27 days,H,unavailable,unavailable,3
202105,unavailable,OOL,CHC,V,A,AU,unavailable,unavailable,65 - 74 years,M,15 to 27 days,V,unavailable,unavailable,3
202105,unavailable,BNE,AKL,V,A,ZA,unavailable,unavailable,25 - 34 years,M,28+ days,N,unavailable,unavailable,3
202105,unavailable,MEL,AKL,V,A,AU,unavailable,unavailable,55 - 64 years,M,8 - 14 days,C,unavailable,unavailable,3
202105,unavailable,SIN,AKL,V,A,RU,unavailable,unavailable,55 - 64 years,M,28+ days,N,unavailable,unavailable,3
202105,unavailable,SYD,CHC,V,A,AU,unavailable,unavailable,Less than 1 year,F,28+ days,V,unavailable,unavailable,3
202105,unavailable,SYD,ZQN,V,A,AU,unavailable,unavailable,19 - 24 years,M,less than 7 days,B,unavailable,unavailable,3
202105,unavailable,KUL,AKL,V,A,SE,unavailable,unavailable,35 - 44 years,M,28+ days,B,unavailable,unavailable,3
202105,unavailable,MEL,WLG,V,A,AU,unavailable,unavailable,19 - 24 years,M,less than 7 days,H,unavailable,unavailable,3
202105,unavailable,MEL,AKL,V,A,AU,unavailable,unavailable,65 - 74 years,M,15 to 27 days,B,unavailable,unavailable,3
202105,unavailable,OOL,AKL,V,A,AU,unavailable,unavailable,01 - 11 years,F,8 - 14 days,H,unavailable,unavailable,3
202105,unavailable,SYD,AKL,V,A,AU,unavailable,unavailable,55 - 64 years,F,8 - 14 days,E,unavailable,unavailable,3
202105,unavailable,OOL,AKL,V,A,AU,unavailable,unavailable,01 - 11 years,F,less than 7 days,O,unavailable,unavailable,3
202105,unavailable,NRT,AKL,V,A,JP,unavailable,unavailable,25 - 34 years,M,28+ days,H,unavailable,unavailable,3
202105,unavailable,ZZS,WRE,V,A,XX,unavailable,unavailable,45 - 54 years,M,less than 7 days,N,unavailable,unavailable,3
202105,unavailable,HBA,AKL,V,A,AU,unavailable,unavailable,25 - 34 years,F,less than 7 days,V,unavailable,unavailable,3
202105,unavailable,SHA,AKL,V,A,CN,unavailable,unavailable,45 - 54 years,M,28+ days,V,unavailable,unavailable,3
202105,unavailable,OOL,AKL,V,A,AU,unavailable,unavailable,25 - 34 years,M,28+ days,H,unavailable,unavailable,3
202105,unavailable,SYD,CHC,V,A,AU,unavailable,unavailable,55 - 64 years,M,15 to 27 days,N,unavailable,unavailable,3
202105,unavailable,SYD,CHC,V,A,AU,unavailable,unavailable,55 - 64 years,F,8 - 14 days,B,unavailable,unavailable,3
202105,unavailable,BNE,CHC,V,A,AU,unavailable,unavailable,45 - 54 years,M,15 to 27 days,N,unavailable,unavailable,3
202105,unavailable,SIN,AKL,V,A,DE,unavailable,unavailable,25 - 34 years,M,28+ days,B,unavailable,unavailable,3
202105,unavailable,OOL,AKL,V,A,AU,unavailable,unavailable,55 - 64 years,M,less than 7 days,N,unavailable,unavailable,3
202105,unavailable,SYD,CHC,V,A,AU,unavailable,unavailable,75+,F,28+ days,V,unavailable,unavailable,3
202105,unavailable,BNE,AKL,V,A,GB,unavailable,unavailable,25 - 34 years,M,15 to 27 days,V,unavailable,unavailable,3
202105,unavailable,MEL,AKL,V,A,AU,unavailable,unavailable,45 - 54 years,M,less than 7 days,E,unavailable,unavailable,3
202105,unavailable,SYD,WLG,V,A,AU,unavailable,unavailable,19 - 24 years,F,less than 7 days,H,unavailable,unavailable,3
202105,unavailable,RAR,AKL,V,A,CK,unavailable,unavailable,35 - 44 years,M,8 - 14 days,V,unavailable,unavailable,3
202105,unavailable,ADL,AKL,V,A,AU,unavailable,unavailable,65 - 74 years,M,8 - 14 days,H,unavailable,unavailable,3
202105,unavailable,RAR,AKL,V,A,CK,unavailable,unavailable,01 - 11 years,M,less than 7 days,V,unavailable,unavailable,3
202105,unavailable,SYD,WLG,V,A,XX,unavailable,unavailable,35 - 44 years,M,less than 7 days,N,unavailable,unavailable,3
202105,unavailable,MEL,ZQN,V,A,AU,unavailable,unavailable,19 - 24 years,M,less than 7 days,V,unavailable,unavailable,3
202105,unavailable,SYD,AKL,V,A,XX,unavailable,unavailable,01 - 11 years,F,less than 7 days,N,unavailable,unavailable,3
202105,unavailable,CAN,AKL,V,A,CN,unavailable,unavailable,19 - 24 years,F,28+ days,E,unavailable,unavailable,3
202105,unavailable,BNE,CHC,V,A,AU,unavailable,unavailable,55 - 64 years,M,28+ days,H,unavailable,unavailable,3
202105,unavailable,KUL,AKL,V,A,GB,unavailable,unavailable,19 - 24 years,M,28+ days,E,unavailable,unavailable,3
202105,unavailable,SYD,AKL,V,A,AU,unavailable,unavailable,25 - 34 years,M,28+ days,O,unavailable,unavailable,3
202105,unavailable,SYD,CHC,V,A,AU,unavailable,unavailable,45 - 54 years,F,15 to 27 days,H,unavailable,unavailable,3
202105,unavailable,SYD,CHC,V,A,AU,unavailable,unavailable,25 - 34 years,M,8 - 14 days,N,unavailable,unavailable,3
202105,unavailable,SYD,AKL,V,A,AU,unavailable,unavailable,19 - 24 years,M,28+ days,O,unavailable,unavailable,3
202105,unavailable,KUL,AKL,V,A,IN,unavailable,unavailable,01 - 11 years,F,28+ days,N,unavailable,unavailable,3
202105,unavailable,MEL,AKL,V,A,AU,unavailable,unavailable,65 - 74 years,M,28+ days,N,unavailable,unavailable,3
202105,unavailable,SYD,AKL,V,A,XX,unavailable,unavailable,19 - 24 years,F,28+ days,N,unavailable,unavailable,3
202105,unavailable,BNE,AKL,V,A,AU,unavailable,unavailable,45 - 54 years,F,less than 7 days,C,unavailable,unavailable,3
202105,unavailable,SYD,WLG,V,A,AU,unavailable,unavailable,01 - 11 years,F,15 to 27 days,N,unavailable,unavailable,3
202105,unavailable,SYD,AKL,V,A,AU,unavailable,unavailable,75+,F,28+ days,N,unavailable,unavailable,3
202105,unavailable,MEL,AKL,V,A,AU,unavailable,unavailable,65 - 74 years,F,8 - 14 days,N,unavailable,unavailable,3
202105,unavailable,SYD,WLG,V,A,AU,unavailable,unavailable,45 - 54 years,F,8 - 14 days,O,unavailable,unavailable,3
202105,unavailable,SYD,AKL,V,A,AU,unavailable,unavailable,35 - 44 years,F,8 - 14 days,O,unavailable,unavailable,3
202105,unavailable,BNE,AKL,V,A,XX,unavailable,unavailable,65 - 74 years,M,15 to 27 days,N,unavailable,unavailable,3
202105,unavailable,OOL,AKL,V,A,AU,unavailable,unavailable,25 - 34 years,M,15 to 27 days,H,unavailable,unavailable,3
202105,unavailable,LAX,AKL,V,A,US,unavailable,unavailable,12 - 18 years,F,28+ days,E,unavailable,unavailable,3
202105,unavailable,SYD,CHC,V,A,AU,unavailable,unavailable,25 - 34 years,F,28+ days,H,unavailable,unavailable,3
202105,unavailable,OOL,AKL,V,A,AU,unavailable,unavailable,35 - 44 years,M,15 to 27 days,B,unavailable,unavailable,3
202105,unavailable,MEL,CHC,V,A,AU,unavailable,unavailable,25 - 34 years,F,15 to 27 days,N,unavailable,unavailable,3
202105,unavailable,SIN,AKL,V,A,SG,unavailable,unavailable,12 - 18 years,F,28+ days,V,unavailable,unavailable,3
202105,unavailable,SYD,WLG,V,A,AU,unavailable,unavailable,01 - 11 years,M,8 - 14 days,H,unavailable,unavailable,3
202105,unavailable,ADL,AKL,V,A,AU,unavailable,unavailable,75+,M,28+ days,V,unavailable,unavailable,3
202105,unavailable,BNE,ZQN,V,A,AU,unavailable,unavailable,65 - 74 years,M,28+ days,V,unavailable,unavailable,3
202105,unavailable,RAR,AKL,V,A,CK,unavailable,unavailable,01 - 11 years,F,8 - 14 days,V,unavailable,unavailable,3
202105,unavailable,ADL,AKL,V,A,AU,unavailable,unavailable,01 - 11 years,F,15 to 27 days,V,unavailable,unavailable,3
202105,unavailable,OOL,CHC,V,A,AU,unavailable,unavailable,55 - 64 years,M,28+ days,V,unavailable,unavailable,3
202105,unavailable,BNE,AKL,V,A,XX,unavailable,unavailable,12 - 18 years,M,8 - 14 days,N,unavailable,unavailable,3
202105,unavailable,MEL,CHC,V,A,AU,unavailable,unavailable,19 - 24 years,M,8 - 14 days,H,unavailable,unavailable,3
202105,unavailable,RAR,AKL,V,A,CK,unavailable,unavailable,01 - 11 years,F,28+ days,V,unavailable,unavailable,3
202105,unavailable,CBR,ZQN,V,A,AU,unavailable,unavailable,25 - 34 years,M,less than 7 days,B,unavailable,unavailable,3
202105,unavailable,CAN,AKL,V,A,CN,unavailable,unavailable,19 - 24 years,M,28+ days,E,unavailable,unavailable,3
202105,unavailable,RAR,AKL,V,A,CK,unavailable,unavailable,75+,M,28+ days,O,unavailable,unavailable,3
202105,unavailable,MEL,AKL,V,A,AU,unavailable,unavailable,01 - 11 years,M,less than 7 days,N,unavailable,unavailable,3
202105,unavailable,PER,AKL,V,A,AU,unavailable,unavailable,19 - 24 years,M,15 to 27 days,O,unavailable,unavailable,3
202105,unavailable,MEL,ZQN,V,A,AU,unavailable,unavailable,01 - 11 years,M,15 to 27 days,V,unavailable,unavailable,3
202105,unavailable,MEL,CHC,V,A,AU,unavailable,unavailable,35 - 44 years,F,28+ days,H,unavailable,unavailable,3
202105,unavailable,NRT,AKL,V,A,JP,unavailable,unavailable,45 - 54 years,M,28+ days,N,unavailable,unavailable,3
202105,unavailable,BNE,TRG,V,A,XX,unavailable,unavailable,35 - 44 years,M,8 - 14 days,N,unavailable,unavailable,3
202105,unavailable,BNE,WLG,V,A,AU,unavailable,unavailable,35 - 44 years,M,less than 7 days,N,unavailable,unavailable,3
202105,unavailable,BNE,AKL,V,A,AU,unavailable,unavailable,19 - 24 years,M,15 to 27 days,N,unavailable,unavailable,3
202105,unavailable,OOL,AKL,V,A,AU,unavailable,unavailable,19 - 24 years,F,28+ days,N,unavailable,unavailable,3
202105,unavailable,PER,AKL,V,A,AU,unavailable,unavailable,55 - 64 years,F,less than 7 days,O,unavailable,unavailable,3
202105,unavailable,LAX,AKL,V,A,US,unavailable,unavailable,35 - 44 years,M,15 to 27 days,V,unavailable,unavailable,3
202105,unavailable,OOL,CHC,V,A,AU,unavailable,unavailable,19 - 24 years,F,8 - 14 days,V,unavailable,unavailable,3
202105,unavailable,SYD,ZQN,V,A,AU,unavailable,unavailable,75+,M,15 to 27 days,H,unavailable,unavailable,3
202105,unavailable,BNE,AKL,V,A,XX,unavailable,unavailable,01 - 11 years,F,less than 7 days,N,unavailable,unavailable,3
202105,unavailable,MEL,AKL,V,A,AU,unavailable,unavailable,55 - 64 years,F,15 to 27 days,N,unavailable,unavailable,3
202105,unavailable,SYD,CHC,V,A,AU,unavailable,unavailable,65 - 74 years,M,8 - 14 days,N,unavailable,unavailable,3
202105,unavailable,MEL,AKL,V,A,AU,unavailable,unavailable,01 - 11 years,M,15 to 27 days,H,unavailable,unavailable,3
202105,unavailable,MEL,ZQN,V,A,AU,unavailable,unavailable,55 - 64 years,F,15 to 27 days,V,unavailable,unavailable,3
202105,unavailable,BNE,AKL,V,A,AU,unavailable,unavailable,19 - 24 years,M,8 - 14 days,N,unavailable,unavailable,3
202105,unavailable,ADL,AKL,V,A,AU,unavailable,unavailable,45 - 54 years,F,less than 7 days,B,unavailable,unavailable,3
202105,unavailable,OOL,AKL,V,A,AU,unavailable,unavailable,25 - 34 years,M,28+ days,N,unavailable,unavailable,3
202105,unavailable,OOL,AKL,V,A,AU,unavailable,unavailable,35 - 44 years,F,less than 7 days,O,unavailable,unavailable,3
202105,unavailable,BNE,ZQN,V,A,AU,unavailable,unavailable,Less than 1 year,M,less than 7 days,H,unavailable,unavailable,3
202105,unavailable,CAN,AKL,V,A,CN,unavailable,unavailable,25 - 34 years,F,28+ days,E,unavailable,unavailable,3
202105,unavailable,SYD,WLG,V,A,AU,unavailable,unavailable,25 - 34 years,M,28+ days,H,unavailable,unavailable,3
202105,unavailable,ADL,AKL,V,A,AU,unavailable,unavailable,45 - 54 years,M,8 - 14 days,B,unavailable,unavailable,3
202105,unavailable,SYD,AKL,V,A,AU,unavailable,unavailable,25 - 34 years,M,15 to 27 days,O,unavailable,unavailable,3
202105,unavailable,MEL,CHC,V,A,AU,unavailable,unavailable,75+,F,28+ days,V,unavailable,unavailable,3
202105,unavailable,PER,AKL,V,A,AU,unavailable,unavailable,65 - 74 years,M,8 - 14 days,H,unavailable,unavailable,3
202105,unavailable,OOL,AKL,V,A,AU,unavailable,unavailable,75+,M,28+ days,V,unavailable,unavailable,3
202105,unavailable,OOL,AKL,V,A,AU,unavailable,unavailable,35 - 44 years,M,less than 7 days,N,unavailable,unavailable,3
202105,unavailable,BNE,AKL,V,A,ZA,unavailable,unavailable,55 - 64 years,M,28+ days,V,unavailable,unavailable,3
202105,unavailable,RAR,AKL,V,A,CK,unavailable,unavailable,19 - 24 years,F,8 - 14 days,V,unavailable,unavailable,3
202105,unavailable,SYD,WLG,V,A,AU,unavailable,unavailable,35 - 44 years,M,less than 7 days,C,unavailable,unavailable,3
202105,unavailable,SYD,AKL,V,A,XX,unavailable,unavailable,55 - 64 years,M,8 - 14 days,N,unavailable,unavailable,3
202105,unavailable,MEL,AKL,V,A,AU,unavailable,unavailable,65 - 74 years,F,less than 7 days,B,unavailable,unavailable,3
202105,unavailable,PER,AKL,V,A,AU,unavailable,unavailable,45 - 54 years,M,28+ days,H,unavailable,unavailable,3
202105,unavailable,BNE,WLG,V,A,AU,unavailable,unavailable,Less than 1 year,M,15 to 27 days,V,unavailable,unavailable,3
202105,unavailable,SYD,AKL,V,A,US,unavailable,unavailable,25 - 34 years,M,less than 7 days,B,unavailable,unavailable,3
202105,unavailable,ADL,AKL,V,A,AU,unavailable,unavailable,65 - 74 years,F,8 - 14 days,H,unavailable,unavailable,3
202105,unavailable,OOL,CHC,V,A,AU,unavailable,unavailable,35 - 44 years,M,less than 7 days,V,unavailable,unavailable,3
202105,unavailable,KUL,AKL,V,A,AE,unavailable,unavailable,45 - 54 years,F,15 to 27 days,V,unavailable,unavailable,3
202105,unavailable,MEL,WLG,V,A,AU,unavailable,unavailable,25 - 34 years,F,less than 7 days,O,unavailable,unavailable,3
202105,unavailable,MEL,CHC,V,A,AU,unavailable,unavailable,25 - 34 years,F,28+ days,H,unavailable,unavailable,3
202105,unavailable,BNE,AKL,V,A,AU,unavailable,unavailable,01 - 11 years,M,less than 7 days,O,unavailable,unavailable,3
202105,unavailable,KUL,AKL,V,A,SA,unavailable,unavailable,25 - 34 years,F,28+ days,E,unavailable,unavailable,3
202105,unavailable,CAN,AKL,V,A,CN,unavailable,unavailable,35 - 44 years,F,28+ days,N,unavailable,unavailable,3
202105,unavailable,BNE,CHC,V,A,AU,unavailable,unavailable,55 - 64 years,F,less than 7 days,B,unavailable,unavailable,3
202105,unavailable,BNE,AKL,V,A,AU,unavailable,unavailable,55 - 64 years,M,15 to 27 days,O,unavailable,unavailable,3
202105,unavailable,MEL,CHC,V,A,AU,unavailable,unavailable,19 - 24 years,M,28+ days,V,unavailable,unavailable,3
202105,unavailable,RAR,AKL,V,A,CK,unavailable,unavailable,45 - 54 years,F,less than 7 days,V,unavailable,unavailable,3
202105,unavailable,RAR,AKL,V,A,CK,unavailable,unavailable,19 - 24 years,F,28+ days,O,unavailable,unavailable,3
202105,unavailable,PER,AKL,V,A,AU,unavailable,unavailable,55 - 64 years,M,28+ days,N,unavailable,unavailable,3
202105,unavailable,OOL,CHC,V,A,AU,unavailable,unavailable,45 - 54 years,M,15 to 27 days,V,unavailable,unavailable,3
202105,unavailable,OOL,CHC,V,A,AU,unavailable,unavailable,25 - 34 years,M,8 - 14 days,V,unavailable,unavailable,3
202105,unavailable,SYD,AKL,V,A,NZ,unavailable,unavailable,25 - 34 years,F,less than 7 days,V,unavailable,unavailable,3
202105,unavailable,RAR,AKL,V,A,CK,unavailable,unavailable,65 - 74 years,M,28+ days,O,unavailable,unavailable,3
202105,unavailable,PER,AKL,V,A,AU,unavailable,unavailable,35 - 44 years,F,less than 7 days,B,unavailable,unavailable,3
202105,unavailable,SYD,AKL,V,A,AU,unavailable,unavailable,25 - 34 years,M,8 - 14 days,E,unavailable,unavailable,3
202105,unavailable,CAN,AKL,V,A,CN,unavailable,unavailable,45 - 54 years,M,28+ days,V,unavailable,unavailable,3
202105,unavailable,MEL,AKL,V,A,AU,unavailable,unavailable,35 - 44 years,F,15 to 27 days,N,unavailable,unavailable,3
202105,unavailable,SYD,AKL,V,A,AU,unavailable,unavailable,25 - 34 years,M,28+ days,E,unavailable,unavailable,3
202105,unavailable,SYD,AKL,V,A,GB,unavailable,unavailable,01 - 11 years,F,less than 7 days,H,unavailable,unavailable,3
202105,unavailable,HBA,AKL,V,A,AU,unavailable,unavailable,35 - 44 years,F,less than 7 days,V,unavailable,unavailable,3
202105,unavailable,LAX,AKL,V,A,US,unavailable,unavailable,55 - 64 years,F,15 to 27 days,V,unavailable,unavailable,3
202105,unavailable,MEL,AKL,V,A,XX,unavailable,unavailable,45 - 54 years,F,less than 7 days,N,unavailable,unavailable,3
202105,unavailable,SYD,CHC,V,A,AU,unavailable,unavailable,35 - 44 years,M,15 to 27 days,B,unavailable,unavailable,3
202105,unavailable,BNE,CHC,V,A,AU,unavailable,unavailable,25 - 34 years,M,less than 7 days,O,unavailable,unavailable,3
202105,unavailable,MEL,WLG,V,A,AU,unavailable,unavailable,19 - 24 years,M,28+ days,N,unavailable,unavailable,3
202105,unavailable,RAR,AKL,V,A,CK,unavailable,unavailable,01 - 11 years,M,28+ days,H,unavailable,unavailable,3
202105,unavailable,SYD,AKL,V,A,XX,unavailable,unavailable,65 - 74 years,F,15 to 27 days,N,unavailable,unavailable,3
202105,unavailable,HKG,AKL,V,A,HK,unavailable,unavailable,25 - 34 years,F,28+ days,V,unavailable,unavailable,3
202105,unavailable,RAR,AKL,V,A,CK,unavailable,unavailable,12 - 18 years,F,less than 7 days,V,unavailable,unavailable,3
202105,unavailable,RAR,AKL,V,A,CK,unavailable,unavailable,45 - 54 years,F,less than 7 days,O,unavailable,unavailable,3
202105,unavailable,BNE,ZQN,V,A,AU,unavailable,unavailable,65 - 74 years,F,28+ days,V,unavailable,unavailable,3
202105,unavailable,RAR,AKL,V,A,CK,unavailable,unavailable,75+,F,28+ days,V,unavailable,unavailable,3
202105,unavailable,PER,AKL,V,A,AU,unavailable,unavailable,35 - 44 years,M,15 to 27 days,N,unavailable,unavailable,3
202105,unavailable,BNE,AKL,V,A,AU,unavailable,unavailable,01 - 11 years,M,less than 7 days,N,unavailable,unavailable,3
202105,unavailable,MEL,AKL,V,A,AU,unavailable,unavailable,25 - 34 years,M,less than 7 days,E,unavailable,unavailable,3
202105,unavailable,OOL,CHC,V,A,AU,unavailable,unavailable,25 - 34 years,F,less than 7 days,V,unavailable,unavailable,3
202105,unavailable,PER,AKL,V,A,AU,unavailable,unavailable,35 - 44 years,M,15 to 27 days,O,unavailable,unavailable,3
202105,unavailable,BNE,WLG,V,A,AU,unavailable,unavailable,55 - 64 years,F,less than 7 days,B,unavailable,unavailable,3
202105,unavailable,OOL,AKL,V,A,AU,unavailable,unavailable,55 - 64 years,M,8 - 14 days,N,unavailable,unavailable,3
202105,unavailable,BNE,WLG,V,A,AU,unavailable,unavailable,25 - 34 years,M,8 - 14 days,N,unavailable,unavailable,3
202105,unavailable,MEL,WLG,V,A,AU,unavailable,unavailable,25 - 34 years,M,28+ days,H,unavailable,unavailable,3
202105,unavailable,ADL,AKL,V,A,AU,unavailable,unavailable,25 - 34 years,M,less than 7 days,H,unavailable,unavailable,3
202105,unavailable,MEL,WLG,V,A,AU,unavailable,unavailable,35 - 44 years,F,28+ days,N,unavailable,unavailable,3
202105,unavailable,SYD,WLG,V,A,AU,unavailable,unavailable,55 - 64 years,F,8 - 14 days,N,unavailable,unavailable,3
202105,unavailable,MEL,WLG,V,A,AU,unavailable,unavailable,45 - 54 years,F,8 - 14 days,H,unavailable,unavailable,3
202105,unavailable,MEL,WLG,V,A,AU,unavailable,unavailable,19 - 24 years,F,28+ days,V,unavailable,unavailable,3
202105,unavailable,SIN,AKL,V,A,SG,unavailable,unavailable,12 - 18 years,M,28+ days,V,unavailable,unavailable,3
202105,unavailable,OOL,AKL,V,A,AU,unavailable,unavailable,35 - 44 years,F,less than 7 days,N,unavailable,unavailable,3
202105,unavailable,BNE,ZQN,V,A,AU,unavailable,unavailable,65 - 74 years,F,28+ days,H,unavailable,unavailable,3
202105,unavailable,SYD,ZQN,V,A,AU,unavailable,unavailable,35 - 44 years,M,28+ days,V,unavailable,unavailable,3
202105,unavailable,OOL,AKL,V,A,AU,unavailable,unavailable,65 - 74 years,M,less than 7 days,N,unavailable,unavailable,3
202105,unavailable,BNE,AKL,V,A,AU,unavailable,unavailable,45 - 54 years,F,15 to 27 days,H,unavailable,unavailable,3
202105,unavailable,BNE,AKL,V,A,AU,unavailable,unavailable,45 - 54 years,F,15 to 27 days,B,unavailable,unavailable,3
202105,unavailable,BNE,AKL,V,A,AU,unavailable,unavailable,65 - 74 years,M,15 to 27 days,N,unavailable,unavailable,3
202105,unavailable,MEL,ZQN,V,A,AU,unavailable,unavailable,25 - 34 years,M,28+ days,V,unavailable,unavailable,3
202105,unavailable,BNE,ZQN,V,A,AU,unavailable,unavailable,35 - 44 years,M,less than 7 days,N,unavailable,unavailable,3
202105,unavailable,MEL,WLG,V,A,AU,unavailable,unavailable,12 - 18 years,M,less than 7 days,V,unavailable,unavailable,3
202105,unavailable,MEL,ZQN,V,A,AU,unavailable,unavailable,35 - 44 years,F,28+ days,V,unavailable,unavailable,3
202105,unavailable,BNE,AKL,V,A,AU,unavailable,unavailable,45 - 54 years,M,15 to 27 days,N,unavailable,unavailable,3
202105,unavailable,SYD,CHC,V,A,AU,unavailable,unavailable,45 - 54 years,F,less than 7 days,N,unavailable,unavailable,3
202105,unavailable,KUL,AKL,V,A,DE,unavailable,unavailable,25 - 34 years,M,28+ days,B,unavailable,unavailable,3
202105,unavailable,MEL,CHC,V,A,AU,unavailable,unavailable,65 - 74 years,M,8 - 14 days,H,unavailable,unavailable,3
202105,unavailable,NRT,AKL,V,A,JP,unavailable,unavailable,19 - 24 years,F,28+ days,N,unavailable,unavailable,3
202105,unavailable,SYD,AKL,V,A,AU,unavailable,unavailable,19 - 24 years,F,15 to 27 days,N,unavailable,unavailable,3
202105,unavailable,BNE,WLG,V,A,AU,unavailable,unavailable,25 - 34 years,F,8 - 14 days,H,unavailable,unavailable,3
202105,unavailable,SYD,WLG,V,A,AU,unavailable,unavailable,35 - 44 years,M,8 - 14 days,H,unavailable,unavailable,3
202105,unavailable,BNE,WLG,V,A,AU,unavailable,unavailable,19 - 24 years,M,8 - 14 days,H,unavailable,unavailable,3
202105,unavailable,BNE,AKL,V,A,AU,unavailable,unavailable,12 - 18 years,F,8 - 14 days,H,unavailable,unavailable,3
202105,unavailable,APW,AKL,V,A,WS,unavailable,unavailable,25 - 34 years,F,28+ days,O,unavailable,unavailable,3
202105,unavailable,BNE,WLG,V,A,AU,unavailable,unavailable,25 - 34 years,M,28+ days,N,unavailable,unavailable,3
202105,unavailable,MEL,AKL,V,A,AU,unavailable,unavailable,75+,M,8 - 14 days,H,unavailable,unavailable,3
202105,unavailable,MEL,CHC,V,A,AU,unavailable,unavailable,19 - 24 years,M,less than 7 days,B,unavailable,unavailable,3
202105,unavailable,HBA,AKL,V,A,AU,unavailable,unavailable,35 - 44 years,M,8 - 14 days,V,unavailable,unavailable,3
202105,unavailable,NAN,AKL,V,A,FJ,unavailable,unavailable,55 - 64 years,F,28+ days,N,unavailable,unavailable,3
202105,unavailable,ADL,AKL,V,A,AU,unavailable,unavailable,01 - 11 years,M,28+ days,V,unavailable,unavailable,3
202105,unavailable,SYD,CHC,V,A,AU,unavailable,unavailable,19 - 24 years,F,less than 7 days,N,unavailable,unavailable,3
202105,unavailable,BNE,CHC,V,A,AU,unavailable,unavailable,65 - 74 years,M,28+ days,N,unavailable,unavailable,3
202105,unavailable,OOL,CHC,V,A,AU,unavailable,unavailable,75+,F,8 - 14 days,V,unavailable,unavailable,3
202105,unavailable,BNE,WLG,V,A,AU,unavailable,unavailable,25 - 34 years,M,8 - 14 days,H,unavailable,unavailable,3
202105,unavailable,KUL,AKL,V,A,GB,unavailable,unavailable,19 - 24 years,F,28+ days,V,unavailable,unavailable,3
202105,unavailable,SYD,CHC,V,A,AU,unavailable,unavailable,55 - 64 years,M,less than 7 days,O,unavailable,unavailable,3
202105,unavailable,SIN,AKL,V,A,GB,unavailable,unavailable,25 - 34 years,M,28+ days,V,unavailable,unavailable,3
202105,unavailable,SIN,AKL,V,A,PH,unavailable,unavailable,35 - 44 years,M,28+ days,O,unavailable,unavailable,3
202105,unavailable,BNE,AKL,V,A,IN,unavailable,unavailable,25 - 34 years,F,28+ days,V,unavailable,unavailable,3
202105,unavailable,SHA,AKL,V,A,CN,unavailable,unavailable,65 - 74 years,M,28+ days,N,unavailable,unavailable,3
202105,unavailable,SHA,AKL,V,A,CN,unavailable,unavailable,45 - 54 years,F,28+ days,V,unavailable,unavailable,3
202105,unavailable,MEL,AKL,V,A,AU,unavailable,unavailable,45 - 54 years,F,28+ days,H,unavailable,unavailable,3
202105,unavailable,BNE,AKL,V,A,AU,unavailable,unavailable,55 - 64 years,F,28+ days,O,unavailable,unavailable,3
202105,unavailable,SYD,AKL,V,A,AU,unavailable,unavailable,25 - 34 years,M,8 - 14 days,O,unavailable,unavailable,3
202105,unavailable,ZZS,WRE,V,A,XX,unavailable,unavailable,25 - 34 years,M,less than 7 days,N,unavailable,unavailable,3
202105,unavailable,OOL,CHC,V,A,AU,unavailable,unavailable,35 - 44 years,M,15 to 27 days,V,unavailable,unavailable,3
202105,unavailable,OOL,AKL,V,A,AU,unavailable,unavailable,25 - 34 years,F,8 - 14 days,N,unavailable,unavailable,3
202105,unavailable,MEL,AKL,V,A,AU,unavailable,unavailable,19 - 24 years,M,28+ days,N,unavailable,unavailable,3
202105,unavailable,RAR,AKL,V,A,CK,unavailable,unavailable,55 - 64 years,F,less than 7 days,V,unavailable,unavailable,3
202105,unavailable,MEL,AKL,V,A,AU,unavailable,unavailable,25 - 34 years,F,less than 7 days,O,unavailable,unavailable,3
202105,unavailable,BNE,AKL,V,A,AU,unavailable,unavailable,01 - 11 years,F,15 to 27 days,H,unavailable,unavailable,3
202105,unavailable,BNE,AKL,V,A,AU,unavailable,unavailable,75+,F,28+ days,N,unavailable,unavailable,3
202105,unavailable,RAR,AKL,V,A,CK,unavailable,unavailable,35 - 44 years,F,15 to 27 days,V,unavailable,unavailable,3
202105,unavailable,SYD,WLG,V,A,AU,unavailable,unavailable,25 - 34 years,M,28+ days,B,unavailable,unavailable,3
202105,unavailable,BNE,WLG,V,A,AU,unavailable,unavailable,55 - 64 years,M,less than 7 days,N,unavailable,unavailable,3
202105,unavailable,BNE,AKL,V,A,AU,unavailable,unavailable,01 - 11 years,F,8 - 14 days,N,unavailable,unavailable,3
202105,unavailable,SYD,AKL,V,A,XX,unavailable,unavailable,55 - 64 years,F,15 to 27 days,N,unavailable,unavailable,3
202105,unavailable,MEL,WLG,V,A,AU,unavailable,unavailable,75+,M,15 to 27 days,V,unavailable,unavailable,3
202105,unavailable,MEL,AKL,V,A,AU,unavailable,unavailable,75+,F,less than 7 days,V,unavailable,unavailable,3
202105,unavailable,BNE,AKL,V,A,GB,unavailable,unavailable,19 - 24 years,F,28+ days,O,unavailable,unavailable,3
202105,unavailable,BNE,AKL,V,A,ZA,unavailable,unavailable,65 - 74 years,F,28+ days,V,unavailable,unavailable,3
202105,unavailable,BNE,AKL,V,A,XX,unavailable,unavailable,65 - 74 years,M,8 - 14 days,N,unavailable,unavailable,3
202105,unavailable,LAX,AKL,V,A,CA,unavailable,unavailable,45 - 54 years,M,28+ days,V,unavailable,unavailable,3
202105,unavailable,PER,AKL,V,A,AU,unavailable,unavailable,75+,F,28+ days,V,unavailable,unavailable,3
202105,unavailable,ADL,AKL,V,A,AU,unavailable,unavailable,45 - 54 years,F,less than 7 days,H,unavailable,unavailable,3
202105,unavailable,LAX,AKL,V,A,CA,unavailable,unavailable,45 - 54 years,F,28+ days,V,unavailable,unavailable,3
202105,unavailable,KUL,AKL,V,A,IN,unavailable,unavailable,25 - 34 years,F,28+ days,N,unavailable,unavailable,3
202105,unavailable,LAX,AKL,V,A,CA,unavailable,unavailable,35 - 44 years,F,28+ days,V,unavailable,unavailable,3
202105,unavailable,MEL,WLG,V,A,AU,unavailable,unavailable,35 - 44 years,M,less than 7 days,C,unavailable,unavailable,3
202105,unavailable,ADL,AKL,V,A,AU,unavailable,unavailable,25 - 34 years,M,8 - 14 days,B,unavailable,unavailable,3
202105,unavailable,KUL,AKL,V,A,GB,unavailable,unavailable,35 - 44 years,M,28+ days,V,unavailable,unavailable,3
202105,unavailable,SYD,CHC,V,A,AU,unavailable,unavailable,25 - 34 years,F,8 - 14 days,N,unavailable,unavailable,3
202105,unavailable,MEL,AKL,V,A,AU,unavailable,unavailable,12 - 18 years,M,less than 7 days,H,unavailable,unavailable,3
202105,unavailable,BNE,CHC,V,A,AU,unavailable,unavailable,35 - 44 years,F,28+ days,V,unavailable,unavailable,3
202105,unavailable,ADL,AKL,V,A,AU,unavailable,unavailable,01 - 11 years,F,28+ days,V,unavailable,unavailable,3
202105,unavailable,BNE,AKL,V,A,AU,unavailable,unavailable,65 - 74 years,F,less than 7 days,O,unavailable,unavailable,3
202105,unavailable,PER,AKL,V,A,AU,unavailable,unavailable,55 - 64 years,M,8 - 14 days,B,unavailable,unavailable,3
202105,unavailable,SYD,CHC,V,A,AU,unavailable,unavailable,45 - 54 years,M,15 to 27 days,B,unavailable,unavailable,3
202105,unavailable,BNE,CHC,V,A,AU,unavailable,unavailable,55 - 64 years,F,less than 7 days,N,unavailable,unavailable,3
202105,unavailable,RAR,AKL,V,A,CK,unavailable,unavailable,45 - 54 years,M,8 - 14 days,V,unavailable,unavailable,3
202105,unavailable,SYD,ZQN,V,A,AU,unavailable,unavailable,12 - 18 years,M,8 - 14 days,H,unavailable,unavailable,3
202105,unavailable,SIN,AKL,V,A,TH,unavailable,unavailable,45 - 54 years,F,28+ days,V,unavailable,unavailable,3
202105,unavailable,RAR,AKL,V,A,CK,unavailable,unavailable,55 - 64 years,M,8 - 14 days,B,unavailable,unavailable,3
202105,unavailable,BNE,ZQN,V,A,AU,unavailable,unavailable,25 - 34 years,M,28+ days,V,unavailable,unavailable,3
202105,unavailable,MEL,WLG,V,A,AU,unavailable,unavailable,25 - 34 years,F,8 - 14 days,N,unavailable,unavailable,3
202105,unavailable,BNE,WLG,V,A,AU,unavailable,unavailable,12 - 18 years,M,15 to 27 days,V,unavailable,unavailable,3
202105,unavailable,ADL,AKL,V,A,AU,unavailable,unavailable,25 - 34 years,M,28+ days,B,unavailable,unavailable,3
202105,unavailable,BNE,AKL,V,A,AU,unavailable,unavailable,75+,M,28+ days,N,unavailable,unavailable,3
202105,unavailable,SYD,ZQN,V,A,AU,unavailable,unavailable,25 - 34 years,M,28+ days,V,unavailable,unavailable,3
202105,unavailable,MEL,AKL,V,A,AU,unavailable,unavailable,65 - 74 years,F,28+ days,H,unavailable,unavailable,3
202105,unavailable,MEL,ZQN,V,A,AU,unavailable,unavailable,35 - 44 years,M,15 to 27 days,V,unavailable,unavailable,3
202105,unavailable,SYD,ZQN,V,A,AU,unavailable,unavailable,35 - 44 years,F,28+ days,V,unavailable,unavailable,3
202105,unavailable,MEL,AKL,V,A,AU,unavailable,unavailable,12 - 18 years,F,8 - 14 days,N,unavailable,unavailable,3
202105,unavailable,OOL,CHC,V,A,AU,unavailable,unavailable,75+,F,15 to 27 days,V,unavailable,unavailable,3
202105,unavailable,BNE,ZQN,V,A,AU,unavailable,unavailable,19 - 24 years,M,less than 7 days,V,unavailable,unavailable,3
202105,unavailable,KUL,AKL,V,A,AE,unavailable,unavailable,65 - 74 years,M,28+ days,V,unavailable,unavailable,3
202105,unavailable,BNE,CHC,V,A,AU,unavailable,unavailable,65 - 74 years,F,8 - 14 days,H,unavailable,unavailable,3
202105,unavailable,HBA,AKL,V,A,AU,unavailable,unavailable,35 - 44 years,M,less than 7 days,V,unavailable,unavailable,3
202105,unavailable,SIN,AKL,V,A,NZ,unavailable,unavailable,45 - 54 years,M,28+ days,N,unavailable,unavailable,3
202105,unavailable,BNE,AKL,V,A,ZA,unavailable,unavailable,35 - 44 years,F,28+ days,B,unavailable,unavailable,3
202105,unavailable,MEL,AKL,V,A,AU,unavailable,unavailable,65 - 74 years,F,28+ days,N,unavailable,unavailable,3
202105,unavailable,BNE,CHC,V,A,AU,unavailable,unavailable,35 - 44 years,M,8 - 14 days,B,unavailable,unavailable,3
202105,unavailable,SYD,ZQN,V,A,AU,unavailable,unavailable,19 - 24 years,F,15 to 27 days,V,unavailable,unavailable,3
202105,unavailable,MEL,ZQN,V,A,AU,unavailable,unavailable,45 - 54 years,F,less than 7 days,B,unavailable,unavailable,3
202105,unavailable,MEL,ZQN,V,A,AU,unavailable,unavailable,55 - 64 years,M,8 - 14 days,H,unavailable,unavailable,3
202105,unavailable,MEL,WLG,V,A,AU,unavailable,unavailable,35 - 44 years,M,8 - 14 days,N,unavailable,unavailable,3
202105,unavailable,SYD,ZQN,V,A,AU,unavailable,unavailable,75+,M,8 - 14 days,H,unavailable,unavailable,3
202105,unavailable,MEL,CHC,V,A,AU,unavailable,unavailable,35 - 44 years,F,less than 7 days,N,unavailable,unavailable,3
202105,unavailable,MEL,WLG,V,A,AU,unavailable,unavailable,19 - 24 years,F,28+ days,N,unavailable,unavailable,3
202105,unavailable,RAR,AKL,V,A,CK,unavailable,unavailable,25 - 34 years,F,8 - 14 days,V,unavailable,unavailable,3
202105,unavailable,SYD,AKL,V,A,AU,unavailable,unavailable,65 - 74 years,F,8 - 14 days,B,unavailable,unavailable,3
202105,unavailable,OOL,AKL,V,A,AU,unavailable,unavailable,65 - 74 years,M,8 - 14 days,N,unavailable,unavailable,3
202105,unavailable,BNE,ZQN,V,A,AU,unavailable,unavailable,Less than 1 year,M,8 - 14 days,V,unavailable,unavailable,3
202105,unavailable,SIN,AKL,V,A,PH,unavailable,unavailable,12 - 18 years,F,28+ days,V,unavailable,unavailable,3
202105,unavailable,LAX,AKL,V,A,US,unavailable,unavailable,45 - 54 years,F,28+ days,N,unavailable,unavailable,3
202105,unavailable,SIN,AKL,V,A,GB,unavailable,unavailable,19 - 24 years,M,28+ days,V,unavailable,unavailable,3
202105,unavailable,BNE,CHC,V,A,AU,unavailable,unavailable,45 - 54 years,F,8 - 14 days,B,unavailable,unavailable,3
202105,unavailable,MEL,WLG,V,A,AU,unavailable,unavailable,35 - 44 years,M,less than 7 days,O,unavailable,unavailable,3
202105,unavailable,BNE,AKL,V,A,XX,unavailable,unavailable,25 - 34 years,F,28+ days,N,unavailable,unavailable,3
202105,unavailable,BNE,AKL,V,A,AU,unavailable,unavailable,19 - 24 years,F,less than 7 days,N,unavailable,unavailable,3
202105,unavailable,BNE,AKL,V,A,AU,unavailable,unavailable,25 - 34 years,F,less than 7 days,E,unavailable,unavailable,3
202105,unavailable,BNE,CHC,V,A,AU,unavailable,unavailable,75+,F,28+ days,V,unavailable,unavailable,3
202105,unavailable,KUL,AKL,V,A,GB,unavailable,unavailable,25 - 34 years,F,28+ days,B,unavailable,unavailable,3
202105,unavailable,SYD,AKL,V,A,AU,unavailable,unavailable,45 - 54 years,F,8 - 14 days,C,unavailable,unavailable,3
202105,unavailable,BNE,AKL,V,A,XX,unavailable,unavailable,55 - 64 years,F,less than 7 days,N,unavailable,unavailable,3
202105,unavailable,SYD,CHC,V,A,AU,unavailable,unavailable,75+,M,28+ days,V,unavailable,unavailable,3
202105,unavailable,ADL,AKL,V,A,AU,unavailable,unavailable,55 - 64 years,M,8 - 14 days,H,unavailable,unavailable,3
202105,unavailable,SYD,ZQN,V,A,AU,unavailable,unavailable,45 - 54 years,M,less than 7 days,O,unavailable,unavailable,3
202105,unavailable,MEL,CHC,V,A,AU,unavailable,unavailable,45 - 54 years,F,less than 7 days,H,unavailable,unavailable,3
202105,unavailable,HBA,AKL,V,A,AU,unavailable,unavailable,55 - 64 years,M,less than 7 days,H,unavailable,unavailable,3
202105,unavailable,PER,AKL,V,A,AU,unavailable,unavailable,65 - 74 years,M,15 to 27 days,H,unavailable,unavailable,3
202105,unavailable,ADL,AKL,V,A,AU,unavailable,unavailable,19 - 24 years,F,28+ days,V,unavailable,unavailable,3
202105,unavailable,MEL,AKL,V,A,AU,unavailable,unavailable,19 - 24 years,F,15 to 27 days,H,unavailable,unavailable,3
202105,unavailable,KUL,AKL,V,A,GB,unavailable,unavailable,19 - 24 years,M,28+ days,O,unavailable,unavailable,3
202105,unavailable,MEL,WLG,V,A,AU,unavailable,unavailable,45 - 54 years,M,15 to 27 days,N,unavailable,unavailable,3
202105,unavailable,OOL,AKL,V,A,AU,unavailable,unavailable,12 - 18 years,F,28+ days,O,unavailable,unavailable,3
202105,unavailable,PER,AKL,V,A,AU,unavailable,unavailable,25 - 34 years,M,less than 7 days,N,unavailable,unavailable,3
202105,unavailable,SYD,AKL,V,A,AU,unavailable,unavailable,75+,F,8 - 14 days,H,unavailable,unavailable,3
202105,unavailable,SYD,AKL,V,A,AU,unavailable,unavailable,65 - 74 years,F,8 - 14 days,N,unavailable,unavailable,3
202105,unavailable,RAR,AKL,V,A,CK,unavailable,unavailable,25 - 34 years,M,8 - 14 days,V,unavailable,unavailable,3
202105,unavailable,BNE,AKL,V,A,AU,unavailable,unavailable,55 - 64 years,M,28+ days,H,unavailable,unavailable,3
202105,unavailable,OOL,CHC,V,A,AU,unavailable,unavailable,55 - 64 years,M,15 to 27 days,V,unavailable,unavailable,3
202105,unavailable,LAX,AKL,V,A,MX,unavailable,unavailable,25 - 34 years,M,28+ days,B,unavailable,unavailable,3
202105,unavailable,SYD,CHC,V,A,AU,unavailable,unavailable,75+,F,15 to 27 days,H,unavailable,unavailable,3
202105,unavailable,RAR,AKL,V,A,CK,unavailable,unavailable,55 - 64 years,F,28+ days,N,unavailable,unavailable,3
202105,unavailable,PER,AKL,V,A,AU,unavailable,unavailable,19 - 24 years,M,less than 7 days,H,unavailable,unavailable,3
202105,unavailable,KUL,AKL,V,A,GB,unavailable,unavailable,25 - 34 years,F,28+ days,V,unavailable,unavailable,3
202105,unavailable,BNE,AKL,V,A,XX,unavailable,unavailable,12 - 18 years,M,less than 7 days,N,unavailable,unavailable,3
202105,unavailable,ADL,AKL,V,A,AU,unavailable,unavailable,75+,M,8 - 14 days,V,unavailable,unavailable,3
202105,unavailable,BNE,CHC,V,A,AU,unavailable,unavailable,19 - 24 years,F,less than 7 days,H,unavailable,unavailable,3
202105,unavailable,BNE,CHC,V,A,AU,unavailable,unavailable,12 - 18 years,F,28+ days,V,unavailable,unavailable,3
202105,unavailable,PER,AKL,V,A,AU,unavailable,unavailable,65 - 74 years,M,28+ days,N,unavailable,unavailable,3
202105,unavailable,BNE,ZQN,V,A,AU,unavailable,unavailable,12 - 18 years,F,8 - 14 days,V,unavailable,unavailable,3
202105,unavailable,PER,AKL,V,A,AU,unavailable,unavailable,75+,F,8 - 14 days,V,unavailable,unavailable,3
202105,unavailable,BNE,AKL,V,A,AU,unavailable,unavailable,55 - 64 years,M,15 to 27 days,H,unavailable,unavailable,3
202105,unavailable,BNE,AKL,V,A,AU,unavailable,unavailable,55 - 64 years,F,8 - 14 days,O,unavailable,unavailable,3
202105,unavailable,CBR,ZQN,V,A,AU,unavailable,unavailable,35 - 44 years,F,less than 7 days,B,unavailable,unavailable,3
202105,unavailable,MEL,CHC,V,A,AU,unavailable,unavailable,55 - 64 years,M,less than 7 days,N,unavailable,unavailable,3
202105,unavailable,SYD,CHC,V,A,AU,unavailable,unavailable,35 - 44 years,M,15 to 27 days,N,unavailable,unavailable,3
202105,unavailable,SIN,AKL,V,A,DE,unavailable,unavailable,25 - 34 years,F,28+ days,V,unavailable,unavailable,3
202105,unavailable,SIN,AKL,V,A,SG,unavailable,unavailable,25 - 34 years,F,28+ days,V,unavailable,unavailable,3
202105,unavailable,MEL,WLG,V,A,AU,unavailable,unavailable,75+,M,8 - 14 days,V,unavailable,unavailable,3
202105,unavailable,SYD,WLG,V,A,AU,unavailable,unavailable,19 - 24 years,F,15 to 27 days,V,unavailable,unavailable,3
202105,unavailable,ADL,AKL,V,A,AU,unavailable,unavailable,25 - 34 years,M,28+ days,H,unavailable,unavailable,3
202105,unavailable,SYD,AKL,V,A,AU,unavailable,unavailable,55 - 64 years,M,15 to 27 days,E,unavailable,unavailable,3
202105,unavailable,MEL,CHC,V,A,AU,unavailable,unavailable,55 - 64 years,M,15 to 27 days,B,unavailable,unavailable,3
202105,unavailable,OOL,AKL,V,A,AU,unavailable,unavailable,01 - 11 years,M,15 to 27 days,H,unavailable,unavailable,3
202105,unavailable,MEL,CHC,V,A,AU,unavailable,unavailable,65 - 74 years,M,8 - 14 days,B,unavailable,unavailable,3
202105,unavailable,BNE,ZQN,V,A,AU,unavailable,unavailable,Less than 1 year,M,15 to 27 days,V,unavailable,unavailable,3
202105,unavailable,BNE,CHC,V,A,AU,unavailable,unavailable,55 - 64 years,M,28+ days,N,unavailable,unavailable,3
202105,unavailable,PER,AKL,V,A,AU,unavailable,unavailable,45 - 54 years,F,less than 7 days,B,unavailable,unavailable,3
202105,unavailable,CAN,AKL,V,A,CN,unavailable,unavailable,35 - 44 years,F,28+ days,V,unavailable,unavailable,3
202105,unavailable,OOL,AKL,V,A,AU,unavailable,unavailable,01 - 11 years,M,15 to 27 days,N,unavailable,unavailable,3
202105,unavailable,HBA,AKL,V,A,AU,unavailable,unavailable,01 - 11 years,M,8 - 14 days,H,unavailable,unavailable,3
202105,unavailable,SYD,AKL,V,A,AU,unavailable,unavailable,35 - 44 years,F,28+ days,H,unavailable,unavailable,3
202105,unavailable,SYD,ZQN,V,A,AU,unavailable,unavailable,25 - 34 years,M,8 - 14 days,N,unavailable,unavailable,3
202105,unavailable,LAX,AKL,V,A,US,unavailable,unavailable,75+,F,28+ days,V,unavailable,unavailable,3
202105,unavailable,BNE,CHC,V,A,AU,unavailable,unavailable,75+,M,8 - 14 days,H,unavailable,unavailable,3
202105,unavailable,MEL,AKL,V,A,AU,unavailable,unavailable,75+,M,less than 7 days,B,unavailable,unavailable,3
202105,unavailable,MEL,WLG,V,A,AU,unavailable,unavailable,45 - 54 years,M,28+ days,V,unavailable,unavailable,3
202105,unavailable,SYD,AKL,V,A,XX,unavailable,unavailable,35 - 44 years,M,28+ days,N,unavailable,unavailable,3
202105,unavailable,BNE,ZQN,V,A,AU,unavailable,unavailable,25 - 34 years,F,less than 7 days,B,unavailable,unavailable,3
202105,unavailable,MEL,AKL,V,A,AU,unavailable,unavailable,19 - 24 years,M,8 - 14 days,B,unavailable,unavailable,3
202105,unavailable,BNE,WLG,V,A,AU,unavailable,unavailable,25 - 34 years,M,less than 7 days,N,unavailable,unavailable,3
202105,unavailable,BNE,CHC,V,A,AU,unavailable,unavailable,25 - 34 years,M,15 to 27 days,O,unavailable,unavailable,3
202105,unavailable,SYD,WLG,V,A,AU,unavailable,unavailable,Less than 1 year,M,28+ days,V,unavailable,unavailable,3
202105,unavailable,MEL,CHC,V,A,AU,unavailable,unavailable,01 - 11 years,M,less than 7 days,H,unavailable,unavailable,3
202105,unavailable,LAX,AKL,V,A,CA,unavailable,unavailable,25 - 34 years,F,28+ days,V,unavailable,unavailable,3
202105,unavailable,SYD,ZQN,V,A,AU,unavailable,unavailable,45 - 54 years,M,15 to 27 days,H,unavailable,unavailable,3
202105,unavailable,KUL,AKL,V,A,IQ,unavailable,unavailable,55 - 64 years,M,28+ days,N,unavailable,unavailable,3
202105,unavailable,MEL,CHC,V,A,AU,unavailable,unavailable,Less than 1 year,M,less than 7 days,V,unavailable,unavailable,3
202105,unavailable,ADL,AKL,V,A,AU,unavailable,unavailable,45 - 54 years,M,28+ days,B,unavailable,unavailable,3
202105,unavailable,SYD,CHC,V,A,AU,unavailable,unavailable,75+,M,less than 7 days,B,unavailable,unavailable,3
202105,unavailable,BNE,WLG,V,A,AU,unavailable,unavailable,35 - 44 years,F,28+ days,N,unavailable,unavailable,3
202105,unavailable,SYD,CHC,V,A,AU,unavailable,unavailable,01 - 11 years,F,15 to 27 days,H,unavailable,unavailable,3
202105,unavailable,MEL,ZQN,V,A,AU,unavailable,unavailable,19 - 24 years,F,8 - 14 days,H,unavailable,unavailable,3
202105,unavailable,HKG,AKL,V,A,HK,unavailable,unavailable,55 - 64 years,M,28+ days,V,unavailable,unavailable,3
202105,unavailable,PER,AKL,V,A,AU,unavailable,unavailable,19 - 24 years,M,28+ days,H,unavailable,unavailable,3
202105,unavailable,OOL,AKL,V,A,AU,unavailable,unavailable,19 - 24 years,F,28+ days,O,unavailable,unavailable,3
202105,unavailable,SIN,AKL,V,A,RU,unavailable,unavailable,35 - 44 years,M,28+ days,N,unavailable,unavailable,3
202105,unavailable,BNE,CHC,V,A,AU,unavailable,unavailable,25 - 34 years,M,15 to 27 days,N,unavailable,unavailable,3
202105,unavailable,BNE,CHC,V,A,AU,unavailable,unavailable,55 - 64 years,M,8 - 14 days,N,unavailable,unavailable,3
202105,unavailable,SYD,AKL,V,A,AU,unavailable,unavailable,12 - 18 years,M,less than 7 days,N,unavailable,unavailable,3
202105,unavailable,BNE,ZQN,V,A,AU,unavailable,unavailable,45 - 54 years,F,15 to 27 days,V,unavailable,unavailable,3
202105,unavailable,MEL,ZQN,V,A,AU,unavailable,unavailable,45 - 54 years,F,15 to 27 days,H,unavailable,unavailable,3
202105,unavailable,RAR,AKL,V,A,CK,unavailable,unavailable,12 - 18 years,M,28+ days,N,unavailable,unavailable,3
202105,unavailable,PER,AKL,V,A,AU,unavailable,unavailable,55 - 64 years,M,28+ days,O,unavailable,unavailable,3
202105,unavailable,BNE,ZQN,V,A,AU,unavailable,unavailable,55 - 64 years,M,less than 7 days,B,unavailable,unavailable,3
202105,unavailable,BNE,AKL,V,A,AU,unavailable,unavailable,35 - 44 years,F,15 to 27 days,N,unavailable,unavailable,3
202105,unavailable,MEL,CHC,V,A,AU,unavailable,unavailable,75+,M,28+ days,V,unavailable,unavailable,3
202105,unavailable,OOL,CHC,V,A,AU,unavailable,unavailable,55 - 64 years,F,28+ days,V,unavailable,unavailable,3
202105,unavailable,PER,AKL,V,A,AU,unavailable,unavailable,19 - 24 years,M,15 to 27 days,B,unavailable,unavailable,3
202105,unavailable,SIN,AKL,V,A,XX,unavailable,unavailable,55 - 64 years,M,28+ days,N,unavailable,unavailable,3
202105,unavailable,SYD,CHC,V,A,AU,unavailable,unavailable,35 - 44 years,F,28+ days,N,unavailable,unavailable,3
202105,unavailable,SIN,AKL,V,A,RU,unavailable,unavailable,45 - 54 years,M,28+ days,O,unavailable,unavailable,3
202105,unavailable,SYD,CHC,V,A,AU,unavailable,unavailable,Less than 1 year,F,8 - 14 days,V,unavailable,unavailable,3
202105,unavailable,SYD,ZQN,V,A,AU,unavailable,unavailable,25 - 34 years,M,28+ days,O,unavailable,unavailable,3
202105,unavailable,MEL,ZQN,V,A,AU,unavailable,unavailable,35 - 44 years,F,less than 7 days,N,unavailable,unavailable,3
202105,unavailable,RAR,AKL,V,A,CK,unavailable,unavailable,75+,F,15 to 27 days,V,unavailable,unavailable,3
202105,unavailable,LAX,AKL,V,A,CA,unavailable,unavailable,55 - 64 years,F,28+ days,V,unavailable,unavailable,3
202105,unavailable,ADL,AKL,V,A,AU,unavailable,unavailable,35 - 44 years,M,28+ days,B,unavailable,unavailable,3
202105,unavailable,OOL,CHC,V,A,AU,unavailable,unavailable,65 - 74 years,M,less than 7 days,V,unavailable,unavailable,3
202105,unavailable,SYD,AKL,V,A,GB,unavailable,unavailable,25 - 34 years,F,less than 7 days,V,unavailable,unavailable,3
202105,unavailable,HBA,AKL,V,A,AU,unavailable,unavailable,55 - 64 years,M,28+ days,V,unavailable,unavailable,3
202105,unavailable,MEL,AKL,V,A,AU,unavailable,unavailable,45 - 54 years,F,28+ days,B,unavailable,unavailable,3
202105,unavailable,SYD,CHC,V,A,AU,unavailable,unavailable,65 - 74 years,F,8 - 14 days,H,unavailable,unavailable,3
202105,unavailable,MEL,WLG,V,A,AU,unavailable,unavailable,35 - 44 years,M,15 to 27 days,B,unavailable,unavailable,3
202105,unavailable,RAR,AKL,V,A,CK,unavailable,unavailable,55 - 64 years,F,8 - 14 days,O,unavailable,unavailable,3
202105,unavailable,ZZS,TRG,V,A,XX,unavailable,unavailable,45 - 54 years,M,less than 7 days,N,unavailable,unavailable,3
202105,unavailable,SYD,WLG,V,A,AU,unavailable,unavailable,25 - 34 years,M,15 to 27 days,H,unavailable,unavailable,3
202105,unavailable,PER,AKL,V,A,AU,unavailable,unavailable,65 - 74 years,F,8 - 14 days,H,unavailable,unavailable,3
202105,unavailable,APW,AKL,V,A,WS,unavailable,unavailable,45 - 54 years,F,28+ days,O,unavailable,unavailable,3
202105,unavailable,OOL,AKL,V,A,AU,unavailable,unavailable,12 - 18 years,M,less than 7 days,H,unavailable,unavailable,3
202105,unavailable,SYD,AKL,V,A,AU,unavailable,unavailable,01 - 11 years,F,15 to 27 days,O,unavailable,unavailable,3
202105,unavailable,PER,AKL,V,A,AU,unavailable,unavailable,35 - 44 years,M,less than 7 days,H,unavailable,unavailable,3
202105,unavailable,APW,AKL,V,A,WS,unavailable,unavailable,19 - 24 years,M,28+ days,O,unavailable,unavailable,3
202105,unavailable,BNE,ZQN,V,A,AU,unavailable,unavailable,55 - 64 years,F,28+ days,V,unavailable,unavailable,3
202105,unavailable,BNE,ZQN,V,A,AU,unavailable,unavailable,75+,F,8 - 14 days,H,unavailable,unavailable,3
202105,unavailable,MEL,WLG,V,A,AU,unavailable,unavailable,25 - 34 years,F,28+ days,N,unavailable,unavailable,3
202105,unavailable,HKG,AKL,V,A,HK,unavailable,unavailable,65 - 74 years,F,28+ days,V,unavailable,unavailable,3
202105,unavailable,SYD,CHC,V,A,AU,unavailable,unavailable,12 - 18 years,M,15 to 27 days,V,unavailable,unavailable,3
202105,unavailable,SYD,ZQN,V,A,AU,unavailable,unavailable,55 - 64 years,F,28+ days,V,unavailable,unavailable,3
202105,unavailable,BNE,CHC,V,A,AU,unavailable,unavailable,19 - 24 years,F,28+ days,V,unavailable,unavailable,3
202105,unavailable,BNE,AKL,V,A,AU,unavailable,unavailable,35 - 44 years,M,8 - 14 days,O,unavailable,unavailable,3
202105,unavailable,OOL,AKL,V,A,AU,unavailable,unavailable,45 - 54 years,F,8 - 14 days,N,unavailable,unavailable,3
202105,unavailable,BNE,AKL,V,A,AU,unavailable,unavailable,35 - 44 years,F,less than 7 days,C,unavailable,unavailable,3
202105,unavailable,SYD,AKL,V,A,XX,unavailable,unavailable,19 - 24 years,M,28+ days,N,unavailable,unavailable,3
202105,unavailable,MEL,AKL,V,A,AU,unavailable,unavailable,55 - 64 years,M,15 to 27 days,O,unavailable,unavailable,3
202105,unavailable,SYD,CHC,V,A,AU,unavailable,unavailable,65 - 74 years,M,8 - 14 days,B,unavailable,unavailable,3
202105,unavailable,BNE,CHC,V,A,AU,unavailable,unavailable,65 - 74 years,M,28+ days,H,unavailable,unavailable,3
202105,unavailable,MEL,AKL,V,A,AU,unavailable,unavailable,55 - 64 years,M,8 - 14 days,O,unavailable,unavailable,3
202105,unavailable,MEL,WLG,V,A,AU,unavailable,unavailable,25 - 34 years,F,less than 7 days,N,unavailable,unavailable,3
202105,unavailable,SYD,AKL,V,A,AU,unavailable,unavailable,55 - 64 years,M,less than 7 days,E,unavailable,unavailable,3
202105,unavailable,BNE,CHC,V,A,AU,unavailable,unavailable,Less than 1 year,M,8 - 14 days,V,unavailable,unavailable,3
202105,unavailable,SYD,WLG,V,A,AU,unavailable,unavailable,65 - 74 years,F,15 to 27 days,H,unavailable,unavailable,3
202105,unavailable,SYD,AKL,V,A,AU,unavailable,unavailable,01 - 11 years,M,8 - 14 days,O,unavailable,unavailable,3
202105,unavailable,SYD,AKL,V,A,AU,unavailable,unavailable,35 - 44 years,M,28+ days,O,unavailable,unavailable,3
202105,unavailable,MEL,CHC,V,A,AU,unavailable,unavailable,19 - 24 years,F,15 to 27 days,H,unavailable,unavailable,3
202105,unavailable,SYD,ZQN,V,A,AU,unavailable,unavailable,Less than 1 year,M,8 - 14 days,V,unavailable,unavailable,3
202105,unavailable,BNE,CHC,V,A,AU,unavailable,unavailable,65 - 74 years,F,less than 7 days,H,unavailable,unavailable,3
202105,unavailable,BNE,AKL,V,A,AU,unavailable,unavailable,55 - 64 years,M,less than 7 days,E,unavailable,unavailable,3
202105,unavailable,PER,AKL,V,A,AU,unavailable,unavailable,45 - 54 years,F,less than 7 days,H,unavailable,unavailable,3
202105,unavailable,NRT,AKL,V,A,JP,unavailable,unavailable,01 - 11 years,M,28+ days,V,unavailable,unavailable,3
202105,unavailable,SIN,AKL,V,A,SG,unavailable,unavailable,01 - 11 years,F,28+ days,V,unavailable,unavailable,3
202105,unavailable,BNE,AKL,V,A,AU,unavailable,unavailable,01 - 11 years,F,28+ days,O,unavailable,unavailable,3
202105,unavailable,NRT,AKL,V,A,JP,unavailable,unavailable,Less than 1 year,M,28+ days,N,unavailable,unavailable,3
202105,unavailable,OOL,AKL,V,A,AU,unavailable,unavailable,25 - 34 years,F,28+ days,H,unavailable,unavailable,3
202105,unavailable,BNE,AKL,V,A,GB,unavailable,unavailable,45 - 54 years,F,28+ days,V,unavailable,unavailable,3
202105,unavailable,CAN,AKL,V,A,CN,unavailable,unavailable,35 - 44 years,M,28+ days,V,unavailable,unavailable,3
202105,unavailable,MEL,AKL,V,A,XX,unavailable,unavailable,25 - 34 years,M,8 - 14 days,N,unavailable,unavailable,3
202105,unavailable,PER,AKL,V,A,AU,unavailable,unavailable,35 - 44 years,M,15 to 27 days,H,unavailable,unavailable,3
202105,unavailable,MEL,ZQN,V,A,AU,unavailable,unavailable,65 - 74 years,M,8 - 14 days,H,unavailable,unavailable,3
202105,unavailable,BNE,CHC,V,A,AU,unavailable,unavailable,19 - 24 years,M,15 to 27 days,O,unavailable,unavailable,3
202105,unavailable,SYD,ZQN,V,A,AU,unavailable,unavailable,55 - 64 years,F,15 to 27 days,N,unavailable,unavailable,3
202105,unavailable,BNE,WLG,V,A,AU,unavailable,unavailable,Less than 1 year,F,15 to 27 days,V,unavailable,unavailable,3
202105,unavailable,PER,AKL,V,A,AU,unavailable,unavailable,Less than 1 year,F,8 - 14 days,V,unavailable,unavailable,3
202105,unavailable,PER,AKL,V,A,AU,unavailable,unavailable,01 - 11 years,F,8 - 14 days,H,unavailable,unavailable,3
202105,unavailable,BNE,WLG,V,A,AU,unavailable,unavailable,45 - 54 years,M,28+ days,N,unavailable,unavailable,3
202105,unavailable,BNE,AKL,V,A,AU,unavailable,unavailable,19 - 24 years,M,less than 7 days,N,unavailable,unavailable,3
202105,unavailable,NAN,AKL,V,A,FJ,unavailable,unavailable,01 - 11 years,M,28+ days,O,unavailable,unavailable,3
202105,unavailable,MEL,ZQN,V,A,AU,unavailable,unavailable,12 - 18 years,F,less than 7 days,V,unavailable,unavailable,3
202105,unavailable,SYD,WLG,V,A,AU,unavailable,unavailable,75+,F,8 - 14 days,V,unavailable,unavailable,3
202105,unavailable,BNE,WLG,V,A,AU,unavailable,unavailable,19 - 24 years,M,28+ days,N,unavailable,unavailable,3
202105,unavailable,SYD,CHC,V,A,AU,unavailable,unavailable,Less than 1 year,M,28+ days,V,unavailable,unavailable,3
202105,unavailable,OOL,AKL,V,A,AU,unavailable,unavailable,55 - 64 years,F,15 to 27 days,N,unavailable,unavailable,3
202105,unavailable,OOL,AKL,V,A,AU,unavailable,unavailable,55 - 64 years,F,less than 7 days,N,unavailable,unavailable,3
202105,unavailable,RAR,AKL,V,A,CK,unavailable,unavailable,01 - 11 years,M,15 to 27 days,V,unavailable,unavailable,3
202105,unavailable,SYD,AKL,V,A,AU,unavailable,unavailable,01 - 11 years,M,8 - 14 days,N,unavailable,unavailable,3
202105,unavailable,SIN,AKL,V,A,RU,unavailable,unavailable,55 - 64 years,M,28+ days,B,unavailable,unavailable,3
202105,unavailable,SYD,AKL,V,A,XX,unavailable,unavailable,19 - 24 years,M,8 - 14 days,N,unavailable,unavailable,3
202105,unavailable,KUL,AKL,V,A,GB,unavailable,unavailable,19 - 24 years,F,28+ days,O,unavailable,unavailable,3
202105,unavailable,BNE,AKL,V,A,AU,unavailable,unavailable,55 - 64 years,M,less than 7 days,C,unavailable,unavailable,3
202105,unavailable,APW,AKL,V,A,WS,unavailable,unavailable,12 - 18 years,M,28+ days,O,unavailable,unavailable,3
202105,unavailable,SYD,AKL,V,A,AU,unavailable,unavailable,65 - 74 years,F,28+ days,O,unavailable,unavailable,3
202105,unavailable,MEL,AKL,V,A,AU,unavailable,unavailable,12 - 18 years,F,less than 7 days,H,unavailable,unavailable,3
202105,unavailable,SYD,CHC,V,A,AU,unavailable,unavailable,35 - 44 years,M,28+ days,V,unavailable,unavailable,3
202105,unavailable,BNE,WLG,V,A,AU,unavailable,unavailable,65 - 74 years,M,8 - 14 days,H,unavailable,unavailable,3
202105,unavailable,SYD,WLG,V,A,AU,unavailable,unavailable,35 - 44 years,M,less than 7 days,N,unavailable,unavailable,3
202105,unavailable,OOL,AKL,V,A,AU,unavailable,unavailable,25 - 34 years,M,8 - 14 days,B,unavailable,unavailable,3
202105,unavailable,SYD,WLG,V,A,AU,unavailable,unavailable,55 - 64 years,M,8 - 14 days,O,unavailable,unavailable,3
202105,unavailable,MEL,WLG,V,A,AU,unavailable,unavailable,55 - 64 years,M,8 - 14 days,H,unavailable,unavailable,3
202105,unavailable,PER,AKL,V,A,AU,unavailable,unavailable,55 - 64 years,F,8 - 14 days,O,unavailable,unavailable,3
202105,unavailable,OOL,AKL,V,A,AU,unavailable,unavailable,65 - 74 years,F,less than 7 days,H,unavailable,unavailable,3
202105,unavailable,SYD,CHC,V,A,AU,unavailable,unavailable,45 - 54 years,M,8 - 14 days,N,unavailable,unavailable,3
202105,unavailable,BNE,AKL,V,A,AU,unavailable,unavailable,19 - 24 years,F,less than 7 days,B,unavailable,unavailable,3
202105,unavailable,MEL,ZQN,V,A,AU,unavailable,unavailable,65 - 74 years,F,15 to 27 days,V,unavailable,unavailable,3
202105,unavailable,SYD,CHC,V,A,AU,unavailable,unavailable,25 - 34 years,F,less than 7 days,N,unavailable,unavailable,3
202105,unavailable,RAR,AKL,V,A,CK,unavailable,unavailable,45 - 54 years,M,less than 7 days,V,unavailable,unavailable,3
202105,unavailable,PER,AKL,V,A,AU,unavailable,unavailable,45 - 54 years,M,8 - 14 days,O,unavailable,unavailable,3
202105,unavailable,RAR,AKL,V,A,CK,unavailable,unavailable,01 - 11 years,F,28+ days,H,unavailable,unavailable,3
202105,unavailable,OOL,AKL,V,A,AU,unavailable,unavailable,Less than 1 year,F,28+ days,V,unavailable,unavailable,3
202105,unavailable,PER,AKL,V,A,AU,unavailable,unavailable,25 - 34 years,F,8 - 14 days,N,unavailable,unavailable,3
202105,unavailable,OOL,AKL,V,A,AU,unavailable,unavailable,19 - 24 years,F,28+ days,H,unavailable,unavailable,3
202105,unavailable,SYD,AKL,V,A,AU,unavailable,unavailable,55 - 64 years,M,8 - 14 days,E,unavailable,unavailable,3
202105,unavailable,BNE,AKL,V,A,AU,unavailable,unavailable,75+,F,8 - 14 days,B,unavailable,unavailable,3
202105,unavailable,SYD,AKL,V,A,AU,unavailable,unavailable,25 - 34 years,F,less than 7 days,C,unavailable,unavailable,3
202105,unavailable,LAX,AKL,V,A,US,unavailable,unavailable,35 - 44 years,F,28+ days,N,unavailable,unavailable,3
202105,unavailable,LAX,AKL,V,A,CA,unavailable,unavailable,25 - 34 years,M,28+ days,O,unavailable,unavailable,3
202105,unavailable,SYD,CHC,V,A,AU,unavailable,unavailable,Less than 1 year,F,less than 7 days,V,unavailable,unavailable,3
202105,unavailable,SYD,ZQN,V,A,AU,unavailable,unavailable,Less than 1 year,F,8 - 14 days,V,unavailable,unavailable,3
202105,unavailable,BNE,AKL,V,A,AU,unavailable,unavailable,55 - 64 years,F,28+ days,H,unavailable,unavailable,3
202105,unavailable,KUL,AKL,V,A,GB,unavailable,unavailable,19 - 24 years,M,28+ days,V,unavailable,unavailable,3
202105,unavailable,BNE,ZQN,V,A,AU,unavailable,unavailable,75+,M,less than 7 days,H,unavailable,unavailable,3
202105,unavailable,MEL,ZQN,V,A,AU,unavailable,unavailable,65 - 74 years,M,8 - 14 days,V,unavailable,unavailable,3
202105,unavailable,MEL,CHC,V,A,AU,unavailable,unavailable,01 - 11 years,F,15 to 27 days,H,unavailable,unavailable,3
202105,unavailable,BNE,AKL,V,A,AU,unavailable,unavailable,25 - 34 years,M,less than 7 days,C,unavailable,unavailable,3
202105,unavailable,PER,AKL,V,A,AU,unavailable,unavailable,19 - 24 years,M,8 - 14 days,H,unavailable,unavailable,3
202105,unavailable,OOL,AKL,V,A,XX,unavailable,unavailable,55 - 64 years,M,8 - 14 days,N,unavailable,unavailable,3
202105,unavailable,BNE,CHC,V,A,AU,unavailable,unavailable,55 - 64 years,F,8 - 14 days,B,unavailable,unavailable,3
202105,unavailable,MEL,WLG,V,A,AU,unavailable,unavailable,45 - 54 years,M,15 to 27 days,H,unavailable,unavailable,3
202105,unavailable,SYD,AKL,V,A,AU,unavailable,unavailable,01 - 11 years,F,15 to 27 days,N,unavailable,unavailable,3
202105,unavailable,BNE,WLG,V,A,AU,unavailable,unavailable,25 - 34 years,M,15 to 27 days,H,unavailable,unavailable,3
202105,unavailable,OOL,CHC,V,A,AU,unavailable,unavailable,45 - 54 years,F,8 - 14 days,H,unavailable,unavailable,3
202105,unavailable,ZZS,TIU,V,A,XX,unavailable,unavailable,25 - 34 years,M,15 to 27 days,N,unavailable,unavailable,3
202105,unavailable,BNE,AKL,V,A,AU,unavailable,unavailable,12 - 18 years,F,28+ days,N,unavailable,unavailable,3
202105,unavailable,SYD,ZQN,V,A,AU,unavailable,unavailable,75+,F,28+ days,V,unavailable,unavailable,3
202105,unavailable,BNE,CHC,V,A,AU,unavailable,unavailable,55 - 64 years,F,28+ days,H,unavailable,unavailable,3
202105,unavailable,SYD,AKL,V,A,XX,unavailable,unavailable,55 - 64 years,F,28+ days,N,unavailable,unavailable,3
202105,unavailable,BNE,TRG,V,A,XX,unavailable,unavailable,45 - 54 years,M,8 - 14 days,N,unavailable,unavailable,3
202105,unavailable,IUE,AKL,V,A,NU,unavailable,unavailable,35 - 44 years,F,28+ days,V,unavailable,unavailable,3
202105,unavailable,KUL,AKL,V,A,OM,unavailable,unavailable,35 - 44 years,M,28+ days,V,unavailable,unavailable,3
202105,unavailable,BNE,AKL,V,A,AU,unavailable,unavailable,12 - 18 years,M,28+ days,N,unavailable,unavailable,3
202105,unavailable,SYD,AKL,V,A,AU,unavailable,unavailable,45 - 54 years,F,28+ days,H,unavailable,unavailable,3
202105,unavailable,OOL,CHC,V,A,AU,unavailable,unavailable,35 - 44 years,M,less than 7 days,B,unavailable,unavailable,3
202105,unavailable,SYD,CHC,V,A,AU,unavailable,unavailable,35 - 44 years,F,28+ days,B,unavailable,unavailable,3
202105,unavailable,MEL,AKL,V,A,AU,unavailable,unavailable,25 - 34 years,M,28+ days,E,unavailable,unavailable,3
202105,unavailable,SYD,AKL,V,A,US,unavailable,unavailable,01 - 11 years,M,28+ days,O,unavailable,unavailable,3
202105,unavailable,BNE,ZQN,V,A,AU,unavailable,unavailable,19 - 24 years,M,8 - 14 days,V,unavailable,unavailable,3
202105,unavailable,SYD,WLG,V,A,AU,unavailable,unavailable,19 - 24 years,F,less than 7 days,B,unavailable,unavailable,3
202105,unavailable,SYD,WLG,V,A,AU,unavailable,unavailable,01 - 11 years,F,28+ days,H,unavailable,unavailable,3
202105,unavailable,MEL,WLG,V,A,AU,unavailable,unavailable,25 - 34 years,M,15 to 27 days,O,unavailable,unavailable,3
202105,unavailable,SIN,AKL,V,A,PH,unavailable,unavailable,45 - 54 years,M,8 - 14 days,O,unavailable,unavailable,3
202105,unavailable,ADL,AKL,V,A,AU,unavailable,unavailable,Less than 1 year,M,less than 7 days,V,unavailable,unavailable,3
202105,unavailable,KUL,AKL,V,A,AE,unavailable,unavailable,25 - 34 years,M,28+ days,N,unavailable,unavailable,3
202105,unavailable,BNE,ZQN,V,A,AU,unavailable,unavailable,75+,M,8 - 14 days,H,unavailable,unavailable,3
202105,unavailable,PER,AKL,V,A,AU,unavailable,unavailable,Less than 1 year,F,15 to 27 days,H,unavailable,unavailable,3
202105,unavailable,LAX,AKL,V,A,CA,unavailable,unavailable,35 - 44 years,M,28+ days,V,unavailable,unavailable,3
202105,unavailable,SYD,AKL,V,A,AU,unavailable,unavailable,01 - 11 years,M,less than 7 days,B,unavailable,unavailable,3
202105,unavailable,HBA,AKL,V,A,AU,unavailable,unavailable,25 - 34 years,M,28+ days,H,unavailable,unavailable,3
202105,unavailable,SYD,ZQN,V,A,AU,unavailable,unavailable,65 - 74 years,F,less than 7 days,C,unavailable,unavailable,3
202105,unavailable,BNE,CHC,V,A,AU,unavailable,unavailable,65 - 74 years,F,28+ days,N,unavailable,unavailable,3
202105,unavailable,MEL,WLG,V,A,AU,unavailable,unavailable,35 - 44 years,M,28+ days,B,unavailable,unavailable,3
202105,unavailable,BNE,CHC,V,A,AU,unavailable,unavailable,35 - 44 years,M,8 - 14 days,N,unavailable,unavailable,3
202105,unavailable,BNE,CHC,V,A,AU,unavailable,unavailable,01 - 11 years,F,15 to 27 days,H,unavailable,unavailable,3
202105,unavailable,OOL,AKL,V,A,XX,unavailable,unavailable,55 - 64 years,M,less than 7 days,N,unavailable,unavailable,3
202105,unavailable,SYD,AKL,V,A,XX,unavailable,unavailable,65 - 74 years,M,15 to 27 days,N,unavailable,unavailable,3
202105,unavailable,NRT,AKL,V,A,JP,unavailable,unavailable,25 - 34 years,F,28+ days,B,unavailable,unavailable,3
202105,unavailable,SYD,ZQN,V,A,AU,unavailable,unavailable,35 - 44 years,F,28+ days,N,unavailable,unavailable,3
202105,unavailable,APW,AKL,V,A,WS,unavailable,unavailable,25 - 34 years,M,28+ days,O,unavailable,unavailable,3
202105,unavailable,BNE,AKL,V,A,AU,unavailable,unavailable,55 - 64 years,M,8 - 14 days,O,unavailable,unavailable,3
202105,unavailable,SIN,AKL,V,A,ID,unavailable,unavailable,25 - 34 years,M,28+ days,N,unavailable,unavailable,3
202105,unavailable,RAR,AKL,V,A,CK,unavailable,unavailable,55 - 64 years,M,28+ days,N,unavailable,unavailable,3
202105,unavailable,SYD,WLG,V,A,AU,unavailable,unavailable,12 - 18 years,F,less than 7 days,O,unavailable,unavailable,3
202105,unavailable,SYD,CHC,V,A,XX,unavailable,unavailable,45 - 54 years,F,less than 7 days,N,unavailable,unavailable,3
202105,unavailable,SYD,WLG,V,A,AU,unavailable,unavailable,35 - 44 years,M,28+ days,H,unavailable,unavailable,3
202105,unavailable,RAR,AKL,V,A,CK,unavailable,unavailable,35 - 44 years,M,15 to 27 days,V,unavailable,unavailable,3
202105,unavailable,LAX,AKL,V,A,CA,unavailable,unavailable,25 - 34 years,M,28+ days,V,unavailable,unavailable,3
202105,unavailable,MEL,CHC,V,A,AU,unavailable,unavailable,45 - 54 years,F,28+ days,H,unavailable,unavailable,3
202105,unavailable,SYD,CHC,V,A,AU,unavailable,unavailable,55 - 64 years,M,28+ days,H,unavailable,unavailable,3
202105,unavailable,KUL,AKL,V,A,AE,unavailable,unavailable,65 - 74 years,M,28+ days,N,unavailable,unavailable,3
202105,unavailable,MEL,CHC,V,A,AU,unavailable,unavailable,Less than 1 year,F,28+ days,V,unavailable,unavailable,3
202105,unavailable,SYD,ZQN,V,A,AU,unavailable,unavailable,55 - 64 years,F,8 - 14 days,B,unavailable,unavailable,3
202105,unavailable,SYD,CHC,V,A,AU,unavailable,unavailable,01 - 11 years,M,28+ days,H,unavailable,unavailable,3
202105,unavailable,MEL,WLG,V,A,AU,unavailable,unavailable,35 - 44 years,M,8 - 14 days,O,unavailable,unavailable,3
202105,unavailable,SIN,AKL,V,A,GB,unavailable,unavailable,Less than 1 year,M,28+ days,O,unavailable,unavailable,3
202105,unavailable,SYD,CHC,V,A,AU,unavailable,unavailable,45 - 54 years,F,8 - 14 days,N,unavailable,unavailable,3
202105,unavailable,SYD,WLG,V,A,AU,unavailable,unavailable,19 - 24 years,F,28+ days,V,unavailable,unavailable,3
202105,unavailable,MEL,CHC,V,A,AU,unavailable,unavailable,65 - 74 years,M,less than 7 days,H,unavailable,unavailable,3
202105,unavailable,BNE,WLG,V,A,AU,unavailable,unavailable,35 - 44 years,F,less than 7 days,B,unavailable,unavailable,3
202105,unavailable,SYD,WLG,V,A,AU,unavailable,unavailable,19 - 24 years,M,15 to 27 days,V,unavailable,unavailable,3
202105,unavailable,SYD,CHC,V,A,AU,unavailable,unavailable,19 - 24 years,M,28+ days,H,unavailable,unavailable,3
202105,unavailable,PER,AKL,V,A,AU,unavailable,unavailable,45 - 54 years,F,8 - 14 days,O,unavailable,unavailable,3
202105,unavailable,MEL,AKL,V,A,AU,unavailable,unavailable,55 - 64 years,F,8 - 14 days,B,unavailable,unavailable,3
202105,unavailable,BNE,AKL,V,A,XX,unavailable,unavailable,12 - 18 years,F,less than 7 days,N,unavailable,unavailable,3
202105,unavailable,SYD,AKL,V,A,AU,unavailable,unavailable,45 - 54 years,M,28+ days,E,unavailable,unavailable,3
202105,unavailable,MEL,ZQN,V,A,AU,unavailable,unavailable,01 - 11 years,M,28+ days,V,unavailable,unavailable,3
202105,unavailable,OOL,AKL,V,A,AU,unavailable,unavailable,19 - 24 years,M,28+ days,H,unavailable,unavailable,3
202105,unavailable,SIN,CHC,V,A,TH,unavailable,unavailable,35 - 44 years,F,28+ days,V,unavailable,unavailable,3
202105,unavailable,MEL,AKL,V,A,AU,unavailable,unavailable,45 - 54 years,F,28+ days,O,unavailable,unavailable,3
202105,unavailable,SYD,CHC,V,A,AU,unavailable,unavailable,19 - 24 years,M,less than 7 days,B,unavailable,unavailable,3
202105,unavailable,MEL,AKL,V,A,AU,unavailable,unavailable,01 - 11 years,F,28+ days,N,unavailable,unavailable,3
202105,unavailable,SYD,AKL,V,A,AU,unavailable,unavailable,65 - 74 years,M,8 - 14 days,O,unavailable,unavailable,3
202105,unavailable,BNE,CHC,V,A,AU,unavailable,unavailable,12 - 18 years,M,8 - 14 days,H,unavailable,unavailable,3
202105,unavailable,OOL,AKL,V,A,AU,unavailable,unavailable,35 - 44 years,M,8 - 14 days,O,unavailable,unavailable,3
202105,unavailable,BNE,AKL,V,A,XX,unavailable,unavailable,19 - 24 years,F,less than 7 days,N,unavailable,unavailable,3
202105,unavailable,BNE,ZQN,V,A,AU,unavailable,unavailable,55 - 64 years,F,less than 7 days,N,unavailable,unavailable,3
202105,unavailable,MEL,AKL,V,A,AU,unavailable,unavailable,75+,M,less than 7 days,H,unavailable,unavailable,3
202105,unavailable,SYD,WLG,V,A,GB,unavailable,unavailable,45 - 54 years,M,less than 7 days,V,unavailable,unavailable,3
202105,unavailable,SYD,WLG,V,A,AU,unavailable,unavailable,45 - 54 years,F,less than 7 days,E,unavailable,unavailable,3
202105,unavailable,ADL,AKL,V,A,AU,unavailable,unavailable,19 - 24 years,M,less than 7 days,V,unavailable,unavailable,3
202105,unavailable,MEL,CHC,V,A,HK,unavailable,unavailable,25 - 34 years,M,less than 7 days,V,unavailable,unavailable,3
202105,unavailable,OOL,AKL,V,A,AU,unavailable,unavailable,19 - 24 years,F,8 - 14 days,N,unavailable,unavailable,3
202105,unavailable,SYD,ZQN,V,A,AU,unavailable,unavailable,45 - 54 years,M,less than 7 days,N,unavailable,unavailable,3
202105,unavailable,MEL,ZQN,V,A,AU,unavailable,unavailable,45 - 54 years,M,8 - 14 days,B,unavailable,unavailable,3
202105,unavailable,RAR,AKL,V,A,CK,unavailable,unavailable,25 - 34 years,M,8 - 14 days,H,unavailable,unavailable,3
202105,unavailable,MEL,AKL,V,A,AU,unavailable,unavailable,65 - 74 years,F,less than 7 days,E,unavailable,unavailable,3
202105,unavailable,SIN,AKL,V,A,MY,unavailable,unavailable,55 - 64 years,M,28+ days,V,unavailable,unavailable,3
202105,unavailable,MEL,AKL,V,A,AU,unavailable,unavailable,55 - 64 years,F,28+ days,O,unavailable,unavailable,3
202105,unavailable,MEL,AKL,V,A,AU,unavailable,unavailable,19 - 24 years,M,15 to 27 days,B,unavailable,unavailable,3
202105,unavailable,MEL,WLG,V,A,AU,unavailable,unavailable,25 - 34 years,F,15 to 27 days,N,unavailable,unavailable,3
202105,unavailable,HBA,AKL,V,A,AU,unavailable,unavailable,25 - 34 years,F,15 to 27 days,V,unavailable,unavailable,3
202105,unavailable,SYD,ZQN,V,A,AU,unavailable,unavailable,01 - 11 years,M,8 - 14 days,N,unavailable,unavailable,3
202105,unavailable,HBA,AKL,V,A,AU,unavailable,unavailable,25 - 34 years,F,28+ days,H,unavailable,unavailable,3
202105,unavailable,BNE,CHC,V,A,AU,unavailable,unavailable,25 - 34 years,M,8 - 14 days,B,unavailable,unavailable,3
202105,unavailable,KUL,AKL,V,A,SA,unavailable,unavailable,35 - 44 years,M,28+ days,V,unavailable,unavailable,3
202105,unavailable,BNE,AKL,V,A,BD,unavailable,unavailable,01 - 11 years,M,28+ days,V,unavailable,unavailable,3
202105,unavailable,SYD,WLG,V,A,AU,unavailable,unavailable,19 - 24 years,F,15 to 27 days,H,unavailable,unavailable,3
202105,unavailable,RAR,AKL,V,A,CK,unavailable,unavailable,45 - 54 years,M,28+ days,V,unavailable,unavailable,3
202105,unavailable,PER,AKL,V,A,AU,unavailable,unavailable,55 - 64 years,M,15 to 27 days,B,unavailable,unavailable,3
202105,unavailable,BNE,AKL,V,A,AU,unavailable,unavailable,01 - 11 years,F,28+ days,H,unavailable,unavailable,3
202105,unavailable,APW,AKL,V,A,WS,unavailable,unavailable,01 - 11 years,F,28+ days,O,unavailable,unavailable,3
202105,unavailable,NAN,AKL,V,A,FJ,unavailable,unavailable,45 - 54 years,F,28+ days,O,unavailable,unavailable,3
202105,unavailable,MEL,WLG,V,A,AU,unavailable,unavailable,25 - 34 years,M,28+ days,B,unavailable,unavailable,3
202105,unavailable,BNE,ZQN,V,A,AU,unavailable,unavailable,01 - 11 years,F,8 - 14 days,H,unavailable,unavailable,3
202105,unavailable,PER,AKL,V,A,AU,unavailable,unavailable,55 - 64 years,F,less than 7 days,B,unavailable,unavailable,3
202105,unavailable,HKG,AKL,V,A,TW,unavailable,unavailable,65 - 74 years,M,28+ days,N,unavailable,unavailable,3
202105,unavailable,MEL,AKL,V,A,AU,unavailable,unavailable,55 - 64 years,M,15 to 27 days,E,unavailable,unavailable,3
202105,unavailable,SYD,AKL,V,A,AU,unavailable,unavailable,12 - 18 years,F,8 - 14 days,N,unavailable,unavailable,3
202105,unavailable,MEL,CHC,V,A,AU,unavailable,unavailable,Less than 1 year,M,28+ days,V,unavailable,unavailable,3
202105,unavailable,MEL,WLG,V,A,AU,unavailable,unavailable,65 - 74 years,M,15 to 27 days,H,unavailable,unavailable,3
202105,unavailable,MEL,CHC,V,A,AU,unavailable,unavailable,35 - 44 years,F,28+ days,B,unavailable,unavailable,3
202105,unavailable,MEL,WLG,V,A,AU,unavailable,unavailable,65 - 74 years,M,less than 7 days,E,unavailable,unavailable,3
202105,unavailable,BNE,CHC,V,A,AU,unavailable,unavailable,55 - 64 years,M,15 to 27 days,E,unavailable,unavailable,3
202105,unavailable,SYD,WLG,V,A,AU,unavailable,unavailable,19 - 24 years,F,28+ days,H,unavailable,unavailable,3
202105,unavailable,BNE,AKL,V,A,XX,unavailable,unavailable,65 - 74 years,M,28+ days,N,unavailable,unavailable,3
202105,unavailable,KUL,AKL,V,A,FR,unavailable,unavailable,25 - 34 years,F,28+ days,V,unavailable,unavailable,3
202105,unavailable,SIN,AKL,V,A,SG,unavailable,unavailable,01 - 11 years,F,28+ days,N,unavailable,unavailable,3
202105,unavailable,ADL,AKL,V,A,AU,unavailable,unavailable,55 - 64 years,M,28+ days,B,unavailable,unavailable,3
202105,unavailable,BNE,WLG,V,A,AU,unavailable,unavailable,25 - 34 years,F,less than 7 days,O,unavailable,unavailable,3
202105,unavailable,ADL,AKL,V,A,AU,unavailable,unavailable,Less than 1 year,F,15 to 27 days,V,unavailable,unavailable,3
202105,unavailable,SYD,AKL,V,A,AU,unavailable,unavailable,55 - 64 years,F,8 - 14 days,O,unavailable,unavailable,3
202105,unavailable,ZZS,NPL,V,A,XX,unavailable,unavailable,55 - 64 years,M,less than 7 days,N,unavailable,unavailable,3
202105,unavailable,BNE,AKL,V,A,AU,unavailable,unavailable,65 - 74 years,M,28+ days,O,unavailable,unavailable,3
202105,unavailable,ADL,AKL,V,A,AU,unavailable,unavailable,25 - 34 years,M,28+ days,N,unavailable,unavailable,3
202105,unavailable,SYD,CHC,V,A,AU,unavailable,unavailable,65 - 74 years,M,28+ days,N,unavailable,unavailable,3
202105,unavailable,BNE,AKL,V,A,AU,unavailable,unavailable,19 - 24 years,M,28+ days,B,unavailable,unavailable,3
202105,unavailable,LAX,AKL,V,A,US,unavailable,unavailable,01 - 11 years,M,28+ days,B,unavailable,unavailable,3
202105,unavailable,BNE,AKL,V,A,AU,unavailable,unavailable,75+,M,28+ days,O,unavailable,unavailable,3
202105,unavailable,PER,AKL,V,A,AU,unavailable,unavailable,25 - 34 years,F,less than 7 days,N,unavailable,unavailable,3
202105,unavailable,BNE,WLG,V,A,AU,unavailable,unavailable,35 - 44 years,F,less than 7 days,H,unavailable,unavailable,3
202105,unavailable,MEL,WLG,V,A,AU,unavailable,unavailable,12 - 18 years,M,15 to 27 days,V,unavailable,unavailable,3
202105,unavailable,SYD,WLG,V,A,AU,unavailable,unavailable,25 - 34 years,M,8 - 14 days,H,unavailable,unavailable,3
202105,unavailable,BNE,WLG,V,A,NZ,unavailable,unavailable,01 - 11 years,F,28+ days,V,unavailable,unavailable,3
202105,unavailable,NRT,AKL,V,A,JP,unavailable,unavailable,55 - 64 years,M,28+ days,B,unavailable,unavailable,3
202105,unavailable,OOL,AKL,V,A,AU,unavailable,unavailable,01 - 11 years,M,28+ days,H,unavailable,unavailable,3
202105,unavailable,OOL,AKL,V,A,XX,unavailable,unavailable,55 - 64 years,F,less than 7 days,V,unavailable,unavailable,3
202105,unavailable,SYD,CHC,V,A,AU,unavailable,unavailable,45 - 54 years,F,8 - 14 days,B,unavailable,unavailable,3
202105,unavailable,SYD,WLG,V,A,AU,unavailable,unavailable,12 - 18 years,F,less than 7 days,H,unavailable,unavailable,3
202105,unavailable,MEL,WLG,V,A,AU,unavailable,unavailable,35 - 44 years,F,8 - 14 days,E,unavailable,unavailable,3
202105,unavailable,KUL,AKL,V,A,MD,unavailable,unavailable,01 - 11 years,M,28+ days,V,unavailable,unavailable,3
202105,unavailable,SYD,AKL,V,A,AU,unavailable,unavailable,75+,M,15 to 27 days,N,unavailable,unavailable,3
202105,unavailable,HBA,AKL,V,A,AU,unavailable,unavailable,45 - 54 years,F,less than 7 days,H,unavailable,unavailable,3
202105,unavailable,BNE,AKL,V,A,AU,unavailable,unavailable,35 - 44 years,M,less than 7 days,C,unavailable,unavailable,3
202105,unavailable,MEL,AKL,V,A,XX,unavailable,unavailable,55 - 64 years,M,28+ days,N,unavailable,unavailable,3
202105,unavailable,BNE,WLG,V,A,XX,unavailable,unavailable,25 - 34 years,F,less than 7 days,N,unavailable,unavailable,3
202105,unavailable,BNE,WLG,V,A,AU,unavailable,unavailable,01 - 11 years,F,8 - 14 days,H,unavailable,unavailable,3
202105,unavailable,PER,AKL,V,A,AU,unavailable,unavailable,65 - 74 years,M,less than 7 days,N,unavailable,unavailable,3
202105,unavailable,MEL,ZQN,V,A,AU,unavailable,unavailable,55 - 64 years,M,28+ days,V,unavailable,unavailable,3
202105,unavailable,OOL,AKL,V,A,AU,unavailable,unavailable,65 - 74 years,M,28+ days,N,unavailable,unavailable,3
202105,unavailable,BNE,AKL,V,A,US,unavailable,unavailable,19 - 24 years,M,28+ days,V,unavailable,unavailable,3
202105,unavailable,BNE,WLG,V,A,AU,unavailable,unavailable,75+,M,less than 7 days,V,unavailable,unavailable,3
202105,unavailable,BNE,AKL,V,A,AU,unavailable,unavailable,65 - 74 years,F,28+ days,O,unavailable,unavailable,3
202105,unavailable,MEL,CHC,V,A,AU,unavailable,unavailable,45 - 54 years,M,8 - 14 days,E,unavailable,unavailable,3
202105,unavailable,PER,AKL,V,A,AU,unavailable,unavailable,65 - 74 years,M,less than 7 days,O,unavailable,unavailable,3
202105,unavailable,SYD,CHC,V,A,AU,unavailable,unavailable,35 - 44 years,M,8 - 14 days,N,unavailable,unavailable,3
202105,unavailable,SYD,WLG,V,A,AU,unavailable,unavailable,45 - 54 years,F,8 - 14 days,H,unavailable,unavailable,3
202105,unavailable,BNE,ZQN,V,A,AU,unavailable,unavailable,45 - 54 years,M,less than 7 days,N,unavailable,unavailable,3
202105,unavailable,ADL,AKL,V,A,AU,unavailable,unavailable,55 - 64 years,M,15 to 27 days,B,unavailable,unavailable,3
202105,unavailable,SIN,AKL,V,A,ID,unavailable,unavailable,55 - 64 years,M,28+ days,N,unavailable,unavailable,3
202105,unavailable,PER,AKL,V,A,AU,unavailable,unavailable,55 - 64 years,F,15 to 27 days,B,unavailable,unavailable,3
202105,unavailable,MEL,CHC,V,A,AU,unavailable,unavailable,25 - 34 years,F,less than 7 days,B,unavailable,unavailable,3
202105,unavailable,BNE,AKL,V,A,GB,unavailable,unavailable,35 - 44 years,M,28+ days,B,unavailable,unavailable,3
202105,unavailable,BNE,CHC,V,A,AU,unavailable,unavailable,25 - 34 years,M,28+ days,V,unavailable,unavailable,3
202105,unavailable,BNE,AKL,V,A,AU,unavailable,unavailable,12 - 18 years,F,15 to 27 days,H,unavailable,unavailable,3
202105,unavailable,LAX,AKL,V,A,US,unavailable,unavailable,45 - 54 years,M,15 to 27 days,V,unavailable,unavailable,3
202105,unavailable,PER,AKL,V,A,AU,unavailable,unavailable,35 - 44 years,M,28+ days,N,unavailable,unavailable,3
202105,unavailable,BNE,AKL,V,A,AU,unavailable,unavailable,45 - 54 years,F,15 to 27 days,N,unavailable,unavailable,3
202105,unavailable,MEL,WLG,V,A,AU,unavailable,unavailable,45 - 54 years,M,8 - 14 days,N,unavailable,unavailable,3
202105,unavailable,MEL,CHC,V,A,AU,unavailable,unavailable,19 - 24 years,M,less than 7 days,N,unavailable,unavailable,3
202105,unavailable,OOL,CHC,V,A,AU,unavailable,unavailable,Less than 1 year,M,28+ days,V,unavailable,unavailable,3
202105,unavailable,MEL,AKL,V,A,AU,unavailable,unavailable,75+,M,8 - 14 days,N,unavailable,unavailable,3
202105,unavailable,PPT,OPX,V,A,XX,unavailable,unavailable,35 - 44 years,M,28+ days,N,unavailable,unavailable,3
202105,unavailable,MEL,WLG,V,A,AU,unavailable,unavailable,25 - 34 years,M,8 - 14 days,N,unavailable,unavailable,3
202105,unavailable,SYD,AKL,V,A,AU,unavailable,unavailable,55 - 64 years,F,15 to 27 days,O,unavailable,unavailable,3
202105,unavailable,HBA,AKL,V,A,AU,unavailable,unavailable,19 - 24 years,M,28+ days,H,unavailable,unavailable,3
202105,unavailable,MEL,WLG,V,A,AU,unavailable,unavailable,35 - 44 years,F,8 - 14 days,H,unavailable,unavailable,3
202105,unavailable,PER,AKL,V,A,AU,unavailable,unavailable,35 - 44 years,M,8 - 14 days,O,unavailable,unavailable,3
202105,unavailable,ADL,AKL,V,A,AU,unavailable,unavailable,19 - 24 years,M,8 - 14 days,H,unavailable,unavailable,3
202105,unavailable,OOL,CHC,V,A,AU,unavailable,unavailable,65 - 74 years,M,28+ days,V,unavailable,unavailable,3
202105,unavailable,OOL,AKL,V,A,AU,unavailable,unavailable,75+,M,less than 7 days,H,unavailable,unavailable,3
202105,unavailable,SYD,AKL,V,A,AU,unavailable,unavailable,35 - 44 years,M,8 - 14 days,O,unavailable,unavailable,3
202105,unavailable,MEL,ZQN,V,A,AU,unavailable,unavailable,35 - 44 years,F,less than 7 days,B,unavailable,unavailable,3
202105,unavailable,SYD,ZQN,V,A,AU,unavailable,unavailable,25 - 34 years,F,28+ days,V,unavailable,unavailable,3
202105,unavailable,RAR,AKL,V,A,XX,unavailable,unavailable,25 - 34 years,M,15 to 27 days,N,unavailable,unavailable,3
202105,unavailable,SYD,AKL,V,A,AU,unavailable,unavailable,45 - 54 years,M,28+ days,H,unavailable,unavailable,3
202105,unavailable,BNE,AKL,V,A,IN,unavailable,unavailable,12 - 18 years,M,28+ days,N,unavailable,unavailable,3
202105,unavailable,MEL,WLG,V,A,AU,unavailable,unavailable,45 - 54 years,M,8 - 14 days,H,unavailable,unavailable,3
202105,unavailable,BNE,AKL,V,A,AU,unavailable,unavailable,75+,F,8 - 14 days,H,unavailable,unavailable,3
202105,unavailable,BNE,AKL,V,A,XX,unavailable,unavailable,01 - 11 years,F,28+ days,N,unavailable,unavailable,3
202105,unavailable,KUL,AKL,V,A,AE,unavailable,unavailable,01 - 11 years,F,15 to 27 days,V,unavailable,unavailable,3
202105,unavailable,OOL,AKL,V,A,AU,unavailable,unavailable,75+,M,less than 7 days,V,unavailable,unavailable,3
202105,unavailable,BNE,ZQN,V,A,AU,unavailable,unavailable,65 - 74 years,F,8 - 14 days,N,unavailable,unavailable,3
202105,unavailable,HBA,AKL,V,A,AU,unavailable,unavailable,01 - 11 years,F,15 to 27 days,V,unavailable,unavailable,3
202105,unavailable,MEL,CHC,V,A,AU,unavailable,unavailable,45 - 54 years,M,less than 7 days,N,unavailable,unavailable,3
202105,unavailable,SIN,AKL,V,A,PH,unavailable,unavailable,45 - 54 years,M,8 - 14 days,N,unavailable,unavailable,3
202105,unavailable,SIN,AKL,V,A,TH,unavailable,unavailable,55 - 64 years,M,28+ days,N,unavailable,unavailable,3
202105,unavailable,SYD,WLG,V,A,AU,unavailable,unavailable,Less than 1 year,F,28+ days,V,unavailable,unavailable,3
202105,unavailable,BNE,WLG,V,A,AU,unavailable,unavailable,55 - 64 years,M,8 - 14 days,B,unavailable,unavailable,3
202105,unavailable,BNE,AKL,V,A,US,unavailable,unavailable,25 - 34 years,F,28+ days,V,unavailable,unavailable,3
202105,unavailable,KUL,AKL,V,A,GB,unavailable,unavailable,01 - 11 years,F,28+ days,N,unavailable,unavailable,3
202105,unavailable,MEL,WLG,V,A,XX,unavailable,unavailable,25 - 34 years,M,less than 7 days,N,unavailable,unavailable,3
202105,unavailable,SYD,WLG,V,A,AU,unavailable,unavailable,45 - 54 years,M,28+ days,N,unavailable,unavailable,3
202105,unavailable,SYD,AKL,V,A,US,unavailable,unavailable,35 - 44 years,M,28+ days,V,unavailable,unavailable,3
202105,unavailable,RAR,AKL,V,A,CK,unavailable,unavailable,65 - 74 years,F,15 to 27 days,V,unavailable,unavailable,3
202105,unavailable,BNE,CHC,V,A,AU,unavailable,unavailable,45 - 54 years,F,28+ days,B,unavailable,unavailable,3
202105,unavailable,PER,AKL,V,A,AU,unavailable,unavailable,45 - 54 years,M,28+ days,B,unavailable,unavailable,3
202105,unavailable,IUE,AKL,V,A,NU,unavailable,unavailable,55 - 64 years,F,28+ days,V,unavailable,unavailable,3
202105,unavailable,HBA,AKL,V,A,AU,unavailable,unavailable,35 - 44 years,M,15 to 27 days,V,unavailable,unavailable,3
202105,unavailable,SYD,ZQN,V,A,AU,unavailable,unavailable,45 - 54 years,M,8 - 14 days,B,unavailable,unavailable,3
202105,unavailable,MEL,AKL,V,A,AU,unavailable,unavailable,35 - 44 years,F,15 to 27 days,H,unavailable,unavailable,3
202105,unavailable,MEL,AKL,V,A,NZ,unavailable,unavailable,35 - 44 years,M,28+ days,N,unavailable,unavailable,3
202105,unavailable,BNE,AKL,V,A,IE,unavailable,unavailable,12 - 18 years,M,28+ days,V,unavailable,unavailable,3
202105,unavailable,MEL,AKL,V,A,AU,unavailable,unavailable,19 - 24 years,F,8 - 14 days,B,unavailable,unavailable,3
202105,unavailable,RAR,AKL,V,A,CK,unavailable,unavailable,75+,F,15 to 27 days,O,unavailable,unavailable,3
202105,unavailable,BNE,AKL,V,A,IN,unavailable,unavailable,25 - 34 years,M,28+ days,V,unavailable,unavailable,3
202105,unavailable,LAX,AKL,V,A,US,unavailable,unavailable,25 - 34 years,F,28+ days,O,unavailable,unavailable,3
202105,unavailable,PER,AKL,V,A,AU,unavailable,unavailable,45 - 54 years,F,15 to 27 days,O,unavailable,unavailable,3
202105,unavailable,BNE,WLG,V,A,AU,unavailable,unavailable,01 - 11 years,M,8 - 14 days,H,unavailable,unavailable,3
202105,unavailable,SYD,WLG,V,A,AU,unavailable,unavailable,35 - 44 years,M,8 - 14 days,O,unavailable,unavailable,3
202105,unavailable,SYD,WLG,V,A,AU,unavailable,unavailable,65 - 74 years,F,28+ days,B,unavailable,unavailable,3
202105,unavailable,BNE,WLG,V,A,AU,unavailable,unavailable,45 - 54 years,F,8 - 14 days,H,unavailable,unavailable,3
202105,unavailable,SYD,AKL,V,A,AU,unavailable,unavailable,75+,F,15 to 27 days,H,unavailable,unavailable,3
202105,unavailable,BNE,AKL,V,A,AU,unavailable,unavailable,19 - 24 years,F,8 - 14 days,O,unavailable,unavailable,3
202105,unavailable,KUL,AKL,V,A,GB,unavailable,unavailable,25 - 34 years,F,28+ days,N,unavailable,unavailable,3
202105,unavailable,OOL,CHC,V,A,AU,unavailable,unavailable,75+,F,28+ days,V,unavailable,unavailable,3
202105,unavailable,ADL,AKL,V,A,AU,unavailable,unavailable,19 - 24 years,M,8 - 14 days,V,unavailable,unavailable,3
202105,unavailable,MEL,AKL,V,A,AU,unavailable,unavailable,Less than 1 year,F,8 - 14 days,H,unavailable,unavailable,3
202105,unavailable,SYD,WLG,V,A,XX,unavailable,unavailable,19 - 24 years,F,less than 7 days,N,unavailable,unavailable,3
202105,unavailable,KUL,AKL,V,A,BG,unavailable,unavailable,45 - 54 years,M,15 to 27 days,N,unavailable,unavailable,3
202105,unavailable,SYD,CHC,V,A,AU,unavailable,unavailable,01 - 11 years,F,8 - 14 days,N,unavailable,unavailable,3
202105,unavailable,MEL,WLG,V,A,AU,unavailable,unavailable,55 - 64 years,M,28+ days,H,unavailable,unavailable,3
202105,unavailable,BNE,AKL,V,A,AU,unavailable,unavailable,35 - 44 years,F,15 to 27 days,O,unavailable,unavailable,3
202105,unavailable,SYD,CHC,V,A,AU,unavailable,unavailable,75+,M,8 - 14 days,H,unavailable,unavailable,3
202105,unavailable,BNE,WLG,V,A,AU,unavailable,unavailable,45 - 54 years,M,less than 7 days,N,unavailable,unavailable,3
202105,unavailable,SIN,AKL,V,A,ID,unavailable,unavailable,01 - 11 years,F,28+ days,O,unavailable,unavailable,3
202105,unavailable,HBA,AKL,V,A,AU,unavailable,unavailable,65 - 74 years,M,8 - 14 days,N,unavailable,unavailable,3
202105,unavailable,MEL,AKL,V,A,AU,unavailable,unavailable,45 - 54 years,M,15 to 27 days,O,unavailable,unavailable,3
202105,unavailable,SYD,ZQN,V,A,AU,unavailable,unavailable,45 - 54 years,M,28+ days,V,unavailable,unavailable,3
202105,unavailable,MEL,CHC,V,A,AU,unavailable,unavailable,55 - 64 years,M,less than 7 days,O,unavailable,unavailable,3
202105,unavailable,OOL,CHC,V,A,AU,unavailable,unavailable,25 - 34 years,M,less than 7 days,V,unavailable,unavailable,3
202105,unavailable,MEL,AKL,V,A,AU,unavailable,unavailable,12 - 18 years,F,less than 7 days,N,unavailable,unavailable,3
202105,unavailable,HKG,AKL,V,A,HK,unavailable,unavailable,35 - 44 years,F,28+ days,N,unavailable,unavailable,3
202105,unavailable,RAR,AKL,V,A,CK,unavailable,unavailable,45 - 54 years,M,8 - 14 days,H,unavailable,unavailable,3
202105,unavailable,LAX,AKL,V,A,CA,unavailable,unavailable,12 - 18 years,M,28+ days,V,unavailable,unavailable,3
202105,unavailable,MEL,AKL,V,A,XX,unavailable,unavailable,19 - 24 years,M,less than 7 days,N,unavailable,unavailable,3
202105,unavailable,KUL,AKL,V,A,AE,unavailable,unavailable,35 - 44 years,M,15 to 27 days,V,unavailable,unavailable,3
202105,unavailable,OOL,AKL,V,A,AU,unavailable,unavailable,45 - 54 years,M,15 to 27 days,H,unavailable,unavailable,3
202105,unavailable,MEL,CHC,V,A,AU,unavailable,unavailable,45 - 54 years,M,less than 7 days,E,unavailable,unavailable,3
202105,unavailable,MEL,ZQN,V,A,AU,unavailable,unavailable,19 - 24 years,M,8 - 14 days,N,unavailable,unavailable,3
202105,unavailable,BNE,CHC,V,A,AU,unavailable,unavailable,25 - 34 years,F,less than 7 days,E,unavailable,unavailable,3
202105,unavailable,SHA,AKL,V,A,CN,unavailable,unavailable,45 - 54 years,F,28+ days,N,unavailable,unavailable,3
202105,unavailable,OOL,AKL,V,A,AU,unavailable,unavailable,Less than 1 year,F,less than 7 days,V,unavailable,unavailable,3
202105,unavailable,SYD,CHC,V,A,AU,unavailable,unavailable,55 - 64 years,M,28+ days,B,unavailable,unavailable,3
202105,unavailable,SYD,WLG,V,A,AU,unavailable,unavailable,45 - 54 years,M,15 to 27 days,H,unavailable,unavailable,3
202105,unavailable,LAX,AKL,V,A,NZ,unavailable,unavailable,25 - 34 years,M,28+ days,B,unavailable,unavailable,3
202105,unavailable,OOL,CHC,V,A,AU,unavailable,unavailable,25 - 34 years,F,28+ days,V,unavailable,unavailable,3
202105,unavailable,RAR,AKL,V,A,CK,unavailable,unavailable,75+,F,less than 7 days,V,unavailable,unavailable,3
202105,unavailable,BNE,AKL,V,A,AU,unavailable,unavailable,25 - 34 years,M,15 to 27 days,N,unavailable,unavailable,3
202105,unavailable,NRT,AKL,V,A,JP,unavailable,unavailable,35 - 44 years,M,28+ days,N,unavailable,unavailable,3
202105,unavailable,SYD,AKL,V,A,AU,unavailable,unavailable,12 - 18 years,M,8 - 14 days,N,unavailable,unavailable,3
202105,unavailable,PER,AKL,V,A,AU,unavailable,unavailable,55 - 64 years,F,15 to 27 days,O,unavailable,unavailable,3
202105,unavailable,BNE,WLG,V,A,AU,unavailable,unavailable,25 - 34 years,F,less than 7 days,N,unavailable,unavailable,3
202105,unavailable,SYD,CHC,V,A,AU,unavailable,unavailable,25 - 34 years,F,less than 7 days,O,unavailable,unavailable,3
202105,unavailable,OOL,AKL,V,A,AU,unavailable,unavailable,01 - 11 years,M,less than 7 days,O,unavailable,unavailable,3
202105,unavailable,RAR,AKL,V,A,CK,unavailable,unavailable,01 - 11 years,M,less than 7 days,O,unavailable,unavailable,3
202105,unavailable,BNE,AKL,V,A,AU,unavailable,unavailable,12 - 18 years,M,15 to 27 days,O,unavailable,unavailable,3
202105,unavailable,BNE,AKL,V,A,AU,unavailable,unavailable,65 - 74 years,M,15 to 27 days,E,unavailable,unavailable,3
202105,unavailable,MEL,WLG,V,A,AU,unavailable,unavailable,75+,F,less than 7 days,V,unavailable,unavailable,3
202105,unavailable,MEL,CHC,V,A,AU,unavailable,unavailable,75+,M,less than 7 days,V,unavailable,unavailable,3
202105,unavailable,PER,AKL,V,A,AU,unavailable,unavailable,45 - 54 years,F,less than 7 days,O,unavailable,unavailable,3
202105,unavailable,BNE,ZQN,V,A,AU,unavailable,unavailable,25 - 34 years,F,15 to 27 days,H,unavailable,unavailable,3
202105,unavailable,BNE,WLG,V,A,AU,unavailable,unavailable,65 - 74 years,F,15 to 27 days,H,unavailable,unavailable,3
202105,unavailable,ADL,AKL,V,A,AU,unavailable,unavailable,35 - 44 years,F,8 - 14 days,H,unavailable,unavailable,3
202105,unavailable,LAX,AKL,V,A,US,unavailable,unavailable,55 - 64 years,M,15 to 27 days,N,unavailable,unavailable,3
202105,unavailable,BNE,WLG,V,A,AU,unavailable,unavailable,75+,F,8 - 14 days,N,unavailable,unavailable,3
202105,unavailable,RAR,AKL,V,A,CK,unavailable,unavailable,35 - 44 years,M,28+ days,O,unavailable,unavailable,3
202105,unavailable,BNE,CHC,V,A,AU,unavailable,unavailable,55 - 64 years,M,less than 7 days,E,unavailable,unavailable,3
202105,unavailable,HBA,AKL,V,A,AU,unavailable,unavailable,55 - 64 years,F,8 - 14 days,H,unavailable,unavailable,3
202105,unavailable,MEL,ZQN,V,A,AU,unavailable,unavailable,45 - 54 years,M,28+ days,V,unavailable,unavailable,3
202105,unavailable,APW,AKL,V,A,WS,unavailable,unavailable,55 - 64 years,M,28+ days,O,unavailable,unavailable,3
202105,unavailable,SYD,CHC,V,A,AU,unavailable,unavailable,65 - 74 years,F,less than 7 days,B,unavailable,unavailable,3
202105,unavailable,BNE,AKL,V,A,AU,unavailable,unavailable,65 - 74 years,F,28+ days,N,unavailable,unavailable,3
202105,unavailable,BNE,AKL,V,A,IT,unavailable,unavailable,55 - 64 years,F,28+ days,V,unavailable,unavailable,3
202105,unavailable,SYD,AKL,V,A,AU,unavailable,unavailable,01 - 11 years,M,8 - 14 days,E,unavailable,unavailable,3
202105,unavailable,BNE,AKL,V,A,AU,unavailable,unavailable,65 - 74 years,M,28+ days,E,unavailable,unavailable,3
202105,unavailable,BNE,WLG,V,A,AU,unavailable,unavailable,35 - 44 years,M,less than 7 days,C,unavailable,unavailable,3
202105,unavailable,SIN,AKL,V,A,TH,unavailable,unavailable,35 - 44 years,F,28+ days,V,unavailable,unavailable,3
202105,unavailable,BNE,AKL,V,A,PH,unavailable,unavailable,01 - 11 years,F,28+ days,N,unavailable,unavailable,3
202105,unavailable,BNE,AKL,V,A,NF,unavailable,unavailable,55 - 64 years,F,28+ days,V,unavailable,unavailable,3
202105,unavailable,PER,AKL,V,A,AU,unavailable,unavailable,55 - 64 years,M,8 - 14 days,N,unavailable,unavailable,3
202105,unavailable,NRT,AKL,V,A,JP,unavailable,unavailable,01 - 11 years,M,28+ days,N,unavailable,unavailable,3
202105,unavailable,BNE,WLG,V,A,AU,unavailable,unavailable,55 - 64 years,F,8 - 14 days,H,unavailable,unavailable,3
202105,unavailable,SYD,CHC,V,A,AU,unavailable,unavailable,65 - 74 years,M,15 to 27 days,H,unavailable,unavailable,3
202105,unavailable,MEL,CHC,V,A,AU,unavailable,unavailable,55 - 64 years,F,8 - 14 days,N,unavailable,unavailable,3
202105,unavailable,BNE,WLG,V,A,AU,unavailable,unavailable,25 - 34 years,M,8 - 14 days,B,unavailable,unavailable,3
202105,unavailable,OOL,AKL,V,A,AU,unavailable,unavailable,01 - 11 years,F,15 to 27 days,H,unavailable,unavailable,3
202105,unavailable,KUL,AKL,V,A,RO,unavailable,unavailable,35 - 44 years,M,28+ days,B,unavailable,unavailable,3
202105,unavailable,KUL,AKL,V,A,NL,unavailable,unavailable,55 - 64 years,M,28+ days,V,unavailable,unavailable,3
202105,unavailable,SYD,WLG,V,A,AU,unavailable,unavailable,45 - 54 years,M,15 to 27 days,B,unavailable,unavailable,3
202105,unavailable,SIN,AKL,V,A,PH,unavailable,unavailable,35 - 44 years,M,28+ days,V,unavailable,unavailable,3
202105,unavailable,NAN,AKL,V,A,FJ,unavailable,unavailable,35 - 44 years,M,28+ days,E,unavailable,unavailable,3
202105,unavailable,CAN,AKL,V,A,CN,unavailable,unavailable,25 - 34 years,F,28+ days,N,unavailable,unavailable,3
202105,unavailable,BNE,AKL,V,A,GB,unavailable,unavailable,45 - 54 years,M,28+ days,V,unavailable,unavailable,3
202105,unavailable,BNE,AKL,V,A,AU,unavailable,unavailable,19 - 24 years,F,8 - 14 days,N,unavailable,unavailable,3
202105,unavailable,SIN,AKL,V,A,GB,unavailable,unavailable,25 - 34 years,F,28+ days,B,unavailable,unavailable,3
202105,unavailable,SIN,AKL,V,A,ID,unavailable,unavailable,45 - 54 years,F,28+ days,O,unavailable,unavailable,3
202105,unavailable,OOL,AKL,V,A,AU,unavailable,unavailable,Less than 1 year,F,8 - 14 days,N,unavailable,unavailable,3
202105,unavailable,SYD,CHC,V,A,AU,unavailable,unavailable,12 - 18 years,F,15 to 27 days,V,unavailable,unavailable,3
202105,unavailable,HBA,AKL,V,A,AU,unavailable,unavailable,35 - 44 years,F,8 - 14 days,V,unavailable,unavailable,3
202105,unavailable,SYD,AKL,V,A,XX,unavailable,unavailable,65 - 74 years,M,less than 7 days,N,unavailable,unavailable,3
202105,unavailable,MEL,AKL,V,A,AU,unavailable,unavailable,45 - 54 years,M,28+ days,H,unavailable,unavailable,3
202105,unavailable,SYD,WLG,V,A,AU,unavailable,unavailable,25 - 34 years,F,less than 7 days,N,unavailable,unavailable,3
202105,unavailable,MEL,CHC,V,A,AU,unavailable,unavailable,45 - 54 years,F,8 - 14 days,B,unavailable,unavailable,3
202105,unavailable,BNE,AKL,V,A,AU,unavailable,unavailable,55 - 64 years,F,15 to 27 days,B,unavailable,unavailable,3
202105,unavailable,BNE,AKL,V,A,US,unavailable,unavailable,45 - 54 years,F,28+ days,V,unavailable,unavailable,3
202105,unavailable,PER,AKL,V,A,AU,unavailable,unavailable,75+,M,28+ days,N,unavailable,unavailable,3
202105,unavailable,SYD,CHC,V,A,AU,unavailable,unavailable,01 - 11 years,F,less than 7 days,H,unavailable,unavailable,3
202105,unavailable,BNE,CHC,V,A,AU,unavailable,unavailable,55 - 64 years,M,15 to 27 days,O,unavailable,unavailable,3
202105,unavailable,ADL,AKL,V,A,AU,unavailable,unavailable,45 - 54 years,M,8 - 14 days,N,unavailable,unavailable,3
202105,unavailable,SIN,AKL,V,A,SG,unavailable,unavailable,55 - 64 years,F,15 to 27 days,V,unavailable,unavailable,3
202105,unavailable,MEL,CHC,V,A,AU,unavailable,unavailable,12 - 18 years,F,8 - 14 days,H,unavailable,unavailable,3
202105,unavailable,RAR,AKL,V,A,CK,unavailable,unavailable,01 - 11 years,M,28+ days,N,unavailable,unavailable,3
202105,unavailable,MEL,AKL,V,A,AU,unavailable,unavailable,01 - 11 years,M,15 to 27 days,N,unavailable,unavailable,3
202105,unavailable,SYD,WLG,V,A,AU,unavailable,unavailable,65 - 74 years,F,less than 7 days,N,unavailable,unavailable,3
202105,unavailable,KUL,AKL,V,A,AE,unavailable,unavailable,55 - 64 years,M,15 to 27 days,V,unavailable,unavailable,3
202105,unavailable,KUL,AKL,V,A,ES,unavailable,unavailable,35 - 44 years,F,28+ days,V,unavailable,unavailable,3
202105,unavailable,SYD,WLG,V,A,AU,unavailable,unavailable,65 - 74 years,M,15 to 27 days,N,unavailable,unavailable,3
202105,unavailable,SIN,AKL,V,A,FI,unavailable,unavailable,35 - 44 years,M,28+ days,B,unavailable,unavailable,3
202105,unavailable,SIN,AKL,V,A,NL,unavailable,unavailable,25 - 34 years,F,28+ days,B,unavailable,unavailable,3
202105,unavailable,OOL,AKL,V,A,AU,unavailable,unavailable,35 - 44 years,M,15 to 27 days,H,unavailable,unavailable,3
202105,unavailable,PER,AKL,V,A,AU,unavailable,unavailable,55 - 64 years,M,less than 7 days,C,unavailable,unavailable,3
202105,unavailable,BNE,ZQN,V,A,AU,unavailable,unavailable,25 - 34 years,M,less than 7 days,B,unavailable,unavailable,3
202105,unavailable,PER,AKL,V,A,AU,unavailable,unavailable,01 - 11 years,F,15 to 27 days,O,unavailable,unavailable,3
202105,unavailable,APW,AKL,V,A,WS,unavailable,unavailable,65 - 74 years,F,28+ days,N,unavailable,unavailable,3
202105,unavailable,SYD,AKL,V,A,AU,unavailable,unavailable,75+,F,28+ days,B,unavailable,unavailable,3
202105,unavailable,LAX,AKL,V,A,US,unavailable,unavailable,65 - 74 years,M,28+ days,N,unavailable,unavailable,3
202105,unavailable,RAR,AKL,V,A,CK,unavailable,unavailable,35 - 44 years,M,28+ days,N,unavailable,unavailable,3
202105,unavailable,SYD,WLG,V,A,AU,unavailable,unavailable,12 - 18 years,M,less than 7 days,H,unavailable,unavailable,3
202105,unavailable,KUL,AKL,V,A,UA,unavailable,unavailable,25 - 34 years,M,less than 7 days,O,unavailable,unavailable,3
202105,unavailable,SYD,AKL,V,A,XX,unavailable,unavailable,65 - 74 years,F,8 - 14 days,N,unavailable,unavailable,3
202105,unavailable,SYD,AKL,V,A,AU,unavailable,unavailable,12 - 18 years,M,less than 7 days,O,unavailable,unavailable,3
202105,unavailable,KUL,AKL,V,A,AE,unavailable,unavailable,Less than 1 year,M,28+ days,V,unavailable,unavailable,3
202105,unavailable,MEL,ZQN,V,A,AU,unavailable,unavailable,75+,M,15 to 27 days,V,unavailable,unavailable,3
202105,unavailable,RAR,AKL,V,A,CK,unavailable,unavailable,19 - 24 years,F,8 - 14 days,H,unavailable,unavailable,3
202105,unavailable,OOL,AKL,V,A,AU,unavailable,unavailable,75+,M,15 to 27 days,N,unavailable,unavailable,3
202105,unavailable,SYD,CHC,V,A,AU,unavailable,unavailable,65 - 74 years,M,28+ days,H,unavailable,unavailable,3
202105,unavailable,BNE,AKL,V,A,AU,unavailable,unavailable,65 - 74 years,M,28+ days,B,unavailable,unavailable,3
202105,unavailable,MEL,AKL,V,A,XX,unavailable,unavailable,35 - 44 years,F,8 - 14 days,N,unavailable,unavailable,3
202105,unavailable,MEL,AKL,V,A,AU,unavailable,unavailable,01 - 11 years,M,8 - 14 days,N,unavailable,unavailable,3
202105,unavailable,MEL,WLG,V,A,AU,unavailable,unavailable,45 - 54 years,M,less than 7 days,C,unavailable,unavailable,3
202105,unavailable,OOL,AKL,V,A,AU,unavailable,unavailable,35 - 44 years,F,15 to 27 days,H,unavailable,unavailable,3
202105,unavailable,MEL,AKL,V,A,XX,unavailable,unavailable,25 - 34 years,F,28+ days,N,unavailable,unavailable,3
202105,unavailable,RAR,AKL,V,A,CK,unavailable,unavailable,35 - 44 years,F,15 to 27 days,B,unavailable,unavailable,3
202105,unavailable,OOL,CHC,V,A,AU,unavailable,unavailable,45 - 54 years,M,less than 7 days,H,unavailable,unavailable,3
202105,unavailable,MEL,CHC,V,A,AU,unavailable,unavailable,19 - 24 years,F,28+ days,E,unavailable,unavailable,3
202105,unavailable,SYD,AKL,V,A,AU,unavailable,unavailable,65 - 74 years,F,28+ days,H,unavailable,unavailable,3
202105,unavailable,SIN,AKL,V,A,CH,unavailable,unavailable,55 - 64 years,M,28+ days,V,unavailable,unavailable,3
202105,unavailable,RAR,AKL,V,A,CK,unavailable,unavailable,55 - 64 years,F,8 - 14 days,H,unavailable,unavailable,3
202105,unavailable,HBA,AKL,V,A,AU,unavailable,unavailable,65 - 74 years,F,28+ days,V,unavailable,unavailable,3
202105,unavailable,MEL,ZQN,V,A,AU,unavailable,unavailable,25 - 34 years,F,28+ days,N,unavailable,unavailable,3
202105,unavailable,SIN,AKL,V,A,ID,unavailable,unavailable,35 - 44 years,M,less than 7 days,N,unavailable,unavailable,3
202105,unavailable,BNE,AKL,V,A,ZA,unavailable,unavailable,35 - 44 years,M,28+ days,N,unavailable,unavailable,3
202105,unavailable,SYD,AKL,V,A,AU,unavailable,unavailable,25 - 34 years,F,28+ days,E,unavailable,unavailable,3
202105,unavailable,MEL,WLG,V,A,AU,unavailable,unavailable,65 - 74 years,F,15 to 27 days,H,unavailable,unavailable,3
202105,unavailable,ADL,AKL,V,A,AU,unavailable,unavailable,19 - 24 years,M,15 to 27 days,H,unavailable,unavailable,3
202105,unavailable,PER,AKL,V,A,AU,unavailable,unavailable,01 - 11 years,M,15 to 27 days,H,unavailable,unavailable,3
202105,unavailable,ADL,AKL,V,A,AU,unavailable,unavailable,35 - 44 years,M,8 - 14 days,H,unavailable,unavailable,3
202105,unavailable,APW,AKL,V,A,WS,unavailable,unavailable,25 - 34 years,F,28+ days,V,unavailable,unavailable,3
202105,unavailable,MEL,AKL,V,A,AU,unavailable,unavailable,12 - 18 years,M,8 - 14 days,H,unavailable,unavailable,3
202105,unavailable,APW,AKL,V,A,NZ,unavailable,unavailable,19 - 24 years,M,28+ days,O,unavailable,unavailable,3
202105,unavailable,BNE,AKL,V,A,XX,unavailable,unavailable,12 - 18 years,F,15 to 27 days,N,unavailable,unavailable,3
202105,unavailable,SIN,AKL,V,A,TH,unavailable,unavailable,01 - 11 years,F,28+ days,V,unavailable,unavailable,3
202105,unavailable,BNE,WLG,V,A,AU,unavailable,unavailable,65 - 74 years,M,28+ days,H,unavailable,unavailable,3
202105,unavailable,BNE,ZQN,V,A,AU,unavailable,unavailable,55 - 64 years,M,28+ days,H,unavailable,unavailable,3
202105,unavailable,OOL,AKL,V,A,AU,unavailable,unavailable,19 - 24 years,M,8 - 14 days,N,unavailable,unavailable,3
202105,unavailable,SIN,AKL,V,A,SG,unavailable,unavailable,35 - 44 years,M,28+ days,N,unavailable,unavailable,3
202105,unavailable,ZZS,TRG,V,A,XX,unavailable,unavailable,35 - 44 years,M,15 to 27 days,N,unavailable,unavailable,3
202105,unavailable,PER,AKL,V,A,AU,unavailable,unavailable,55 - 64 years,F,8 - 14 days,H,unavailable,unavailable,3
202105,unavailable,BNE,WLG,V,A,AU,unavailable,unavailable,45 - 54 years,F,less than 7 days,H,unavailable,unavailable,3
202105,unavailable,MEL,AKL,V,A,AU,unavailable,unavailable,12 - 18 years,M,28+ days,N,unavailable,unavailable,3
202105,unavailable,RAR,AKL,V,A,CK,unavailable,unavailable,55 - 64 years,M,less than 7 days,N,unavailable,unavailable,3
202105,unavailable,SYD,AKL,V,A,AU,unavailable,unavailable,55 - 64 years,F,28+ days,O,unavailable,unavailable,3
202105,unavailable,SYD,AKL,V,A,AU,unavailable,unavailable,01 - 11 years,M,15 to 27 days,H,unavailable,unavailable,3
202105,unavailable,LAX,AKL,V,A,US,unavailable,unavailable,55 - 64 years,F,28+ days,O,unavailable,unavailable,3
202105,unavailable,CAN,AKL,V,A,CN,unavailable,unavailable,01 - 11 years,F,28+ days,E,unavailable,unavailable,3
202105,unavailable,SYD,AKL,V,A,AU,unavailable,unavailable,19 - 24 years,M,8 - 14 days,N,unavailable,unavailable,3
202105,unavailable,SIN,AKL,V,A,GB,unavailable,unavailable,25 - 34 years,F,28+ days,N,unavailable,unavailable,3
202105,unavailable,MEL,AKL,V,A,AU,unavailable,unavailable,19 - 24 years,M,28+ days,B,unavailable,unavailable,3
202105,unavailable,LAX,AKL,V,A,US,unavailable,unavailable,25 - 34 years,F,15 to 27 days,V,unavailable,unavailable,3
202105,unavailable,BNE,ZQN,V,A,AU,unavailable,unavailable,Less than 1 year,M,less than 7 days,V,unavailable,unavailable,3
202105,unavailable,SYD,ZQN,V,A,XX,unavailable,unavailable,35 - 44 years,M,less than 7 days,N,unavailable,unavailable,3
202105,unavailable,SIN,AKL,V,A,GB,unavailable,unavailable,01 - 11 years,M,28+ days,V,unavailable,unavailable,3
202105,unavailable,SYD,AKL,V,A,AU,unavailable,unavailable,12 - 18 years,F,less than 7 days,E,unavailable,unavailable,3
202105,unavailable,SYD,ZQN,V,A,AU,unavailable,unavailable,Less than 1 year,F,less than 7 days,H,unavailable,unavailable,3
202105,unavailable,SYD,AKL,V,A,AU,unavailable,unavailable,25 - 34 years,M,8 - 14 days,C,unavailable,unavailable,3
202105,unavailable,SYD,ZQN,V,A,AU,unavailable,unavailable,75+,F,8 - 14 days,V,unavailable,unavailable,3
202105,unavailable,SIN,AKL,V,A,GB,unavailable,unavailable,55 - 64 years,F,28+ days,O,unavailable,unavailable,3
202105,unavailable,BNE,CHC,V,A,AU,unavailable,unavailable,25 - 34 years,F,8 - 14 days,B,unavailable,unavailable,3
202105,unavailable,BNE,CHC,V,A,AU,unavailable,unavailable,19 - 24 years,M,15 to 27 days,N,unavailable,unavailable,3
202105,unavailable,BNE,ZQN,V,A,AU,unavailable,unavailable,12 - 18 years,F,less than 7 days,V,unavailable,unavailable,3
202105,unavailable,BNE,AKL,V,A,AU,unavailable,unavailable,25 - 34 years,F,28+ days,B,unavailable,unavailable,3
202105,unavailable,SYD,CHC,V,A,AU,unavailable,unavailable,45 - 54 years,F,28+ days,H,unavailable,unavailable,3
202105,unavailable,SYD,WLG,V,A,AU,unavailable,unavailable,35 - 44 years,M,15 to 27 days,H,unavailable,unavailable,3
202105,unavailable,SIN,AKL,V,A,IT,unavailable,unavailable,01 - 11 years,M,28+ days,N,unavailable,unavailable,3
202105,unavailable,SIN,AKL,V,A,IE,unavailable,unavailable,19 - 24 years,M,28+ days,V,unavailable,unavailable,3
202105,unavailable,BNE,ZQN,V,A,AU,unavailable,unavailable,25 - 34 years,M,28+ days,N,unavailable,unavailable,3
202105,unavailable,SYD,AKL,V,A,XX,unavailable,unavailable,25 - 34 years,M,15 to 27 days,N,unavailable,unavailable,3
202105,unavailable,SYD,WLG,V,A,AU,unavailable,unavailable,25 - 34 years,F,28+ days,N,unavailable,unavailable,3
202105,unavailable,SYD,ZQN,V,A,AU,unavailable,unavailable,65 - 74 years,F,28+ days,V,unavailable,unavailable,3
202105,unavailable,VLI,AKL,V,A,VU,unavailable,unavailable,35 - 44 years,F,28+ days,O,unavailable,unavailable,3
202105,unavailable,SYD,AKL,V,A,AU,unavailable,unavailable,65 - 74 years,F,less than 7 days,O,unavailable,unavailable,3
202105,unavailable,RAR,AKL,V,A,CK,unavailable,unavailable,25 - 34 years,M,28+ days,B,unavailable,unavailable,3
202105,unavailable,BNE,ZQN,V,A,AU,unavailable,unavailable,75+,F,less than 7 days,H,unavailable,unavailable,3
202105,unavailable,LAX,AKL,V,A,US,unavailable,unavailable,Less than 1 year,M,28+ days,V,unavailable,unavailable,3
202105,unavailable,PER,AKL,V,A,AU,unavailable,unavailable,19 - 24 years,M,less than 7 days,O,unavailable,unavailable,3
202105,unavailable,OOL,AKL,V,A,AU,unavailable,unavailable,45 - 54 years,M,8 - 14 days,N,unavailable,unavailable,3
202105,unavailable,SYD,AKL,V,A,AU,unavailable,unavailable,45 - 54 years,M,8 - 14 days,O,unavailable,unavailable,3
202105,unavailable,RAR,AKL,V,A,CK,unavailable,unavailable,19 - 24 years,M,15 to 27 days,O,unavailable,unavailable,3
202105,unavailable,NRT,AKL,V,A,PH,unavailable,unavailable,12 - 18 years,F,28+ days,N,unavailable,unavailable,3
202105,unavailable,SYD,WLG,V,A,AU,unavailable,unavailable,55 - 64 years,F,28+ days,N,unavailable,unavailable,3
202105,unavailable,MEL,WLG,V,A,AU,unavailable,unavailable,55 - 64 years,M,15 to 27 days,O,unavailable,unavailable,3
202105,unavailable,PER,AKL,V,A,AU,unavailable,unavailable,55 - 64 years,M,15 to 27 days,O,unavailable,unavailable,3
202105,unavailable,PER,AKL,V,A,AU,unavailable,unavailable,55 - 64 years,M,8 - 14 days,O,unavailable,unavailable,3
202105,unavailable,MEL,AKL,V,A,AU,unavailable,unavailable,35 - 44 years,F,less than 7 days,C,unavailable,unavailable,3
202105,unavailable,MEL,ZQN,V,A,AU,unavailable,unavailable,65 - 74 years,M,8 - 14 days,B,unavailable,unavailable,3
202105,unavailable,SYD,ZQN,V,A,AU,unavailable,unavailable,Less than 1 year,F,8 - 14 days,H,unavailable,unavailable,3
202105,unavailable,PER,AKL,V,A,AU,unavailable,unavailable,Less than 1 year,F,less than 7 days,V,unavailable,unavailable,3
202105,unavailable,BNE,AKL,V,A,AU,unavailable,unavailable,19 - 24 years,F,less than 7 days,O,unavailable,unavailable,3
202105,unavailable,MEL,WLG,V,A,AU,unavailable,unavailable,Less than 1 year,M,15 to 27 days,V,unavailable,unavailable,3
202105,unavailable,PER,AKL,V,A,AU,unavailable,unavailable,19 - 24 years,M,15 to 27 days,H,unavailable,unavailable,3
202105,unavailable,BNE,WLG,V,A,AU,unavailable,unavailable,45 - 54 years,M,15 to 27 days,B,unavailable,unavailable,3
202105,unavailable,OOL,AKL,V,A,AU,unavailable,unavailable,75+,M,less than 7 days,B,unavailable,unavailable,3
202105,unavailable,OOL,AKL,V,A,AU,unavailable,unavailable,55 - 64 years,M,28+ days,N,unavailable,unavailable,3
202105,unavailable,SYD,CHC,V,A,AU,unavailable,unavailable,25 - 34 years,F,less than 7 days,B,unavailable,unavailable,3
202105,unavailable,SIN,CHC,V,A,PH,unavailable,unavailable,25 - 34 years,M,less than 7 days,N,unavailable,unavailable,3
202105,unavailable,MEL,AKL,V,A,AU,unavailable,unavailable,01 - 11 years,F,28+ days,H,unavailable,unavailable,3
202105,unavailable,RAR,AKL,V,A,CK,unavailable,unavailable,01 - 11 years,F,less than 7 days,O,unavailable,unavailable,3
202105,unavailable,SYD,WLG,V,A,AU,unavailable,unavailable,65 - 74 years,M,8 - 14 days,O,unavailable,unavailable,3
202105,unavailable,LAX,AKL,V,A,CA,unavailable,unavailable,35 - 44 years,F,28+ days,N,unavailable,unavailable,3
202105,unavailable,KUL,AKL,V,A,RO,unavailable,unavailable,45 - 54 years,M,28+ days,B,unavailable,unavailable,3
202105,unavailable,SYD,WLG,V,A,AU,unavailable,unavailable,25 - 34 years,F,28+ days,H,unavailable,unavailable,3
202105,unavailable,SIN,AKL,V,A,SG,unavailable,unavailable,45 - 54 years,M,28+ days,B,unavailable,unavailable,3
202105,unavailable,SYD,AKL,V,A,AU,unavailable,unavailable,45 - 54 years,F,less than 7 days,C,unavailable,unavailable,3
202105,unavailable,CAN,AKL,V,A,CN,unavailable,unavailable,45 - 54 years,M,28+ days,N,unavailable,unavailable,3
202105,unavailable,SEL,AKL,V,A,KR,unavailable,unavailable,25 - 34 years,M,28+ days,V,unavailable,unavailable,3
202105,unavailable,MEL,AKL,V,A,AU,unavailable,unavailable,35 - 44 years,F,28+ days,B,unavailable,unavailable,3
202105,unavailable,BNE,ZQN,V,A,AU,unavailable,unavailable,01 - 11 years,F,15 to 27 days,V,unavailable,unavailable,3
202105,unavailable,KUL,AKL,V,A,IN,unavailable,unavailable,35 - 44 years,F,28+ days,E,unavailable,unavailable,3
202105,unavailable,SYD,WLG,V,A,AU,unavailable,unavailable,45 - 54 years,M,8 - 14 days,H,unavailable,unavailable,3
202105,unavailable,BNE,CHC,V,A,AU,unavailable,unavailable,65 - 74 years,F,less than 7 days,O,unavailable,unavailable,3
202105,unavailable,BNE,ZQN,V,A,AU,unavailable,unavailable,65 - 74 years,M,less than 7 days,N,unavailable,unavailable,3
202105,unavailable,SYD,ZQN,V,A,AU,unavailable,unavailable,19 - 24 years,M,15 to 27 days,H,unavailable,unavailable,3
202105,unavailable,HKG,AKL,V,A,HK,unavailable,unavailable,45 - 54 years,M,28+ days,N,unavailable,unavailable,3
202105,unavailable,SYD,ZQN,V,A,AU,unavailable,unavailable,75+,M,less than 7 days,V,unavailable,unavailable,3
202105,unavailable,OOL,AKL,V,A,AU,unavailable,unavailable,45 - 54 years,F,15 to 27 days,H,unavailable,unavailable,3
202105,unavailable,OOL,AKL,V,A,AU,unavailable,unavailable,25 - 34 years,F,8 - 14 days,E,unavailable,unavailable,3
202105,unavailable,LAX,AKL,V,A,US,unavailable,unavailable,55 - 64 years,M,28+ days,O,unavailable,unavailable,3
202105,unavailable,OOL,AKL,V,A,AU,unavailable,unavailable,25 - 34 years,M,28+ days,B,unavailable,unavailable,3
202105,unavailable,MEL,AKL,V,A,AU,unavailable,unavailable,35 - 44 years,M,28+ days,H,unavailable,unavailable,3
202105,unavailable,KUL,AKL,V,A,IE,unavailable,unavailable,01 - 11 years,F,28+ days,V,unavailable,unavailable,3
202105,unavailable,BNE,AKL,V,A,CA,unavailable,unavailable,25 - 34 years,M,28+ days,V,unavailable,unavailable,3
202105,unavailable,SYD,AKL,V,A,XX,unavailable,unavailable,19 - 24 years,F,less than 7 days,N,unavailable,unavailable,3
202105,unavailable,PER,AKL,V,A,AU,unavailable,unavailable,35 - 44 years,F,28+ days,N,unavailable,unavailable,3
202105,unavailable,OOL,AKL,V,A,AU,unavailable,unavailable,45 - 54 years,M,28+ days,N,unavailable,unavailable,3
202105,unavailable,SIN,AKL,V,A,ES,unavailable,unavailable,19 - 24 years,M,28+ days,N,unavailable,unavailable,3
202105,unavailable,SYD,WLG,V,A,AU,unavailable,unavailable,75+,M,28+ days,B,unavailable,unavailable,3
202105,unavailable,SYD,AKL,V,A,AU,unavailable,unavailable,75+,M,8 - 14 days,B,unavailable,unavailable,3
202105,unavailable,BNE,AKL,V,A,ZA,unavailable,unavailable,01 - 11 years,F,28+ days,N,unavailable,unavailable,3
202105,unavailable,OOL,AKL,V,A,AU,unavailable,unavailable,19 - 24 years,M,15 to 27 days,H,unavailable,unavailable,3
202105,unavailable,KUL,AKL,V,A,GB,unavailable,unavailable,35 - 44 years,F,28+ days,N,unavailable,unavailable,3
202105,unavailable,SYD,ZQN,V,A,AU,unavailable,unavailable,01 - 11 years,M,15 to 27 days,H,unavailable,unavailable,3
202105,unavailable,SYD,ZQN,V,A,AU,unavailable,unavailable,35 - 44 years,M,28+ days,N,unavailable,unavailable,3
202105,unavailable,SYD,ZQN,V,A,AU,unavailable,unavailable,19 - 24 years,F,28+ days,B,unavailable,unavailable,3
202105,unavailable,RAR,AKL,V,A,CK,unavailable,unavailable,12 - 18 years,F,8 - 14 days,V,unavailable,unavailable,3
202105,unavailable,SYD,ZQN,V,A,AU,unavailable,unavailable,65 - 74 years,M,28+ days,V,unavailable,unavailable,3
202105,unavailable,BNE,AKL,V,A,AU,unavailable,unavailable,12 - 18 years,F,less than 7 days,H,unavailable,unavailable,3
202105,unavailable,BNE,CHC,V,A,AU,unavailable,unavailable,Less than 1 year,F,less than 7 days,V,unavailable,unavailable,3
202105,unavailable,ADL,AKL,V,A,AU,unavailable,unavailable,65 - 74 years,F,less than 7 days,H,unavailable,unavailable,3
202105,unavailable,BNE,WLG,V,A,AU,unavailable,unavailable,55 - 64 years,M,less than 7 days,O,unavailable,unavailable,3
202105,unavailable,CAN,AKL,V,A,CN,unavailable,unavailable,45 - 54 years,F,28+ days,O,unavailable,unavailable,3
202105,unavailable,MEL,AKL,V,A,AU,unavailable,unavailable,65 - 74 years,F,15 to 27 days,O,unavailable,unavailable,3
202105,unavailable,BNE,WLG,V,A,AU,unavailable,unavailable,55 - 64 years,F,less than 7 days,N,unavailable,unavailable,3
202105,unavailable,SYD,ZQN,V,A,AU,unavailable,unavailable,45 - 54 years,F,8 - 14 days,N,unavailable,unavailable,3
202105,unavailable,SYD,ZQN,V,A,AU,unavailable,unavailable,12 - 18 years,M,15 to 27 days,H,unavailable,unavailable,3
202105,unavailable,BNE,AKL,V,A,AU,unavailable,unavailable,25 - 34 years,F,8 - 14 days,O,unavailable,unavailable,3
202105,unavailable,BNE,CHC,V,A,AU,unavailable,unavailable,35 - 44 years,F,less than 7 days,C,unavailable,unavailable,3
202105,unavailable,SYD,AKL,V,A,AU,unavailable,unavailable,25 - 34 years,M,15 to 27 days,E,unavailable,unavailable,3
202105,unavailable,KUL,AKL,V,A,ES,unavailable,unavailable,45 - 54 years,M,28+ days,N,unavailable,unavailable,3
202105,unavailable,LAX,AKL,V,A,US,unavailable,unavailable,45 - 54 years,F,15 to 27 days,B,unavailable,unavailable,3
202105,unavailable,BNE,WLG,V,A,AU,unavailable,unavailable,75+,M,15 to 27 days,H,unavailable,unavailable,3
202105,unavailable,MEL,AKL,V,A,AU,unavailable,unavailable,12 - 18 years,F,less than 7 days,O,unavailable,unavailable,3
202105,unavailable,BNE,WLG,V,A,AU,unavailable,unavailable,75+,M,28+ days,V,unavailable,unavailable,3
202105,unavailable,BNE,AKL,V,A,GB,unavailable,unavailable,35 - 44 years,M,15 to 27 days,V,unavailable,unavailable,3
202105,unavailable,SYD,WLG,V,A,AU,unavailable,unavailable,55 - 64 years,M,28+ days,N,unavailable,unavailable,3
202105,unavailable,BNE,CHC,V,A,AU,unavailable,unavailable,Less than 1 year,M,28+ days,V,unavailable,unavailable,3
202105,unavailable,RAR,AKL,V,A,CK,unavailable,unavailable,01 - 11 years,F,8 - 14 days,H,unavailable,unavailable,3
202105,unavailable,MEL,AKL,V,A,AU,unavailable,unavailable,55 - 64 years,F,15 to 27 days,O,unavailable,unavailable,3
202105,unavailable,SEL,AKL,V,A,KR,unavailable,unavailable,25 - 34 years,F,28+ days,V,unavailable,unavailable,3
202105,unavailable,MEL,AKL,V,A,AU,unavailable,unavailable,12 - 18 years,F,15 to 27 days,H,unavailable,unavailable,3
202105,unavailable,RAR,AKL,V,A,CK,unavailable,unavailable,65 - 74 years,M,8 - 14 days,B,unavailable,unavailable,3
202105,unavailable,BNE,WLG,V,A,AU,unavailable,unavailable,75+,F,8 - 14 days,V,unavailable,unavailable,3
202105,unavailable,OOL,CHC,V,A,AU,unavailable,unavailable,12 - 18 years,F,15 to 27 days,V,unavailable,unavailable,3
202105,unavailable,RAR,AKL,V,A,CK,unavailable,unavailable,12 - 18 years,F,15 to 27 days,V,unavailable,unavailable,3
202105,unavailable,MEL,CHC,V,A,AU,unavailable,unavailable,55 - 64 years,M,28+ days,B,unavailable,unavailable,3
202105,unavailable,MEL,ZQN,V,A,AU,unavailable,unavailable,65 - 74 years,F,less than 7 days,V,unavailable,unavailable,3
202105,unavailable,MEL,AKL,V,A,AU,unavailable,unavailable,75+,F,8 - 14 days,H,unavailable,unavailable,3
202105,unavailable,BNE,AKL,V,A,AU,unavailable,unavailable,35 - 44 years,M,15 to 27 days,N,unavailable,unavailable,3
202105,unavailable,SYD,AKL,V,A,GB,unavailable,unavailable,45 - 54 years,M,less than 7 days,B,unavailable,unavailable,3
202105,unavailable,SYD,AKL,V,A,AU,unavailable,unavailable,01 - 11 years,F,8 - 14 days,E,unavailable,unavailable,3
202105,unavailable,OOL,AKL,V,A,AU,unavailable,unavailable,Less than 1 year,F,28+ days,H,unavailable,unavailable,3
202105,unavailable,RAR,AKL,V,A,CK,unavailable,unavailable,12 - 18 years,M,28+ days,V,unavailable,unavailable,3
202105,unavailable,MEL,AKL,V,A,AU,unavailable,unavailable,Less than 1 year,F,less than 7 days,H,unavailable,unavailable,3
202105,unavailable,OOL,AKL,V,A,AU,unavailable,unavailable,12 - 18 years,F,28+ days,N,unavailable,unavailable,3
202105,unavailable,MEL,ZQN,V,A,AU,unavailable,unavailable,75+,F,8 - 14 days,V,unavailable,unavailable,3
202105,unavailable,PER,AKL,V,A,AU,unavailable,unavailable,45 - 54 years,F,15 to 27 days,B,unavailable,unavailable,3
202105,unavailable,MEL,WLG,V,A,AU,unavailable,unavailable,Less than 1 year,F,15 to 27 days,V,unavailable,unavailable,3
202105,unavailable,BNE,AKL,V,A,AU,unavailable,unavailable,12 - 18 years,M,15 to 27 days,N,unavailable,unavailable,3
202105,unavailable,SYD,WLG,V,A,AU,unavailable,unavailable,65 - 74 years,M,8 - 14 days,H,unavailable,unavailable,3
202105,unavailable,OOL,CHC,V,A,AU,unavailable,unavailable,01 - 11 years,M,28+ days,V,unavailable,unavailable,3
202105,unavailable,BNE,ZQN,V,A,AU,unavailable,unavailable,25 - 34 years,F,less than 7 days,N,unavailable,unavailable,3
202105,unavailable,LAX,AKL,V,A,US,unavailable,unavailable,25 - 34 years,M,28+ days,O,unavailable,unavailable,3
202105,unavailable,SIN,AKL,V,A,US,unavailable,unavailable,25 - 34 years,M,28+ days,V,unavailable,unavailable,3
202105,unavailable,OOL,CHC,V,A,AU,unavailable,unavailable,65 - 74 years,M,15 to 27 days,H,unavailable,unavailable,3
202105,unavailable,LAX,AKL,V,A,US,unavailable,unavailable,45 - 54 years,F,28+ days,O,unavailable,unavailable,3
202105,unavailable,LAX,AKL,V,A,US,unavailable,unavailable,19 - 24 years,F,15 to 27 days,O,unavailable,unavailable,3
202105,unavailable,BNE,CHC,V,A,AU,unavailable,unavailable,45 - 54 years,M,15 to 27 days,H,unavailable,unavailable,3
202105,unavailable,SYD,WLG,V,A,AU,unavailable,unavailable,12 - 18 years,M,less than 7 days,O,unavailable,unavailable,3
202105,unavailable,BNE,ZQN,V,A,AU,unavailable,unavailable,75+,M,15 to 27 days,H,unavailable,unavailable,3
202105,unavailable,PER,AKL,V,A,AU,unavailable,unavailable,45 - 54 years,M,15 to 27 days,B,unavailable,unavailable,3
202105,unavailable,BNE,WLG,V,A,AU,unavailable,unavailable,55 - 64 years,M,15 to 27 days,N,unavailable,unavailable,3
202105,unavailable,BNE,AKL,V,A,AU,unavailable,unavailable,75+,M,less than 7 days,B,unavailable,unavailable,3
202105,unavailable,OOL,AKL,V,A,AU,unavailable,unavailable,19 - 24 years,M,less than 7 days,O,unavailable,unavailable,3
202105,unavailable,MEL,ZQN,V,A,AU,unavailable,unavailable,25 - 34 years,M,15 to 27 days,H,unavailable,unavailable,3
202105,unavailable,MEL,AKL,V,A,AU,unavailable,unavailable,65 - 74 years,M,8 - 14 days,E,unavailable,unavailable,3
202105,unavailable,MEL,ZQN,V,A,AU,unavailable,unavailable,45 - 54 years,F,28+ days,V,unavailable,unavailable,3
202105,unavailable,BNE,AKL,V,A,AU,unavailable,unavailable,12 - 18 years,M,less than 7 days,O,unavailable,unavailable,3
202105,unavailable,ADL,AKL,V,A,AU,unavailable,unavailable,19 - 24 years,F,8 - 14 days,V,unavailable,unavailable,3
202105,unavailable,HBA,AKL,V,A,AU,unavailable,unavailable,55 - 64 years,F,15 to 27 days,N,unavailable,unavailable,3
202105,unavailable,OOL,AKL,V,A,XX,unavailable,unavailable,25 - 34 years,F,8 - 14 days,N,unavailable,unavailable,3
202105,unavailable,BNE,AKL,V,A,AU,unavailable,unavailable,35 - 44 years,M,15 to 27 days,O,unavailable,unavailable,3
202105,unavailable,MEL,AKL,V,A,AU,unavailable,unavailable,55 - 64 years,F,less than 7 days,E,unavailable,unavailable,3
202105,unavailable,MEL,ZQN,V,A,AU,unavailable,unavailable,25 - 34 years,M,28+ days,B,unavailable,unavailable,3
202105,unavailable,MEL,WLG,V,A,AU,unavailable,unavailable,45 - 54 years,M,less than 7 days,H,unavailable,unavailable,3
202105,unavailable,SIN,CHC,V,A,SG,unavailable,unavailable,25 - 34 years,F,28+ days,V,unavailable,unavailable,3
202105,unavailable,BNE,AKL,V,A,AU,unavailable,unavailable,12 - 18 years,M,28+ days,E,unavailable,unavailable,3
202105,unavailable,MEL,ZQN,V,A,AU,unavailable,unavailable,01 - 11 years,M,8 - 14 days,H,unavailable,unavailable,3
202105,unavailable,NRT,AKL,V,A,JP,unavailable,unavailable,01 - 11 years,F,28+ days,B,unavailable,unavailable,3
202105,unavailable,SYD,CHC,V,A,AU,unavailable,unavailable,19 - 24 years,F,less than 7 days,O,unavailable,unavailable,3
202105,unavailable,PER,AKL,V,A,AU,unavailable,unavailable,25 - 34 years,F,less than 7 days,O,unavailable,unavailable,3
202105,unavailable,SYD,AKL,V,A,AU,unavailable,unavailable,45 - 54 years,M,28+ days,O,unavailable,unavailable,3
202105,unavailable,SYD,AKL,V,A,AU,unavailable,unavailable,55 - 64 years,F,15 to 27 days,B,unavailable,unavailable,3
202105,unavailable,BNE,AKL,V,A,AU,unavailable,unavailable,12 - 18 years,M,28+ days,B,unavailable,unavailable,3
202105,unavailable,BNE,ZQN,V,A,AU,unavailable,unavailable,12 - 18 years,M,28+ days,V,unavailable,unavailable,3
202105,unavailable,SYD,WLG,V,A,AU,unavailable,unavailable,55 - 64 years,M,8 - 14 days,H,unavailable,unavailable,3
202105,unavailable,BNE,AKL,V,A,AU,unavailable,unavailable,45 - 54 years,M,28+ days,E,unavailable,unavailable,3
202105,unavailable,OOL,AKL,V,A,AU,unavailable,unavailable,19 - 24 years,M,8 - 14 days,E,unavailable,unavailable,3
202105,unavailable,IUE,AKL,V,A,NU,unavailable,unavailable,65 - 74 years,F,28+ days,O,unavailable,unavailable,3
202105,unavailable,ADL,AKL,V,A,AU,unavailable,unavailable,25 - 34 years,F,8 - 14 days,H,unavailable,unavailable,3
202105,unavailable,MEL,WLG,V,A,AU,unavailable,unavailable,25 - 34 years,F,less than 7 days,C,unavailable,unavailable,3
202105,unavailable,SYD,WLG,V,A,AU,unavailable,unavailable,55 - 64 years,F,less than 7 days,O,unavailable,unavailable,3
202105,unavailable,RAR,AKL,V,A,CK,unavailable,unavailable,65 - 74 years,F,less than 7 days,O,unavailable,unavailable,3
202105,unavailable,BNE,WLG,V,A,AU,unavailable,unavailable,35 - 44 years,M,8 - 14 days,H,unavailable,unavailable,3
202105,unavailable,MEL,AKL,V,A,AU,unavailable,unavailable,75+,M,8 - 14 days,B,unavailable,unavailable,3
202105,unavailable,SIN,AKL,V,A,SG,unavailable,unavailable,45 - 54 years,M,28+ days,O,unavailable,unavailable,3
202105,unavailable,NAN,AKL,V,A,FJ,unavailable,unavailable,55 - 64 years,M,28+ days,N,unavailable,unavailable,3
202105,unavailable,MEL,WLG,V,A,AU,unavailable,unavailable,Less than 1 year,F,less than 7 days,V,unavailable,unavailable,3
202105,unavailable,BNE,AKL,V,A,ZA,unavailable,unavailable,19 - 24 years,M,28+ days,N,unavailable,unavailable,3
202105,unavailable,MEL,CHC,V,A,AU,unavailable,unavailable,35 - 44 years,M,28+ days,N,unavailable,unavailable,3
202105,unavailable,SYD,AKL,V,A,JP,unavailable,unavailable,25 - 34 years,M,less than 7 days,B,unavailable,unavailable,3
202105,unavailable,MEL,ZQN,V,A,AU,unavailable,unavailable,55 - 64 years,M,less than 7 days,B,unavailable,unavailable,3
202105,unavailable,SIN,CHC,V,A,GB,unavailable,unavailable,25 - 34 years,F,28+ days,B,unavailable,unavailable,3
202105,unavailable,SYD,ZQN,V,A,AU,unavailable,unavailable,55 - 64 years,M,28+ days,H,unavailable,unavailable,3
202105,unavailable,BNE,CHC,V,A,AU,unavailable,unavailable,35 - 44 years,F,less than 7 days,E,unavailable,unavailable,3
202105,unavailable,SYD,ZQN,V,A,AU,unavailable,unavailable,35 - 44 years,F,15 to 27 days,H,unavailable,unavailable,3
202105,unavailable,APW,AKL,V,A,WS,unavailable,unavailable,35 - 44 years,M,28+ days,O,unavailable,unavailable,3
202105,unavailable,OOL,AKL,V,A,AU,unavailable,unavailable,25 - 34 years,M,less than 7 days,E,unavailable,unavailable,3
202105,unavailable,SYD,WLG,V,A,AU,unavailable,unavailable,65 - 74 years,M,8 - 14 days,B,unavailable,unavailable,3
202105,unavailable,LAX,AKL,V,A,US,unavailable,unavailable,25 - 34 years,F,28+ days,N,unavailable,unavailable,3
202105,unavailable,RAR,AKL,V,A,CK,unavailable,unavailable,25 - 34 years,F,15 to 27 days,O,unavailable,unavailable,3
202105,unavailable,PER,AKL,V,A,AU,unavailable,unavailable,65 - 74 years,F,15 to 27 days,N,unavailable,unavailable,3
202105,unavailable,SIN,AKL,V,A,MY,unavailable,unavailable,25 - 34 years,M,28+ days,B,unavailable,unavailable,3
202105,unavailable,PER,AKL,V,A,AU,unavailable,unavailable,12 - 18 years,F,8 - 14 days,V,unavailable,unavailable,3
202105,unavailable,BNE,AKL,V,A,XX,unavailable,unavailable,01 - 11 years,F,8 - 14 days,N,unavailable,unavailable,3
202105,unavailable,SYD,ZQN,V,A,AU,unavailable,unavailable,19 - 24 years,M,28+ days,V,unavailable,unavailable,3
202105,unavailable,CAN,AKL,V,A,CN,unavailable,unavailable,01 - 11 years,F,28+ days,O,unavailable,unavailable,3
202105,unavailable,BNE,AKL,V,A,US,unavailable,unavailable,65 - 74 years,F,28+ days,V,unavailable,unavailable,3
202105,unavailable,BNE,AKL,V,A,AU,unavailable,unavailable,35 - 44 years,M,28+ days,O,unavailable,unavailable,3
202105,unavailable,BNE,AKL,V,A,AU,unavailable,unavailable,19 - 24 years,M,28+ days,N,unavailable,unavailable,3
202105,unavailable,LAX,AKL,V,A,CA,unavailable,unavailable,35 - 44 years,M,15 to 27 days,V,unavailable,unavailable,3
202105,unavailable,RAR,AKL,V,A,CK,unavailable,unavailable,55 - 64 years,M,less than 7 days,O,unavailable,unavailable,3
202105,unavailable,NRT,AKL,V,A,JP,unavailable,unavailable,01 - 11 years,F,28+ days,N,unavailable,unavailable,3
202105,unavailable,MEL,CHC,V,A,AU,unavailable,unavailable,19 - 24 years,M,less than 7 days,H,unavailable,unavailable,3
202105,unavailable,BNE,WLG,V,A,XX,unavailable,unavailable,01 - 11 years,M,less than 7 days,N,unavailable,unavailable,3
202105,unavailable,BNE,WLG,V,A,AU,unavailable,unavailable,45 - 54 years,F,less than 7 days,N,unavailable,unavailable,3
202105,unavailable,BNE,WLG,V,A,AU,unavailable,unavailable,65 - 74 years,M,less than 7 days,B,unavailable,unavailable,3
202105,unavailable,OOL,CHC,V,A,AU,unavailable,unavailable,01 - 11 years,F,28+ days,V,unavailable,unavailable,3
202105,unavailable,MEL,ZQN,V,A,AU,unavailable,unavailable,55 - 64 years,F,15 to 27 days,H,unavailable,unavailable,3
202105,unavailable,PER,AKL,V,A,AU,unavailable,unavailable,55 - 64 years,M,28+ days,B,unavailable,unavailable,3
202105,unavailable,OOL,AKL,V,A,AU,unavailable,unavailable,12 - 18 years,M,15 to 27 days,V,unavailable,unavailable,3
202105,unavailable,OOL,AKL,V,A,AU,unavailable,unavailable,45 - 54 years,F,28+ days,N,unavailable,unavailable,3
202105,unavailable,RAR,AKL,V,A,XX,unavailable,unavailable,01 - 11 years,F,28+ days,N,unavailable,unavailable,3
202105,unavailable,BNE,CHC,V,A,AU,unavailable,unavailable,55 - 64 years,M,8 - 14 days,O,unavailable,unavailable,3
202105,unavailable,PER,AKL,V,A,AU,unavailable,unavailable,19 - 24 years,M,8 - 14 days,O,unavailable,unavailable,3
202105,unavailable,ADL,AKL,V,A,AU,unavailable,unavailable,55 - 64 years,F,less than 7 days,E,unavailable,unavailable,3
202105,unavailable,BNE,AKL,V,A,AU,unavailable,unavailable,45 - 54 years,F,28+ days,O,unavailable,unavailable,3
202105,unavailable,IUE,AKL,V,A,NZ,unavailable,unavailable,01 - 11 years,M,15 to 27 days,O,unavailable,unavailable,3
202105,unavailable,SIN,AKL,V,A,NZ,unavailable,unavailable,25 - 34 years,M,28+ days,H,unavailable,unavailable,3
202105,unavailable,SYD,ZQN,V,A,AU,unavailable,unavailable,45 - 54 years,F,less than 7 days,N,unavailable,unavailable,3
202105,unavailable,BNE,WLG,V,A,AU,unavailable,unavailable,35 - 44 years,M,8 - 14 days,N,unavailable,unavailable,3
202105,unavailable,OOL,AKL,V,A,AU,unavailable,unavailable,19 - 24 years,M,less than 7 days,N,unavailable,unavailable,3
202105,unavailable,RAR,AKL,V,A,CK,unavailable,unavailable,12 - 18 years,F,28+ days,N,unavailable,unavailable,3
202105,unavailable,BNE,CHC,V,A,AU,unavailable,unavailable,19 - 24 years,M,15 to 27 days,V,unavailable,unavailable,3
202105,unavailable,SYD,AKL,V,A,AU,unavailable,unavailable,35 - 44 years,M,15 to 27 days,O,unavailable,unavailable,3
202105,unavailable,SYD,CHC,V,A,AU,unavailable,unavailable,65 - 74 years,F,less than 7 days,N,unavailable,unavailable,3
202105,unavailable,SYD,WLG,V,A,AU,unavailable,unavailable,65 - 74 years,M,less than 7 days,N,unavailable,unavailable,3
202105,unavailable,SYD,ZQN,V,A,AU,unavailable,unavailable,55 - 64 years,M,28+ days,V,unavailable,unavailable,3
202105,unavailable,SIN,AKL,V,A,PH,unavailable,unavailable,55 - 64 years,F,28+ days,V,unavailable,unavailable,3
202105,unavailable,SIN,CHC,V,A,MV,unavailable,unavailable,55 - 64 years,F,28+ days,V,unavailable,unavailable,3
202105,unavailable,SIN,CHC,V,A,GB,unavailable,unavailable,35 - 44 years,M,28+ days,O,unavailable,unavailable,3
202105,unavailable,BNE,CHC,V,A,AU,unavailable,unavailable,75+,M,15 to 27 days,H,unavailable,unavailable,3
202105,unavailable,NRT,AKL,V,A,CH,unavailable,unavailable,25 - 34 years,M,28+ days,B,unavailable,unavailable,3
202105,unavailable,SYD,CHC,V,A,GB,unavailable,unavailable,35 - 44 years,F,less than 7 days,V,unavailable,unavailable,3
202105,unavailable,SYD,AKL,V,A,AU,unavailable,unavailable,65 - 74 years,F,less than 7 days,E,unavailable,unavailable,3
202105,unavailable,BNE,AKL,V,A,QA,unavailable,unavailable,45 - 54 years,M,28+ days,H,unavailable,unavailable,3
202105,unavailable,BNE,CHC,V,A,AU,unavailable,unavailable,12 - 18 years,F,less than 7 days,H,unavailable,unavailable,3
202105,unavailable,SIN,AKL,V,A,HK,unavailable,unavailable,55 - 64 years,F,28+ days,V,unavailable,unavailable,3
202105,unavailable,PER,AKL,V,A,AU,unavailable,unavailable,35 - 44 years,M,28+ days,H,unavailable,unavailable,3
202105,unavailable,SIN,AKL,V,A,JP,unavailable,unavailable,45 - 54 years,M,28+ days,N,unavailable,unavailable,3
202105,unavailable,MEL,AKL,V,A,AU,unavailable,unavailable,01 - 11 years,M,28+ days,N,unavailable,unavailable,3
202105,unavailable,MEL,WLG,V,A,AU,unavailable,unavailable,55 - 64 years,F,less than 7 days,O,unavailable,unavailable,3
202105,unavailable,MEL,WLG,V,A,GB,unavailable,unavailable,19 - 24 years,M,less than 7 days,B,unavailable,unavailable,3
202105,unavailable,KUL,AKL,V,A,IR,unavailable,unavailable,01 - 11 years,F,28+ days,N,unavailable,unavailable,3
202105,unavailable,SYD,AKL,V,A,NF,unavailable,unavailable,75+,M,15 to 27 days,V,unavailable,unavailable,3
202105,unavailable,SIN,AKL,V,A,GB,unavailable,unavailable,45 - 54 years,F,28+ days,N,unavailable,unavailable,3
202105,unavailable,NRT,AKL,V,A,JP,unavailable,unavailable,45 - 54 years,F,28+ days,B,unavailable,unavailable,3
202105,unavailable,KUL,AKL,V,A,IQ,unavailable,unavailable,25 - 34 years,F,28+ days,V,unavailable,unavailable,3
202105,unavailable,BNE,AKL,V,A,AU,unavailable,unavailable,65 - 74 years,F,15 to 27 days,E,unavailable,unavailable,3
202105,unavailable,HBA,AKL,V,A,HK,unavailable,unavailable,25 - 34 years,M,less than 7 days,V,unavailable,unavailable,3
202105,unavailable,PER,AKL,V,A,XX,unavailable,unavailable,65 - 74 years,M,28+ days,N,unavailable,unavailable,3
202105,unavailable,PER,AKL,V,A,AU,unavailable,unavailable,65 - 74 years,M,15 to 27 days,N,unavailable,unavailable,3
202105,unavailable,HKG,AKL,V,A,HK,unavailable,unavailable,25 - 34 years,F,28+ days,N,unavailable,unavailable,3
202105,unavailable,KUL,AKL,V,A,AE,unavailable,unavailable,19 - 24 years,F,28+ days,V,unavailable,unavailable,3
202105,unavailable,KUL,AKL,V,A,IL,unavailable,unavailable,35 - 44 years,F,28+ days,O,unavailable,unavailable,3
202105,unavailable,SYD,AKL,V,A,JP,unavailable,unavailable,65 - 74 years,M,15 to 27 days,V,unavailable,unavailable,3
202105,unavailable,KUL,AKL,V,A,KE,unavailable,unavailable,01 - 11 years,F,28+ days,V,unavailable,unavailable,3
202105,unavailable,KUL,AKL,V,A,IN,unavailable,unavailable,35 - 44 years,M,28+ days,O,unavailable,unavailable,3
202105,unavailable,RAR,AKL,V,A,CK,unavailable,unavailable,25 - 34 years,M,15 to 27 days,B,unavailable,unavailable,3
202105,unavailable,KUL,AKL,V,A,CH,unavailable,unavailable,55 - 64 years,M,28+ days,N,unavailable,unavailable,3
202105,unavailable,KUL,AKL,V,A,US,unavailable,unavailable,45 - 54 years,F,28+ days,V,unavailable,unavailable,3
202105,unavailable,SYD,AKL,V,A,NU,unavailable,unavailable,45 - 54 years,F,8 - 14 days,O,unavailable,unavailable,3
202105,unavailable,BNE,AKL,V,A,GB,unavailable,unavailable,19 - 24 years,F,28+ days,V,unavailable,unavailable,3
202105,unavailable,SYD,ZQN,V,A,AU,unavailable,unavailable,35 - 44 years,F,15 to 27 days,B,unavailable,unavailable,3
202105,unavailable,MEL,WLG,V,A,XX,unavailable,unavailable,35 - 44 years,F,15 to 27 days,N,unavailable,unavailable,3
202105,unavailable,LAX,AKL,V,A,US,unavailable,unavailable,Less than 1 year,M,28+ days,N,unavailable,unavailable,3
202105,unavailable,RAR,AKL,V,A,NZ,unavailable,unavailable,01 - 11 years,F,28+ days,O,unavailable,unavailable,3
202105,unavailable,KUL,AKL,V,A,AT,unavailable,unavailable,35 - 44 years,M,28+ days,B,unavailable,unavailable,3
202105,unavailable,BNE,AKL,V,A,QA,unavailable,unavailable,45 - 54 years,M,28+ days,O,unavailable,unavailable,3
202105,unavailable,KUL,AKL,V,A,ZW,unavailable,unavailable,65 - 74 years,F,28+ days,N,unavailable,unavailable,3
202105,unavailable,KUL,AKL,V,A,BW,unavailable,unavailable,65 - 74 years,F,28+ days,N,unavailable,unavailable,3
202105,unavailable,KUL,AKL,V,A,EG,unavailable,unavailable,35 - 44 years,M,28+ days,H,unavailable,unavailable,3
202105,unavailable,RAR,AKL,V,A,CK,unavailable,unavailable,65 - 74 years,F,less than 7 days,H,unavailable,unavailable,3
202105,unavailable,HBA,AKL,V,A,AU,unavailable,unavailable,65 - 74 years,M,less than 7 days,E,unavailable,unavailable,3
202105,unavailable,SIN,AKL,V,A,ID,unavailable,unavailable,55 - 64 years,F,28+ days,H,unavailable,unavailable,3
202105,unavailable,SYD,ZQN,V,A,AU,unavailable,unavailable,75+,F,less than 7 days,N,unavailable,unavailable,3
202105,unavailable,OOL,AKL,V,A,AU,unavailable,unavailable,35 - 44 years,M,less than 7 days,C,unavailable,unavailable,3
202105,unavailable,PER,AKL,V,A,AU,unavailable,unavailable,75+,F,less than 7 days,N,unavailable,unavailable,3
202105,unavailable,PER,AKL,V,A,AU,unavailable,unavailable,35 - 44 years,F,8 - 14 days,O,unavailable,unavailable,3
202105,unavailable,RAR,AKL,V,A,CK,unavailable,unavailable,35 - 44 years,F,8 - 14 days,O,unavailable,unavailable,3
202105,unavailable,PER,AKL,V,A,CA,unavailable,unavailable,35 - 44 years,M,8 - 14 days,H,unavailable,unavailable,3
202105,unavailable,MEL,WLG,V,A,AU,unavailable,unavailable,01 - 11 years,F,15 to 27 days,N,unavailable,unavailable,3
202105,unavailable,SIN,AKL,V,A,GB,unavailable,unavailable,55 - 64 years,F,28+ days,B,unavailable,unavailable,3
202105,unavailable,MEL,CHC,V,A,IE,unavailable,unavailable,25 - 34 years,M,8 - 14 days,H,unavailable,unavailable,3
202105,unavailable,SYD,AKL,V,A,GB,unavailable,unavailable,55 - 64 years,F,less than 7 days,E,unavailable,unavailable,3
202105,unavailable,MEL,AKL,V,A,GB,unavailable,unavailable,25 - 34 years,M,15 to 27 days,V,unavailable,unavailable,3
202105,unavailable,IUE,AKL,V,A,NU,unavailable,unavailable,55 - 64 years,M,8 - 14 days,V,unavailable,unavailable,3
202105,unavailable,SYD,CHC,V,A,AU,unavailable,unavailable,12 - 18 years,F,less than 7 days,H,unavailable,unavailable,3
202105,unavailable,KUL,AKL,V,A,GB,unavailable,unavailable,25 - 34 years,M,28+ days,N,unavailable,unavailable,3
202105,unavailable,LAX,AKL,V,A,US,unavailable,unavailable,01 - 11 years,F,28+ days,E,unavailable,unavailable,3
202105,unavailable,SIN,AKL,V,A,ID,unavailable,unavailable,35 - 44 years,M,28+ days,H,unavailable,unavailable,3
202105,unavailable,SIN,AKL,V,A,VN,unavailable,unavailable,55 - 64 years,M,28+ days,V,unavailable,unavailable,3
202105,unavailable,ADL,AKL,V,A,AU,unavailable,unavailable,25 - 34 years,F,28+ days,E,unavailable,unavailable,3
202105,unavailable,MEL,CHC,V,A,AU,unavailable,unavailable,45 - 54 years,F,28+ days,N,unavailable,unavailable,3
202105,unavailable,MEL,CHC,V,A,XX,unavailable,unavailable,45 - 54 years,F,less than 7 days,V,unavailable,unavailable,3
202105,unavailable,MEL,CHC,V,A,AU,unavailable,unavailable,75+,M,28+ days,E,unavailable,unavailable,3
202105,unavailable,BNE,AKL,V,A,NZ,unavailable,unavailable,01 - 11 years,F,28+ days,N,unavailable,unavailable,3
202105,unavailable,RAR,AKL,V,A,CK,unavailable,unavailable,12 - 18 years,M,8 - 14 days,V,unavailable,unavailable,3
202105,unavailable,KUL,AKL,V,A,KZ,unavailable,unavailable,55 - 64 years,F,15 to 27 days,B,unavailable,unavailable,3
202105,unavailable,BNE,CHC,V,A,AU,unavailable,unavailable,01 - 11 years,F,8 - 14 days,N,unavailable,unavailable,3
202105,unavailable,MEL,ZQN,V,A,AU,unavailable,unavailable,75+,M,8 - 14 days,H,unavailable,unavailable,3
202105,unavailable,SIN,AKL,V,A,DK,unavailable,unavailable,01 - 11 years,M,28+ days,V,unavailable,unavailable,3
202105,unavailable,SYD,AKL,V,A,XX,unavailable,unavailable,65 - 74 years,F,28+ days,N,unavailable,unavailable,3
202105,unavailable,BNE,ZQN,V,A,AU,unavailable,unavailable,55 - 64 years,M,15 to 27 days,N,unavailable,unavailable,3
202105,unavailable,PER,AKL,V,A,CA,unavailable,unavailable,55 - 64 years,M,8 - 14 days,H,unavailable,unavailable,3
202105,unavailable,SIN,AKL,V,A,PH,unavailable,unavailable,25 - 34 years,M,less than 7 days,O,unavailable,unavailable,3
202105,unavailable,MEL,CHC,V,A,AU,unavailable,unavailable,45 - 54 years,F,less than 7 days,O,unavailable,unavailable,3
202105,unavailable,SIN,AKL,V,A,GB,unavailable,unavailable,55 - 64 years,M,15 to 27 days,V,unavailable,unavailable,3
202105,unavailable,SHA,AKL,V,A,PG,unavailable,unavailable,55 - 64 years,M,28+ days,N,unavailable,unavailable,3
202105,unavailable,SYD,WLG,V,A,AU,unavailable,unavailable,45 - 54 years,F,15 to 27 days,C,unavailable,unavailable,3
202105,unavailable,RAR,AKL,V,A,CK,unavailable,unavailable,55 - 64 years,F,15 to 27 days,O,unavailable,unavailable,3
202105,unavailable,SYD,AKL,V,A,ZA,unavailable,unavailable,55 - 64 years,F,15 to 27 days,V,unavailable,unavailable,3
202105,unavailable,IUE,AKL,V,A,NU,unavailable,unavailable,45 - 54 years,M,28+ days,B,unavailable,unavailable,3
202105,unavailable,SIN,AKL,V,A,GB,unavailable,unavailable,45 - 54 years,F,15 to 27 days,O,unavailable,unavailable,3
202105,unavailable,PER,AKL,V,A,AU,unavailable,unavailable,35 - 44 years,M,less than 7 days,E,unavailable,unavailable,3
202105,unavailable,RAR,AKL,V,A,CK,unavailable,unavailable,35 - 44 years,M,28+ days,V,unavailable,unavailable,3
202105,unavailable,SYD,WLG,V,A,AU,unavailable,unavailable,35 - 44 years,F,28+ days,B,unavailable,unavailable,3
202105,unavailable,MEL,CHC,V,A,AU,unavailable,unavailable,65 - 74 years,F,less than 7 days,H,unavailable,unavailable,3
202105,unavailable,RAR,AKL,V,A,CK,unavailable,unavailable,25 - 34 years,F,8 - 14 days,H,unavailable,unavailable,3
202105,unavailable,BNE,TRG,V,A,XX,unavailable,unavailable,55 - 64 years,M,8 - 14 days,N,unavailable,unavailable,3
202105,unavailable,SIN,AKL,V,A,VN,unavailable,unavailable,25 - 34 years,F,28+ days,B,unavailable,unavailable,3
202105,unavailable,BNE,AKL,V,A,AU,unavailable,unavailable,65 - 74 years,F,15 to 27 days,B,unavailable,unavailable,3
202105,unavailable,SIN,AKL,V,A,HK,unavailable,unavailable,19 - 24 years,F,28+ days,V,unavailable,unavailable,3
202105,unavailable,MEL,WLG,V,A,NZ,unavailable,unavailable,35 - 44 years,M,28+ days,V,unavailable,unavailable,3
202105,unavailable,SYD,ZQN,V,A,NZ,unavailable,unavailable,35 - 44 years,M,less than 7 days,H,unavailable,unavailable,3
202105,unavailable,KUL,AKL,V,A,AF,unavailable,unavailable,25 - 34 years,F,28+ days,O,unavailable,unavailable,3
202105,unavailable,BNE,AKL,V,A,AU,unavailable,unavailable,45 - 54 years,M,15 to 27 days,E,unavailable,unavailable,3
202105,unavailable,SYD,AKL,V,A,ID,unavailable,unavailable,01 - 11 years,F,less than 7 days,V,unavailable,unavailable,3
202105,unavailable,BNE,CHC,V,A,AU,unavailable,unavailable,25 - 34 years,F,less than 7 days,O,unavailable,unavailable,3
202105,unavailable,MEL,CHC,V,A,AU,unavailable,unavailable,65 - 74 years,F,less than 7 days,E,unavailable,unavailable,3
202105,unavailable,VLI,AKL,V,A,VU,unavailable,unavailable,65 - 74 years,M,28+ days,O,unavailable,unavailable,3
202105,unavailable,PER,AKL,V,A,AU,unavailable,unavailable,12 - 18 years,M,less than 7 days,O,unavailable,unavailable,3
202105,unavailable,BNE,WLG,V,A,AU,unavailable,unavailable,65 - 74 years,F,8 - 14 days,H,unavailable,unavailable,3
202105,unavailable,MEL,ZQN,V,A,AU,unavailable,unavailable,75+,M,less than 7 days,H,unavailable,unavailable,3
202105,unavailable,BNE,AKL,V,A,XX,unavailable,unavailable,75+,F,8 - 14 days,N,unavailable,unavailable,3
202105,unavailable,LAX,AKL,V,A,US,unavailable,unavailable,01 - 11 years,F,28+ days,O,unavailable,unavailable,3
202105,unavailable,SEL,AKL,V,A,KR,unavailable,unavailable,55 - 64 years,M,28+ days,O,unavailable,unavailable,3
202105,unavailable,HBA,AKL,V,A,AU,unavailable,unavailable,12 - 18 years,F,28+ days,H,unavailable,unavailable,3
202105,unavailable,OOL,AKL,V,A,AU,unavailable,unavailable,12 - 18 years,M,15 to 27 days,N,unavailable,unavailable,3
202105,unavailable,PER,AKL,V,A,AU,unavailable,unavailable,Less than 1 year,M,less than 7 days,V,unavailable,unavailable,3
202105,unavailable,SIN,AKL,V,A,PH,unavailable,unavailable,19 - 24 years,M,less than 7 days,O,unavailable,unavailable,3
202105,unavailable,LAX,AKL,V,A,JM,unavailable,unavailable,65 - 74 years,M,28+ days,N,unavailable,unavailable,3
202105,unavailable,ADL,AKL,V,A,AU,unavailable,unavailable,12 - 18 years,F,less than 7 days,N,unavailable,unavailable,3
202105,unavailable,NRT,AKL,V,A,JP,unavailable,unavailable,45 - 54 years,F,15 to 27 days,O,unavailable,unavailable,3
202105,unavailable,SYD,CHC,V,A,NZ,unavailable,unavailable,65 - 74 years,M,15 to 27 days,N,unavailable,unavailable,3
202105,unavailable,BNE,AKL,V,A,EE,unavailable,unavailable,25 - 34 years,F,28+ days,V,unavailable,unavailable,3
202105,unavailable,MEL,CHC,V,A,XX,unavailable,unavailable,25 - 34 years,F,15 to 27 days,N,unavailable,unavailable,3
202105,unavailable,RAR,AKL,V,A,AU,unavailable,unavailable,25 - 34 years,F,15 to 27 days,V,unavailable,unavailable,3
202105,unavailable,SIN,AKL,V,A,PH,unavailable,unavailable,45 - 54 years,F,28+ days,V,unavailable,unavailable,3
202105,unavailable,KUL,AKL,V,A,CO,unavailable,unavailable,12 - 18 years,M,28+ days,N,unavailable,unavailable,3
202105,unavailable,KUL,AKL,V,A,FJ,unavailable,unavailable,55 - 64 years,M,15 to 27 days,V,unavailable,unavailable,3
202105,unavailable,SYD,WLG,V,A,AU,unavailable,unavailable,55 - 64 years,F,8 - 14 days,O,unavailable,unavailable,3
202105,unavailable,LAX,AKL,V,A,NZ,unavailable,unavailable,35 - 44 years,F,28+ days,V,unavailable,unavailable,3
202105,unavailable,BNE,CHC,V,A,CA,unavailable,unavailable,35 - 44 years,M,less than 7 days,B,unavailable,unavailable,3
202105,unavailable,BNE,ZQN,V,A,GB,unavailable,unavailable,25 - 34 years,F,less than 7 days,H,unavailable,unavailable,3
202105,unavailable,LAX,AKL,V,A,CR,unavailable,unavailable,45 - 54 years,F,28+ days,V,unavailable,unavailable,3
202105,unavailable,HKG,AKL,V,A,TW,unavailable,unavailable,35 - 44 years,F,28+ days,B,unavailable,unavailable,3
202105,unavailable,MEL,AKL,V,A,NZ,unavailable,unavailable,25 - 34 years,M,28+ days,V,unavailable,unavailable,3
202105,unavailable,PER,AKL,V,A,AU,unavailable,unavailable,19 - 24 years,M,8 - 14 days,N,unavailable,unavailable,3
202105,unavailable,SYD,AKL,V,A,NZ,unavailable,unavailable,01 - 11 years,M,28+ days,B,unavailable,unavailable,3
202105,unavailable,BNE,AKL,V,A,NZ,unavailable,unavailable,55 - 64 years,F,28+ days,N,unavailable,unavailable,3
202105,unavailable,MEL,ZQN,V,A,NZ,unavailable,unavailable,45 - 54 years,M,less than 7 days,N,unavailable,unavailable,3
202105,unavailable,OOL,AKL,V,A,AU,unavailable,unavailable,19 - 24 years,M,less than 7 days,E,unavailable,unavailable,3
202105,unavailable,SYD,WLG,V,A,AU,unavailable,unavailable,12 - 18 years,F,15 to 27 days,E,unavailable,unavailable,3
202105,unavailable,MEL,ZQN,V,A,AU,unavailable,unavailable,19 - 24 years,F,28+ days,O,unavailable,unavailable,3
202105,unavailable,OOL,AKL,V,A,AU,unavailable,unavailable,12 - 18 years,M,less than 7 days,O,unavailable,unavailable,3
202105,unavailable,RAR,AKL,V,A,CK,unavailable,unavailable,35 - 44 years,F,8 - 14 days,V,unavailable,unavailable,3
202105,unavailable,SHA,AKL,V,A,XX,unavailable,unavailable,35 - 44 years,M,less than 7 days,N,unavailable,unavailable,3
202105,unavailable,OOL,AKL,V,A,AU,unavailable,unavailable,19 - 24 years,M,28+ days,E,unavailable,unavailable,3
202105,unavailable,IUE,AKL,V,A,NU,unavailable,unavailable,75+,F,15 to 27 days,V,unavailable,unavailable,3
202105,unavailable,BNE,CHC,V,A,AU,unavailable,unavailable,19 - 24 years,M,8 - 14 days,B,unavailable,unavailable,3
202105,unavailable,SIN,AKL,V,A,MM,unavailable,unavailable,19 - 24 years,F,28+ days,V,unavailable,unavailable,3
202105,unavailable,SIN,AKL,V,A,AE,unavailable,unavailable,45 - 54 years,F,15 to 27 days,O,unavailable,unavailable,3
202105,unavailable,OOL,AKL,V,A,AU,unavailable,unavailable,25 - 34 years,F,8 - 14 days,O,unavailable,unavailable,3
202105,unavailable,LAX,AKL,V,A,CA,unavailable,unavailable,35 - 44 years,F,28+ days,O,unavailable,unavailable,3
202105,unavailable,VLI,AKL,V,A,XX,unavailable,unavailable,35 - 44 years,M,less than 7 days,N,unavailable,unavailable,3
202105,unavailable,ZZS,NPE,V,A,XX,unavailable,unavailable,55 - 64 years,M,less than 7 days,N,unavailable,unavailable,3
202105,unavailable,PER,AKL,V,A,XX,unavailable,unavailable,25 - 34 years,F,8 - 14 days,V,unavailable,unavailable,3
202105,unavailable,BNE,ZQN,V,A,AU,unavailable,unavailable,45 - 54 years,F,less than 7 days,C,unavailable,unavailable,3
202105,unavailable,SYD,CHC,V,A,NZ,unavailable,unavailable,25 - 34 years,F,less than 7 days,N,unavailable,unavailable,3
202105,unavailable,MEL,CHC,V,A,AU,unavailable,unavailable,55 - 64 years,M,28+ days,H,unavailable,unavailable,3
202105,unavailable,SIN,AKL,V,A,MY,unavailable,unavailable,25 - 34 years,M,28+ days,H,unavailable,unavailable,3
202105,unavailable,MEL,CHC,V,A,AU,unavailable,unavailable,19 - 24 years,M,8 - 14 days,N,unavailable,unavailable,3
202105,unavailable,ADL,AKL,V,A,AU,unavailable,unavailable,01 - 11 years,F,8 - 14 days,H,unavailable,unavailable,3
202105,unavailable,BNE,CHC,V,A,AU,unavailable,unavailable,19 - 24 years,F,8 - 14 days,N,unavailable,unavailable,3
202105,unavailable,SYD,WLG,V,A,AU,unavailable,unavailable,45 - 54 years,M,less than 7 days,O,unavailable,unavailable,3
202105,unavailable,OOL,CHC,V,A,AU,unavailable,unavailable,55 - 64 years,M,less than 7 days,O,unavailable,unavailable,3
202105,unavailable,SYD,ZQN,V,A,GB,unavailable,unavailable,35 - 44 years,F,28+ days,O,unavailable,unavailable,3
202105,unavailable,OOL,AKL,V,A,NZ,unavailable,unavailable,25 - 34 years,M,8 - 14 days,V,unavailable,unavailable,3
202105,unavailable,SYD,ZQN,V,A,AU,unavailable,unavailable,Less than 1 year,M,15 to 27 days,V,unavailable,unavailable,3
202105,unavailable,MEL,WLG,V,A,NZ,unavailable,unavailable,45 - 54 years,F,15 to 27 days,V,unavailable,unavailable,3
202105,unavailable,MEL,AKL,V,A,XX,unavailable,unavailable,19 - 24 years,M,15 to 27 days,H,unavailable,unavailable,3
202105,unavailable,BNE,AKL,V,A,NF,unavailable,unavailable,65 - 74 years,F,15 to 27 days,H,unavailable,unavailable,3
202105,unavailable,OOL,AKL,V,A,AU,unavailable,unavailable,25 - 34 years,F,less than 7 days,E,unavailable,unavailable,3
202105,unavailable,VLI,AKL,V,A,VU,unavailable,unavailable,01 - 11 years,F,28+ days,V,unavailable,unavailable,3
202105,unavailable,PER,AKL,V,A,GB,unavailable,unavailable,25 - 34 years,M,8 - 14 days,V,unavailable,unavailable,3
202105,unavailable,SYD,AKL,V,A,NZ,unavailable,unavailable,35 - 44 years,M,28+ days,N,unavailable,unavailable,3
202105,unavailable,KUL,AKL,V,A,GB,unavailable,unavailable,35 - 44 years,F,28+ days,O,unavailable,unavailable,3
202105,unavailable,SYD,ZQN,V,A,US,unavailable,unavailable,35 - 44 years,M,less than 7 days,H,unavailable,unavailable,3
202105,unavailable,BNE,ZQN,V,A,AU,unavailable,unavailable,12 - 18 years,M,28+ days,H,unavailable,unavailable,3
202105,unavailable,RAR,AKL,V,A,CK,unavailable,unavailable,35 - 44 years,M,less than 7 days,N,unavailable,unavailable,3
202105,unavailable,HBA,AKL,V,A,AU,unavailable,unavailable,55 - 64 years,F,28+ days,H,unavailable,unavailable,3
202105,unavailable,BNE,AKL,V,A,ZA,unavailable,unavailable,55 - 64 years,F,28+ days,O,unavailable,unavailable,3
202105,unavailable,SYD,CHC,V,A,XX,unavailable,unavailable,45 - 54 years,F,28+ days,B,unavailable,unavailable,3
202105,unavailable,CAN,AKL,V,A,CN,unavailable,unavailable,65 - 74 years,F,28+ days,O,unavailable,unavailable,3
202105,unavailable,ZZS,TRG,V,A,XX,unavailable,unavailable,25 - 34 years,M,28+ days,N,unavailable,unavailable,3
202105,unavailable,BNE,AKL,V,A,AU,unavailable,unavailable,45 - 54 years,F,28+ days,B,unavailable,unavailable,3
202105,unavailable,SYD,ZQN,V,A,SG,unavailable,unavailable,45 - 54 years,M,less than 7 days,N,unavailable,unavailable,3
202105,unavailable,HBA,AKL,V,A,AU,unavailable,unavailable,55 - 64 years,F,less than 7 days,H,unavailable,unavailable,3
202105,unavailable,SYD,WLG,V,A,AU,unavailable,unavailable,75+,M,15 to 27 days,H,unavailable,unavailable,3
202105,unavailable,BNE,CHC,V,A,XX,unavailable,unavailable,01 - 11 years,M,8 - 14 days,N,unavailable,unavailable,3
202105,unavailable,APW,AKL,V,A,WS,unavailable,unavailable,55 - 64 years,M,less than 7 days,O,unavailable,unavailable,3
202105,unavailable,BNE,ZQN,V,A,HK,unavailable,unavailable,45 - 54 years,M,15 to 27 days,B,unavailable,unavailable,3
202105,unavailable,SIN,AKL,V,A,DK,unavailable,unavailable,25 - 34 years,M,28+ days,B,unavailable,unavailable,3
202105,unavailable,LAX,AKL,V,A,US,unavailable,unavailable,65 - 74 years,F,28+ days,N,unavailable,unavailable,3
202105,unavailable,SIN,CHC,V,A,JP,unavailable,unavailable,35 - 44 years,M,28+ days,V,unavailable,unavailable,3
202105,unavailable,SYD,ZQN,V,A,NZ,unavailable,unavailable,45 - 54 years,M,less than 7 days,B,unavailable,unavailable,3
202105,unavailable,ADL,AKL,V,A,AU,unavailable,unavailable,75+,F,28+ days,V,unavailable,unavailable,3
202105,unavailable,KUL,AKL,V,A,DE,unavailable,unavailable,25 - 34 years,M,15 to 27 days,O,unavailable,unavailable,3
202105,unavailable,KUL,AKL,V,A,SA,unavailable,unavailable,35 - 44 years,F,15 to 27 days,B,unavailable,unavailable,3
202105,unavailable,SYD,CHC,V,A,AU,unavailable,unavailable,Less than 1 year,F,less than 7 days,H,unavailable,unavailable,3
202105,unavailable,SIN,AKL,V,A,SE,unavailable,unavailable,35 - 44 years,M,15 to 27 days,V,unavailable,unavailable,3
202105,unavailable,SYD,AKL,V,A,AU,unavailable,unavailable,01 - 11 years,F,28+ days,C,unavailable,unavailable,3
202105,unavailable,LAX,AKL,V,A,US,unavailable,unavailable,45 - 54 years,F,28+ days,E,unavailable,unavailable,3
202105,unavailable,SYD,AKL,V,A,CK,unavailable,unavailable,35 - 44 years,F,15 to 27 days,N,unavailable,unavailable,3
202105,unavailable,BNE,WLG,V,A,AU,unavailable,unavailable,12 - 18 years,M,less than 7 days,H,unavailable,unavailable,3
202105,unavailable,PER,AKL,V,A,DK,unavailable,unavailable,45 - 54 years,M,less than 7 days,B,unavailable,unavailable,3
202105,unavailable,MEL,CHC,V,A,XX,unavailable,unavailable,01 - 11 years,M,28+ days,N,unavailable,unavailable,3
202105,unavailable,MEL,CHC,V,A,AU,unavailable,unavailable,45 - 54 years,M,less than 7 days,O,unavailable,unavailable,3
202105,unavailable,LAX,AKL,V,A,XX,unavailable,unavailable,25 - 34 years,F,15 to 27 days,N,unavailable,unavailable,3
202105,unavailable,OOL,AKL,V,A,AU,unavailable,unavailable,25 - 34 years,M,8 - 14 days,O,unavailable,unavailable,3
202105,unavailable,PER,AKL,V,A,AU,unavailable,unavailable,12 - 18 years,M,15 to 27 days,N,unavailable,unavailable,3
202105,unavailable,OOL,CHC,V,A,AU,unavailable,unavailable,55 - 64 years,M,8 - 14 days,N,unavailable,unavailable,3
202105,unavailable,MEL,AKL,V,A,AU,unavailable,unavailable,55 - 64 years,F,28+ days,H,unavailable,unavailable,3
202105,unavailable,BNE,CHC,V,A,AU,unavailable,unavailable,01 - 11 years,F,less than 7 days,E,unavailable,unavailable,3
202105,unavailable,HBA,AKL,V,A,AU,unavailable,unavailable,25 - 34 years,F,28+ days,E,unavailable,unavailable,3
202105,unavailable,RAR,AKL,V,A,AU,unavailable,unavailable,75+,M,15 to 27 days,V,unavailable,unavailable,3
202105,unavailable,KUL,AKL,V,A,AE,unavailable,unavailable,19 - 24 years,F,28+ days,N,unavailable,unavailable,3
202105,unavailable,SYD,ZQN,V,A,AU,unavailable,unavailable,55 - 64 years,F,less than 7 days,B,unavailable,unavailable,3
202105,unavailable,BNE,CHC,V,A,AU,unavailable,unavailable,25 - 34 years,F,less than 7 days,N,unavailable,unavailable,3
202105,unavailable,SHA,AKL,V,A,AU,unavailable,unavailable,35 - 44 years,M,28+ days,V,unavailable,unavailable,3
202105,unavailable,MEL,AKL,V,A,AU,unavailable,unavailable,65 - 74 years,M,less than 7 days,O,unavailable,unavailable,3
202105,unavailable,SYD,AKL,V,A,US,unavailable,unavailable,19 - 24 years,M,less than 7 days,B,unavailable,unavailable,3
202105,unavailable,SHA,AKL,V,A,CN,unavailable,unavailable,12 - 18 years,M,28+ days,N,unavailable,unavailable,3
202105,unavailable,SYD,ZQN,V,A,AU,unavailable,unavailable,35 - 44 years,M,28+ days,H,unavailable,unavailable,3
202105,unavailable,BNE,AKL,V,A,QA,unavailable,unavailable,35 - 44 years,M,28+ days,V,unavailable,unavailable,3
202105,unavailable,KUL,AKL,V,A,IN,unavailable,unavailable,65 - 74 years,F,28+ days,N,unavailable,unavailable,3
202105,unavailable,BNE,AKL,V,A,AE,unavailable,unavailable,25 - 34 years,M,28+ days,V,unavailable,unavailable,3
202105,unavailable,NRT,AKL,V,A,CA,unavailable,unavailable,Less than 1 year,M,28+ days,V,unavailable,unavailable,3
202105,unavailable,ADL,AKL,V,A,NZ,unavailable,unavailable,45 - 54 years,M,28+ days,B,unavailable,unavailable,3
202105,unavailable,BNE,CHC,V,A,AU,unavailable,unavailable,75+,F,8 - 14 days,H,unavailable,unavailable,3
202105,unavailable,BNE,AKL,V,A,NF,unavailable,unavailable,45 - 54 years,F,15 to 27 days,V,unavailable,unavailable,3
202105,unavailable,SYD,CHC,V,A,AU,unavailable,unavailable,75+,F,less than 7 days,H,unavailable,unavailable,3
202105,unavailable,IUE,AKL,V,A,NU,unavailable,unavailable,65 - 74 years,F,8 - 14 days,B,unavailable,unavailable,3
202105,unavailable,KUL,AKL,V,A,KE,unavailable,unavailable,01 - 11 years,M,28+ days,V,unavailable,unavailable,3
202105,unavailable,SYD,WLG,V,A,DK,unavailable,unavailable,55 - 64 years,F,15 to 27 days,B,unavailable,unavailable,3
202105,unavailable,MEL,AKL,V,A,GB,unavailable,unavailable,01 - 11 years,M,less than 7 days,V,unavailable,unavailable,3
202105,unavailable,OOL,AKL,V,A,AU,unavailable,unavailable,25 - 34 years,M,15 to 27 days,O,unavailable,unavailable,3
202105,unavailable,NAN,AKL,V,A,FJ,unavailable,unavailable,55 - 64 years,M,28+ days,B,unavailable,unavailable,3
202105,unavailable,BNE,AKL,V,A,AU,unavailable,unavailable,12 - 18 years,F,28+ days,B,unavailable,unavailable,3
202105,unavailable,MEL,CHC,V,A,AU,unavailable,unavailable,19 - 24 years,M,28+ days,H,unavailable,unavailable,3
202105,unavailable,SYD,AKL,V,A,AU,unavailable,unavailable,65 - 74 years,M,less than 7 days,C,unavailable,unavailable,3
202105,unavailable,BNE,ZQN,V,A,NZ,unavailable,unavailable,25 - 34 years,M,28+ days,N,unavailable,unavailable,3
202105,unavailable,BNE,AKL,V,A,NF,unavailable,unavailable,45 - 54 years,M,8 - 14 days,H,unavailable,unavailable,3
202105,unavailable,SYD,CHC,V,A,AU,unavailable,unavailable,55 - 64 years,F,less than 7 days,E,unavailable,unavailable,3
202105,unavailable,SYD,WLG,V,A,AU,unavailable,unavailable,35 - 44 years,F,15 to 27 days,H,unavailable,unavailable,3
202105,unavailable,SIN,AKL,V,A,PH,unavailable,unavailable,35 - 44 years,F,28+ days,O,unavailable,unavailable,3
202105,unavailable,OOL,CHC,V,A,AU,unavailable,unavailable,75+,M,15 to 27 days,V,unavailable,unavailable,3
202105,unavailable,SYD,AKL,V,A,NZ,unavailable,unavailable,55 - 64 years,F,less than 7 days,N,unavailable,unavailable,3
202105,unavailable,IUE,AKL,V,A,NU,unavailable,unavailable,01 - 11 years,M,8 - 14 days,V,unavailable,unavailable,3
202105,unavailable,APW,AKL,V,A,WS,unavailable,unavailable,01 - 11 years,M,28+ days,O,unavailable,unavailable,3
202105,unavailable,OOL,AKL,V,A,AU,unavailable,unavailable,35 - 44 years,F,28+ days,O,unavailable,unavailable,3
202105,unavailable,SYD,AKL,V,A,HK,unavailable,unavailable,25 - 34 years,M,28+ days,V,unavailable,unavailable,3
202105,unavailable,SYD,CHC,V,A,AU,unavailable,unavailable,25 - 34 years,M,28+ days,N,unavailable,unavailable,3
202105,unavailable,BNE,WLG,V,A,AU,unavailable,unavailable,19 - 24 years,M,28+ days,V,unavailable,unavailable,3
202105,unavailable,OOL,AKL,V,A,AU,unavailable,unavailable,12 - 18 years,M,15 to 27 days,H,unavailable,unavailable,3
202105,unavailable,KUL,AKL,V,A,GB,unavailable,unavailable,45 - 54 years,F,15 to 27 days,N,unavailable,unavailable,3
202105,unavailable,BNE,CHC,V,A,AU,unavailable,unavailable,65 - 74 years,F,less than 7 days,B,unavailable,unavailable,3
202105,unavailable,SYD,AKL,V,A,US,unavailable,unavailable,25 - 34 years,M,less than 7 days,N,unavailable,unavailable,3
202105,unavailable,SIN,AKL,V,A,VN,unavailable,unavailable,55 - 64 years,M,28+ days,H,unavailable,unavailable,3
202105,unavailable,PER,AKL,V,A,AU,unavailable,unavailable,12 - 18 years,F,28+ days,O,unavailable,unavailable,3
202105,unavailable,SIN,AKL,V,A,DE,unavailable,unavailable,35 - 44 years,M,28+ days,V,unavailable,unavailable,3
202105,unavailable,HBA,AKL,V,A,AU,unavailable,unavailable,19 - 24 years,F,28+ days,O,unavailable,unavailable,3
202105,unavailable,SYD,AKL,V,A,NZ,unavailable,unavailable,35 - 44 years,F,28+ days,B,unavailable,unavailable,3
202105,unavailable,SHA,AKL,V,A,XX,unavailable,unavailable,45 - 54 years,M,less than 7 days,N,unavailable,unavailable,3
202105,unavailable,SYD,CHC,V,A,AU,unavailable,unavailable,12 - 18 years,F,28+ days,H,unavailable,unavailable,3
202105,unavailable,NAN,AKL,V,A,FJ,unavailable,unavailable,45 - 54 years,M,28+ days,H,unavailable,unavailable,3
202105,unavailable,KUL,AKL,V,A,BH,unavailable,unavailable,35 - 44 years,F,28+ days,V,unavailable,unavailable,3
202105,unavailable,BNE,ZQN,V,A,AU,unavailable,unavailable,65 - 74 years,F,28+ days,O,unavailable,unavailable,3
202105,unavailable,KUL,AKL,V,A,AE,unavailable,unavailable,65 - 74 years,F,28+ days,V,unavailable,unavailable,3
202105,unavailable,SYD,AKL,V,A,US,unavailable,unavailable,19 - 24 years,M,28+ days,B,unavailable,unavailable,3
202105,unavailable,NRT,AKL,V,A,JP,unavailable,unavailable,25 - 34 years,F,28+ days,E,unavailable,unavailable,3
202105,unavailable,ZZS,AKL,V,A,XX,unavailable,unavailable,25 - 34 years,M,8 - 14 days,N,unavailable,unavailable,3
202105,unavailable,BNE,WLG,V,A,AU,unavailable,unavailable,65 - 74 years,F,8 - 14 days,B,unavailable,unavailable,3
202105,unavailable,ZZS,NPL,V,A,XX,unavailable,unavailable,19 - 24 years,M,less than 7 days,N,unavailable,unavailable,3
202105,unavailable,SIN,AKL,V,A,TH,unavailable,unavailable,35 - 44 years,M,28+ days,V,unavailable,unavailable,3
202105,unavailable,ADL,AKL,V,A,AU,unavailable,unavailable,19 - 24 years,M,28+ days,B,unavailable,unavailable,3
202105,unavailable,SIN,CHC,V,A,ZA,unavailable,unavailable,55 - 64 years,F,28+ days,V,unavailable,unavailable,3
202105,unavailable,MEL,AKL,V,A,AU,unavailable,unavailable,Less than 1 year,M,28+ days,H,unavailable,unavailable,3
202105,unavailable,ADL,AKL,V,A,AU,unavailable,unavailable,75+,F,less than 7 days,V,unavailable,unavailable,3
202105,unavailable,OOL,CHC,V,A,AU,unavailable,unavailable,12 - 18 years,M,8 - 14 days,H,unavailable,unavailable,3
202105,unavailable,SYD,AKL,V,A,AU,unavailable,unavailable,55 - 64 years,F,28+ days,E,unavailable,unavailable,3
202105,unavailable,BNE,CHC,V,A,NF,unavailable,unavailable,55 - 64 years,F,15 to 27 days,H,unavailable,unavailable,3
202105,unavailable,SYD,CHC,V,A,AU,unavailable,unavailable,45 - 54 years,M,28+ days,N,unavailable,unavailable,3
202105,unavailable,BNE,AKL,V,A,GB,unavailable,unavailable,25 - 34 years,M,less than 7 days,V,unavailable,unavailable,3
202105,unavailable,SIN,CHC,V,A,GB,unavailable,unavailable,55 - 64 years,F,28+ days,V,unavailable,unavailable,3
202105,unavailable,SIN,AKL,V,A,CH,unavailable,unavailable,65 - 74 years,F,28+ days,V,unavailable,unavailable,3
202105,unavailable,BNE,AKL,V,A,AU,unavailable,unavailable,12 - 18 years,M,28+ days,O,unavailable,unavailable,3
202105,unavailable,HBA,AKL,V,A,AU,unavailable,unavailable,19 - 24 years,F,28+ days,H,unavailable,unavailable,3
202105,unavailable,MEL,WLG,V,A,GB,unavailable,unavailable,55 - 64 years,M,15 to 27 days,V,unavailable,unavailable,3
202105,unavailable,SIN,AKL,V,A,CN,unavailable,unavailable,35 - 44 years,F,28+ days,N,unavailable,unavailable,3
202105,unavailable,MEL,CHC,V,A,AU,unavailable,unavailable,25 - 34 years,F,less than 7 days,N,unavailable,unavailable,3
202105,unavailable,SYD,AKL,V,A,AU,unavailable,unavailable,35 - 44 years,M,15 to 27 days,E,unavailable,unavailable,3
202105,unavailable,CAN,AKL,V,A,CN,unavailable,unavailable,45 - 54 years,M,28+ days,O,unavailable,unavailable,3
202105,unavailable,NAN,AKL,V,A,FJ,unavailable,unavailable,01 - 11 years,F,28+ days,V,unavailable,unavailable,3
202105,unavailable,SYD,CHC,V,A,NP,unavailable,unavailable,35 - 44 years,M,less than 7 days,V,unavailable,unavailable,3
202105,unavailable,SYD,ZQN,V,A,AU,unavailable,unavailable,12 - 18 years,F,15 to 27 days,N,unavailable,unavailable,3
202105,unavailable,BNE,ZQN,V,A,NL,unavailable,unavailable,25 - 34 years,F,8 - 14 days,H,unavailable,unavailable,3
202105,unavailable,LAX,AKL,V,A,CK,unavailable,unavailable,35 - 44 years,M,28+ days,V,unavailable,unavailable,3
202105,unavailable,ADL,AKL,V,A,AU,unavailable,unavailable,65 - 74 years,F,less than 7 days,E,unavailable,unavailable,3
202105,unavailable,RAR,AKL,V,A,GB,unavailable,unavailable,65 - 74 years,M,less than 7 days,V,unavailable,unavailable,3
202105,unavailable,BNE,ZQN,V,A,AU,unavailable,unavailable,55 - 64 years,M,8 - 14 days,B,unavailable,unavailable,3
202105,unavailable,BNE,AKL,V,A,ZA,unavailable,unavailable,65 - 74 years,M,28+ days,N,unavailable,unavailable,3
202105,unavailable,APW,AKL,V,A,XX,unavailable,unavailable,19 - 24 years,F,28+ days,N,unavailable,unavailable,3
202105,unavailable,SYD,CHC,V,A,AU,unavailable,unavailable,Less than 1 year,F,15 to 27 days,H,unavailable,unavailable,3
202105,unavailable,OOL,AKL,V,A,AU,unavailable,unavailable,75+,F,8 - 14 days,H,unavailable,unavailable,3
202105,unavailable,RAR,AKL,V,A,CK,unavailable,unavailable,25 - 34 years,F,15 to 27 days,B,unavailable,unavailable,3
202105,unavailable,BNE,AKL,V,A,AU,unavailable,unavailable,45 - 54 years,M,15 to 27 days,O,unavailable,unavailable,3
202105,unavailable,OOL,CHC,V,A,AU,unavailable,unavailable,65 - 74 years,F,15 to 27 days,N,unavailable,unavailable,3
202105,unavailable,KUL,AKL,V,A,US,unavailable,unavailable,19 - 24 years,F,28+ days,V,unavailable,unavailable,3
202105,unavailable,KUL,AKL,V,A,GB,unavailable,unavailable,12 - 18 years,M,28+ days,O,unavailable,unavailable,3
202105,unavailable,MEL,ZQN,V,A,AU,unavailable,unavailable,Less than 1 year,F,15 to 27 days,V,unavailable,unavailable,3
202105,unavailable,SIN,AKL,V,A,SG,unavailable,unavailable,19 - 24 years,F,28+ days,N,unavailable,unavailable,3
202105,unavailable,MEL,CHC,V,A,AU,unavailable,unavailable,Less than 1 year,M,28+ days,N,unavailable,unavailable,3
202105,unavailable,OOL,CHC,V,A,AU,unavailable,unavailable,65 - 74 years,M,less than 7 days,B,unavailable,unavailable,3
202105,unavailable,SIN,AKL,V,A,TR,unavailable,unavailable,19 - 24 years,M,15 to 27 days,N,unavailable,unavailable,3
202105,unavailable,SYD,CHC,V,A,AU,unavailable,unavailable,19 - 24 years,M,28+ days,V,unavailable,unavailable,3
202105,unavailable,KUL,AKL,V,A,SA,unavailable,unavailable,25 - 34 years,F,28+ days,V,unavailable,unavailable,3
202105,unavailable,OOL,AKL,V,A,AU,unavailable,unavailable,25 - 34 years,F,15 to 27 days,N,unavailable,unavailable,3
202105,unavailable,PER,AKL,V,A,GB,unavailable,unavailable,65 - 74 years,M,15 to 27 days,V,unavailable,unavailable,3
202105,unavailable,HBA,AKL,V,A,AU,unavailable,unavailable,25 - 34 years,M,less than 7 days,V,unavailable,unavailable,3
202105,unavailable,BNE,AKL,V,A,QA,unavailable,unavailable,01 - 11 years,M,28+ days,H,unavailable,unavailable,3
202105,unavailable,SYD,ZQN,V,A,AU,unavailable,unavailable,55 - 64 years,F,less than 7 days,C,unavailable,unavailable,3
202105,unavailable,PER,AKL,V,A,FR,unavailable,unavailable,25 - 34 years,M,8 - 14 days,B,unavailable,unavailable,3
202105,unavailable,BNE,ZQN,V,A,AU,unavailable,unavailable,45 - 54 years,F,28+ days,V,unavailable,unavailable,3
202105,unavailable,NRT,AKL,V,A,CA,unavailable,unavailable,25 - 34 years,F,28+ days,V,unavailable,unavailable,3
202105,unavailable,KUL,AKL,V,A,OM,unavailable,unavailable,19 - 24 years,F,28+ days,E,unavailable,unavailable,3
202105,unavailable,BNE,CHC,V,A,AU,unavailable,unavailable,19 - 24 years,M,8 - 14 days,N,unavailable,unavailable,3
202105,unavailable,TBU,AKL,V,A,TO,unavailable,unavailable,55 - 64 years,F,28+ days,O,unavailable,unavailable,3
202105,unavailable,SIN,AKL,V,A,CA,unavailable,unavailable,25 - 34 years,M,28+ days,B,unavailable,unavailable,3
202105,unavailable,MEL,AKL,V,A,GB,unavailable,unavailable,45 - 54 years,M,less than 7 days,B,unavailable,unavailable,3
202105,unavailable,SIN,AKL,V,A,NO,unavailable,unavailable,01 - 11 years,F,28+ days,V,unavailable,unavailable,3
202105,unavailable,MEL,WLG,V,A,AU,unavailable,unavailable,45 - 54 years,M,8 - 14 days,O,unavailable,unavailable,3
202105,unavailable,BNE,AKL,V,A,IN,unavailable,unavailable,01 - 11 years,F,28+ days,N,unavailable,unavailable,3
202105,unavailable,BNE,AKL,V,A,GB,unavailable,unavailable,45 - 54 years,F,15 to 27 days,V,unavailable,unavailable,3
202105,unavailable,SYD,WLG,V,A,AU,unavailable,unavailable,19 - 24 years,F,8 - 14 days,B,unavailable,unavailable,3
202105,unavailable,NAN,AKL,V,A,AU,unavailable,unavailable,01 - 11 years,F,15 to 27 days,O,unavailable,unavailable,3
202105,unavailable,BNE,AKL,V,A,AU,unavailable,unavailable,45 - 54 years,M,8 - 14 days,O,unavailable,unavailable,3
202105,unavailable,OOL,CHC,V,A,AU,unavailable,unavailable,Less than 1 year,F,8 - 14 days,V,unavailable,unavailable,3
202105,unavailable,KUL,AKL,V,A,IT,unavailable,unavailable,25 - 34 years,M,28+ days,B,unavailable,unavailable,3
202105,unavailable,SYD,CHC,V,A,AU,unavailable,unavailable,25 - 34 years,F,15 to 27 days,N,unavailable,unavailable,3
202105,unavailable,SYD,CHC,V,A,XX,unavailable,unavailable,01 - 11 years,F,less than 7 days,N,unavailable,unavailable,3
202105,unavailable,HBA,AKL,V,A,AU,unavailable,unavailable,35 - 44 years,F,less than 7 days,O,unavailable,unavailable,3
202105,unavailable,PER,AKL,V,A,AU,unavailable,unavailable,65 - 74 years,F,28+ days,N,unavailable,unavailable,3
202105,unavailable,OOL,CHC,V,A,AU,unavailable,unavailable,65 - 74 years,F,8 - 14 days,N,unavailable,unavailable,3
202105,unavailable,BNE,WLG,V,A,AU,unavailable,unavailable,45 - 54 years,F,15 to 27 days,N,unavailable,unavailable,3
202105,unavailable,MEL,ZQN,V,A,AU,unavailable,unavailable,25 - 34 years,F,8 - 14 days,N,unavailable,unavailable,3
202105,unavailable,MEL,AKL,V,A,AU,unavailable,unavailable,Less than 1 year,M,8 - 14 days,O,unavailable,unavailable,3
202105,unavailable,MEL,WLG,V,A,AU,unavailable,unavailable,45 - 54 years,F,28+ days,N,unavailable,unavailable,3
202105,unavailable,SIN,AKL,V,A,PH,unavailable,unavailable,35 - 44 years,F,28+ days,N,unavailable,unavailable,3
202105,unavailable,MEL,WLG,V,A,GB,unavailable,unavailable,55 - 64 years,M,8 - 14 days,N,unavailable,unavailable,3
202105,unavailable,BNE,AKL,V,A,CA,unavailable,unavailable,45 - 54 years,F,28+ days,H,unavailable,unavailable,3
202105,unavailable,KUL,AKL,V,A,XX,unavailable,unavailable,25 - 34 years,F,28+ days,N,unavailable,unavailable,3
202105,unavailable,MEL,ZQN,V,A,AU,unavailable,unavailable,Less than 1 year,F,15 to 27 days,H,unavailable,unavailable,3
202105,unavailable,PER,AKL,V,A,AU,unavailable,unavailable,19 - 24 years,F,28+ days,H,unavailable,unavailable,3
202105,unavailable,BNE,WLG,V,A,AU,unavailable,unavailable,01 - 11 years,M,8 - 14 days,B,unavailable,unavailable,3
202105,unavailable,SYD,ZQN,V,A,AU,unavailable,unavailable,Less than 1 year,M,less than 7 days,V,unavailable,unavailable,3
202105,unavailable,PER,AKL,V,A,AU,unavailable,unavailable,12 - 18 years,F,28+ days,V,unavailable,unavailable,3
202105,unavailable,OOL,AKL,V,A,AU,unavailable,unavailable,65 - 74 years,M,less than 7 days,O,unavailable,unavailable,3
202105,unavailable,SIN,CHC,V,A,MY,unavailable,unavailable,12 - 18 years,F,28+ days,V,unavailable,unavailable,3
202105,unavailable,BNE,CHC,V,A,CA,unavailable,unavailable,25 - 34 years,F,28+ days,V,unavailable,unavailable,3
202105,unavailable,LAX,AKL,V,A,US,unavailable,unavailable,25 - 34 years,M,15 to 27 days,V,unavailable,unavailable,3
202105,unavailable,MEL,AKL,V,A,AU,unavailable,unavailable,55 - 64 years,M,less than 7 days,E,unavailable,unavailable,3
202105,unavailable,SYD,ZQN,V,A,AU,unavailable,unavailable,25 - 34 years,M,less than 7 days,O,unavailable,unavailable,3
202105,unavailable,BNE,AKL,V,A,ZA,unavailable,unavailable,75+,M,28+ days,O,unavailable,unavailable,3
202105,unavailable,SIN,AKL,V,A,GB,unavailable,unavailable,19 - 24 years,M,28+ days,O,unavailable,unavailable,3
202105,unavailable,HBA,AKL,V,A,AU,unavailable,unavailable,65 - 74 years,M,8 - 14 days,H,unavailable,unavailable,3
202105,unavailable,BNE,WLG,V,A,AU,unavailable,unavailable,75+,F,28+ days,V,unavailable,unavailable,3
202105,unavailable,SIN,AKL,V,A,NL,unavailable,unavailable,25 - 34 years,F,28+ days,N,unavailable,unavailable,3
202105,unavailable,LAX,AKL,V,A,US,unavailable,unavailable,25 - 34 years,M,15 to 27 days,O,unavailable,unavailable,3
202105,unavailable,PER,AKL,V,A,AU,unavailable,unavailable,19 - 24 years,F,8 - 14 days,O,unavailable,unavailable,3
202105,unavailable,LAX,AKL,V,A,US,unavailable,unavailable,45 - 54 years,F,15 to 27 days,O,unavailable,unavailable,3
202105,unavailable,ADL,AKL,V,A,AU,unavailable,unavailable,65 - 74 years,M,15 to 27 days,H,unavailable,unavailable,3
202105,unavailable,SYD,ZQN,V,A,AU,unavailable,unavailable,12 - 18 years,F,15 to 27 days,H,unavailable,unavailable,3
202105,unavailable,RAR,AKL,V,A,CK,unavailable,unavailable,45 - 54 years,F,28+ days,N,unavailable,unavailable,3
202105,unavailable,BNE,WLG,V,A,AU,unavailable,unavailable,45 - 54 years,M,15 to 27 days,N,unavailable,unavailable,3
202105,unavailable,LAX,AKL,V,A,US,unavailable,unavailable,45 - 54 years,M,15 to 27 days,O,unavailable,unavailable,3
202105,unavailable,KUL,AKL,V,A,PH,unavailable,unavailable,25 - 34 years,M,8 - 14 days,O,unavailable,unavailable,3
202105,unavailable,BNE,AKL,V,A,PH,unavailable,unavailable,12 - 18 years,M,28+ days,N,unavailable,unavailable,3
202105,unavailable,BNE,ZQN,V,A,AU,unavailable,unavailable,35 - 44 years,F,less than 7 days,N,unavailable,unavailable,3
202105,unavailable,SYD,AKL,V,A,US,unavailable,unavailable,Less than 1 year,M,28+ days,V,unavailable,unavailable,3
202105,unavailable,SIN,AKL,V,A,NP,unavailable,unavailable,35 - 44 years,F,28+ days,O,unavailable,unavailable,3
202105,unavailable,BNE,ZQN,V,A,XX,unavailable,unavailable,45 - 54 years,F,less than 7 days,N,unavailable,unavailable,3
202105,unavailable,IUE,AKL,V,A,NU,unavailable,unavailable,65 - 74 years,M,28+ days,H,unavailable,unavailable,3
202105,unavailable,KUL,AKL,V,A,CA,unavailable,unavailable,12 - 18 years,F,28+ days,N,unavailable,unavailable,3
202105,unavailable,MEL,CHC,V,A,AU,unavailable,unavailable,Less than 1 year,M,15 to 27 days,V,unavailable,unavailable,3
202105,unavailable,BNE,CHC,V,A,AU,unavailable,unavailable,35 - 44 years,M,less than 7 days,O,unavailable,unavailable,3
202105,unavailable,BNE,AKL,V,A,XX,unavailable,unavailable,55 - 64 years,M,less than 7 days,N,unavailable,unavailable,3
202105,unavailable,PER,AKL,V,A,AU,unavailable,unavailable,12 - 18 years,F,15 to 27 days,N,unavailable,unavailable,3
202105,unavailable,SYD,AKL,V,A,CK,unavailable,unavailable,12 - 18 years,F,15 to 27 days,O,unavailable,unavailable,3
202105,unavailable,SIN,AKL,V,A,CH,unavailable,unavailable,35 - 44 years,M,28+ days,B,unavailable,unavailable,3
202105,unavailable,SIN,AKL,V,A,AE,unavailable,unavailable,25 - 34 years,M,28+ days,V,unavailable,unavailable,3
202105,unavailable,BNE,CHC,V,A,AU,unavailable,unavailable,45 - 54 years,F,8 - 14 days,O,unavailable,unavailable,3
202105,unavailable,SIN,AKL,V,A,FR,unavailable,unavailable,19 - 24 years,F,28+ days,V,unavailable,unavailable,3
202105,unavailable,SYD,CHC,V,A,AU,unavailable,unavailable,35 - 44 years,F,8 - 14 days,B,unavailable,unavailable,3
202105,unavailable,MEL,AKL,V,A,XX,unavailable,unavailable,Less than 1 year,M,15 to 27 days,N,unavailable,unavailable,3
202105,unavailable,HBA,AKL,V,A,AU,unavailable,unavailable,75+,M,8 - 14 days,V,unavailable,unavailable,3
202105,unavailable,BNE,AKL,V,A,NO,unavailable,unavailable,12 - 18 years,F,28+ days,V,unavailable,unavailable,3
202105,unavailable,BNE,AKL,V,A,XX,unavailable,unavailable,45 - 54 years,M,15 to 27 days,N,unavailable,unavailable,3
202105,unavailable,BNE,WLG,V,A,AU,unavailable,unavailable,55 - 64 years,F,15 to 27 days,N,unavailable,unavailable,3
202105,unavailable,SYD,AKL,V,A,SB,unavailable,unavailable,35 - 44 years,F,less than 7 days,B,unavailable,unavailable,3
202105,unavailable,SYD,AKL,V,A,XX,unavailable,unavailable,45 - 54 years,F,28+ days,N,unavailable,unavailable,3
202105,unavailable,BNE,AKL,V,A,XX,unavailable,unavailable,01 - 11 years,F,15 to 27 days,N,unavailable,unavailable,3
202105,unavailable,BNE,WLG,V,A,AU,unavailable,unavailable,45 - 54 years,F,8 - 14 days,B,unavailable,unavailable,3
202105,unavailable,BNE,AKL,V,A,AU,unavailable,unavailable,25 - 34 years,F,28+ days,O,unavailable,unavailable,3
202105,unavailable,MEL,ZQN,V,A,AU,unavailable,unavailable,45 - 54 years,F,28+ days,H,unavailable,unavailable,3
202105,unavailable,OOL,CHC,V,A,AU,unavailable,unavailable,25 - 34 years,F,less than 7 days,H,unavailable,unavailable,3
202105,unavailable,RAR,AKL,V,A,CK,unavailable,unavailable,12 - 18 years,F,28+ days,H,unavailable,unavailable,3
202105,unavailable,SIN,AKL,V,A,PH,unavailable,unavailable,55 - 64 years,M,15 to 27 days,V,unavailable,unavailable,3
202105,unavailable,SYD,AKL,V,A,XX,unavailable,unavailable,19 - 24 years,M,less than 7 days,N,unavailable,unavailable,3
202105,unavailable,OOL,AKL,V,A,AU,unavailable,unavailable,65 - 74 years,F,15 to 27 days,N,unavailable,unavailable,3
202105,unavailable,MEL,ZQN,V,A,AU,unavailable,unavailable,65 - 74 years,M,15 to 27 days,B,unavailable,unavailable,3
202105,unavailable,LAX,AKL,V,A,AU,unavailable,unavailable,55 - 64 years,M,15 to 27 days,V,unavailable,unavailable,3
202105,unavailable,RAR,AKL,V,A,CK,unavailable,unavailable,01 - 11 years,M,15 to 27 days,O,unavailable,unavailable,3
202105,unavailable,BNE,AKL,V,A,BE,unavailable,unavailable,25 - 34 years,M,28+ days,V,unavailable,unavailable,3
202105,unavailable,CAN,AKL,V,A,CN,unavailable,unavailable,55 - 64 years,M,28+ days,O,unavailable,unavailable,3
202105,unavailable,NRT,AKL,V,A,US,unavailable,unavailable,55 - 64 years,F,28+ days,O,unavailable,unavailable,3
202105,unavailable,BNE,AKL,V,A,ZA,unavailable,unavailable,25 - 34 years,M,28+ days,V,unavailable,unavailable,3
202105,unavailable,SIN,AKL,V,A,PH,unavailable,unavailable,25 - 34 years,M,28+ days,E,unavailable,unavailable,3
202105,unavailable,SYD,ZQN,V,A,AU,unavailable,unavailable,35 - 44 years,M,28+ days,B,unavailable,unavailable,3
202105,unavailable,LAX,AKL,V,A,US,unavailable,unavailable,35 - 44 years,F,15 to 27 days,V,unavailable,unavailable,3
202105,unavailable,SHA,AKL,V,A,CN,unavailable,unavailable,75+,F,28+ days,N,unavailable,unavailable,3
202105,unavailable,KUL,AKL,V,A,DE,unavailable,unavailable,65 - 74 years,M,28+ days,O,unavailable,unavailable,3
202105,unavailable,SIN,AKL,V,A,XX,unavailable,unavailable,12 - 18 years,F,28+ days,N,unavailable,unavailable,3
202105,unavailable,LAX,AKL,V,A,MX,unavailable,unavailable,45 - 54 years,F,28+ days,V,unavailable,unavailable,3
202105,unavailable,SIN,AKL,V,A,AU,unavailable,unavailable,35 - 44 years,M,28+ days,H,unavailable,unavailable,3
202105,unavailable,RAR,AKL,V,A,CK,unavailable,unavailable,12 - 18 years,M,less than 7 days,O,unavailable,unavailable,3
202105,unavailable,SYD,ZQN,V,A,AU,unavailable,unavailable,65 - 74 years,M,8 - 14 days,C,unavailable,unavailable,3
202105,unavailable,APW,AKL,V,A,XX,unavailable,unavailable,35 - 44 years,M,less than 7 days,N,unavailable,unavailable,3
202105,unavailable,HBA,AKL,V,A,AU,unavailable,unavailable,12 - 18 years,M,15 to 27 days,V,unavailable,unavailable,3
202105,unavailable,IUE,AKL,V,A,XX,unavailable,unavailable,55 - 64 years,F,15 to 27 days,N,unavailable,unavailable,3
202105,unavailable,MEL,WLG,V,A,AU,unavailable,unavailable,65 - 74 years,M,less than 7 days,H,unavailable,unavailable,3
202105,unavailable,TBU,AKL,V,A,TO,unavailable,unavailable,01 - 11 years,F,28+ days,O,unavailable,unavailable,3
202105,unavailable,SIN,AKL,V,A,DE,unavailable,unavailable,35 - 44 years,F,28+ days,V,unavailable,unavailable,3
202105,unavailable,KUL,AKL,V,A,OM,unavailable,unavailable,35 - 44 years,F,15 to 27 days,V,unavailable,unavailable,3
202105,unavailable,SIN,AKL,V,A,DE,unavailable,unavailable,19 - 24 years,M,28+ days,V,unavailable,unavailable,3
202105,unavailable,KUL,AKL,V,A,SO,unavailable,unavailable,25 - 34 years,M,28+ days,V,unavailable,unavailable,3
202105,unavailable,KUL,AKL,V,A,GB,unavailable,unavailable,45 - 54 years,M,15 to 27 days,N,unavailable,unavailable,3
202105,unavailable,MEL,WLG,V,A,AU,unavailable,unavailable,35 - 44 years,F,8 - 14 days,N,unavailable,unavailable,3
202105,unavailable,MEL,ZQN,V,A,AU,unavailable,unavailable,45 - 54 years,M,15 to 27 days,H,unavailable,unavailable,3
202105,unavailable,BNE,AKL,V,A,XX,unavailable,unavailable,Less than 1 year,F,28+ days,N,unavailable,unavailable,3
202105,unavailable,KUL,AKL,V,A,GB,unavailable,unavailable,65 - 74 years,F,28+ days,V,unavailable,unavailable,3
202105,unavailable,SIN,AKL,V,A,PH,unavailable,unavailable,25 - 34 years,M,28+ days,O,unavailable,unavailable,3
202105,unavailable,SIN,AKL,V,A,GB,unavailable,unavailable,35 - 44 years,M,28+ days,B,unavailable,unavailable,3
202105,unavailable,BNE,AKL,V,A,IQ,unavailable,unavailable,45 - 54 years,M,28+ days,N,unavailable,unavailable,3
202105,unavailable,BNE,WLG,V,A,AU,unavailable,unavailable,45 - 54 years,M,8 - 14 days,B,unavailable,unavailable,3
202105,unavailable,SYD,AKL,V,A,AU,unavailable,unavailable,25 - 34 years,F,15 to 27 days,O,unavailable,unavailable,3
202105,unavailable,BNE,CHC,V,A,AU,unavailable,unavailable,65 - 74 years,M,8 - 14 days,N,unavailable,unavailable,3
202105,unavailable,BNE,WLG,V,A,AU,unavailable,unavailable,35 - 44 years,F,less than 7 days,O,unavailable,unavailable,3
202105,unavailable,SYD,CHC,V,A,AU,unavailable,unavailable,65 - 74 years,F,28+ days,H,unavailable,unavailable,3
202105,unavailable,HBA,AKL,V,A,AU,unavailable,unavailable,65 - 74 years,F,8 - 14 days,N,unavailable,unavailable,3
202105,unavailable,SYD,ZQN,V,A,GB,unavailable,unavailable,25 - 34 years,F,8 - 14 days,V,unavailable,unavailable,3
202105,unavailable,SYD,AKL,V,A,TW,unavailable,unavailable,25 - 34 years,M,8 - 14 days,O,unavailable,unavailable,3
202105,unavailable,LAX,AKL,V,A,AR,unavailable,unavailable,25 - 34 years,M,28+ days,C,unavailable,unavailable,3
202105,unavailable,BNE,AKL,V,A,ZA,unavailable,unavailable,25 - 34 years,F,28+ days,N,unavailable,unavailable,3
202105,unavailable,BNE,WLG,V,A,AU,unavailable,unavailable,65 - 74 years,M,less than 7 days,O,unavailable,unavailable,3
202105,unavailable,HBA,AKL,V,A,AU,unavailable,unavailable,01 - 11 years,M,8 - 14 days,N,unavailable,unavailable,3
202105,unavailable,BNE,CHC,V,A,AU,unavailable,unavailable,35 - 44 years,F,less than 7 days,N,unavailable,unavailable,3
202105,unavailable,SIN,AKL,V,A,KG,unavailable,unavailable,55 - 64 years,M,28+ days,V,unavailable,unavailable,3
202105,unavailable,SIN,CHC,V,A,SG,unavailable,unavailable,35 - 44 years,M,28+ days,V,unavailable,unavailable,3
202105,unavailable,ADL,AKL,V,A,HK,unavailable,unavailable,01 - 11 years,M,8 - 14 days,V,unavailable,unavailable,3
202105,unavailable,SIN,CHC,V,A,ZA,unavailable,unavailable,55 - 64 years,M,28+ days,V,unavailable,unavailable,3
202105,unavailable,SYD,ZQN,V,A,AU,unavailable,unavailable,35 - 44 years,M,8 - 14 days,B,unavailable,unavailable,3
202105,unavailable,OOL,CHC,V,A,AU,unavailable,unavailable,35 - 44 years,M,8 - 14 days,H,unavailable,unavailable,3
202105,unavailable,SIN,AKL,V,A,GB,unavailable,unavailable,19 - 24 years,F,15 to 27 days,V,unavailable,unavailable,3
202105,unavailable,BNE,AKL,V,A,IN,unavailable,unavailable,25 - 34 years,F,28+ days,N,unavailable,unavailable,3
202105,unavailable,CAN,AKL,V,A,XX,unavailable,unavailable,45 - 54 years,M,28+ days,N,unavailable,unavailable,3
202105,unavailable,KUL,AKL,V,A,PT,unavailable,unavailable,25 - 34 years,F,28+ days,V,unavailable,unavailable,3
202105,unavailable,SYD,AKL,V,A,GB,unavailable,unavailable,25 - 34 years,M,less than 7 days,H,unavailable,unavailable,3
202105,unavailable,LAX,AKL,V,A,US,unavailable,unavailable,12 - 18 years,M,28+ days,O,unavailable,unavailable,3
202105,unavailable,SIN,AKL,V,A,MY,unavailable,unavailable,25 - 34 years,F,28+ days,H,unavailable,unavailable,3
202105,unavailable,SYD,AKL,V,A,AU,unavailable,unavailable,75+,M,28+ days,H,unavailable,unavailable,3
202105,unavailable,SIN,CHC,V,A,SG,unavailable,unavailable,35 - 44 years,M,15 to 27 days,V,unavailable,unavailable,3
202105,unavailable,NRT,AKL,V,A,JP,unavailable,unavailable,65 - 74 years,F,28+ days,H,unavailable,unavailable,3
202105,unavailable,KUL,AKL,V,A,SD,unavailable,unavailable,55 - 64 years,M,28+ days,N,unavailable,unavailable,3
202105,unavailable,RAR,AKL,V,A,CK,unavailable,unavailable,35 - 44 years,F,15 to 27 days,O,unavailable,unavailable,3
202105,unavailable,SHA,AKL,V,A,CN,unavailable,unavailable,25 - 34 years,F,28+ days,H,unavailable,unavailable,3
202105,unavailable,BNE,ZQN,V,A,AU,unavailable,unavailable,01 - 11 years,M,less than 7 days,B,unavailable,unavailable,3
202105,unavailable,SYD,CHC,V,A,AU,unavailable,unavailable,25 - 34 years,F,28+ days,B,unavailable,unavailable,3
202105,unavailable,MEL,CHC,V,A,XX,unavailable,unavailable,25 - 34 years,M,15 to 27 days,N,unavailable,unavailable,3
202105,unavailable,SIN,AKL,V,A,NZ,unavailable,unavailable,45 - 54 years,F,28+ days,H,unavailable,unavailable,3
202105,unavailable,HBA,AKL,V,A,AU,unavailable,unavailable,35 - 44 years,M,28+ days,V,unavailable,unavailable,3
202105,unavailable,SYD,AKL,V,A,SG,unavailable,unavailable,25 - 34 years,M,8 - 14 days,V,unavailable,unavailable,3
202105,unavailable,RAR,AKL,V,A,GB,unavailable,unavailable,65 - 74 years,F,less than 7 days,V,unavailable,unavailable,3
202105,unavailable,SYD,ZQN,V,A,AU,unavailable,unavailable,55 - 64 years,M,8 - 14 days,N,unavailable,unavailable,3
202105,unavailable,ADL,AKL,V,A,AU,unavailable,unavailable,19 - 24 years,F,15 to 27 days,E,unavailable,unavailable,3
202105,unavailable,SYD,WLG,V,A,HK,unavailable,unavailable,25 - 34 years,M,8 - 14 days,H,unavailable,unavailable,3
202105,unavailable,SYD,WLG,V,A,AU,unavailable,unavailable,55 - 64 years,F,less than 7 days,C,unavailable,unavailable,3
202105,unavailable,MEL,WLG,V,A,AU,unavailable,unavailable,12 - 18 years,F,15 to 27 days,H,unavailable,unavailable,3
202105,unavailable,SYD,WLG,V,A,AU,unavailable,unavailable,25 - 34 years,M,8 - 14 days,N,unavailable,unavailable,3
202105,unavailable,BNE,CHC,V,A,AU,unavailable,unavailable,45 - 54 years,F,8 - 14 days,N,unavailable,unavailable,3
202105,unavailable,BNE,CHC,V,A,AU,unavailable,unavailable,45 - 54 years,M,28+ days,E,unavailable,unavailable,3
202105,unavailable,LAX,AKL,V,A,NZ,unavailable,unavailable,55 - 64 years,M,28+ days,N,unavailable,unavailable,3
202105,unavailable,BNE,WLG,V,A,AU,unavailable,unavailable,Less than 1 year,M,8 - 14 days,V,unavailable,unavailable,3
202105,unavailable,CAN,AKL,V,A,CN,unavailable,unavailable,25 - 34 years,M,28+ days,N,unavailable,unavailable,3
202105,unavailable,CAN,AKL,V,A,XX,unavailable,unavailable,01 - 11 years,M,28+ days,N,unavailable,unavailable,3
202105,unavailable,KUL,AKL,V,A,ES,unavailable,unavailable,25 - 34 years,M,15 to 27 days,B,unavailable,unavailable,3
202105,unavailable,RAR,AKL,V,A,NZ,unavailable,unavailable,19 - 24 years,F,less than 7 days,E,unavailable,unavailable,3
202105,unavailable,SYD,AKL,V,A,NZ,unavailable,unavailable,35 - 44 years,F,less than 7 days,N,unavailable,unavailable,3
202105,unavailable,MEL,ZQN,V,A,AU,unavailable,unavailable,25 - 34 years,F,8 - 14 days,B,unavailable,unavailable,3
202105,unavailable,MEL,AKL,V,A,AU,unavailable,unavailable,45 - 54 years,M,less than 7 days,O,unavailable,unavailable,3
202105,unavailable,MEL,CHC,V,A,XX,unavailable,unavailable,35 - 44 years,F,8 - 14 days,N,unavailable,unavailable,3
202105,unavailable,PER,AKL,V,A,NZ,unavailable,unavailable,25 - 34 years,F,8 - 14 days,V,unavailable,unavailable,3
202105,unavailable,OOL,CHC,V,A,AU,unavailable,unavailable,45 - 54 years,M,15 to 27 days,B,unavailable,unavailable,3
202105,unavailable,SYD,CHC,V,A,XX,unavailable,unavailable,55 - 64 years,M,less than 7 days,N,unavailable,unavailable,3
202105,unavailable,KUL,AKL,V,A,NZ,unavailable,unavailable,25 - 34 years,F,28+ days,V,unavailable,unavailable,3
202105,unavailable,BNE,AKL,V,A,AE,unavailable,unavailable,65 - 74 years,F,15 to 27 days,V,unavailable,unavailable,3
202105,unavailable,MEL,WLG,V,A,AU,unavailable,unavailable,35 - 44 years,F,28+ days,H,unavailable,unavailable,3
202105,unavailable,RAR,AKL,V,A,CK,unavailable,unavailable,45 - 54 years,M,less than 7 days,B,unavailable,unavailable,3
202105,unavailable,MEL,CHC,V,A,AU,unavailable,unavailable,01 - 11 years,M,8 - 14 days,N,unavailable,unavailable,3
202105,unavailable,SYD,CHC,V,A,AU,unavailable,unavailable,01 - 11 years,M,15 to 27 days,E,unavailable,unavailable,3
202105,unavailable,MEL,WLG,V,A,ES,unavailable,unavailable,25 - 34 years,M,less than 7 days,O,unavailable,unavailable,3
202105,unavailable,BNE,CHC,V,A,AU,unavailable,unavailable,19 - 24 years,F,15 to 27 days,N,unavailable,unavailable,3
202105,unavailable,HKG,AKL,V,A,HK,unavailable,unavailable,65 - 74 years,M,28+ days,B,unavailable,unavailable,3
202105,unavailable,SYD,CHC,V,A,AU,unavailable,unavailable,01 - 11 years,F,28+ days,N,unavailable,unavailable,3
202105,unavailable,SYD,WLG,V,A,AU,unavailable,unavailable,55 - 64 years,F,15 to 27 days,H,unavailable,unavailable,3
202105,unavailable,HBA,AKL,V,A,AU,unavailable,unavailable,25 - 34 years,M,15 to 27 days,V,unavailable,unavailable,3
202105,unavailable,HKG,AKL,V,A,HK,unavailable,unavailable,25 - 34 years,M,15 to 27 days,O,unavailable,unavailable,3
202105,unavailable,MEL,WLG,V,A,XX,unavailable,unavailable,35 - 44 years,M,28+ days,N,unavailable,unavailable,3
202105,unavailable,MEL,AKL,V,A,AU,unavailable,unavailable,35 - 44 years,M,8 - 14 days,E,unavailable,unavailable,3
202105,unavailable,SIN,AKL,V,A,IT,unavailable,unavailable,35 - 44 years,F,28+ days,V,unavailable,unavailable,3
202105,unavailable,KUL,AKL,V,A,NL,unavailable,unavailable,25 - 34 years,M,28+ days,N,unavailable,unavailable,3
202105,unavailable,BNE,AKL,V,A,IN,unavailable,unavailable,25 - 34 years,M,28+ days,N,unavailable,unavailable,3
202105,unavailable,BNE,CHC,V,A,AU,unavailable,unavailable,25 - 34 years,F,8 - 14 days,O,unavailable,unavailable,3
202105,unavailable,SYD,CHC,V,A,AU,unavailable,unavailable,75+,M,15 to 27 days,H,unavailable,unavailable,3
202105,unavailable,SIN,AKL,V,A,TH,unavailable,unavailable,35 - 44 years,M,28+ days,B,unavailable,unavailable,3
202105,unavailable,PER,AKL,V,A,AU,unavailable,unavailable,75+,M,8 - 14 days,N,unavailable,unavailable,3
202105,unavailable,RAR,AKL,V,A,CK,unavailable,unavailable,55 - 64 years,M,15 to 27 days,N,unavailable,unavailable,3
202105,unavailable,OOL,AKL,V,A,AU,unavailable,unavailable,65 - 74 years,F,less than 7 days,O,unavailable,unavailable,3
202105,unavailable,HKG,AKL,V,A,HK,unavailable,unavailable,35 - 44 years,F,28+ days,V,unavailable,unavailable,3
202105,unavailable,RAR,AKL,V,A,CK,unavailable,unavailable,19 - 24 years,F,less than 7 days,V,unavailable,unavailable,3
202105,unavailable,SIN,AKL,V,A,GB,unavailable,unavailable,25 - 34 years,M,28+ days,O,unavailable,unavailable,3
202105,unavailable,MEL,CHC,V,A,AU,unavailable,unavailable,55 - 64 years,F,8 - 14 days,E,unavailable,unavailable,3
202105,unavailable,SIN,CHC,V,A,PG,unavailable,unavailable,35 - 44 years,M,28+ days,N,unavailable,unavailable,3
202105,unavailable,LAX,AKL,V,A,HK,unavailable,unavailable,55 - 64 years,F,28+ days,O,unavailable,unavailable,3
202105,unavailable,MEL,CHC,V,A,AU,unavailable,unavailable,19 - 24 years,F,28+ days,B,unavailable,unavailable,3
202105,unavailable,BNE,AKL,V,A,IN,unavailable,unavailable,75+,F,28+ days,N,unavailable,unavailable,3
202105,unavailable,SYD,AKL,V,A,AU,unavailable,unavailable,75+,M,15 to 27 days,B,unavailable,unavailable,3
202105,unavailable,BNE,AKL,V,A,NG,unavailable,unavailable,01 - 11 years,F,28+ days,V,unavailable,unavailable,3
202105,unavailable,SYD,ZQN,V,A,AU,unavailable,unavailable,55 - 64 years,F,8 - 14 days,O,unavailable,unavailable,3
202105,unavailable,SEL,AKL,V,A,KR,unavailable,unavailable,55 - 64 years,F,28+ days,N,unavailable,unavailable,3
202105,unavailable,KUL,AKL,V,A,PT,unavailable,unavailable,01 - 11 years,M,28+ days,V,unavailable,unavailable,3
202105,unavailable,ADL,AKL,V,A,AU,unavailable,unavailable,45 - 54 years,M,less than 7 days,C,unavailable,unavailable,3
202105,unavailable,BNE,AKL,V,A,GB,unavailable,unavailable,25 - 34 years,F,less than 7 days,V,unavailable,unavailable,3
202105,unavailable,ADL,AKL,V,A,AU,unavailable,unavailable,01 - 11 years,F,8 - 14 days,N,unavailable,unavailable,3
202105,unavailable,SYD,AKL,V,A,AU,unavailable,unavailable,12 - 18 years,M,28+ days,H,unavailable,unavailable,3
202105,unavailable,MEL,AKL,V,A,AU,unavailable,unavailable,12 - 18 years,M,less than 7 days,E,unavailable,unavailable,3
202105,unavailable,RAR,AKL,V,A,CK,unavailable,unavailable,35 - 44 years,M,15 to 27 days,H,unavailable,unavailable,3
202105,unavailable,SIN,AKL,V,A,UA,unavailable,unavailable,45 - 54 years,M,15 to 27 days,O,unavailable,unavailable,3
202105,unavailable,SYD,WLG,V,A,XX,unavailable,unavailable,25 - 34 years,M,8 - 14 days,N,unavailable,unavailable,3
202105,unavailable,APW,AKL,V,A,WS,unavailable,unavailable,55 - 64 years,M,28+ days,V,unavailable,unavailable,3
202105,unavailable,BNE,AKL,V,A,IN,unavailable,unavailable,01 - 11 years,M,28+ days,V,unavailable,unavailable,3
202105,unavailable,NAN,AKL,V,A,FJ,unavailable,unavailable,12 - 18 years,F,28+ days,H,unavailable,unavailable,3
202105,unavailable,MEL,WLG,V,A,AU,unavailable,unavailable,35 - 44 years,M,15 to 27 days,H,unavailable,unavailable,3
202105,unavailable,MEL,AKL,V,A,AU,unavailable,unavailable,45 - 54 years,M,8 - 14 days,C,unavailable,unavailable,3
202105,unavailable,BNE,AKL,V,A,AU,unavailable,unavailable,75+,M,less than 7 days,O,unavailable,unavailable,3
202105,unavailable,MEL,AKL,V,A,AU,unavailable,unavailable,45 - 54 years,M,15 to 27 days,E,unavailable,unavailable,3
202105,unavailable,BNE,AKL,V,A,AU,unavailable,unavailable,35 - 44 years,F,28+ days,H,unavailable,unavailable,3
202105,unavailable,SHA,AKL,V,A,CN,unavailable,unavailable,55 - 64 years,M,15 to 27 days,B,unavailable,unavailable,3
202105,unavailable,CBR,ZQN,V,A,AU,unavailable,unavailable,25 - 34 years,F,less than 7 days,B,unavailable,unavailable,3
202105,unavailable,IUE,AKL,V,A,FR,unavailable,unavailable,25 - 34 years,F,8 - 14 days,H,unavailable,unavailable,3
202105,unavailable,SYD,AKL,V,A,XX,unavailable,unavailable,45 - 54 years,F,15 to 27 days,N,unavailable,unavailable,3
202105,unavailable,SHA,AKL,V,A,XX,unavailable,unavailable,19 - 24 years,M,less than 7 days,N,unavailable,unavailable,3
202105,unavailable,BNE,WLG,V,A,NZ,unavailable,unavailable,19 - 24 years,F,28+ days,H,unavailable,unavailable,3
202105,unavailable,SYD,ZQN,V,A,AU,unavailable,unavailable,65 - 74 years,M,8 - 14 days,N,unavailable,unavailable,3
202105,unavailable,KUL,AKL,V,A,IE,unavailable,unavailable,12 - 18 years,F,28+ days,V,unavailable,unavailable,3
202105,unavailable,MEL,AKL,V,A,NL,unavailable,unavailable,55 - 64 years,F,less than 7 days,V,unavailable,unavailable,3
202105,unavailable,SIN,AKL,V,A,SG,unavailable,unavailable,35 - 44 years,M,28+ days,B,unavailable,unavailable,3
202105,unavailable,SYD,AKL,V,A,AU,unavailable,unavailable,Less than 1 year,F,8 - 14 days,N,unavailable,unavailable,3
202105,unavailable,ADL,AKL,V,A,AU,unavailable,unavailable,25 - 34 years,M,8 - 14 days,H,unavailable,unavailable,3
202105,unavailable,SIN,CHC,V,A,CH,unavailable,unavailable,25 - 34 years,F,28+ days,V,unavailable,unavailable,3
202105,unavailable,SYD,AKL,V,A,XX,unavailable,unavailable,12 - 18 years,F,less than 7 days,N,unavailable,unavailable,3
202105,unavailable,SYD,CHC,V,A,AU,unavailable,unavailable,35 - 44 years,M,15 to 27 days,O,unavailable,unavailable,3
202105,unavailable,OOL,AKL,V,A,AU,unavailable,unavailable,12 - 18 years,M,less than 7 days,E,unavailable,unavailable,3
202105,unavailable,SIN,AKL,V,A,PH,unavailable,unavailable,25 - 34 years,F,28+ days,C,unavailable,unavailable,3
202105,unavailable,MEL,AKL,V,A,US,unavailable,unavailable,25 - 34 years,M,8 - 14 days,V,unavailable,unavailable,3
202105,unavailable,KUL,AKL,V,A,YE,unavailable,unavailable,25 - 34 years,F,28+ days,V,unavailable,unavailable,3
202105,unavailable,SYD,WLG,V,A,AU,unavailable,unavailable,01 - 11 years,M,15 to 27 days,N,unavailable,unavailable,3
202105,unavailable,BNE,CHC,V,A,AU,unavailable,unavailable,75+,M,less than 7 days,C,unavailable,unavailable,3
202105,unavailable,MEL,AKL,V,A,CK,unavailable,unavailable,35 - 44 years,F,15 to 27 days,O,unavailable,unavailable,3
202105,unavailable,MEL,AKL,V,A,AU,unavailable,unavailable,25 - 34 years,M,8 - 14 days,C,unavailable,unavailable,3
202105,unavailable,MEL,WLG,V,A,AU,unavailable,unavailable,65 - 74 years,M,less than 7 days,O,unavailable,unavailable,3
202105,unavailable,ADL,AKL,V,A,AU,unavailable,unavailable,35 - 44 years,M,15 to 27 days,N,unavailable,unavailable,3
202105,unavailable,SYD,AKL,V,A,AU,unavailable,unavailable,Less than 1 year,M,28+ days,H,unavailable,unavailable,3
202105,unavailable,SYD,AKL,V,A,NZ,unavailable,unavailable,35 - 44 years,F,15 to 27 days,B,unavailable,unavailable,3
202105,unavailable,SYD,AKL,V,A,US,unavailable,unavailable,25 - 34 years,M,15 to 27 days,B,unavailable,unavailable,3
202105,unavailable,SYD,WLG,V,A,AU,unavailable,unavailable,25 - 34 years,M,15 to 27 days,B,unavailable,unavailable,3
202105,unavailable,SYD,AKL,V,A,US,unavailable,unavailable,55 - 64 years,M,less than 7 days,H,unavailable,unavailable,3
202105,unavailable,SYD,CHC,V,A,GB,unavailable,unavailable,35 - 44 years,M,8 - 14 days,H,unavailable,unavailable,3
202105,unavailable,BNE,CHC,V,A,AU,unavailable,unavailable,55 - 64 years,M,less than 7 days,C,unavailable,unavailable,3
202105,unavailable,SYD,AKL,V,A,US,unavailable,unavailable,25 - 34 years,F,less than 7 days,H,unavailable,unavailable,3
202105,unavailable,KUL,AKL,V,A,GB,unavailable,unavailable,25 - 34 years,F,15 to 27 days,O,unavailable,unavailable,3
202105,unavailable,SIN,CHC,V,A,MY,unavailable,unavailable,45 - 54 years,F,28+ days,V,unavailable,unavailable,3
202105,unavailable,BNE,AKL,V,A,XX,unavailable,unavailable,65 - 74 years,M,less than 7 days,N,unavailable,unavailable,3
202105,unavailable,SYD,WLG,V,A,SG,unavailable,unavailable,35 - 44 years,F,less than 7 days,B,unavailable,unavailable,3
202105,unavailable,MEL,WLG,V,A,AU,unavailable,unavailable,19 - 24 years,F,less than 7 days,H,unavailable,unavailable,3
202105,unavailable,RAR,AKL,V,A,NZ,unavailable,unavailable,35 - 44 years,F,15 to 27 days,N,unavailable,unavailable,3
202105,unavailable,BNE,AKL,V,A,AU,unavailable,unavailable,65 - 74 years,F,8 - 14 days,E,unavailable,unavailable,3
202105,unavailable,BNE,CHC,V,A,XX,unavailable,unavailable,19 - 24 years,F,28+ days,N,unavailable,unavailable,3
202105,unavailable,MEL,CHC,V,A,AU,unavailable,unavailable,65 - 74 years,M,28+ days,E,unavailable,unavailable,3
202105,unavailable,OOL,CHC,V,A,AU,unavailable,unavailable,01 - 11 years,M,8 - 14 days,H,unavailable,unavailable,3
202105,unavailable,TBU,AKL,V,A,TO,unavailable,unavailable,65 - 74 years,M,28+ days,N,unavailable,unavailable,3
202105,unavailable,ADL,AKL,V,A,HK,unavailable,unavailable,35 - 44 years,F,8 - 14 days,V,unavailable,unavailable,3
202105,unavailable,MEL,WLG,V,A,AU,unavailable,unavailable,01 - 11 years,M,8 - 14 days,N,unavailable,unavailable,3
202105,unavailable,RAR,AKL,V,A,CK,unavailable,unavailable,25 - 34 years,F,8 - 14 days,E,unavailable,unavailable,3
202105,unavailable,MEL,AKL,V,A,AU,unavailable,unavailable,75+,F,8 - 14 days,N,unavailable,unavailable,3
202105,unavailable,KUL,AKL,V,A,CO,unavailable,unavailable,45 - 54 years,F,28+ days,N,unavailable,unavailable,3
202105,unavailable,BNE,ZQN,V,A,AU,unavailable,unavailable,12 - 18 years,F,less than 7 days,H,unavailable,unavailable,3
202105,unavailable,SYD,ZQN,V,A,XX,unavailable,unavailable,35 - 44 years,F,less than 7 days,N,unavailable,unavailable,3
202105,unavailable,IUE,AKL,V,A,NU,unavailable,unavailable,01 - 11 years,F,28+ days,V,unavailable,unavailable,3
202105,unavailable,PER,AKL,V,A,AU,unavailable,unavailable,12 - 18 years,F,less than 7 days,O,unavailable,unavailable,3
202105,unavailable,KUL,AKL,V,A,AE,unavailable,unavailable,25 - 34 years,F,15 to 27 days,N,unavailable,unavailable,3
202105,unavailable,SYD,AKL,V,A,AU,unavailable,unavailable,65 - 74 years,F,8 - 14 days,O,unavailable,unavailable,3
202105,unavailable,SIN,AKL,V,A,VN,unavailable,unavailable,45 - 54 years,M,28+ days,N,unavailable,unavailable,3
202105,unavailable,RAR,AKL,V,A,CK,unavailable,unavailable,19 - 24 years,F,less than 7 days,E,unavailable,unavailable,3
202105,unavailable,RAR,AKL,V,A,TO,unavailable,unavailable,55 - 64 years,F,less than 7 days,O,unavailable,unavailable,3
202105,unavailable,SYD,CHC,V,A,AU,unavailable,unavailable,12 - 18 years,F,15 to 27 days,O,unavailable,unavailable,3
202105,unavailable,SIN,AKL,V,A,FR,unavailable,unavailable,35 - 44 years,M,28+ days,N,unavailable,unavailable,3
202105,unavailable,BNE,AKL,V,A,AU,unavailable,unavailable,25 - 34 years,F,15 to 27 days,O,unavailable,unavailable,3
202105,unavailable,NAN,AKL,V,A,FJ,unavailable,unavailable,25 - 34 years,F,28+ days,B,unavailable,unavailable,3
202105,unavailable,SIN,AKL,V,A,PH,unavailable,unavailable,55 - 64 years,M,8 - 14 days,O,unavailable,unavailable,3
202105,unavailable,LAX,AKL,V,A,CA,unavailable,unavailable,25 - 34 years,F,28+ days,H,unavailable,unavailable,3
202105,unavailable,BNE,ZQN,V,A,AU,unavailable,unavailable,75+,F,28+ days,V,unavailable,unavailable,3
202105,unavailable,SIN,AKL,V,A,NL,unavailable,unavailable,45 - 54 years,M,28+ days,B,unavailable,unavailable,3
202105,unavailable,SIN,AKL,V,A,AT,unavailable,unavailable,35 - 44 years,M,28+ days,B,unavailable,unavailable,3
202105,unavailable,BNE,CHC,V,A,AU,unavailable,unavailable,65 - 74 years,F,28+ days,O,unavailable,unavailable,3
202105,unavailable,OOL,AKL,V,A,HK,unavailable,unavailable,19 - 24 years,M,less than 7 days,V,unavailable,unavailable,3
202105,unavailable,BNE,AKL,V,A,AU,unavailable,unavailable,75+,F,28+ days,O,unavailable,unavailable,3
202105,unavailable,BNE,AKL,V,A,XX,unavailable,unavailable,45 - 54 years,F,28+ days,N,unavailable,unavailable,3
202105,unavailable,SYD,AKL,V,A,AU,unavailable,unavailable,45 - 54 years,F,28+ days,O,unavailable,unavailable,3
202105,unavailable,SIN,AKL,V,A,SG,unavailable,unavailable,45 - 54 years,M,15 to 27 days,N,unavailable,unavailable,3
202105,unavailable,IUE,AKL,V,A,NU,unavailable,unavailable,25 - 34 years,F,8 - 14 days,V,unavailable,unavailable,3
202105,unavailable,RAR,AKL,V,A,CK,unavailable,unavailable,65 - 74 years,M,15 to 27 days,B,unavailable,unavailable,3
202105,unavailable,SYD,CHC,V,A,XX,unavailable,unavailable,45 - 54 years,F,8 - 14 days,N,unavailable,unavailable,3
202105,unavailable,RAR,AKL,V,A,CK,unavailable,unavailable,01 - 11 years,M,8 - 14 days,H,unavailable,unavailable,3
202105,unavailable,KUL,AKL,V,A,OM,unavailable,unavailable,25 - 34 years,F,28+ days,E,unavailable,unavailable,3
202105,unavailable,OOL,AKL,V,A,AU,unavailable,unavailable,75+,M,28+ days,N,unavailable,unavailable,3
202105,unavailable,KUL,AKL,V,A,GB,unavailable,unavailable,19 - 24 years,F,28+ days,N,unavailable,unavailable,3
202105,unavailable,SYD,AKL,V,A,CA,unavailable,unavailable,65 - 74 years,M,less than 7 days,V,unavailable,unavailable,3
202105,unavailable,KUL,AKL,V,A,SE,unavailable,unavailable,55 - 64 years,M,28+ days,B,unavailable,unavailable,3
202105,unavailable,APW,AKL,V,A,XX,unavailable,unavailable,45 - 54 years,M,less than 7 days,N,unavailable,unavailable,3
202105,unavailable,OOL,CHC,V,A,AU,unavailable,unavailable,12 - 18 years,F,8 - 14 days,V,unavailable,unavailable,3
202105,unavailable,MEL,AKL,V,A,MM,unavailable,unavailable,55 - 64 years,M,less than 7 days,V,unavailable,unavailable,3
202105,unavailable,RAR,AKL,V,A,CK,unavailable,unavailable,25 - 34 years,M,15 to 27 days,H,unavailable,unavailable,3
202105,unavailable,SYD,AKL,V,A,AU,unavailable,unavailable,12 - 18 years,M,8 - 14 days,H,unavailable,unavailable,3
202105,unavailable,ADL,AKL,V,A,AU,unavailable,unavailable,65 - 74 years,M,less than 7 days,H,unavailable,unavailable,3
202105,unavailable,SYD,WLG,V,A,AU,unavailable,unavailable,75+,M,less than 7 days,H,unavailable,unavailable,3
202105,unavailable,SHA,AKL,V,A,CN,unavailable,unavailable,55 - 64 years,F,28+ days,E,unavailable,unavailable,3
202105,unavailable,SIN,AKL,V,A,PH,unavailable,unavailable,25 - 34 years,F,28+ days,V,unavailable,unavailable,3
202105,unavailable,SIN,AKL,V,A,NO,unavailable,unavailable,19 - 24 years,M,28+ days,B,unavailable,unavailable,3
202105,unavailable,RAR,AKL,V,A,CK,unavailable,unavailable,01 - 11 years,F,15 to 27 days,O,unavailable,unavailable,3
202105,unavailable,KUL,AKL,V,A,SA,unavailable,unavailable,35 - 44 years,F,28+ days,H,unavailable,unavailable,3
202105,unavailable,KUL,AKL,V,A,ME,unavailable,unavailable,55 - 64 years,M,15 to 27 days,O,unavailable,unavailable,3
202105,unavailable,OOL,CHC,V,A,AU,unavailable,unavailable,75+,F,less than 7 days,V,unavailable,unavailable,3
202105,unavailable,KUL,AKL,V,A,FR,unavailable,unavailable,25 - 34 years,M,28+ days,H,unavailable,unavailable,3
202105,unavailable,HBA,AKL,V,A,AU,unavailable,unavailable,55 - 64 years,M,less than 7 days,B,unavailable,unavailable,3
202105,unavailable,KUL,AKL,V,A,GB,unavailable,unavailable,25 - 34 years,M,15 to 27 days,H,unavailable,unavailable,3
202105,unavailable,BNE,WLG,V,A,AU,unavailable,unavailable,35 - 44 years,F,15 to 27 days,E,unavailable,unavailable,3
202105,unavailable,BNE,AKL,V,A,NF,unavailable,unavailable,25 - 34 years,M,8 - 14 days,V,unavailable,unavailable,3
202105,unavailable,BNE,WLG,V,A,AU,unavailable,unavailable,01 - 11 years,M,less than 7 days,N,unavailable,unavailable,3
202105,unavailable,SYD,AKL,V,A,SG,unavailable,unavailable,55 - 64 years,M,less than 7 days,V,unavailable,unavailable,3
202105,unavailable,BNE,AKL,V,A,ZA,unavailable,unavailable,65 - 74 years,M,15 to 27 days,V,unavailable,unavailable,3
202105,unavailable,SYD,ZQN,V,A,XX,unavailable,unavailable,19 - 24 years,M,less than 7 days,N,unavailable,unavailable,3
202105,unavailable,SYD,AKL,V,A,US,unavailable,unavailable,01 - 11 years,F,28+ days,V,unavailable,unavailable,3
202105,unavailable,BNE,ZQN,V,A,AU,unavailable,unavailable,55 - 64 years,M,15 to 27 days,B,unavailable,unavailable,3
202105,unavailable,KUL,AKL,V,A,AE,unavailable,unavailable,25 - 34 years,F,28+ days,E,unavailable,unavailable,3
202105,unavailable,KUL,AKL,V,A,GB,unavailable,unavailable,55 - 64 years,M,28+ days,O,unavailable,unavailable,3
202105,unavailable,KUL,AKL,V,A,IN,unavailable,unavailable,01 - 11 years,M,28+ days,N,unavailable,unavailable,3
202105,unavailable,BNE,WLG,V,A,AU,unavailable,unavailable,25 - 34 years,F,8 - 14 days,B,unavailable,unavailable,3
202105,unavailable,SIN,AKL,V,A,SG,unavailable,unavailable,35 - 44 years,M,28+ days,O,unavailable,unavailable,3
202105,unavailable,OOL,AKL,V,A,NZ,unavailable,unavailable,25 - 34 years,M,less than 7 days,N,unavailable,unavailable,3
202105,unavailable,SIN,AKL,V,A,ZA,unavailable,unavailable,25 - 34 years,M,28+ days,B,unavailable,unavailable,3
202105,unavailable,BNE,AKL,V,A,IN,unavailable,unavailable,45 - 54 years,M,28+ days,V,unavailable,unavailable,3
202105,unavailable,RAR,AKL,V,A,XX,unavailable,unavailable,19 - 24 years,F,15 to 27 days,N,unavailable,unavailable,3
202105,unavailable,ADL,AKL,V,A,AU,unavailable,unavailable,19 - 24 years,F,15 to 27 days,V,unavailable,unavailable,3
202105,unavailable,SIN,AKL,V,A,XX,unavailable,unavailable,45 - 54 years,M,8 - 14 days,O,unavailable,unavailable,3
202105,unavailable,KUL,AKL,V,A,KZ,unavailable,unavailable,45 - 54 years,M,15 to 27 days,B,unavailable,unavailable,3
202105,unavailable,SIN,AKL,V,A,VN,unavailable,unavailable,25 - 34 years,M,15 to 27 days,O,unavailable,unavailable,3
202105,unavailable,MEL,AKL,V,A,XX,unavailable,unavailable,55 - 64 years,M,8 - 14 days,N,unavailable,unavailable,3
202105,unavailable,OOL,AKL,V,A,XX,unavailable,unavailable,55 - 64 years,F,8 - 14 days,N,unavailable,unavailable,3
202105,unavailable,BNE,AKL,V,A,IN,unavailable,unavailable,19 - 24 years,F,28+ days,V,unavailable,unavailable,3
202105,unavailable,HBA,AKL,V,A,AU,unavailable,unavailable,19 - 24 years,F,8 - 14 days,E,unavailable,unavailable,3
202105,unavailable,BNE,CHC,V,A,XX,unavailable,unavailable,65 - 74 years,F,8 - 14 days,N,unavailable,unavailable,3
202105,unavailable,LAX,AKL,V,A,CA,unavailable,unavailable,55 - 64 years,M,15 to 27 days,B,unavailable,unavailable,3
202105,unavailable,RAR,AKL,V,A,CK,unavailable,unavailable,35 - 44 years,M,less than 7 days,O,unavailable,unavailable,3
202105,unavailable,SIN,AKL,V,A,PH,unavailable,unavailable,45 - 54 years,M,28+ days,V,unavailable,unavailable,3
202105,unavailable,KUL,AKL,V,A,AO,unavailable,unavailable,45 - 54 years,M,15 to 27 days,V,unavailable,unavailable,3
202105,unavailable,RAR,AKL,V,A,CK,unavailable,unavailable,12 - 18 years,M,less than 7 days,H,unavailable,unavailable,3
202105,unavailable,SIN,AKL,V,A,MY,unavailable,unavailable,25 - 34 years,F,28+ days,V,unavailable,unavailable,3
202105,unavailable,ZZS,NPE,V,A,XX,unavailable,unavailable,45 - 54 years,M,less than 7 days,N,unavailable,unavailable,3
202105,unavailable,MEL,CHC,V,A,AU,unavailable,unavailable,45 - 54 years,M,less than 7 days,C,unavailable,unavailable,3
202105,unavailable,SYD,AKL,V,A,SG,unavailable,unavailable,35 - 44 years,M,8 - 14 days,B,unavailable,unavailable,3
202105,unavailable,BNE,AKL,V,A,AU,unavailable,unavailable,25 - 34 years,M,28+ days,E,unavailable,unavailable,3
202105,unavailable,MEL,CHC,V,A,AU,unavailable,unavailable,65 - 74 years,M,28+ days,B,unavailable,unavailable,3
202105,unavailable,BNE,ZQN,V,A,AU,unavailable,unavailable,25 - 34 years,M,15 to 27 days,H,unavailable,unavailable,3
202105,unavailable,OOL,AKL,V,A,US,unavailable,unavailable,65 - 74 years,F,15 to 27 days,V,unavailable,unavailable,3
202105,unavailable,BNE,AKL,V,A,AU,unavailable,unavailable,75+,M,less than 7 days,H,unavailable,unavailable,3
202105,unavailable,KUL,AKL,V,A,IR,unavailable,unavailable,45 - 54 years,M,28+ days,V,unavailable,unavailable,3
202105,unavailable,SYD,ZQN,V,A,AU,unavailable,unavailable,35 - 44 years,F,8 - 14 days,N,unavailable,unavailable,3
202105,unavailable,MEL,ZQN,V,A,AU,unavailable,unavailable,Less than 1 year,M,28+ days,V,unavailable,unavailable,3
202105,unavailable,SYD,ZQN,V,A,AU,unavailable,unavailable,35 - 44 years,F,15 to 27 days,N,unavailable,unavailable,3
202105,unavailable,MEL,WLG,V,A,NZ,unavailable,unavailable,25 - 34 years,F,less than 7 days,V,unavailable,unavailable,3
202105,unavailable,KUL,AKL,V,A,GB,unavailable,unavailable,35 - 44 years,M,28+ days,H,unavailable,unavailable,3
202105,unavailable,KUL,AKL,V,A,BE,unavailable,unavailable,55 - 64 years,M,15 to 27 days,V,unavailable,unavailable,3
202105,unavailable,MEL,AKL,V,A,GB,unavailable,unavailable,35 - 44 years,F,8 - 14 days,V,unavailable,unavailable,3
202105,unavailable,SYD,AKL,V,A,SG,unavailable,unavailable,55 - 64 years,M,8 - 14 days,B,unavailable,unavailable,3
202105,unavailable,MEL,CHC,V,A,AU,unavailable,unavailable,65 - 74 years,F,28+ days,H,unavailable,unavailable,3
202105,unavailable,SIN,AKL,V,A,JP,unavailable,unavailable,01 - 11 years,F,28+ days,N,unavailable,unavailable,3
202105,unavailable,PER,AKL,V,A,XX,unavailable,unavailable,01 - 11 years,F,less than 7 days,E,unavailable,unavailable,3
202105,unavailable,SYD,ZQN,V,A,AU,unavailable,unavailable,55 - 64 years,F,8 - 14 days,C,unavailable,unavailable,3
202105,unavailable,SIN,AKL,V,A,NO,unavailable,unavailable,35 - 44 years,M,28+ days,V,unavailable,unavailable,3
202105,unavailable,BNE,CHC,V,A,NZ,unavailable,unavailable,19 - 24 years,M,less than 7 days,N,unavailable,unavailable,3
202105,unavailable,OOL,AKL,V,A,AU,unavailable,unavailable,45 - 54 years,M,8 - 14 days,E,unavailable,unavailable,3
202105,unavailable,PER,AKL,V,A,AU,unavailable,unavailable,45 - 54 years,F,less than 7 days,N,unavailable,unavailable,3
202105,unavailable,MEL,AKL,V,A,AF,unavailable,unavailable,01 - 11 years,F,less than 7 days,V,unavailable,unavailable,3
202105,unavailable,SYD,WLG,V,A,US,unavailable,unavailable,45 - 54 years,M,8 - 14 days,N,unavailable,unavailable,3
202105,unavailable,MEL,ZQN,V,A,AU,unavailable,unavailable,19 - 24 years,F,15 to 27 days,H,unavailable,unavailable,3
202105,unavailable,SYD,ZQN,V,A,JP,unavailable,unavailable,45 - 54 years,F,less than 7 days,B,unavailable,unavailable,3
202105,unavailable,SYD,WLG,V,A,AU,unavailable,unavailable,75+,M,28+ days,V,unavailable,unavailable,3
202105,unavailable,MEL,AKL,V,A,XX,unavailable,unavailable,19 - 24 years,F,less than 7 days,N,unavailable,unavailable,3
202105,unavailable,SIN,AKL,V,A,TH,unavailable,unavailable,45 - 54 years,M,28+ days,N,unavailable,unavailable,3
202105,unavailable,IUE,AKL,V,A,NU,unavailable,unavailable,55 - 64 years,F,15 to 27 days,B,unavailable,unavailable,3
202105,unavailable,RAR,AKL,V,A,CK,unavailable,unavailable,35 - 44 years,F,less than 7 days,O,unavailable,unavailable,3
202105,unavailable,SYD,AKL,V,A,NZ,unavailable,unavailable,25 - 34 years,M,28+ days,H,unavailable,unavailable,3
202105,unavailable,NAN,AKL,V,A,FJ,unavailable,unavailable,35 - 44 years,M,28+ days,V,unavailable,unavailable,3
202105,unavailable,RAR,AKL,V,A,XX,unavailable,unavailable,55 - 64 years,M,15 to 27 days,N,unavailable,unavailable,3
202105,unavailable,OOL,AKL,V,A,AU,unavailable,unavailable,65 - 74 years,F,28+ days,H,unavailable,unavailable,3
202105,unavailable,BNE,AKL,V,A,AU,unavailable,unavailable,19 - 24 years,F,less than 7 days,E,unavailable,unavailable,3
202105,unavailable,MEL,CHC,V,A,AU,unavailable,unavailable,75+,F,15 to 27 days,H,unavailable,unavailable,3
202105,unavailable,SIN,AKL,V,A,PH,unavailable,unavailable,25 - 34 years,M,8 - 14 days,H,unavailable,unavailable,3
202105,unavailable,SIN,AKL,V,A,PH,unavailable,unavailable,45 - 54 years,M,less than 7 days,O,unavailable,unavailable,3
202105,unavailable,SYD,WLG,V,A,ZA,unavailable,unavailable,45 - 54 years,M,less than 7 days,V,unavailable,unavailable,3
202105,unavailable,BNE,CHC,V,A,NF,unavailable,unavailable,55 - 64 years,M,15 to 27 days,V,unavailable,unavailable,3
202105,unavailable,BNE,ZQN,V,A,AU,unavailable,unavailable,12 - 18 years,M,less than 7 days,V,unavailable,unavailable,3
202105,unavailable,PER,AKL,V,A,AU,unavailable,unavailable,65 - 74 years,F,15 to 27 days,O,unavailable,unavailable,3
202105,unavailable,KUL,AKL,V,A,SZ,unavailable,unavailable,35 - 44 years,M,28+ days,B,unavailable,unavailable,3
202105,unavailable,SYD,AKL,V,A,AU,unavailable,unavailable,75+,M,28+ days,B,unavailable,unavailable,3
202105,unavailable,BNE,CHC,V,A,AU,unavailable,unavailable,19 - 24 years,M,15 to 27 days,H,unavailable,unavailable,3
202105,unavailable,BNE,AKL,V,A,IN,unavailable,unavailable,65 - 74 years,F,8 - 14 days,O,unavailable,unavailable,3
202105,unavailable,BNE,AKL,V,A,QA,unavailable,unavailable,35 - 44 years,F,28+ days,H,unavailable,unavailable,3
202105,unavailable,LAX,AKL,V,A,CA,unavailable,unavailable,19 - 24 years,F,28+ days,O,unavailable,unavailable,3
202105,unavailable,APW,AKL,V,A,WS,unavailable,unavailable,35 - 44 years,M,28+ days,B,unavailable,unavailable,3
202105,unavailable,KUL,AKL,V,A,NL,unavailable,unavailable,55 - 64 years,F,28+ days,V,unavailable,unavailable,3
202105,unavailable,BNE,CHC,V,A,AU,unavailable,unavailable,01 - 11 years,F,28+ days,V,unavailable,unavailable,3
202105,unavailable,SIN,AKL,V,A,SG,unavailable,unavailable,45 - 54 years,M,28+ days,N,unavailable,unavailable,3
202105,unavailable,BNE,WLG,V,A,AU,unavailable,unavailable,35 - 44 years,F,8 - 14 days,N,unavailable,unavailable,3
202105,unavailable,SEL,AKL,V,A,KR,unavailable,unavailable,65 - 74 years,M,28+ days,V,unavailable,unavailable,3
202105,unavailable,BNE,WLG,V,A,NZ,unavailable,unavailable,55 - 64 years,M,8 - 14 days,V,unavailable,unavailable,3
202105,unavailable,BNE,WLG,V,A,AU,unavailable,unavailable,75+,M,8 - 14 days,N,unavailable,unavailable,3
202105,unavailable,SYD,ZQN,V,A,AU,unavailable,unavailable,35 - 44 years,M,8 - 14 days,N,unavailable,unavailable,3
202105,unavailable,BNE,AKL,V,A,PH,unavailable,unavailable,55 - 64 years,M,less than 7 days,B,unavailable,unavailable,3
202105,unavailable,BNE,AKL,V,A,NG,unavailable,unavailable,45 - 54 years,F,28+ days,V,unavailable,unavailable,3
202105,unavailable,BNE,CHC,V,A,AU,unavailable,unavailable,25 - 34 years,M,28+ days,H,unavailable,unavailable,3
202105,unavailable,SIN,CHC,V,A,NZ,unavailable,unavailable,35 - 44 years,M,less than 7 days,N,unavailable,unavailable,3
202105,unavailable,SYD,AKL,V,A,AU,unavailable,unavailable,45 - 54 years,M,less than 7 days,E,unavailable,unavailable,3
202105,unavailable,OOL,AKL,V,A,AU,unavailable,unavailable,45 - 54 years,M,15 to 27 days,B,unavailable,unavailable,3
202105,unavailable,MEL,CHC,V,A,AU,unavailable,unavailable,35 - 44 years,F,8 - 14 days,N,unavailable,unavailable,3
202105,unavailable,SYD,CHC,V,A,XX,unavailable,unavailable,55 - 64 years,M,less than 7 days,V,unavailable,unavailable,3
202105,unavailable,BNE,CHC,V,A,AU,unavailable,unavailable,65 - 74 years,M,28+ days,O,unavailable,unavailable,3
202105,unavailable,OOL,CHC,V,A,AU,unavailable,unavailable,45 - 54 years,M,8 - 14 days,N,unavailable,unavailable,3
202105,unavailable,BNE,WLG,V,A,AU,unavailable,unavailable,55 - 64 years,F,28+ days,N,unavailable,unavailable,3
202105,unavailable,VLI,AKL,V,A,VU,unavailable,unavailable,65 - 74 years,M,28+ days,B,unavailable,unavailable,3
202105,unavailable,SIN,AKL,V,A,GB,unavailable,unavailable,19 - 24 years,F,28+ days,N,unavailable,unavailable,3
202105,unavailable,BNE,AKL,V,A,LK,unavailable,unavailable,55 - 64 years,M,28+ days,N,unavailable,unavailable,3
202105,unavailable,MEL,CHC,V,A,AU,unavailable,unavailable,65 - 74 years,M,8 - 14 days,N,unavailable,unavailable,3
202105,unavailable,NRT,AKL,V,A,JP,unavailable,unavailable,25 - 34 years,M,28+ days,B,unavailable,unavailable,3
202105,unavailable,BNE,ZQN,V,A,AU,unavailable,unavailable,19 - 24 years,M,28+ days,O,unavailable,unavailable,3
202105,unavailable,BNE,AKL,V,A,AU,unavailable,unavailable,12 - 18 years,F,less than 7 days,N,unavailable,unavailable,3
202105,unavailable,SIN,AKL,V,A,BE,unavailable,unavailable,35 - 44 years,M,28+ days,B,unavailable,unavailable,3
202105,unavailable,SIN,CHC,V,A,SG,unavailable,unavailable,12 - 18 years,F,28+ days,H,unavailable,unavailable,3
202105,unavailable,SYD,AKL,V,A,AU,unavailable,unavailable,01 - 11 years,M,8 - 14 days,B,unavailable,unavailable,3
202105,unavailable,CAN,AKL,V,A,CN,unavailable,unavailable,45 - 54 years,F,28+ days,V,unavailable,unavailable,3
202105,unavailable,SIN,AKL,V,A,VN,unavailable,unavailable,25 - 34 years,M,28+ days,B,unavailable,unavailable,3
202105,unavailable,BNE,AKL,V,A,AU,unavailable,unavailable,45 - 54 years,F,8 - 14 days,C,unavailable,unavailable,3
202105,unavailable,BNE,ZQN,V,A,AU,unavailable,unavailable,55 - 64 years,F,less than 7 days,B,unavailable,unavailable,3
202105,unavailable,SYD,AKL,V,A,AU,unavailable,unavailable,12 - 18 years,F,less than 7 days,B,unavailable,unavailable,3
202105,unavailable,BNE,WLG,V,A,AU,unavailable,unavailable,12 - 18 years,M,28+ days,N,unavailable,unavailable,3
202105,unavailable,PER,AKL,V,A,AU,unavailable,unavailable,19 - 24 years,M,8 - 14 days,B,unavailable,unavailable,3
202105,unavailable,SYD,CHC,V,A,AU,unavailable,unavailable,25 - 34 years,F,less than 7 days,C,unavailable,unavailable,3
202105,unavailable,BNE,WLG,V,A,AU,unavailable,unavailable,45 - 54 years,F,less than 7 days,O,unavailable,unavailable,3
202105,unavailable,NAN,AKL,V,A,FJ,unavailable,unavailable,25 - 34 years,F,28+ days,N,unavailable,unavailable,3
202105,unavailable,BNE,CHC,V,A,AU,unavailable,unavailable,19 - 24 years,F,28+ days,H,unavailable,unavailable,3
202105,unavailable,LAX,AKL,V,A,US,unavailable,unavailable,65 - 74 years,M,28+ days,O,unavailable,unavailable,3
202105,unavailable,APW,AKL,V,A,TK,unavailable,unavailable,01 - 11 years,M,28+ days,O,unavailable,unavailable,3
202105,unavailable,MEL,AKL,V,A,CN,unavailable,unavailable,45 - 54 years,M,28+ days,N,unavailable,unavailable,3
202105,unavailable,SIN,AKL,V,A,SG,unavailable,unavailable,19 - 24 years,M,15 to 27 days,V,unavailable,unavailable,3
202105,unavailable,BNE,WLG,V,A,AU,unavailable,unavailable,35 - 44 years,F,less than 7 days,N,unavailable,unavailable,3
202105,unavailable,HBA,AKL,V,A,AU,unavailable,unavailable,35 - 44 years,F,less than 7 days,H,unavailable,unavailable,3
202105,unavailable,PER,AKL,V,A,NZ,unavailable,unavailable,35 - 44 years,M,less than 7 days,V,unavailable,unavailable,3
202105,unavailable,BNE,CHC,V,A,AU,unavailable,unavailable,55 - 64 years,F,less than 7 days,E,unavailable,unavailable,3
202105,unavailable,BNE,CHC,V,A,AU,unavailable,unavailable,75+,F,less than 7 days,H,unavailable,unavailable,3
202105,unavailable,SHA,AKL,V,A,XX,unavailable,unavailable,25 - 34 years,M,less than 7 days,N,unavailable,unavailable,3
202105,unavailable,IUE,AKL,V,A,NU,unavailable,unavailable,65 - 74 years,F,8 - 14 days,O,unavailable,unavailable,3
202105,unavailable,VLI,AKL,V,A,VU,unavailable,unavailable,65 - 74 years,F,28+ days,O,unavailable,unavailable,3
202105,unavailable,RAR,AKL,V,A,NZ,unavailable,unavailable,45 - 54 years,F,28+ days,O,unavailable,unavailable,3
202105,unavailable,SIN,AKL,V,A,PH,unavailable,unavailable,01 - 11 years,M,28+ days,V,unavailable,unavailable,3
202105,unavailable,SYD,AKL,V,A,GB,unavailable,unavailable,35 - 44 years,M,8 - 14 days,V,unavailable,unavailable,3
202105,unavailable,MEL,ZQN,V,A,AU,unavailable,unavailable,25 - 34 years,M,8 - 14 days,N,unavailable,unavailable,3
202105,unavailable,KUL,AKL,V,A,UA,unavailable,unavailable,45 - 54 years,M,28+ days,V,unavailable,unavailable,3
202105,unavailable,BNE,ZQN,V,A,AU,unavailable,unavailable,25 - 34 years,F,15 to 27 days,E,unavailable,unavailable,3
202105,unavailable,SYD,ZQN,V,A,AU,unavailable,unavailable,75+,F,15 to 27 days,H,unavailable,unavailable,3
202105,unavailable,PER,AKL,V,A,AU,unavailable,unavailable,19 - 24 years,M,15 to 27 days,N,unavailable,unavailable,3
202105,unavailable,KUL,AKL,V,A,RO,unavailable,unavailable,55 - 64 years,F,28+ days,V,unavailable,unavailable,3
202105,unavailable,PER,AKL,V,A,AU,unavailable,unavailable,19 - 24 years,F,15 to 27 days,E,unavailable,unavailable,3
202105,unavailable,BNE,AKL,V,A,ZA,unavailable,unavailable,45 - 54 years,F,28+ days,B,unavailable,unavailable,3
202105,unavailable,KUL,AKL,V,A,SA,unavailable,unavailable,35 - 44 years,F,28+ days,V,unavailable,unavailable,3
202105,unavailable,TBU,AKL,V,A,TO,unavailable,unavailable,35 - 44 years,M,28+ days,O,unavailable,unavailable,3
202105,unavailable,BNE,CHC,V,A,AU,unavailable,unavailable,12 - 18 years,M,28+ days,N,unavailable,unavailable,3
202105,unavailable,SIN,AKL,V,A,NZ,unavailable,unavailable,35 - 44 years,M,28+ days,N,unavailable,unavailable,3
202105,unavailable,BNE,CHC,V,A,AU,unavailable,unavailable,75+,M,15 to 27 days,B,unavailable,unavailable,3
202105,unavailable,SYD,AKL,V,A,US,unavailable,unavailable,35 - 44 years,M,less than 7 days,N,unavailable,unavailable,3
202105,unavailable,IUE,AKL,V,A,NU,unavailable,unavailable,19 - 24 years,F,28+ days,O,unavailable,unavailable,3
202105,unavailable,KUL,AKL,V,A,GB,unavailable,unavailable,45 - 54 years,F,28+ days,N,unavailable,unavailable,3
202105,unavailable,SYD,CHC,V,A,AU,unavailable,unavailable,55 - 64 years,F,less than 7 days,N,unavailable,unavailable,3
202105,unavailable,NRT,AKL,V,A,JP,unavailable,unavailable,25 - 34 years,M,28+ days,O,unavailable,unavailable,3
202105,unavailable,MEL,AKL,V,A,AU,unavailable,unavailable,35 - 44 years,M,less than 7 days,E,unavailable,unavailable,3
202105,unavailable,SIN,AKL,V,A,NL,unavailable,unavailable,45 - 54 years,F,28+ days,O,unavailable,unavailable,3
202105,unavailable,BNE,AKL,V,A,SA,unavailable,unavailable,35 - 44 years,F,28+ days,B,unavailable,unavailable,3
202105,unavailable,LAX,AKL,V,A,CA,unavailable,unavailable,25 - 34 years,M,28+ days,H,unavailable,unavailable,3
202105,unavailable,HBA,AKL,V,A,AU,unavailable,unavailable,75+,M,15 to 27 days,H,unavailable,unavailable,3
202105,unavailable,OOL,AKL,V,A,AU,unavailable,unavailable,12 - 18 years,F,less than 7 days,N,unavailable,unavailable,3
202105,unavailable,BNE,AKL,V,A,AU,unavailable,unavailable,25 - 34 years,F,15 to 27 days,N,unavailable,unavailable,3
202105,unavailable,OOL,CHC,V,A,AU,unavailable,unavailable,45 - 54 years,F,less than 7 days,N,unavailable,unavailable,3
202105,unavailable,CBR,ZQN,V,A,AU,unavailable,unavailable,45 - 54 years,M,less than 7 days,O,unavailable,unavailable,3
202105,unavailable,SYD,AKL,V,A,AU,unavailable,unavailable,75+,F,15 to 27 days,N,unavailable,unavailable,3
202105,unavailable,MEL,CHC,V,A,AU,unavailable,unavailable,01 - 11 years,F,28+ days,H,unavailable,unavailable,3
202105,unavailable,ZZS,NPL,V,A,XX,unavailable,unavailable,35 - 44 years,M,28+ days,N,unavailable,unavailable,3
202105,unavailable,MEL,AKL,V,A,XX,unavailable,unavailable,35 - 44 years,M,15 to 27 days,V,unavailable,unavailable,3
202105,unavailable,BNE,AKL,V,A,XX,unavailable,unavailable,01 - 11 years,M,15 to 27 days,N,unavailable,unavailable,3
202105,unavailable,BNE,AKL,V,A,GB,unavailable,unavailable,65 - 74 years,M,28+ days,V,unavailable,unavailable,3
202105,unavailable,SYD,WLG,V,A,AU,unavailable,unavailable,65 - 74 years,F,28+ days,H,unavailable,unavailable,3
202105,unavailable,CAN,AKL,V,A,MO,unavailable,unavailable,55 - 64 years,M,28+ days,H,unavailable,unavailable,3
202105,unavailable,SYD,ZQN,V,A,AU,unavailable,unavailable,12 - 18 years,M,less than 7 days,N,unavailable,unavailable,3
202105,unavailable,NAN,AKL,V,A,DE,unavailable,unavailable,55 - 64 years,F,less than 7 days,O,unavailable,unavailable,3
202105,unavailable,LAX,AKL,V,A,TO,unavailable,unavailable,45 - 54 years,M,15 to 27 days,O,unavailable,unavailable,3
202105,unavailable,SYD,CHC,V,A,AU,unavailable,unavailable,75+,F,28+ days,B,unavailable,unavailable,3
202105,unavailable,SYD,ZQN,V,A,AU,unavailable,unavailable,25 - 34 years,M,28+ days,N,unavailable,unavailable,3
202105,unavailable,OOL,AKL,V,A,US,unavailable,unavailable,12 - 18 years,F,8 - 14 days,V,unavailable,unavailable,3
202105,unavailable,SYD,ZQN,V,A,AU,unavailable,unavailable,65 - 74 years,F,15 to 27 days,B,unavailable,unavailable,3
202105,unavailable,KUL,AKL,V,A,CN,unavailable,unavailable,45 - 54 years,M,28+ days,B,unavailable,unavailable,3
202105,unavailable,KUL,AKL,V,A,DE,unavailable,unavailable,12 - 18 years,F,28+ days,E,unavailable,unavailable,3
202105,unavailable,BNE,AKL,V,A,ES,unavailable,unavailable,35 - 44 years,M,less than 7 days,B,unavailable,unavailable,3
202105,unavailable,RAR,AKL,V,A,XX,unavailable,unavailable,12 - 18 years,M,28+ days,N,unavailable,unavailable,3
202105,unavailable,SYD,CHC,V,A,MX,unavailable,unavailable,45 - 54 years,M,less than 7 days,B,unavailable,unavailable,3
202105,unavailable,ADL,AKL,V,A,AU,unavailable,unavailable,35 - 44 years,M,28+ days,N,unavailable,unavailable,3
202105,unavailable,LAX,AKL,V,A,GB,unavailable,unavailable,55 - 64 years,M,28+ days,V,unavailable,unavailable,3
202105,unavailable,SHA,AKL,V,A,CN,unavailable,unavailable,01 - 11 years,M,28+ days,V,unavailable,unavailable,3
202105,unavailable,BNE,AKL,V,A,OM,unavailable,unavailable,55 - 64 years,M,28+ days,O,unavailable,unavailable,3
202105,unavailable,SIN,AKL,V,A,KR,unavailable,unavailable,55 - 64 years,F,28+ days,V,unavailable,unavailable,3
202105,unavailable,SIN,CHC,V,A,AR,unavailable,unavailable,12 - 18 years,F,28+ days,N,unavailable,unavailable,3
202105,unavailable,TBU,AKL,V,A,TO,unavailable,unavailable,01 - 11 years,F,28+ days,N,unavailable,unavailable,3
202105,unavailable,SIN,AKL,V,A,CH,unavailable,unavailable,25 - 34 years,M,28+ days,B,unavailable,unavailable,3
202105,unavailable,IUE,AKL,V,A,NU,unavailable,unavailable,55 - 64 years,F,28+ days,O,unavailable,unavailable,3
202105,unavailable,NAN,AKL,V,A,FJ,unavailable,unavailable,45 - 54 years,M,28+ days,V,unavailable,unavailable,3
202105,unavailable,SYD,AKL,V,A,AU,unavailable,unavailable,19 - 24 years,F,8 - 14 days,E,unavailable,unavailable,3
202105,unavailable,MEL,ZQN,V,A,AU,unavailable,unavailable,Less than 1 year,M,8 - 14 days,N,unavailable,unavailable,3
202105,unavailable,KUL,AKL,V,A,AE,unavailable,unavailable,25 - 34 years,M,28+ days,E,unavailable,unavailable,3
202105,unavailable,BNE,WLG,V,A,AU,unavailable,unavailable,12 - 18 years,F,28+ days,V,unavailable,unavailable,3
202105,unavailable,SIN,AKL,V,A,PH,unavailable,unavailable,45 - 54 years,F,28+ days,B,unavailable,unavailable,3
202105,unavailable,SYD,ZQN,V,A,AU,unavailable,unavailable,65 - 74 years,M,28+ days,B,unavailable,unavailable,3
202105,unavailable,LAX,AKL,V,A,CA,unavailable,unavailable,19 - 24 years,F,15 to 27 days,V,unavailable,unavailable,3
202105,unavailable,OOL,AKL,V,A,AU,unavailable,unavailable,55 - 64 years,F,less than 7 days,E,unavailable,unavailable,3
202105,unavailable,BNE,ZQN,V,A,AU,unavailable,unavailable,75+,M,8 - 14 days,N,unavailable,unavailable,3
202105,unavailable,SIN,AKL,V,A,GB,unavailable,unavailable,55 - 64 years,M,28+ days,N,unavailable,unavailable,3
202105,unavailable,SIN,AKL,V,A,NL,unavailable,unavailable,55 - 64 years,M,28+ days,N,unavailable,unavailable,3
202105,unavailable,MEL,CHC,V,A,XX,unavailable,unavailable,35 - 44 years,F,15 to 27 days,N,unavailable,unavailable,3
202105,unavailable,MEL,WLG,V,A,AU,unavailable,unavailable,12 - 18 years,M,28+ days,E,unavailable,unavailable,3
202105,unavailable,KUL,AKL,V,A,UA,unavailable,unavailable,19 - 24 years,M,less than 7 days,N,unavailable,unavailable,3
202105,unavailable,SEL,AKL,V,A,KR,unavailable,unavailable,25 - 34 years,F,28+ days,N,unavailable,unavailable,3
202105,unavailable,BNE,CHC,V,A,ZA,unavailable,unavailable,19 - 24 years,F,8 - 14 days,V,unavailable,unavailable,3
202105,unavailable,SYD,ZQN,V,A,AU,unavailable,unavailable,65 - 74 years,F,8 - 14 days,N,unavailable,unavailable,3
202105,unavailable,LAX,AKL,V,A,HK,unavailable,unavailable,35 - 44 years,F,28+ days,V,unavailable,unavailable,3
202105,unavailable,KUL,AKL,V,A,NL,unavailable,unavailable,55 - 64 years,M,28+ days,N,unavailable,unavailable,3
202105,unavailable,SYD,AKL,V,A,AU,unavailable,unavailable,19 - 24 years,M,28+ days,B,unavailable,unavailable,3
202105,unavailable,LAX,AKL,V,A,CA,unavailable,unavailable,25 - 34 years,F,28+ days,N,unavailable,unavailable,3
202105,unavailable,SYD,CHC,V,A,AU,unavailable,unavailable,01 - 11 years,M,less than 7 days,O,unavailable,unavailable,3
202105,unavailable,MEL,AKL,V,A,AU,unavailable,unavailable,65 - 74 years,F,8 - 14 days,O,unavailable,unavailable,3
202105,unavailable,TBU,AKL,V,A,TO,unavailable,unavailable,45 - 54 years,M,28+ days,H,unavailable,unavailable,3
202105,unavailable,MEL,AKL,V,A,US,unavailable,unavailable,25 - 34 years,M,15 to 27 days,V,unavailable,unavailable,3
202105,unavailable,MEL,ZQN,V,A,AU,unavailable,unavailable,25 - 34 years,M,less than 7 days,N,unavailable,unavailable,3
202105,unavailable,HBA,AKL,V,A,AU,unavailable,unavailable,25 - 34 years,F,15 to 27 days,H,unavailable,unavailable,3
202105,unavailable,BNE,CHC,V,A,AU,unavailable,unavailable,01 - 11 years,F,less than 7 days,H,unavailable,unavailable,3
202105,unavailable,OOL,CHC,V,A,AU,unavailable,unavailable,01 - 11 years,F,8 - 14 days,E,unavailable,unavailable,3
202105,unavailable,BNE,AKL,V,A,XX,unavailable,unavailable,55 - 64 years,F,28+ days,N,unavailable,unavailable,3
202105,unavailable,OOL,AKL,V,A,AU,unavailable,unavailable,19 - 24 years,M,8 - 14 days,O,unavailable,unavailable,3
202105,unavailable,OOL,AKL,V,A,AU,unavailable,unavailable,45 - 54 years,F,less than 7 days,C,unavailable,unavailable,3
202105,unavailable,SIN,CHC,V,A,NZ,unavailable,unavailable,55 - 64 years,M,28+ days,O,unavailable,unavailable,3
202105,unavailable,OOL,CHC,V,A,AU,unavailable,unavailable,65 - 74 years,F,less than 7 days,H,unavailable,unavailable,3
202105,unavailable,MEL,CHC,V,A,AU,unavailable,unavailable,25 - 34 years,M,8 - 14 days,N,unavailable,unavailable,3
202105,unavailable,SYD,CHC,V,A,AU,unavailable,unavailable,01 - 11 years,M,8 - 14 days,B,unavailable,unavailable,3
202105,unavailable,SYD,AKL,V,A,AU,unavailable,unavailable,Less than 1 year,F,8 - 14 days,H,unavailable,unavailable,3
202105,unavailable,SYD,ZQN,V,A,AU,unavailable,unavailable,35 - 44 years,F,less than 7 days,O,unavailable,unavailable,3
202105,unavailable,TBU,AKL,V,A,NZ,unavailable,unavailable,65 - 74 years,M,28+ days,N,unavailable,unavailable,3
202105,unavailable,BNE,WLG,V,A,AU,unavailable,unavailable,25 - 34 years,M,15 to 27 days,B,unavailable,unavailable,3
202105,unavailable,SIN,AKL,V,A,MM,unavailable,unavailable,01 - 11 years,F,28+ days,E,unavailable,unavailable,3
202105,unavailable,SIN,AKL,V,A,TW,unavailable,unavailable,65 - 74 years,M,28+ days,N,unavailable,unavailable,3
202105,unavailable,MEL,AKL,V,A,AU,unavailable,unavailable,45 - 54 years,M,28+ days,E,unavailable,unavailable,3
202105,unavailable,BNE,CHC,V,A,AU,unavailable,unavailable,35 - 44 years,F,28+ days,N,unavailable,unavailable,3
202105,unavailable,KUL,AKL,V,A,MD,unavailable,unavailable,35 - 44 years,F,28+ days,V,unavailable,unavailable,3
202105,unavailable,BNE,CHC,V,A,AU,unavailable,unavailable,25 - 34 years,F,28+ days,E,unavailable,unavailable,3
202105,unavailable,KUL,AKL,V,A,ME,unavailable,unavailable,55 - 64 years,M,8 - 14 days,O,unavailable,unavailable,3
202105,unavailable,MEL,AKL,V,A,XX,unavailable,unavailable,65 - 74 years,M,less than 7 days,N,unavailable,unavailable,3
202105,unavailable,PER,AKL,V,A,AU,unavailable,unavailable,75+,F,15 to 27 days,N,unavailable,unavailable,3
202105,unavailable,PER,AKL,V,A,AU,unavailable,unavailable,75+,M,8 - 14 days,B,unavailable,unavailable,3
202105,unavailable,BNE,CHC,V,A,XX,unavailable,unavailable,55 - 64 years,M,15 to 27 days,N,unavailable,unavailable,3
202105,unavailable,MEL,AKL,V,A,NL,unavailable,unavailable,55 - 64 years,M,less than 7 days,V,unavailable,unavailable,3
202105,unavailable,PER,AKL,V,A,AU,unavailable,unavailable,35 - 44 years,M,8 - 14 days,C,unavailable,unavailable,3
202105,unavailable,SIN,AKL,V,A,AU,unavailable,unavailable,25 - 34 years,M,15 to 27 days,O,unavailable,unavailable,3
202105,unavailable,BNE,AKL,V,A,CA,unavailable,unavailable,45 - 54 years,M,28+ days,H,unavailable,unavailable,3
202105,unavailable,SIN,AKL,V,A,LV,unavailable,unavailable,25 - 34 years,M,less than 7 days,O,unavailable,unavailable,3
202105,unavailable,BNE,CHC,V,A,AU,unavailable,unavailable,55 - 64 years,M,28+ days,B,unavailable,unavailable,3
202105,unavailable,BNE,WLG,V,A,AU,unavailable,unavailable,55 - 64 years,F,less than 7 days,E,unavailable,unavailable,3
202105,unavailable,HBA,AKL,V,A,AU,unavailable,unavailable,35 - 44 years,F,28+ days,V,unavailable,unavailable,3
202105,unavailable,SYD,ZQN,V,A,AU,unavailable,unavailable,19 - 24 years,M,8 - 14 days,N,unavailable,unavailable,3
202105,unavailable,BNE,CHC,V,A,AU,unavailable,unavailable,01 - 11 years,F,8 - 14 days,O,unavailable,unavailable,3
202105,unavailable,SHA,AKL,V,A,CN,unavailable,unavailable,35 - 44 years,F,28+ days,V,unavailable,unavailable,3
202105,unavailable,TBU,AKL,V,A,TO,unavailable,unavailable,55 - 64 years,M,15 to 27 days,O,unavailable,unavailable,3
202105,unavailable,KUL,AKL,V,A,AU,unavailable,unavailable,35 - 44 years,F,15 to 27 days,V,unavailable,unavailable,3
202105,unavailable,OOL,CHC,V,A,AU,unavailable,unavailable,75+,F,15 to 27 days,H,unavailable,unavailable,3
202105,unavailable,SIN,AKL,V,A,SG,unavailable,unavailable,45 - 54 years,F,28+ days,E,unavailable,unavailable,3
202105,unavailable,MEL,CHC,V,A,AU,unavailable,unavailable,45 - 54 years,M,28+ days,N,unavailable,unavailable,3
202105,unavailable,SIN,AKL,V,A,PG,unavailable,unavailable,35 - 44 years,M,28+ days,N,unavailable,unavailable,3
202105,unavailable,SYD,CHC,V,A,AU,unavailable,unavailable,35 - 44 years,M,less than 7 days,C,unavailable,unavailable,3
202105,unavailable,SIN,AKL,V,A,SK,unavailable,unavailable,25 - 34 years,M,28+ days,B,unavailable,unavailable,3
202105,unavailable,BNE,AKL,V,A,BD,unavailable,unavailable,35 - 44 years,M,28+ days,V,unavailable,unavailable,3
202105,unavailable,LAX,AKL,V,A,CA,unavailable,unavailable,25 - 34 years,M,28+ days,N,unavailable,unavailable,3
202105,unavailable,BNE,CHC,V,A,AU,unavailable,unavailable,75+,F,less than 7 days,B,unavailable,unavailable,3
202105,unavailable,ADL,AKL,V,A,AU,unavailable,unavailable,45 - 54 years,M,28+ days,V,unavailable,unavailable,3
202105,unavailable,BNE,AKL,V,A,XX,unavailable,unavailable,35 - 44 years,F,8 - 14 days,H,unavailable,unavailable,3
202105,unavailable,SIN,AKL,V,A,SE,unavailable,unavailable,35 - 44 years,M,28+ days,V,unavailable,unavailable,3
202105,unavailable,MEL,AKL,V,A,CA,unavailable,unavailable,25 - 34 years,M,8 - 14 days,B,unavailable,unavailable,3
202105,unavailable,BNE,WLG,V,A,PT,unavailable,unavailable,55 - 64 years,M,less than 7 days,C,unavailable,unavailable,3
202105,unavailable,MEL,AKL,V,A,NZ,unavailable,unavailable,45 - 54 years,F,less than 7 days,B,unavailable,unavailable,3
202105,unavailable,MEL,AKL,V,A,AU,unavailable,unavailable,55 - 64 years,F,8 - 14 days,E,unavailable,unavailable,3
202105,unavailable,PER,AKL,V,A,AU,unavailable,unavailable,45 - 54 years,M,28+ days,O,unavailable,unavailable,3
202105,unavailable,SIN,AKL,V,A,MY,unavailable,unavailable,55 - 64 years,F,28+ days,V,unavailable,unavailable,3
202105,unavailable,MEL,ZQN,V,A,AU,unavailable,unavailable,19 - 24 years,M,less than 7 days,N,unavailable,unavailable,3
202105,unavailable,SYD,CHC,V,A,SG,unavailable,unavailable,45 - 54 years,M,less than 7 days,B,unavailable,unavailable,3
202105,unavailable,KUL,AKL,V,A,GB,unavailable,unavailable,19 - 24 years,M,28+ days,N,unavailable,unavailable,3
202105,unavailable,SIN,AKL,V,A,AT,unavailable,unavailable,19 - 24 years,F,28+ days,V,unavailable,unavailable,3
202105,unavailable,BNE,AKL,V,A,NZ,unavailable,unavailable,19 - 24 years,M,8 - 14 days,V,unavailable,unavailable,3
202105,unavailable,PER,AKL,V,A,AU,unavailable,unavailable,12 - 18 years,M,28+ days,N,unavailable,unavailable,3
202105,unavailable,SYD,AKL,V,A,AU,unavailable,unavailable,Less than 1 year,F,less than 7 days,H,unavailable,unavailable,3
202105,unavailable,OOL,CHC,V,A,AU,unavailable,unavailable,65 - 74 years,M,15 to 27 days,N,unavailable,unavailable,3
202105,unavailable,SYD,AKL,V,A,CH,unavailable,unavailable,35 - 44 years,F,15 to 27 days,V,unavailable,unavailable,3
202105,unavailable,MEL,AKL,V,A,GB,unavailable,unavailable,Less than 1 year,M,less than 7 days,V,unavailable,unavailable,3
202105,unavailable,BNE,AKL,V,A,AU,unavailable,unavailable,19 - 24 years,F,28+ days,B,unavailable,unavailable,3
202105,unavailable,KUL,AKL,V,A,KE,unavailable,unavailable,35 - 44 years,M,28+ days,V,unavailable,unavailable,3
202105,unavailable,BNE,AKL,V,A,ZA,unavailable,unavailable,01 - 11 years,F,28+ days,O,unavailable,unavailable,3
202105,unavailable,LAX,AKL,V,A,US,unavailable,unavailable,25 - 34 years,M,15 to 27 days,E,unavailable,unavailable,3
202105,unavailable,RAR,AKL,V,A,CK,unavailable,unavailable,25 - 34 years,F,15 to 27 days,E,unavailable,unavailable,3
202105,unavailable,OOL,AKL,V,A,AU,unavailable,unavailable,12 - 18 years,F,8 - 14 days,N,unavailable,unavailable,3
202105,unavailable,BNE,CHC,V,A,AU,unavailable,unavailable,19 - 24 years,M,28+ days,O,unavailable,unavailable,3
202105,unavailable,KUL,AKL,V,A,NL,unavailable,unavailable,25 - 34 years,F,28+ days,B,unavailable,unavailable,3
202105,unavailable,SYD,AKL,V,A,ID,unavailable,unavailable,45 - 54 years,M,less than 7 days,B,unavailable,unavailable,3
202105,unavailable,SIN,AKL,V,A,BE,unavailable,unavailable,25 - 34 years,M,15 to 27 days,B,unavailable,unavailable,3
202105,unavailable,SYD,AKL,V,A,GB,unavailable,unavailable,45 - 54 years,F,less than 7 days,V,unavailable,unavailable,3
202105,unavailable,SYD,CHC,V,A,AU,unavailable,unavailable,45 - 54 years,M,less than 7 days,O,unavailable,unavailable,3
202105,unavailable,SYD,AKL,V,A,HK,unavailable,unavailable,65 - 74 years,M,15 to 27 days,B,unavailable,unavailable,3
202105,unavailable,BNE,AKL,V,A,AU,unavailable,unavailable,75+,F,8 - 14 days,N,unavailable,unavailable,3
202105,unavailable,SYD,ZQN,V,A,AU,unavailable,unavailable,25 - 34 years,F,less than 7 days,C,unavailable,unavailable,3
202105,unavailable,SIN,AKL,V,A,DK,unavailable,unavailable,01 - 11 years,F,28+ days,V,unavailable,unavailable,3
202105,unavailable,BNE,ZQN,V,A,AU,unavailable,unavailable,45 - 54 years,F,8 - 14 days,O,unavailable,unavailable,3
202105,unavailable,SIN,CHC,V,A,MY,unavailable,unavailable,45 - 54 years,M,28+ days,V,unavailable,unavailable,3
202105,unavailable,SYD,CHC,V,A,GB,unavailable,unavailable,Less than 1 year,M,8 - 14 days,H,unavailable,unavailable,3
202105,unavailable,OOL,AKL,V,A,AU,unavailable,unavailable,45 - 54 years,F,15 to 27 days,N,unavailable,unavailable,3
202105,unavailable,BNE,AKL,V,A,AU,unavailable,unavailable,45 - 54 years,F,15 to 27 days,O,unavailable,unavailable,3
202105,unavailable,KUL,AKL,V,A,GB,unavailable,unavailable,55 - 64 years,M,15 to 27 days,N,unavailable,unavailable,3
202105,unavailable,SIN,CHC,V,A,GB,unavailable,unavailable,45 - 54 years,F,15 to 27 days,V,unavailable,unavailable,3
202105,unavailable,BNE,AKL,V,A,AU,unavailable,unavailable,01 - 11 years,F,28+ days,B,unavailable,unavailable,3
202105,unavailable,SIN,AKL,V,A,ES,unavailable,unavailable,25 - 34 years,F,28+ days,V,unavailable,unavailable,3
202105,unavailable,KUL,AKL,V,A,XX,unavailable,unavailable,19 - 24 years,M,28+ days,N,unavailable,unavailable,3
202105,unavailable,KUL,AKL,V,A,MD,unavailable,unavailable,12 - 18 years,F,28+ days,V,unavailable,unavailable,3
202105,unavailable,MEL,AKL,V,A,AU,unavailable,unavailable,01 - 11 years,M,8 - 14 days,E,unavailable,unavailable,3
202105,unavailable,SYD,AKL,V,A,AU,unavailable,unavailable,19 - 24 years,F,15 to 27 days,B,unavailable,unavailable,3
202105,unavailable,BNE,WLG,V,A,AU,unavailable,unavailable,Less than 1 year,M,8 - 14 days,H,unavailable,unavailable,3
202105,unavailable,SYD,CHC,V,A,AU,unavailable,unavailable,19 - 24 years,F,28+ days,H,unavailable,unavailable,3
202105,unavailable,LAX,AKL,V,A,CA,unavailable,unavailable,65 - 74 years,F,28+ days,O,unavailable,unavailable,3
202105,unavailable,KUL,AKL,V,A,OM,unavailable,unavailable,45 - 54 years,M,28+ days,O,unavailable,unavailable,3
202105,unavailable,SYD,CHC,V,A,AU,unavailable,unavailable,19 - 24 years,F,28+ days,E,unavailable,unavailable,3
202105,unavailable,KUL,AKL,V,A,DE,unavailable,unavailable,12 - 18 years,F,28+ days,V,unavailable,unavailable,3
202105,unavailable,SYD,AKL,V,A,NZ,unavailable,unavailable,25 - 34 years,M,15 to 27 days,H,unavailable,unavailable,3
202105,unavailable,SEL,AKL,V,A,KR,unavailable,unavailable,35 - 44 years,F,28+ days,V,unavailable,unavailable,3
202105,unavailable,HKG,AKL,V,A,HK,unavailable,unavailable,65 - 74 years,F,15 to 27 days,O,unavailable,unavailable,3
202105,unavailable,SYD,WLG,V,A,AU,unavailable,unavailable,01 - 11 years,M,less than 7 days,B,unavailable,unavailable,3
202105,unavailable,BNE,AKL,V,A,BD,unavailable,unavailable,35 - 44 years,F,28+ days,V,unavailable,unavailable,3
202105,unavailable,BNE,CHC,V,A,AU,unavailable,unavailable,19 - 24 years,F,8 - 14 days,E,unavailable,unavailable,3
202105,unavailable,SYD,ZQN,V,A,AU,unavailable,unavailable,35 - 44 years,M,less than 7 days,E,unavailable,unavailable,3
202105,unavailable,RAR,AKL,V,A,CK,unavailable,unavailable,19 - 24 years,F,15 to 27 days,V,unavailable,unavailable,3
202105,unavailable,HBA,AKL,V,A,AU,unavailable,unavailable,45 - 54 years,M,less than 7 days,B,unavailable,unavailable,3
202105,unavailable,SYD,AKL,V,A,NZ,unavailable,unavailable,19 - 24 years,M,less than 7 days,B,unavailable,unavailable,3
202105,unavailable,BNE,CHC,V,A,AU,unavailable,unavailable,55 - 64 years,M,8 - 14 days,E,unavailable,unavailable,3
202105,unavailable,ZZS,NPL,V,A,XX,unavailable,unavailable,25 - 34 years,M,8 - 14 days,N,unavailable,unavailable,3
202105,unavailable,SYD,WLG,V,A,AU,unavailable,unavailable,65 - 74 years,F,less than 7 days,B,unavailable,unavailable,3
202105,unavailable,MEL,AKL,V,A,XX,unavailable,unavailable,65 - 74 years,M,28+ days,N,unavailable,unavailable,3
202105,unavailable,KUL,AKL,V,A,IE,unavailable,unavailable,12 - 18 years,M,28+ days,V,unavailable,unavailable,3
202105,unavailable,SIN,AKL,V,A,NL,unavailable,unavailable,12 - 18 years,F,28+ days,V,unavailable,unavailable,3
202105,unavailable,KUL,AKL,V,A,EG,unavailable,unavailable,19 - 24 years,M,15 to 27 days,V,unavailable,unavailable,3
202105,unavailable,ADL,AKL,V,A,AU,unavailable,unavailable,35 - 44 years,M,8 - 14 days,N,unavailable,unavailable,3
202105,unavailable,SYD,WLG,V,A,AU,unavailable,unavailable,01 - 11 years,F,8 - 14 days,H,unavailable,unavailable,3
202105,unavailable,BNE,WLG,V,A,AU,unavailable,unavailable,75+,F,8 - 14 days,B,unavailable,unavailable,3
202105,unavailable,NAN,AKL,V,A,FJ,unavailable,unavailable,45 - 54 years,F,28+ days,H,unavailable,unavailable,3
202105,unavailable,SYD,ZQN,V,A,AU,unavailable,unavailable,Less than 1 year,F,28+ days,N,unavailable,unavailable,3
202105,unavailable,KUL,AKL,V,A,CH,unavailable,unavailable,45 - 54 years,M,28+ days,V,unavailable,unavailable,3
202105,unavailable,RAR,AKL,V,A,AU,unavailable,unavailable,45 - 54 years,F,28+ days,V,unavailable,unavailable,3
202105,unavailable,BNE,WLG,V,A,AU,unavailable,unavailable,65 - 74 years,M,less than 7 days,N,unavailable,unavailable,3
202105,unavailable,BNE,CHC,V,A,AU,unavailable,unavailable,Less than 1 year,F,28+ days,V,unavailable,unavailable,3
202105,unavailable,IUE,AKL,V,A,NU,unavailable,unavailable,35 - 44 years,F,15 to 27 days,O,unavailable,unavailable,3
202105,unavailable,CBR,ZQN,V,A,AU,unavailable,unavailable,45 - 54 years,F,less than 7 days,N,unavailable,unavailable,3
202105,unavailable,KUL,AKL,V,A,KE,unavailable,unavailable,35 - 44 years,F,28+ days,V,unavailable,unavailable,3
202105,unavailable,MEL,WLG,V,A,AU,unavailable,unavailable,75+,M,8 - 14 days,H,unavailable,unavailable,3
202105,unavailable,SIN,AKL,V,A,UA,unavailable,unavailable,75+,F,28+ days,E,unavailable,unavailable,3
202105,unavailable,BNE,AKL,V,A,ZA,unavailable,unavailable,25 - 34 years,M,28+ days,H,unavailable,unavailable,3
202105,unavailable,KUL,AKL,V,A,GB,unavailable,unavailable,35 - 44 years,F,28+ days,V,unavailable,unavailable,3
202105,unavailable,KUL,AKL,V,A,GB,unavailable,unavailable,19 - 24 years,M,28+ days,B,unavailable,unavailable,3
202105,unavailable,SYD,CHC,V,A,FR,unavailable,unavailable,35 - 44 years,F,less than 7 days,V,unavailable,unavailable,3
202105,unavailable,SYD,WLG,V,A,AU,unavailable,unavailable,35 - 44 years,F,less than 7 days,O,unavailable,unavailable,3
202105,unavailable,MEL,AKL,V,A,NZ,unavailable,unavailable,25 - 34 years,M,15 to 27 days,V,unavailable,unavailable,3
202105,unavailable,KUL,AKL,V,A,SS,unavailable,unavailable,45 - 54 years,F,28+ days,N,unavailable,unavailable,3
202105,unavailable,KUL,AKL,V,A,JO,unavailable,unavailable,25 - 34 years,F,28+ days,V,unavailable,unavailable,3
202105,unavailable,LAX,AKL,V,A,AU,unavailable,unavailable,35 - 44 years,M,15 to 27 days,O,unavailable,unavailable,3
202105,unavailable,SYD,ZQN,V,A,AU,unavailable,unavailable,12 - 18 years,M,8 - 14 days,V,unavailable,unavailable,3
202105,unavailable,ADL,AKL,V,A,AU,unavailable,unavailable,35 - 44 years,M,28+ days,V,unavailable,unavailable,3
202105,unavailable,SYD,AKL,V,A,AU,unavailable,unavailable,55 - 64 years,F,15 to 27 days,C,unavailable,unavailable,3
202105,unavailable,MEL,WLG,V,A,AU,unavailable,unavailable,25 - 34 years,M,15 to 27 days,E,unavailable,unavailable,3
202105,unavailable,OOL,AKL,V,A,AU,unavailable,unavailable,75+,F,less than 7 days,H,unavailable,unavailable,3
202105,unavailable,OOL,AKL,V,A,US,unavailable,unavailable,25 - 34 years,F,15 to 27 days,V,unavailable,unavailable,3
202105,unavailable,MEL,AKL,V,A,XX,unavailable,unavailable,35 - 44 years,M,8 - 14 days,N,unavailable,unavailable,3
202105,unavailable,HBA,AKL,V,A,AU,unavailable,unavailable,45 - 54 years,M,8 - 14 days,V,unavailable,unavailable,3
202105,unavailable,TBU,AKL,V,A,TO,unavailable,unavailable,25 - 34 years,M,28+ days,O,unavailable,unavailable,3
202105,unavailable,BNE,AKL,V,A,NZ,unavailable,unavailable,65 - 74 years,M,less than 7 days,B,unavailable,unavailable,3
202105,unavailable,BNE,WLG,V,A,AU,unavailable,unavailable,45 - 54 years,M,28+ days,O,unavailable,unavailable,3
202105,unavailable,SYD,WLG,V,A,AU,unavailable,unavailable,19 - 24 years,M,28+ days,V,unavailable,unavailable,3
202105,unavailable,SYD,AKL,V,A,US,unavailable,unavailable,25 - 34 years,M,8 - 14 days,C,unavailable,unavailable,3
202105,unavailable,KUL,AKL,V,A,GB,unavailable,unavailable,65 - 74 years,M,15 to 27 days,V,unavailable,unavailable,3
202105,unavailable,MEL,CHC,V,A,US,unavailable,unavailable,55 - 64 years,M,less than 7 days,B,unavailable,unavailable,3
202105,unavailable,OOL,CHC,V,A,AU,unavailable,unavailable,45 - 54 years,M,less than 7 days,N,unavailable,unavailable,3
202105,unavailable,MEL,CHC,V,A,XX,unavailable,unavailable,25 - 34 years,F,28+ days,N,unavailable,unavailable,3
202105,unavailable,LAX,AKL,V,A,GP,unavailable,unavailable,25 - 34 years,F,28+ days,V,unavailable,unavailable,3
202105,unavailable,SIN,AKL,V,A,SG,unavailable,unavailable,25 - 34 years,M,28+ days,B,unavailable,unavailable,3
202105,unavailable,SIN,AKL,V,A,SE,unavailable,unavailable,35 - 44 years,M,28+ days,O,unavailable,unavailable,3
202105,unavailable,APW,AKL,V,A,WS,unavailable,unavailable,55 - 64 years,F,28+ days,N,unavailable,unavailable,3
202105,unavailable,ADL,AKL,V,A,AU,unavailable,unavailable,19 - 24 years,M,15 to 27 days,V,unavailable,unavailable,3
202105,unavailable,MEL,CHC,V,A,AU,unavailable,unavailable,19 - 24 years,M,8 - 14 days,B,unavailable,unavailable,3
202105,unavailable,MEL,AKL,V,A,US,unavailable,unavailable,19 - 24 years,F,28+ days,V,unavailable,unavailable,3
202105,unavailable,SIN,AKL,V,A,DE,unavailable,unavailable,45 - 54 years,M,28+ days,V,unavailable,unavailable,3
202105,unavailable,SYD,AKL,V,A,AU,unavailable,unavailable,19 - 24 years,F,8 - 14 days,O,unavailable,unavailable,3
202105,unavailable,PER,AKL,V,A,AU,unavailable,unavailable,19 - 24 years,F,less than 7 days,H,unavailable,unavailable,3
202105,unavailable,BNE,AKL,V,A,AU,unavailable,unavailable,25 - 34 years,F,15 to 27 days,E,unavailable,unavailable,3
202105,unavailable,KUL,AKL,V,A,GB,unavailable,unavailable,35 - 44 years,M,15 to 27 days,V,unavailable,unavailable,3
202105,unavailable,BNE,CHC,V,A,AU,unavailable,unavailable,25 - 34 years,F,8 - 14 days,N,unavailable,unavailable,3
202105,unavailable,SYD,WLG,V,A,AU,unavailable,unavailable,12 - 18 years,F,28+ days,V,unavailable,unavailable,3
202105,unavailable,SYD,ZQN,V,A,AU,unavailable,unavailable,55 - 64 years,M,less than 7 days,E,unavailable,unavailable,3
202105,unavailable,SYD,CHC,V,A,AU,unavailable,unavailable,01 - 11 years,F,28+ days,V,unavailable,unavailable,3
202105,unavailable,LAX,AKL,V,A,CA,unavailable,unavailable,19 - 24 years,M,15 to 27 days,N,unavailable,unavailable,3
202105,unavailable,SYD,AKL,V,A,ID,unavailable,unavailable,45 - 54 years,F,less than 7 days,V,unavailable,unavailable,3
202105,unavailable,SYD,CHC,V,A,AU,unavailable,unavailable,75+,M,less than 7 days,H,unavailable,unavailable,3
