"NZ-resident traveller arrivals by EVERY country of main destination and purpose (Monthly)","","","","","","","","",""
"","","Business","Conventions/Conferences","Education","Holiday/Vacation","Unspecified/Not Collected","Other","Visit Friends/Relatives","TOTAL ALL TRAVEL PURPOSES"
"2022M01","OCEANIA",173,1,24,1691,92,154,1105,3240
" ","Antarctica",2,0,0,0,0,1,0,3
" ","Samoa, American",0,0,0,0,0,0,0,0
" ","Australia",96,1,17,69,48,86,843,1160
" ","Cocos (Keeling) Islands",0,0,0,0,0,0,0,0
" ","Cook Islands",32,0,5,1608,25,26,177,1873
" ","Christmas Island",0,0,0,0,0,0,0,0
" ","Fiji",7,0,0,7,0,8,49,71
" ","Micronesia, Federated States of",0,0,0,0,0,0,0,0
" ","Guam",0,0,0,0,0,0,0,0
" ","Kiribati",0,0,0,0,0,0,0,0
" ","Marshall Islands",0,0,0,0,0,0,0,0
" ","Northern Mariana Islands",0,0,0,0,0,0,0,0
" ","New Caledonia",1,0,0,0,0,0,0,1
" ","Norfolk Island",0,0,0,0,0,0,0,0
" ","Nauru",4,0,0,0,0,0,0,4
" ","Niue",1,0,1,4,5,3,15,29
" ","New Zealand",0,0,0,0,0,0,0,0
" ","French Polynesia",2,0,0,0,0,0,0,2
" ","Papua New Guinea",14,0,0,0,0,8,1,23
" ","Pitcairn",0,0,0,0,0,0,0,0
" ","Palau",0,0,0,0,0,0,0,0
" ","Solomon Islands",7,0,0,0,0,7,0,14
" ","French Southern Territories",0,0,0,0,0,0,0,0
" ","Tokelau",0,0,0,0,0,0,0,0
" ","Tonga",1,0,0,0,1,3,2,7
" ","Tuvalu",0,0,0,0,0,0,0,0
" ","Vanuatu",1,0,0,1,10,6,3,21
" ","Wallis and Futuna",0,0,0,0,0,0,0,0
" ","Samoa",5,0,1,2,3,6,15,32
" ","ASIA",75,3,8,80,54,114,1235,1569
" ","Afghanistan",0,0,0,0,0,0,0,0
" ","Armenia",0,0,0,0,0,0,0,0
" ","Azerbaijan",0,0,0,0,0,0,1,1
" ","Bangladesh",0,0,0,0,0,1,7,8
" ","Brunei Darussalam",2,0,0,0,0,0,2,4
" ","Bhutan",0,0,0,0,0,0,0,0
" ","China, People's Republic of",13,0,1,21,8,25,94,162
" ","Georgia",0,0,0,0,0,0,0,0
" ","Hong Kong (Special Administrative Region)",7,0,4,4,4,8,62,89
" ","Indonesia",6,0,0,0,1,2,12,21
" ","India",8,2,0,19,14,42,574,659
" ","Japan",7,0,0,5,6,3,55,76
" ","Kyrgyzstan",0,0,0,0,0,0,0,0
" ","Cambodia",0,0,0,3,2,0,0,5
" ","Korea, Democratic People's Republic of",0,0,0,0,0,0,0,0
" ","Korea, Republic of",3,0,1,0,4,9,93,110
" ","Kazakhstan",3,0,0,0,0,0,2,5
" ","Laos",0,0,0,0,0,0,0,0
" ","Sri Lanka",0,0,0,3,1,6,48,58
" ","Burma (Myanmar)",0,0,0,0,0,0,0,0
" ","Mongolia",0,0,0,0,0,0,0,0
" ","Macau (Special Administrative Region)",0,0,0,0,0,0,0,0
" ","Maldives",0,0,0,0,0,0,2,2
" ","Malaysia",6,0,0,0,0,4,21,31
" ","Nepal",0,1,0,0,0,0,5,6
" ","Philippines",1,0,0,5,0,8,34,48
" ","Pakistan",1,0,0,7,7,1,100,116
" ","Singapore",12,0,1,1,2,0,57,73
" ","Thailand",1,0,1,9,1,2,21,35
" ","Tajikistan",0,0,0,0,0,0,0,0
" ","Timor-Leste",1,0,0,0,0,0,0,1
" ","Turkmenistan",0,0,0,0,0,0,0,0
" ","Taiwan",3,0,0,3,4,3,40,53
" ","Uzbekistan",0,0,0,0,0,0,4,4
" ","Viet Nam",1,0,0,0,0,0,1,2
" ","EUROPE",63,2,7,46,35,67,1357,1577
" ","Andorra",0,0,0,0,0,0,0,0
" ","Albania",0,0,0,0,0,0,1,1
" ","Austria",0,0,0,1,0,0,4,5
" ","Bosnia and Herzegovina",0,0,0,0,0,0,2,2
" ","Belgium",2,0,0,0,2,0,8,12
" ","Bulgaria",0,0,0,0,0,0,3,3
" ","Belarus",0,0,0,0,0,0,2,2
" ","Switzerland",0,0,0,1,1,1,20,23
" ","Czechoslovakia","..","..","..","..","..","..","..",0
" ","Cyprus",0,0,0,0,0,0,4,4
" ","Czechia",0,0,0,0,1,2,11,14
" ","Germany, Democratic Republic of",0,0,0,0,0,0,0,0
" ","Germany",6,1,0,4,0,4,113,128
" ","Denmark",0,0,1,0,0,0,17,18
" ","Estonia",0,0,0,0,0,0,0,0
" ","Spain",2,0,1,7,0,4,51,65
" ","Finland",0,0,0,0,1,0,4,5
" ","Faeroe Islands",0,0,0,0,0,0,3,3
" ","France",2,0,0,6,2,1,77,88
" ","United Kingdom",37,0,1,18,24,38,745,863
" ","Gibraltar",0,0,0,0,0,0,0,0
" ","Greenland",0,0,0,0,0,0,0,0
" ","Greece",0,0,0,2,0,0,7,9
" ","Croatia",1,0,0,0,0,0,4,5
" ","Hungary",1,0,0,0,0,2,5,8
" ","Ireland",2,0,0,1,2,2,90,97
" ","Iceland",0,0,0,0,0,0,0,0
" ","Italy",2,1,2,5,1,3,42,56
" ","Kosovo",1,0,0,0,0,0,2,3
" ","Liechtenstein",0,0,0,0,0,0,0,0
" ","Lithuania",0,0,0,0,0,0,1,1
" ","Luxembourg",0,0,0,0,0,0,0,0
" ","Latvia",0,0,0,0,0,0,1,1
" ","Monaco",0,0,0,0,0,0,0,0
" ","Moldova",0,0,1,0,0,0,1,2
" ","Montenegro",0,0,0,0,0,0,0,0
" ","North Macedonia",0,0,0,0,0,0,0,0
" ","Malta",0,0,0,0,0,0,0,0
" ","Netherlands",5,0,0,0,1,1,46,53
" ","Norway",0,0,0,0,0,0,5,5
" ","Poland",0,0,0,0,0,1,20,21
" ","Portugal",0,0,1,0,0,1,11,13
" ","Romania",0,0,0,0,0,0,2,2
" ","Serbia",0,0,0,0,0,2,2,4
" ","Russia",1,0,0,0,0,2,21,24
" ","Sweden",1,0,0,0,0,3,24,28
" ","Slovenia",0,0,0,0,0,0,3,3
" ","Slovakia",0,0,0,1,0,0,5,6
" ","San Marino",0,0,0,0,0,0,0,0
" ","Union of Soviet Socialist Republics",0,0,0,0,0,0,0,0
" ","Ukraine",0,0,0,0,0,0,0,0
" ","Vatican City State",0,0,0,0,0,0,0,0
" ","Yugoslavia/Serbia and Montenegro",0,0,0,0,0,0,0,0
" ","AMERICAS",88,5,8,46,52,50,796,1045
" ","Antigua and Barbuda",0,0,0,0,0,0,0,0
" ","Anguilla",0,0,0,0,0,0,0,0
" ","Netherlands Antilles",0,0,0,0,0,0,0,0
" ","Argentina",0,0,0,0,0,0,10,10
" ","Aruba",0,0,0,0,0,0,0,0
" ","Barbados",0,0,0,0,0,0,0,0
" ","Bermuda",0,0,0,0,0,0,0,0
" ","Bolivia",0,0,0,0,0,0,0,0
" ","Brazil",0,0,0,0,0,6,20,26
" ","Bahamas",1,0,0,0,0,0,2,3
" ","Belize",0,0,0,0,0,0,0,0
" ","Canada",2,1,1,1,9,5,119,138
" ","Chile",0,0,0,2,1,0,8,11
" ","Colombia",0,0,0,0,0,2,5,7
" ","Costa Rica",3,0,0,2,0,0,0,5
" ","Cuba",0,0,0,0,0,0,0,0
" ","Curacao",0,0,0,0,0,0,0,0
" ","Dominica",0,0,0,0,0,0,0,0
" ","Dominican Republic",0,0,0,0,0,0,0,0
" ","Ecuador",0,0,0,0,0,0,0,0
" ","Falkland Islands",0,0,0,0,0,0,1,1
" ","Grenada",1,0,0,0,0,0,0,1
" ","French Guiana",0,0,0,0,0,0,0,0
" ","Guadeloupe",0,0,0,0,0,0,0,0
" ","South Georgia and the South Sandwich Islands",0,0,0,0,0,0,0,0
" ","Guatemala",0,0,0,1,0,0,3,4
" ","Guyana",0,0,0,0,0,0,0,0
" ","Honduras",0,0,0,0,0,0,0,0
" ","Haiti",0,0,0,0,0,0,0,0
" ","Jamaica",0,1,0,1,0,1,2,5
" ","St Kitts and Nevis",0,0,0,0,0,0,0,0
" ","Cayman Islands",0,0,0,0,0,0,1,1
" ","St Lucia",0,0,0,0,0,0,0,0
" ","Martinique",0,0,0,0,0,0,0,0
" ","Montserrat",0,0,0,0,0,0,0,0
" ","Mexico",2,0,0,0,0,0,12,14
" ","Nicaragua",0,0,0,0,0,0,0,0
" ","Panama",0,0,0,0,0,0,0,0
" ","Peru",0,0,0,0,0,0,4,4
" ","St Pierre and Miquelon",0,0,0,0,0,0,0,0
" ","Puerto Rico",0,0,0,1,0,0,0,1
" ","Paraguay",0,0,0,0,0,0,0,0
" ","Suriname",0,0,0,0,0,0,0,0
" ","El Salvador",0,0,0,0,0,0,0,0
" ","St Maarten (Dutch Part)",0,0,0,0,0,0,0,0
" ","Turks and Caicos Islands",1,0,0,0,0,0,1,2
" ","Trinidad and Tobago",0,0,0,0,0,0,1,1
" ","United States Minor Outlying Islands",0,0,0,0,0,0,0,0
" ","United States of America",78,3,7,36,42,36,597,799
" ","Uruguay",0,0,0,2,0,0,8,10
" ","St Vincent and the Grenadines",0,0,0,0,0,0,0,0
" ","Venezuela",0,0,0,0,0,0,2,2
" ","Virgin Islands, British",0,0,0,0,0,0,0,0
" ","Virgin Islands, United States",0,0,0,0,0,0,0,0
" ","AFRICA AND THE MIDDLE EAST",50,14,2,35,12,50,338,501
" ","United Arab Emirates",23,14,0,7,7,10,75,136
" ","Angola",0,0,0,0,0,0,0,0
" ","Burkina Faso",1,0,0,0,0,0,0,1
" ","Bahrain",8,0,0,0,0,1,0,9
" ","Burundi",0,0,0,0,0,1,0,1
" ","Benin",0,0,0,0,0,0,0,0
" ","Botswana",1,0,0,0,0,0,0,1
" ","Congo, the Democratic Republic of the",0,0,0,0,0,0,0,0
" ","Central African Republic",0,0,0,0,0,0,0,0
" ","Congo",1,0,0,0,0,1,0,2
" ","Cote d'Ivoire",0,0,0,0,0,0,0,0
" ","Cameroon",0,0,0,0,0,0,0,0
" ","Cabo Verde",0,0,0,0,0,0,0,0
" ","Djibouti",0,0,0,0,0,0,0,0
" ","Algeria",0,0,0,0,0,0,0,0
" ","Egypt",0,0,0,1,0,3,69,73
" ","Western Sahara",0,0,0,0,0,0,0,0
" ","Eritrea",0,0,0,0,0,0,0,0
" ","Ethiopia",0,0,0,0,0,0,0,0
" ","Gabon",0,0,0,0,0,0,0,0
" ","Ghana",1,0,0,0,0,1,0,2
" ","Gambia",0,0,0,0,0,0,0,0
" ","Guinea",0,0,0,0,1,0,0,1
" ","Equatorial Guinea",0,0,0,0,0,0,0,0
" ","Guinea-Bissau",0,0,0,0,0,0,0,0
" ","Israel",0,0,2,0,0,0,18,20
" ","British Indian Ocean Territory",0,0,0,0,0,0,0,0
" ","Iraq",4,0,0,1,1,2,6,14
" ","Iran",0,0,0,1,0,4,13,18
" ","Jordan",0,0,0,0,0,0,7,7
" ","Kenya",0,0,0,1,0,0,3,4
" ","Comoros",0,0,0,0,0,0,0,0
" ","Kuwait",0,0,0,0,0,0,0,0
" ","Lebanon",1,0,0,0,0,0,3,4
" ","Liberia",0,0,0,0,0,0,0,0
" ","Lesotho",0,0,0,0,0,0,0,0
" ","Libya",1,0,0,0,0,0,8,9
" ","Morocco",0,0,0,0,0,0,1,1
" ","Madagascar",0,0,0,0,0,0,0,0
" ","Mali",1,0,0,0,0,0,0,1
" ","Mauritania",0,0,0,0,0,0,0,0
" ","Mauritius",0,0,0,0,0,2,0,2
" ","Malawi",0,0,0,0,0,0,0,0
" ","Mozambique",0,0,0,0,0,0,1,1
" ","Namibia",0,0,0,0,0,0,1,1
" ","Niger",0,0,0,0,0,0,0,0
" ","Nigeria",0,0,0,0,0,0,2,2
" ","Oman",3,0,0,0,0,0,10,13
" ","Gaza Strip/Palestine/West Bank",0,0,0,0,0,0,0,0
" ","Qatar",1,0,0,2,1,0,4,8
" ","Reunion",0,0,0,0,0,0,0,0
" ","Rwanda",0,0,0,0,0,0,0,0
" ","Saudi Arabia",4,0,0,0,0,1,26,31
" ","Seychelles",0,0,0,0,0,0,0,0
" ","Sudan",0,0,0,0,0,0,6,6
" ","St Helena",0,0,0,0,0,0,0,0
" ","Sierra Leone",0,0,0,0,0,0,0,0
" ","Senegal",0,0,0,0,0,0,0,0
" ","Somalia",0,0,0,0,0,1,0,1
" ","South Sudan",0,0,0,0,0,0,0,0
" ","Sao Tome and Principe",0,0,0,0,0,0,0,0
" ","Syria",0,0,0,0,0,7,3,10
" ","Eswatini",0,0,0,0,0,0,0,0
" ","Chad",0,0,0,0,0,0,0,0
" ","Togo",0,0,0,0,0,0,0,0
" ","Tunisia",0,0,0,0,0,0,0,0
" ","Turkiye",0,0,0,18,1,0,7,26
" ","Tanzania",0,0,0,0,0,0,0,0
" ","Uganda",0,0,0,0,0,0,2,2
" ","Yemen, Democratic",0,0,0,0,0,0,0,0
" ","Yemen",0,0,0,0,0,0,0,0
" ","Mayotte",0,0,0,0,0,0,0,0
" ","South Africa",0,0,0,4,1,15,67,87
" ","Zambia",0,0,0,0,0,0,0,0
" ","Zimbabwe",0,0,0,0,0,1,6,7
" ","NOT STATED",12,0,6,164,257,39,65,543
" ","TOTAL ALL COUNTRIES OF MAIN DESTINATION",461,25,55,2062,502,474,4896,8475
"2022M02","OCEANIA",304,21,26,3085,248,181,1208,5073
" ","Antarctica",1,0,0,0,0,1,0,2
" ","Samoa, American",0,0,0,0,0,0,0,0
" ","Australia",173,10,13,62,55,78,593,984
" ","Cocos (Keeling) Islands",0,0,0,0,0,0,0,0
" ","Cook Islands",83,11,13,3013,54,50,541,3765
" ","Christmas Island",0,0,0,0,0,0,0,0
" ","Fiji",4,0,0,4,0,7,34,49
" ","Micronesia, Federated States of",0,0,0,0,0,0,0,0
" ","Guam",0,0,0,0,0,0,0,0
" ","Kiribati",0,0,0,0,0,0,0,0
" ","Marshall Islands",0,0,0,0,0,0,0,0
" ","Northern Mariana Islands",0,0,0,0,0,0,0,0
" ","New Caledonia",1,0,0,0,0,0,0,1
" ","Norfolk Island",0,0,0,0,0,0,0,0
" ","Nauru",6,0,0,0,0,0,0,6
" ","Niue",10,0,0,1,4,0,9,24
" ","New Zealand",0,0,0,0,0,0,0,0
" ","French Polynesia",0,0,0,0,0,0,1,1
" ","Papua New Guinea",15,0,0,0,0,3,0,18
" ","Pitcairn",0,0,0,0,0,0,0,0
" ","Palau",0,0,0,0,0,0,0,0
" ","Solomon Islands",0,0,0,0,0,0,0,0
" ","French Southern Territories",0,0,0,0,0,0,0,0
" ","Tokelau",0,0,0,0,0,0,0,0
" ","Tonga",0,0,0,1,18,2,6,27
" ","Tuvalu",0,0,0,0,0,0,0,0
" ","Vanuatu",3,0,0,3,82,14,2,104
" ","Wallis and Futuna",0,0,0,0,0,0,0,0
" ","Samoa",8,0,0,1,35,26,22,92
" ","ASIA",73,9,17,62,29,141,1117,1448
" ","Afghanistan",0,0,0,0,0,0,0,0
" ","Armenia",0,0,0,0,0,0,0,0
" ","Azerbaijan",0,0,0,0,0,1,0,1
" ","Bangladesh",1,0,0,1,2,0,13,17
" ","Brunei Darussalam",0,0,0,0,0,0,0,0
" ","Bhutan",0,0,0,0,0,0,0,0
" ","China, People's Republic of",34,0,7,4,1,22,95,163
" ","Georgia",0,0,0,0,0,0,0,0
" ","Hong Kong (Special Administrative Region)",4,0,1,5,0,7,44,61
" ","Indonesia",2,0,1,1,0,0,1,5
" ","India",4,6,1,22,16,68,603,720
" ","Japan",1,0,0,0,0,3,20,24
" ","Kyrgyzstan",0,0,0,0,0,0,0,0
" ","Cambodia",0,0,0,0,0,0,0,0
" ","Korea, Democratic People's Republic of",0,0,0,0,0,0,0,0
" ","Korea, Republic of",2,0,2,2,1,4,62,73
" ","Kazakhstan",1,0,0,0,0,0,0,1
" ","Laos",0,0,0,0,0,0,0,0
" ","Sri Lanka",0,0,0,6,0,1,51,58
" ","Burma (Myanmar)",0,0,0,0,0,0,0,0
" ","Mongolia",0,0,0,0,0,0,0,0
" ","Macau (Special Administrative Region)",0,0,0,0,0,0,0,0
" ","Maldives",1,0,0,0,0,0,1,2
" ","Malaysia",3,0,2,0,0,1,25,31
" ","Nepal",0,0,0,0,0,0,2,2
" ","Philippines",1,0,1,12,3,12,41,70
" ","Pakistan",1,3,0,0,1,10,92,107
" ","Singapore",10,0,0,0,4,6,17,37
" ","Thailand",6,0,0,8,0,4,14,32
" ","Tajikistan",0,0,0,0,0,0,0,0
" ","Timor-Leste",0,0,0,0,0,0,0,0
" ","Turkmenistan",0,0,0,0,0,0,0,0
" ","Taiwan",2,0,2,0,1,2,35,42
" ","Uzbekistan",0,0,0,0,0,0,0,0
" ","Viet Nam",0,0,0,1,0,0,1,2
" ","EUROPE",65,7,4,18,19,52,436,601
" ","Andorra",0,0,0,0,0,0,0,0
" ","Albania",0,0,0,0,0,0,0,0
" ","Austria",2,0,0,1,0,0,2,5
" ","Bosnia and Herzegovina",0,0,0,0,0,0,0,0
" ","Belgium",0,0,0,0,1,0,0,1
" ","Bulgaria",0,0,0,1,0,0,1,2
" ","Belarus",0,0,0,0,0,0,1,1
" ","Switzerland",2,1,1,4,1,1,7,17
" ","Czechoslovakia","..","..","..","..","..","..","..",0
" ","Cyprus",4,0,0,0,0,0,1,5
" ","Czechia",0,0,0,0,0,3,0,3
" ","Germany, Democratic Republic of",0,0,0,0,0,0,0,0
" ","Germany",2,0,0,1,0,3,23,29
" ","Denmark",1,0,0,1,0,0,7,9
" ","Estonia",0,0,0,0,0,0,1,1
" ","Spain",5,0,2,1,1,6,9,24
" ","Finland",0,0,0,0,0,0,1,1
" ","Faeroe Islands",0,0,0,0,0,0,0,0
" ","France",10,0,0,3,1,6,31,51
" ","United Kingdom",16,5,1,5,11,23,228,289
" ","Gibraltar",0,0,0,0,0,0,0,0
" ","Greenland",0,0,0,0,0,0,0,0
" ","Greece",0,0,0,0,0,0,1,1
" ","Croatia",0,0,0,0,0,0,3,3
" ","Hungary",0,0,0,1,0,0,1,2
" ","Ireland",0,0,0,0,1,0,27,28
" ","Iceland",0,0,0,0,0,0,1,1
" ","Italy",4,0,0,0,1,4,23,32
" ","Kosovo",0,0,0,0,0,0,1,1
" ","Liechtenstein",0,0,0,0,0,0,0,0
" ","Lithuania",0,0,0,0,0,0,0,0
" ","Luxembourg",0,0,0,0,0,0,0,0
" ","Latvia",0,0,0,0,0,0,0,0
" ","Monaco",0,0,0,0,0,0,0,0
" ","Moldova",0,0,0,0,0,0,0,0
" ","Montenegro",0,0,0,0,0,0,0,0
" ","North Macedonia",0,0,0,0,0,0,0,0
" ","Malta",0,0,0,0,0,0,0,0
" ","Netherlands",1,1,0,0,1,0,20,23
" ","Norway",0,0,0,0,0,0,2,2
" ","Poland",2,0,0,0,0,0,5,7
" ","Portugal",0,0,0,0,0,0,5,5
" ","Romania",0,0,0,0,0,1,1,2
" ","Serbia",0,0,0,0,0,1,0,1
" ","Russia",16,0,0,0,0,4,17,37
" ","Sweden",0,0,0,0,1,0,13,14
" ","Slovenia",0,0,0,0,0,0,0,0
" ","Slovakia",0,0,0,0,0,0,1,1
" ","San Marino",0,0,0,0,0,0,0,0
" ","Union of Soviet Socialist Republics",0,0,0,0,0,0,0,0
" ","Ukraine",0,0,0,0,0,0,3,3
" ","Vatican City State",0,0,0,0,0,0,0,0
" ","Yugoslavia/Serbia and Montenegro",0,0,0,0,0,0,0,0
" ","AMERICAS",107,6,3,24,27,41,350,558
" ","Antigua and Barbuda",0,0,0,0,0,0,0,0
" ","Anguilla",0,0,0,0,0,0,0,0
" ","Netherlands Antilles",0,0,0,0,0,0,0,0
" ","Argentina",0,1,0,0,0,1,7,9
" ","Aruba",0,0,0,0,0,0,0,0
" ","Barbados",0,0,0,0,0,0,0,0
" ","Bermuda",0,0,0,0,0,0,1,1
" ","Bolivia",0,0,0,0,0,0,0,0
" ","Brazil",0,0,0,1,0,2,25,28
" ","Bahamas",1,0,0,0,0,0,0,1
" ","Belize",0,0,0,0,0,0,0,0
" ","Canada",15,0,0,1,3,10,41,70
" ","Chile",0,0,0,0,0,0,3,3
" ","Colombia",0,0,0,0,0,0,14,14
" ","Costa Rica",0,0,0,0,0,0,0,0
" ","Cuba",0,0,0,0,0,0,0,0
" ","Curacao",0,0,0,0,0,0,0,0
" ","Dominica",0,0,0,0,0,0,0,0
" ","Dominican Republic",0,0,0,0,0,0,0,0
" ","Ecuador",0,0,0,0,0,0,0,0
" ","Falkland Islands",0,0,0,0,0,0,0,0
" ","Grenada",0,0,0,0,0,0,0,0
" ","French Guiana",0,0,0,0,0,0,0,0
" ","Guadeloupe",0,0,0,0,0,0,0,0
" ","South Georgia and the South Sandwich Islands",0,0,0,0,0,0,0,0
" ","Guatemala",0,0,0,0,0,0,0,0
" ","Guyana",0,0,0,0,0,0,0,0
" ","Honduras",0,0,0,0,0,0,0,0
" ","Haiti",0,0,0,0,0,0,0,0
" ","Jamaica",0,0,0,0,0,0,0,0
" ","St Kitts and Nevis",0,0,0,0,0,0,0,0
" ","Cayman Islands",0,0,0,0,0,0,1,1
" ","St Lucia",0,0,0,0,0,0,0,0
" ","Martinique",0,0,0,0,0,0,0,0
" ","Montserrat",0,0,0,0,0,0,0,0
" ","Mexico",2,0,0,1,0,1,8,12
" ","Nicaragua",0,0,0,0,0,0,0,0
" ","Panama",0,0,0,0,0,0,1,1
" ","Peru",0,0,0,0,0,0,7,7
" ","St Pierre and Miquelon",0,0,0,0,0,0,0,0
" ","Puerto Rico",0,0,0,0,0,0,1,1
" ","Paraguay",0,0,0,0,0,0,0,0
" ","Suriname",0,0,0,0,0,0,0,0
" ","El Salvador",0,0,0,0,0,0,0,0
" ","St Maarten (Dutch Part)",1,0,0,0,0,0,0,1
" ","Turks and Caicos Islands",0,0,0,0,0,0,0,0
" ","Trinidad and Tobago",0,0,0,0,0,0,1,1
" ","United States Minor Outlying Islands",0,0,0,0,0,0,0,0
" ","United States of America",88,5,3,21,24,26,240,407
" ","Uruguay",0,0,0,0,0,1,0,1
" ","St Vincent and the Grenadines",0,0,0,0,0,0,0,0
" ","Venezuela",0,0,0,0,0,0,0,0
" ","Virgin Islands, British",0,0,0,0,0,0,0,0
" ","Virgin Islands, United States",0,0,0,0,0,0,0,0
" ","AFRICA AND THE MIDDLE EAST",58,47,0,15,4,47,226,397
" ","United Arab Emirates",36,42,0,11,3,31,45,168
" ","Angola",2,0,0,0,0,0,0,2
" ","Burkina Faso",1,0,0,0,0,0,0,1
" ","Bahrain",2,2,0,0,0,0,1,5
" ","Burundi",0,0,0,0,0,0,1,1
" ","Benin",0,0,0,0,0,0,0,0
" ","Botswana",2,0,0,0,0,0,0,2
" ","Congo, the Democratic Republic of the",0,0,0,0,0,0,0,0
" ","Central African Republic",0,0,0,0,0,0,0,0
" ","Congo",0,0,0,0,0,0,0,0
" ","Cote d'Ivoire",0,0,0,0,0,0,0,0
" ","Cameroon",0,0,0,0,0,0,1,1
" ","Cabo Verde",0,0,0,0,0,0,0,0
" ","Djibouti",0,0,0,0,0,0,0,0
" ","Algeria",0,0,0,0,0,0,0,0
" ","Egypt",5,1,0,1,0,2,11,20
" ","Western Sahara",0,0,0,0,0,0,0,0
" ","Eritrea",0,0,0,0,0,0,0,0
" ","Ethiopia",1,0,0,0,0,1,9,11
" ","Gabon",0,0,0,0,0,0,0,0
" ","Ghana",1,0,0,0,0,0,2,3
" ","Gambia",0,0,0,0,0,0,0,0
" ","Guinea",0,0,0,0,0,0,0,0
" ","Equatorial Guinea",0,0,0,0,0,0,0,0
" ","Guinea-Bissau",0,0,0,0,0,0,0,0
" ","Israel",0,0,0,0,0,2,6,8
" ","British Indian Ocean Territory",0,0,0,0,0,0,0,0
" ","Iraq",1,0,0,0,0,2,6,9
" ","Iran",1,1,0,0,0,1,29,32
" ","Jordan",2,0,0,0,0,0,5,7
" ","Kenya",0,1,0,0,0,0,7,8
" ","Comoros",0,0,0,0,0,0,0,0
" ","Kuwait",0,0,0,0,0,3,8,11
" ","Lebanon",0,0,0,0,0,0,5,5
" ","Liberia",0,0,0,0,0,0,0,0
" ","Lesotho",0,0,0,0,0,0,0,0
" ","Libya",0,0,0,0,0,0,2,2
" ","Morocco",0,0,0,0,0,0,0,0
" ","Madagascar",0,0,0,0,0,0,0,0
" ","Mali",2,0,0,0,0,0,0,2
" ","Mauritania",0,0,0,0,0,0,0,0
" ","Mauritius",0,0,0,0,0,0,2,2
" ","Malawi",0,0,0,0,0,0,0,0
" ","Mozambique",0,0,0,0,0,0,0,0
" ","Namibia",0,0,0,0,0,0,0,0
" ","Niger",0,0,0,0,0,0,0,0
" ","Nigeria",0,0,0,0,0,0,0,0
" ","Oman",0,0,0,1,1,0,1,3
" ","Gaza Strip/Palestine/West Bank",0,0,0,0,0,0,0,0
" ","Qatar",0,0,0,0,0,0,4,4
" ","Reunion",0,0,0,0,0,0,0,0
" ","Rwanda",0,0,0,0,0,0,0,0
" ","Saudi Arabia",0,0,0,0,0,1,12,13
" ","Seychelles",0,0,0,0,0,0,0,0
" ","Sudan",0,0,0,0,0,0,0,0
" ","St Helena",0,0,0,0,0,0,0,0
" ","Sierra Leone",0,0,0,0,0,0,0,0
" ","Senegal",0,0,0,0,0,0,0,0
" ","Somalia",0,0,0,0,0,0,0,0
" ","South Sudan",0,0,0,0,0,0,0,0
" ","Sao Tome and Principe",0,0,0,0,0,0,0,0
" ","Syria",0,0,0,0,0,0,0,0
" ","Eswatini",0,0,0,0,0,0,0,0
" ","Chad",0,0,0,0,0,0,0,0
" ","Togo",0,0,0,0,0,0,0,0
" ","Tunisia",0,0,0,0,0,0,0,0
" ","Turkiye",1,0,0,2,0,0,0,3
" ","Tanzania",0,0,0,0,0,1,0,1
" ","Uganda",0,0,0,0,0,0,0,0
" ","Yemen, Democratic",0,0,0,0,0,0,0,0
" ","Yemen",0,0,0,0,0,0,0,0
" ","Mayotte",0,0,0,0,0,0,0,0
" ","South Africa",1,0,0,0,0,2,58,61
" ","Zambia",0,0,0,0,0,0,0,0
" ","Zimbabwe",0,0,0,0,0,1,11,12
" ","NOT STATED",18,2,2,33,359,67,46,527
" ","TOTAL ALL COUNTRIES OF MAIN DESTINATION",625,92,52,3237,686,529,3383,8604
"2022M03","OCEANIA",2552,350,85,3845,710,858,11242,19642
" ","Antarctica",2,0,0,0,1,0,1,4
" ","Samoa, American",0,0,0,0,0,0,0,0
" ","Australia",2258,325,80,1063,483,676,10161,15046
" ","Cocos (Keeling) Islands",0,0,0,0,0,0,0,0
" ","Cook Islands",76,16,1,2536,35,47,347,3058
" ","Christmas Island",0,0,0,0,0,0,0,0
" ","Fiji",149,9,3,237,23,65,697,1183
" ","Micronesia, Federated States of",0,0,0,0,0,0,0,0
" ","Guam",0,0,0,0,0,1,0,1
" ","Kiribati",0,0,0,0,0,0,0,0
" ","Marshall Islands",0,0,0,0,0,0,0,0
" ","Northern Mariana Islands",0,0,0,0,0,0,0,0
" ","New Caledonia",2,0,0,0,1,1,2,6
" ","Norfolk Island",0,0,0,0,0,1,2,3
" ","Nauru",8,0,0,0,0,3,0,11
" ","Niue",5,0,0,1,0,2,5,13
" ","New Zealand",0,0,0,0,0,0,0,0
" ","French Polynesia",7,0,0,5,0,0,2,14
" ","Papua New Guinea",36,0,0,0,2,6,1,45
" ","Pitcairn",0,0,0,0,0,0,0,0
" ","Palau",2,0,0,0,0,0,0,2
" ","Solomon Islands",0,0,0,0,0,0,0,0
" ","French Southern Territories",0,0,0,0,0,0,0,0
" ","Tokelau",0,0,0,0,0,0,0,0
" ","Tonga",1,0,1,0,50,8,5,65
" ","Tuvalu",0,0,0,0,0,0,0,0
" ","Vanuatu",1,0,0,1,41,2,1,46
" ","Wallis and Futuna",0,0,0,0,0,0,0,0
" ","Samoa",5,0,0,2,74,46,18,145
" ","ASIA",208,25,29,337,118,338,3297,4352
" ","Afghanistan",0,0,0,0,0,0,10,10
" ","Armenia",0,0,0,0,0,0,0,0
" ","Azerbaijan",0,0,0,0,0,0,0,0
" ","Bangladesh",2,0,0,3,2,4,37,48
" ","Brunei Darussalam",2,0,0,0,1,1,0,4
" ","Bhutan",0,0,0,0,0,0,0,0
" ","China, People's Republic of",39,2,13,34,19,60,262,429
" ","Georgia",0,0,0,0,0,2,1,3
" ","Hong Kong (Special Administrative Region)",6,4,1,8,6,17,105,147
" ","Indonesia",21,2,0,4,6,8,20,61
" ","India",23,5,1,127,41,108,1731,2036
" ","Japan",14,3,1,5,2,5,68,98
" ","Kyrgyzstan",0,0,0,0,0,0,0,0
" ","Cambodia",5,1,1,5,1,2,21,36
" ","Korea, Democratic People's Republic of",0,0,0,0,0,0,0,0
" ","Korea, Republic of",12,1,4,15,8,26,193,259
" ","Kazakhstan",3,0,0,0,0,0,1,4
" ","Laos",1,0,0,0,0,0,0,1
" ","Sri Lanka",1,1,0,20,3,11,123,159
" ","Burma (Myanmar)",2,0,0,0,0,0,0,2
" ","Mongolia",1,0,0,1,0,0,0,2
" ","Macau (Special Administrative Region)",0,0,0,0,0,0,1,1
" ","Maldives",2,0,0,1,0,0,4,7
" ","Malaysia",8,0,1,7,2,8,85,111
" ","Nepal",0,0,0,3,0,0,30,33
" ","Philippines",13,0,0,33,8,41,118,213
" ","Pakistan",7,4,4,8,9,13,244,289
" ","Singapore",16,0,3,2,3,7,57,88
" ","Thailand",22,2,0,49,4,17,74,168
" ","Tajikistan",0,0,0,0,1,0,1,2
" ","Timor-Leste",0,0,0,0,0,0,1,1
" ","Turkmenistan",0,0,0,0,0,0,0,0
" ","Taiwan",1,0,0,5,2,5,81,94
" ","Uzbekistan",1,0,0,0,0,0,0,1
" ","Viet Nam",6,0,0,7,0,3,29,45
" ","EUROPE",212,33,18,110,46,126,1613,2158
" ","Andorra",0,0,0,0,0,0,0,0
" ","Albania",0,0,0,0,0,0,0,0
" ","Austria",6,1,1,3,0,2,2,15
" ","Bosnia and Herzegovina",0,0,0,0,0,0,0,0
" ","Belgium",4,1,0,3,2,1,14,25
" ","Bulgaria",0,0,0,0,0,1,4,5
" ","Belarus",0,0,0,0,0,0,0,0
" ","Switzerland",10,4,1,10,2,3,28,58
" ","Czechoslovakia","..","..","..","..","..","..","..",0
" ","Cyprus",4,0,0,0,0,0,5,9
" ","Czechia",1,0,0,1,1,0,7,10
" ","Germany, Democratic Republic of",0,0,0,0,0,0,0,0
" ","Germany",17,2,0,2,6,10,86,123
" ","Denmark",2,0,0,0,1,1,16,20
" ","Estonia",0,0,0,0,0,0,0,0
" ","Spain",9,2,0,10,1,13,41,76
" ","Finland",1,0,0,0,0,0,9,10
" ","Faeroe Islands",0,0,0,0,0,0,0,0
" ","France",16,4,1,19,2,13,83,138
" ","United Kingdom",87,14,10,32,24,41,1021,1229
" ","Gibraltar",0,0,0,0,0,0,0,0
" ","Greenland",0,0,0,0,0,0,0,0
" ","Greece",4,0,0,3,0,1,1,9
" ","Croatia",0,0,0,0,0,2,3,5
" ","Hungary",2,0,0,1,0,0,3,6
" ","Ireland",6,1,0,1,0,7,101,116
" ","Iceland",0,0,1,0,0,0,2,3
" ","Italy",11,2,0,7,2,4,21,47
" ","Kosovo",0,0,0,0,0,0,3,3
" ","Liechtenstein",0,0,0,0,0,0,0,0
" ","Lithuania",0,0,0,0,0,0,2,2
" ","Luxembourg",0,0,0,0,0,0,0,0
" ","Latvia",0,0,0,0,0,0,2,2
" ","Monaco",0,0,0,0,0,0,3,3
" ","Moldova",0,0,0,0,0,0,0,0
" ","Montenegro",0,0,0,0,1,0,0,1
" ","North Macedonia",0,0,0,0,0,0,1,1
" ","Malta",0,0,0,0,0,0,0,0
" ","Netherlands",16,1,1,7,2,3,51,81
" ","Norway",1,0,0,1,0,1,6,9
" ","Poland",4,0,1,2,0,6,9,22
" ","Portugal",3,1,1,7,0,2,10,24
" ","Romania",0,0,0,0,0,1,8,9
" ","Serbia",1,0,0,0,0,4,4,9
" ","Russia",2,0,1,0,0,6,37,46
" ","Sweden",3,0,0,0,2,2,14,21
" ","Slovenia",0,0,0,0,0,0,0,0
" ","Slovakia",0,0,0,1,0,0,9,10
" ","San Marino",0,0,0,0,0,0,0,0
" ","Union of Soviet Socialist Republics",0,0,0,0,0,0,0,0
" ","Ukraine",2,0,0,0,0,2,7,11
" ","Vatican City State",0,0,0,0,0,0,0,0
" ","Yugoslavia/Serbia and Montenegro",0,0,0,0,0,0,0,0
" ","AMERICAS",395,83,26,214,63,89,1252,2122
" ","Antigua and Barbuda",6,0,0,0,0,0,0,6
" ","Anguilla",0,0,0,0,0,0,0,0
" ","Netherlands Antilles",0,0,0,0,0,0,0,0
" ","Argentina",2,0,0,1,0,0,30,33
" ","Aruba",0,0,0,0,0,0,0,0
" ","Barbados",1,0,0,0,0,0,3,4
" ","Bermuda",0,0,0,0,0,0,0,0
" ","Bolivia",0,0,0,0,0,0,0,0
" ","Brazil",1,2,0,2,0,10,81,96
" ","Bahamas",0,0,0,0,0,0,3,3
" ","Belize",0,0,0,0,0,0,0,0
" ","Canada",25,2,0,29,8,10,221,295
" ","Chile",3,0,0,0,0,0,15,18
" ","Colombia",1,0,0,1,1,1,26,30
" ","Costa Rica",1,0,0,2,1,0,11,15
" ","Cuba",0,1,0,3,0,0,1,5
" ","Curacao",0,0,0,0,0,0,0,0
" ","Dominica",0,0,0,1,0,0,0,1
" ","Dominican Republic",0,0,0,0,0,0,0,0
" ","Ecuador",0,0,0,2,1,0,0,3
" ","Falkland Islands",0,0,0,0,0,0,0,0
" ","Grenada",0,0,0,1,0,1,0,2
" ","French Guiana",0,0,0,0,0,0,0,0
" ","Guadeloupe",4,0,0,1,0,0,0,5
" ","South Georgia and the South Sandwich Islands",0,0,0,0,0,0,0,0
" ","Guatemala",0,0,0,0,0,0,1,1
" ","Guyana",1,0,0,0,0,0,0,1
" ","Honduras",0,0,0,0,0,0,4,4
" ","Haiti",0,0,0,0,0,0,0,0
" ","Jamaica",1,0,0,0,0,0,0,1
" ","St Kitts and Nevis",0,0,0,0,0,0,0,0
" ","Cayman Islands",0,0,0,0,0,1,2,3
" ","St Lucia",0,0,0,0,0,0,0,0
" ","Martinique",0,0,0,0,0,0,2,2
" ","Montserrat",0,0,0,0,0,0,0,0
" ","Mexico",2,1,0,17,0,1,38,59
" ","Nicaragua",0,0,0,0,0,0,0,0
" ","Panama",0,0,0,0,0,2,3,5
" ","Peru",0,0,0,2,0,0,12,14
" ","St Pierre and Miquelon",0,0,0,0,0,0,0,0
" ","Puerto Rico",0,0,0,1,0,0,2,3
" ","Paraguay",1,0,0,0,0,0,0,1
" ","Suriname",0,0,0,0,0,0,0,0
" ","El Salvador",0,0,0,0,0,0,0,0
" ","St Maarten (Dutch Part)",0,0,0,0,0,0,0,0
" ","Turks and Caicos Islands",0,0,0,0,0,0,0,0
" ","Trinidad and Tobago",0,0,0,0,0,0,0,0
" ","United States Minor Outlying Islands",0,0,0,0,0,0,0,0
" ","United States of America",346,77,26,151,52,62,787,1501
" ","Uruguay",0,0,0,0,0,0,9,9
" ","St Vincent and the Grenadines",0,0,0,0,0,1,0,1
" ","Venezuela",0,0,0,0,0,0,0,0
" ","Virgin Islands, British",0,0,0,0,0,0,1,1
" ","Virgin Islands, United States",0,0,0,0,0,0,0,0
" ","AFRICA AND THE MIDDLE EAST",130,29,6,85,16,98,633,997
" ","United Arab Emirates",62,15,4,36,8,15,127,267
" ","Angola",1,0,0,0,1,0,0,2
" ","Burkina Faso",4,0,0,0,0,0,0,4
" ","Bahrain",2,1,0,1,1,3,3,11
" ","Burundi",0,0,0,0,0,0,1,1
" ","Benin",0,0,0,0,0,0,0,0
" ","Botswana",3,0,0,0,0,0,2,5
" ","Congo, the Democratic Republic of the",0,0,0,0,0,0,0,0
" ","Central African Republic",0,0,0,0,0,0,0,0
" ","Congo",1,0,0,0,0,0,3,4
" ","Cote d'Ivoire",0,0,0,0,0,0,0,0
" ","Cameroon",0,0,0,0,0,0,2,2
" ","Cabo Verde",0,0,0,0,0,1,0,1
" ","Djibouti",0,0,0,0,0,0,0,0
" ","Algeria",0,0,0,0,0,1,3,4
" ","Egypt",4,1,0,4,0,5,30,44
" ","Western Sahara",0,0,0,0,0,0,0,0
" ","Eritrea",0,0,0,0,0,0,2,2
" ","Ethiopia",0,0,0,5,0,6,25,36
" ","Gabon",0,0,0,0,0,0,0,0
" ","Ghana",0,0,0,0,0,1,3,4
" ","Gambia",0,0,0,0,0,0,0,0
" ","Guinea",0,0,0,0,0,1,0,1
" ","Equatorial Guinea",0,0,0,0,0,0,0,0
" ","Guinea-Bissau",0,0,0,0,0,0,0,0
" ","Israel",1,0,1,1,1,0,10,14
" ","British Indian Ocean Territory",0,0,0,0,0,0,0,0
" ","Iraq",3,0,0,1,0,4,36,44
" ","Iran",2,0,0,6,0,5,50,63
" ","Jordan",3,0,0,1,0,2,18,24
" ","Kenya",1,0,0,1,1,1,4,8
" ","Comoros",0,0,0,0,0,0,0,0
" ","Kuwait",2,0,0,0,0,0,3,5
" ","Lebanon",0,0,0,2,0,0,6,8
" ","Liberia",0,0,0,0,0,0,0,0
" ","Lesotho",0,0,0,0,0,0,0,0
" ","Libya",0,0,0,0,0,0,7,7
" ","Morocco",0,0,0,1,0,1,2,4
" ","Madagascar",0,0,0,0,0,0,0,0
" ","Mali",1,0,0,0,0,0,0,1
" ","Mauritania",0,0,0,0,0,0,0,0
" ","Mauritius",2,0,0,0,0,1,2,5
" ","Malawi",2,0,0,0,0,0,0,2
" ","Mozambique",0,0,0,0,0,0,0,0
" ","Namibia",1,0,0,0,0,0,1,2
" ","Niger",0,0,0,0,0,0,1,1
" ","Nigeria",0,0,0,0,0,1,5,6
" ","Oman",0,0,0,0,0,0,3,3
" ","Gaza Strip/Palestine/West Bank",0,0,0,0,0,0,5,5
" ","Qatar",8,1,0,2,2,22,8,43
" ","Reunion",0,0,0,0,0,0,0,0
" ","Rwanda",0,0,0,0,0,0,0,0
" ","Saudi Arabia",6,0,0,1,1,0,5,13
" ","Seychelles",1,0,0,0,0,0,0,1
" ","Sudan",1,0,0,0,0,1,0,2
" ","St Helena",0,0,0,0,0,0,2,2
" ","Sierra Leone",0,0,0,0,0,0,0,0
" ","Senegal",1,0,0,0,0,0,4,5
" ","Somalia",1,0,0,0,0,1,9,11
" ","South Sudan",1,0,0,0,0,0,0,1
" ","Sao Tome and Principe",0,0,0,0,0,0,0,0
" ","Syria",0,0,1,0,0,0,0,1
" ","Eswatini",0,0,0,0,0,0,0,0
" ","Chad",0,0,0,0,0,0,0,0
" ","Togo",0,0,0,0,0,0,0,0
" ","Tunisia",1,0,0,0,0,2,6,9
" ","Turkiye",2,1,0,15,1,7,6,32
" ","Tanzania",1,0,0,0,0,1,0,2
" ","Uganda",1,0,0,1,0,0,1,3
" ","Yemen, Democratic",0,0,0,0,0,0,0,0
" ","Yemen",0,0,0,0,0,0,0,0
" ","Mayotte",0,0,0,0,0,0,0,0
" ","South Africa",10,10,0,7,0,14,226,267
" ","Zambia",1,0,0,0,0,0,1,2
" ","Zimbabwe",0,0,0,0,0,2,11,13
" ","NOT STATED",53,15,16,93,687,169,284,1317
" ","TOTAL ALL COUNTRIES OF MAIN DESTINATION",3550,535,180,4684,1640,1678,18321,30588
"2022M04","OCEANIA",4135,475,192,13094,1024,1061,25837,45818
" ","Antarctica",3,0,0,0,0,0,0,3
" ","Samoa, American",1,0,0,0,0,0,0,1
" ","Australia",3770,420,177,4633,811,811,23005,33627
" ","Cocos (Keeling) Islands",0,0,0,0,0,0,0,0
" ","Cook Islands",89,6,9,5732,82,53,607,6578
" ","Christmas Island",0,0,0,0,0,0,0,0
" ","Fiji",189,39,4,2719,76,135,2188,5350
" ","Micronesia, Federated States of",0,0,0,0,0,0,0,0
" ","Guam",0,1,0,0,0,0,0,1
" ","Kiribati",0,0,0,0,0,0,0,0
" ","Marshall Islands",0,0,0,0,0,0,0,0
" ","Northern Mariana Islands",0,0,0,0,0,0,0,0
" ","New Caledonia",5,2,0,1,2,0,9,19
" ","Norfolk Island",0,0,0,1,1,0,0,2
" ","Nauru",6,0,0,0,0,3,0,9
" ","Niue",5,1,0,2,0,3,1,12
" ","New Zealand",0,0,0,0,0,0,0,0
" ","French Polynesia",6,0,0,4,0,2,1,13
" ","Papua New Guinea",41,0,0,1,1,16,8,67
" ","Pitcairn",0,0,0,0,0,0,0,0
" ","Palau",7,6,0,0,0,0,0,13
" ","Solomon Islands",0,0,0,0,0,0,0,0
" ","French Southern Territories",0,0,0,0,0,0,0,0
" ","Tokelau",0,0,0,0,0,0,0,0
" ","Tonga",3,0,0,0,9,9,3,24
" ","Tuvalu",0,0,0,0,0,0,0,0
" ","Vanuatu",4,0,0,0,32,14,0,50
" ","Wallis and Futuna",0,0,0,0,0,0,0,0
" ","Samoa",6,0,2,1,10,15,15,49
" ","ASIA",414,28,32,692,184,486,5177,7013
" ","Afghanistan",0,0,0,0,0,2,1,3
" ","Armenia",0,0,0,0,0,0,0,0
" ","Azerbaijan",3,0,0,0,0,0,0,3
" ","Bangladesh",4,0,0,5,1,6,38,54
" ","Brunei Darussalam",0,0,0,0,0,0,0,0
" ","Bhutan",0,0,0,0,0,0,0,0
" ","China, People's Republic of",17,1,20,31,22,50,191,332
" ","Georgia",0,0,0,0,0,0,0,0
" ","Hong Kong (Special Administrative Region)",3,0,0,0,2,6,28,39
" ","Indonesia",34,1,0,43,3,5,43,129
" ","India",58,8,2,221,93,209,3122,3713
" ","Japan",67,0,0,13,8,7,135,230
" ","Kyrgyzstan",0,0,0,0,0,0,0,0
" ","Cambodia",3,1,0,12,0,7,55,78
" ","Korea, Democratic People's Republic of",0,0,0,0,0,0,0,0
" ","Korea, Republic of",20,4,3,12,6,20,203,268
" ","Kazakhstan",1,0,0,0,1,0,3,5
" ","Laos",0,0,0,0,0,0,0,0
" ","Sri Lanka",4,0,0,25,7,13,224,273
" ","Burma (Myanmar)",0,0,0,0,0,2,0,2
" ","Mongolia",1,0,0,0,0,0,0,1
" ","Macau (Special Administrative Region)",0,0,0,0,0,0,0,0
" ","Maldives",2,0,0,14,1,1,7,25
" ","Malaysia",25,5,1,16,8,11,168,234
" ","Nepal",1,0,0,8,0,0,30,39
" ","Philippines",32,1,0,96,15,59,297,500
" ","Pakistan",8,0,0,11,4,11,175,209
" ","Singapore",89,4,0,41,4,15,169,322
" ","Thailand",23,3,6,126,6,38,112,314
" ","Tajikistan",1,0,0,0,0,0,0,1
" ","Timor-Leste",0,0,0,0,0,0,0,0
" ","Turkmenistan",0,0,0,0,0,0,0,0
" ","Taiwan",1,0,0,3,0,12,90,106
" ","Uzbekistan",0,0,0,0,0,0,6,6
" ","Viet Nam",17,0,0,15,3,12,80,127
" ","EUROPE",348,66,20,267,104,140,2852,3797
" ","Andorra",0,0,0,0,0,0,0,0
" ","Albania",0,0,0,0,0,0,0,0
" ","Austria",0,0,0,9,1,3,10,23
" ","Bosnia and Herzegovina",0,0,0,0,0,0,0,0
" ","Belgium",5,1,0,1,3,3,20,33
" ","Bulgaria",0,0,0,1,0,4,4,9
" ","Belarus",0,0,0,0,0,0,0,0
" ","Switzerland",24,7,3,15,2,20,48,119
" ","Czechoslovakia","..","..","..","..","..","..","..",0
" ","Cyprus",4,1,0,0,0,0,1,6
" ","Czechia",6,0,1,3,0,3,22,35
" ","Germany, Democratic Republic of",0,0,0,0,0,0,0,0
" ","Germany",31,7,3,16,1,8,140,206
" ","Denmark",2,1,0,1,2,1,19,26
" ","Estonia",0,0,0,0,0,0,0,0
" ","Spain",15,1,0,21,2,6,47,92
" ","Finland",2,0,0,0,0,2,8,12
" ","Faeroe Islands",0,0,0,0,0,0,0,0
" ","France",28,5,1,30,6,8,133,211
" ","United Kingdom",158,23,10,94,38,48,1923,2294
" ","Gibraltar",0,0,0,0,0,0,0,0
" ","Greenland",0,0,0,0,0,0,0,0
" ","Greece",2,0,0,7,0,0,10,19
" ","Croatia",0,0,0,2,0,0,1,3
" ","Hungary",2,0,0,0,1,2,11,16
" ","Ireland",9,1,0,12,3,2,161,188
" ","Iceland",0,0,0,2,0,0,2,4
" ","Italy",15,9,0,30,0,6,44,104
" ","Kosovo",0,0,0,0,0,0,0,0
" ","Liechtenstein",0,0,0,0,0,0,0,0
" ","Lithuania",0,0,0,1,0,0,1,2
" ","Luxembourg",0,0,0,0,0,0,3,3
" ","Latvia",0,0,0,0,0,1,3,4
" ","Monaco",0,0,0,0,0,0,0,0
" ","Moldova",0,0,0,0,0,0,1,1
" ","Montenegro",0,0,0,0,0,0,0,0
" ","North Macedonia",0,0,0,0,0,0,4,4
" ","Malta",0,0,0,0,0,1,2,3
" ","Netherlands",28,5,1,8,7,3,105,157
" ","Norway",3,2,0,3,0,0,9,17
" ","Poland",2,0,0,2,0,6,29,39
" ","Portugal",2,3,0,6,3,1,14,29
" ","Romania",0,0,0,0,0,3,11,14
" ","Serbia",1,0,0,0,0,0,10,11
" ","Russia",5,0,0,0,30,4,20,59
" ","Sweden",4,0,0,3,1,3,20,31
" ","Slovenia",0,0,0,0,0,0,3,3
" ","Slovakia",0,0,0,0,1,0,3,4
" ","San Marino",0,0,0,0,0,0,0,0
" ","Union of Soviet Socialist Republics",0,0,0,0,0,0,0,0
" ","Ukraine",0,0,1,0,3,2,10,16
" ","Vatican City State",0,0,0,0,0,0,0,0
" ","Yugoslavia/Serbia and Montenegro",0,0,0,0,0,0,0,0
" ","AMERICAS",671,98,44,644,70,131,2131,3789
" ","Antigua and Barbuda",0,0,0,1,0,0,0,1
" ","Anguilla",0,0,0,0,0,0,0,0
" ","Netherlands Antilles",0,0,0,0,0,0,0,0
" ","Argentina",4,0,0,3,1,1,56,65
" ","Aruba",0,0,0,0,0,0,0,0
" ","Barbados",0,0,0,0,0,0,1,1
" ","Bermuda",1,0,0,0,1,1,1,4
" ","Bolivia",0,0,0,0,0,0,0,0
" ","Brazil",5,0,0,7,2,6,91,111
" ","Bahamas",4,0,0,3,1,1,0,9
" ","Belize",0,0,0,3,0,0,0,3
" ","Canada",50,5,5,80,6,13,421,580
" ","Chile",7,0,0,4,2,2,35,50
" ","Colombia",1,1,0,6,4,0,33,45
" ","Costa Rica",0,0,0,1,0,0,4,5
" ","Cuba",0,0,0,3,0,0,0,3
" ","Curacao",0,0,0,0,0,0,0,0
" ","Dominica",0,0,0,1,0,0,3,4
" ","Dominican Republic",0,0,0,0,0,0,1,1
" ","Ecuador",0,0,0,0,0,0,2,2
" ","Falkland Islands",0,0,0,0,0,0,0,0
" ","Grenada",0,0,0,0,0,0,0,0
" ","French Guiana",0,0,0,0,0,0,0,0
" ","Guadeloupe",5,0,0,0,0,0,1,6
" ","South Georgia and the South Sandwich Islands",0,0,0,0,0,0,0,0
" ","Guatemala",1,0,0,0,0,1,3,5
" ","Guyana",0,0,0,0,0,0,0,0
" ","Honduras",0,0,0,0,0,0,1,1
" ","Haiti",0,0,0,0,0,0,0,0
" ","Jamaica",1,0,0,0,0,0,0,1
" ","St Kitts and Nevis",0,0,0,0,0,0,0,0
" ","Cayman Islands",0,0,0,0,0,0,3,3
" ","St Lucia",0,0,0,0,0,0,0,0
" ","Martinique",0,0,0,0,0,0,0,0
" ","Montserrat",0,0,0,0,0,0,0,0
" ","Mexico",5,0,0,49,0,1,69,124
" ","Nicaragua",0,0,0,0,0,0,0,0
" ","Panama",0,1,0,5,0,0,0,6
" ","Peru",0,0,0,3,0,2,9,14
" ","St Pierre and Miquelon",0,0,0,0,0,0,0,0
" ","Puerto Rico",0,0,0,2,0,0,0,2
" ","Paraguay",0,0,0,0,0,0,0,0
" ","Suriname",1,0,0,0,0,0,0,1
" ","El Salvador",0,0,0,0,0,0,0,0
" ","St Maarten (Dutch Part)",0,0,0,0,0,0,0,0
" ","Turks and Caicos Islands",0,0,0,0,0,0,2,2
" ","Trinidad and Tobago",0,0,0,0,0,0,1,1
" ","United States Minor Outlying Islands",0,0,0,0,0,0,0,0
" ","United States of America",586,91,39,472,52,102,1380,2722
" ","Uruguay",0,0,0,1,1,1,13,16
" ","St Vincent and the Grenadines",0,0,0,0,0,0,0,0
" ","Venezuela",0,0,0,0,0,0,1,1
" ","Virgin Islands, British",0,0,0,0,0,0,0,0
" ","Virgin Islands, United States",0,0,0,0,0,0,0,0
" ","AFRICA AND THE MIDDLE EAST",185,21,6,158,42,103,1071,1586
" ","United Arab Emirates",57,9,0,71,6,26,165,334
" ","Angola",1,0,0,0,0,0,0,1
" ","Burkina Faso",0,0,0,0,0,0,0,0
" ","Bahrain",1,0,0,0,1,1,3,6
" ","Burundi",0,0,0,0,0,0,0,0
" ","Benin",0,0,0,0,0,0,0,0
" ","Botswana",4,0,0,0,0,0,0,4
" ","Congo, the Democratic Republic of the",0,0,0,0,0,0,0,0
" ","Central African Republic",0,0,0,0,0,0,0,0
" ","Congo",1,0,0,0,0,1,0,2
" ","Cote d'Ivoire",1,0,0,1,0,0,0,2
" ","Cameroon",0,0,0,0,0,1,2,3
" ","Cabo Verde",0,0,0,0,0,0,0,0
" ","Djibouti",0,0,0,0,0,0,0,0
" ","Algeria",0,0,0,0,0,0,1,1
" ","Egypt",2,0,0,11,3,1,25,42
" ","Western Sahara",0,0,0,0,0,0,0,0
" ","Eritrea",0,0,0,0,0,1,4,5
" ","Ethiopia",2,0,0,0,1,0,12,15
" ","Gabon",0,0,0,0,0,0,0,0
" ","Ghana",2,0,0,1,0,1,3,7
" ","Gambia",0,0,0,0,0,0,0,0
" ","Guinea",0,0,0,0,0,0,0,0
" ","Equatorial Guinea",0,0,0,0,0,0,0,0
" ","Guinea-Bissau",0,0,0,0,0,0,0,0
" ","Israel",2,0,0,3,6,0,52,63
" ","British Indian Ocean Territory",0,0,0,0,0,0,0,0
" ","Iraq",3,0,1,0,1,4,52,61
" ","Iran",0,0,2,2,5,6,76,91
" ","Jordan",2,0,0,0,3,2,14,21
" ","Kenya",1,0,0,1,0,0,8,10
" ","Comoros",0,0,0,0,0,0,0,0
" ","Kuwait",0,0,1,0,0,1,4,6
" ","Lebanon",0,0,0,4,0,0,4,8
" ","Liberia",0,0,0,0,0,0,0,0
" ","Lesotho",0,0,0,0,0,0,1,1
" ","Libya",0,0,0,0,0,0,0,0
" ","Morocco",0,0,0,2,0,1,3,6
" ","Madagascar",0,0,0,0,0,0,0,0
" ","Mali",2,0,0,0,0,0,0,2
" ","Mauritania",0,0,0,0,0,0,0,0
" ","Mauritius",2,0,0,3,0,1,3,9
" ","Malawi",0,0,0,0,0,0,3,3
" ","Mozambique",0,0,0,0,0,0,2,2
" ","Namibia",3,0,0,1,0,0,3,7
" ","Niger",0,0,0,0,0,0,0,0
" ","Nigeria",0,0,0,2,0,0,5,7
" ","Oman",4,0,0,0,0,1,6,11
" ","Gaza Strip/Palestine/West Bank",0,0,0,0,0,0,3,3
" ","Qatar",27,3,1,2,0,3,7,43
" ","Reunion",0,0,0,0,0,0,0,0
" ","Rwanda",0,0,0,0,1,2,0,3
" ","Saudi Arabia",11,1,0,6,3,25,12,58
" ","Seychelles",2,0,0,2,0,0,0,4
" ","Sudan",0,0,0,2,1,1,1,5
" ","St Helena",0,0,0,0,0,0,0,0
" ","Sierra Leone",1,0,0,0,0,0,0,1
" ","Senegal",0,0,0,0,0,0,0,0
" ","Somalia",0,0,0,0,1,1,6,8
" ","South Sudan",1,0,0,0,0,0,0,1
" ","Sao Tome and Principe",1,0,0,0,0,0,0,1
" ","Syria",3,0,0,0,0,1,1,5
" ","Eswatini",0,0,0,0,0,0,2,2
" ","Chad",1,0,0,0,0,0,1,2
" ","Togo",0,0,0,0,0,0,0,0
" ","Tunisia",0,0,0,0,1,0,0,1
" ","Turkiye",33,6,1,17,1,14,17,89
" ","Tanzania",3,0,0,1,0,0,1,5
" ","Uganda",0,0,0,0,0,0,4,4
" ","Yemen, Democratic",0,0,0,0,0,0,0,0
" ","Yemen",0,0,0,1,0,0,0,1
" ","Mayotte",0,0,0,0,0,0,0,0
" ","South Africa",8,2,0,21,6,8,529,574
" ","Zambia",2,0,0,0,0,0,1,3
" ","Zimbabwe",2,0,0,4,2,0,35,43
" ","NOT STATED",64,10,11,180,1730,186,557,2738
" ","TOTAL ALL COUNTRIES OF MAIN DESTINATION",5817,698,305,15035,3154,2107,37625,64741
"2022M05","OCEANIA",7414,2271,230,18512,1038,1381,27967,58813
" ","Antarctica",1,0,0,0,0,0,0,1
" ","Samoa, American",0,0,0,0,0,0,0,0
" ","Australia",6706,2137,214,6273,779,979,23539,40627
" ","Cocos (Keeling) Islands",0,0,0,0,0,0,0,0
" ","Cook Islands",132,22,7,7050,81,79,743,8114
" ","Christmas Island",0,0,0,0,0,0,0,0
" ","Fiji",453,107,7,5141,130,236,3556,9630
" ","Micronesia, Federated States of",0,0,0,0,0,0,0,0
" ","Guam",2,0,0,0,0,0,0,2
" ","Kiribati",1,0,0,1,0,0,0,2
" ","Marshall Islands",0,0,0,0,0,0,0,0
" ","Northern Mariana Islands",0,0,0,0,0,0,0,0
" ","New Caledonia",13,0,0,10,0,4,37,64
" ","Norfolk Island",1,0,0,3,0,0,1,5
" ","Nauru",3,0,0,0,1,5,0,9
" ","Niue",8,0,0,3,5,4,3,23
" ","New Zealand",0,0,0,0,0,0,0,0
" ","French Polynesia",17,3,0,25,5,2,16,68
" ","Papua New Guinea",58,1,0,1,1,14,10,85
" ","Pitcairn",0,0,0,0,0,0,0,0
" ","Palau",4,0,0,0,1,0,0,5
" ","Solomon Islands",3,0,0,0,0,2,0,5
" ","French Southern Territories",0,0,0,0,0,0,0,0
" ","Tokelau",0,0,0,0,0,0,1,1
" ","Tonga",7,1,0,0,4,7,18,37
" ","Tuvalu",0,0,0,0,0,0,0,0
" ","Vanuatu",1,0,2,1,18,22,0,44
" ","Wallis and Futuna",0,0,0,0,0,0,0,0
" ","Samoa",4,0,0,4,13,27,43,91
" ","ASIA",635,92,53,1519,307,583,8202,11391
" ","Afghanistan",1,0,0,0,0,0,3,4
" ","Armenia",0,0,0,0,0,0,1,1
" ","Azerbaijan",0,0,0,0,0,0,0,0
" ","Bangladesh",2,1,1,7,1,2,62,76
" ","Brunei Darussalam",3,0,0,1,1,0,2,7
" ","Bhutan",0,0,0,0,0,0,0,0
" ","China, People's Republic of",27,6,9,23,25,70,207,367
" ","Georgia",0,0,0,3,0,0,1,4
" ","Hong Kong (Special Administrative Region)",2,0,1,1,5,13,67,89
" ","Indonesia",29,16,0,193,10,14,83,345
" ","India",78,10,8,332,117,240,4531,5316
" ","Japan",73,2,9,29,13,14,244,384
" ","Kyrgyzstan",0,0,0,0,0,0,1,1
" ","Cambodia",6,1,3,45,12,8,61,136
" ","Korea, Democratic People's Republic of",0,0,0,0,0,0,0,0
" ","Korea, Republic of",49,8,6,44,33,35,685,860
" ","Kazakhstan",5,0,0,0,0,0,15,20
" ","Laos",2,0,0,1,0,0,0,3
" ","Sri Lanka",6,0,0,42,9,11,294,362
" ","Burma (Myanmar)",0,0,0,0,0,0,0,0
" ","Mongolia",3,0,0,0,0,0,0,3
" ","Macau (Special Administrative Region)",0,0,0,0,0,0,1,1
" ","Maldives",5,0,0,21,0,0,1,27
" ","Malaysia",41,4,0,60,10,13,361,489
" ","Nepal",5,0,0,18,2,4,66,95
" ","Philippines",45,1,0,273,23,71,456,869
" ","Pakistan",4,0,0,23,5,4,270,306
" ","Singapore",162,19,5,95,7,23,298,609
" ","Thailand",54,21,4,248,19,33,203,582
" ","Tajikistan",0,0,0,0,0,0,0,0
" ","Timor-Leste",2,0,0,0,0,0,0,2
" ","Turkmenistan",0,0,0,0,0,0,0,0
" ","Taiwan",7,1,3,5,3,9,117,145
" ","Uzbekistan",2,2,0,2,0,0,2,8
" ","Viet Nam",22,0,4,53,12,19,170,280
" ","EUROPE",750,141,29,507,118,180,4604,6329
" ","Andorra",1,0,0,0,0,0,0,1
" ","Albania",0,0,0,0,0,0,2,2
" ","Austria",10,3,1,5,0,3,18,40
" ","Bosnia and Herzegovina",0,0,0,0,0,0,0,0
" ","Belgium",16,3,0,2,1,7,18,47
" ","Bulgaria",3,0,0,0,1,0,5,9
" ","Belarus",0,0,0,0,0,0,0,0
" ","Switzerland",31,15,0,7,0,8,55,116
" ","Czechoslovakia","..","..","..","..","..","..","..",0
" ","Cyprus",5,1,0,0,1,2,11,20
" ","Czechia",6,1,1,1,1,2,34,46
" ","Germany, Democratic Republic of",0,0,0,0,0,0,0,0
" ","Germany",80,23,4,26,6,13,257,409
" ","Denmark",15,6,1,3,0,2,24,51
" ","Estonia",0,1,0,0,0,0,1,2
" ","Spain",52,7,3,64,3,20,100,249
" ","Finland",6,0,1,1,0,0,14,22
" ","Faeroe Islands",0,0,0,0,0,0,0,0
" ","France",79,12,3,69,8,22,191,384
" ","United Kingdom",271,36,13,186,51,52,3050,3659
" ","Gibraltar",0,0,0,0,0,0,0,0
" ","Greenland",2,0,0,1,0,0,0,3
" ","Greece",4,0,0,24,0,2,14,44
" ","Croatia",1,0,0,3,0,0,3,7
" ","Hungary",2,0,0,1,0,2,21,26
" ","Ireland",17,2,0,20,4,3,330,376
" ","Iceland",2,0,0,0,0,0,1,3
" ","Italy",71,14,0,61,2,19,109,276
" ","Kosovo",0,0,0,0,1,0,0,1
" ","Liechtenstein",1,0,0,0,0,0,0,1
" ","Lithuania",1,0,0,0,0,1,0,2
" ","Luxembourg",2,0,0,0,0,0,0,2
" ","Latvia",2,0,0,0,0,1,0,3
" ","Monaco",0,0,0,1,0,0,1,2
" ","Moldova",0,0,0,0,0,0,2,2
" ","Montenegro",0,1,0,0,0,0,1,2
" ","North Macedonia",0,0,0,2,0,0,0,2
" ","Malta",0,0,0,1,0,0,5,6
" ","Netherlands",31,8,1,13,4,6,187,250
" ","Norway",6,1,1,2,1,0,13,24
" ","Poland",1,0,0,1,0,6,27,35
" ","Portugal",8,2,0,9,0,1,29,49
" ","Romania",1,0,0,1,0,1,20,23
" ","Serbia",1,0,0,1,1,0,8,11
" ","Russia",2,0,0,1,30,2,10,45
" ","Sweden",18,3,0,0,2,0,32,55
" ","Slovenia",1,1,0,0,0,0,1,3
" ","Slovakia",0,1,0,0,0,0,5,6
" ","San Marino",0,0,0,0,0,0,1,1
" ","Union of Soviet Socialist Republics",0,0,0,0,0,0,0,0
" ","Ukraine",1,0,0,1,1,5,4,12
" ","Vatican City State",0,0,0,0,0,0,0,0
" ","Yugoslavia/Serbia and Montenegro",0,0,0,0,0,0,0,0
" ","AMERICAS",1049,284,198,1046,98,136,3248,6059
" ","Antigua and Barbuda",1,0,0,0,0,0,0,1
" ","Anguilla",0,0,0,0,0,0,0,0
" ","Netherlands Antilles",0,0,0,0,0,0,0,0
" ","Argentina",4,1,2,4,3,3,135,152
" ","Aruba",0,0,0,0,0,0,0,0
" ","Barbados",0,0,0,1,0,0,3,4
" ","Bermuda",13,0,0,1,2,6,2,24
" ","Bolivia",1,0,0,0,0,0,1,2
" ","Brazil",12,4,0,20,4,6,217,263
" ","Bahamas",2,4,0,8,0,0,3,17
" ","Belize",2,0,0,0,0,1,0,3
" ","Canada",87,15,9,94,21,21,590,837
" ","Chile",11,1,0,6,0,4,68,90
" ","Colombia",1,0,0,1,0,0,50,52
" ","Costa Rica",5,1,0,3,1,2,3,15
" ","Cuba",0,0,0,1,0,0,1,2
" ","Curacao",1,0,0,0,0,0,0,1
" ","Dominica",2,0,0,0,0,0,0,2
" ","Dominican Republic",1,0,0,3,0,0,0,4
" ","Ecuador",0,0,0,1,0,0,1,2
" ","Falkland Islands",0,0,0,0,0,0,0,0
" ","Grenada",1,0,0,1,0,0,0,2
" ","French Guiana",0,0,0,0,0,0,0,0
" ","Guadeloupe",0,0,0,0,0,0,0,0
" ","South Georgia and the South Sandwich Islands",1,0,0,0,0,0,0,1
" ","Guatemala",0,0,0,0,0,0,0,0
" ","Guyana",1,0,0,0,0,0,0,1
" ","Honduras",0,0,0,0,0,1,1,2
" ","Haiti",0,0,0,0,0,0,0,0
" ","Jamaica",0,0,1,0,0,0,1,2
" ","St Kitts and Nevis",0,0,0,0,0,0,0,0
" ","Cayman Islands",1,0,0,0,0,0,4,5
" ","St Lucia",0,0,0,0,0,0,0,0
" ","Martinique",0,0,0,0,0,0,0,0
" ","Montserrat",0,0,0,0,0,0,0,0
" ","Mexico",13,7,0,69,1,3,48,141
" ","Nicaragua",0,0,0,0,0,0,0,0
" ","Panama",1,0,0,3,0,0,0,4
" ","Peru",0,0,0,4,0,3,19,26
" ","St Pierre and Miquelon",0,0,0,0,0,0,0,0
" ","Puerto Rico",0,0,0,0,0,0,0,0
" ","Paraguay",0,0,0,0,0,0,0,0
" ","Suriname",0,0,0,0,0,0,0,0
" ","El Salvador",0,0,0,1,0,0,1,2
" ","St Maarten (Dutch Part)",1,0,0,0,0,0,0,1
" ","Turks and Caicos Islands",0,0,0,0,0,0,0,0
" ","Trinidad and Tobago",0,0,0,0,0,0,0,0
" ","United States Minor Outlying Islands",0,0,0,0,0,0,0,0
" ","United States of America",884,251,186,820,66,86,2067,4360
" ","Uruguay",3,0,0,4,0,0,30,37
" ","St Vincent and the Grenadines",0,0,0,0,0,0,0,0
" ","Venezuela",0,0,0,0,0,0,3,3
" ","Virgin Islands, British",0,0,0,0,0,0,0,0
" ","Virgin Islands, United States",0,0,0,1,0,0,0,1
" ","AFRICA AND THE MIDDLE EAST",181,32,8,262,33,111,1548,2175
" ","United Arab Emirates",56,15,1,55,7,13,138,285
" ","Angola",3,0,0,0,0,0,0,3
" ","Burkina Faso",2,0,0,0,0,0,0,2
" ","Bahrain",0,0,0,0,1,0,6,7
" ","Burundi",0,0,0,0,0,0,1,1
" ","Benin",0,0,0,0,0,0,0,0
" ","Botswana",2,0,0,1,0,1,2,6
" ","Congo, the Democratic Republic of the",0,0,0,0,0,0,1,1
" ","Central African Republic",0,0,0,0,0,0,0,0
" ","Congo",0,0,0,0,0,0,0,0
" ","Cote d'Ivoire",0,0,0,0,0,0,0,0
" ","Cameroon",0,0,0,0,0,0,0,0
" ","Cabo Verde",0,0,0,0,0,0,0,0
" ","Djibouti",0,0,0,0,0,0,0,0
" ","Algeria",1,0,0,0,0,0,5,6
" ","Egypt",26,1,0,11,2,14,52,106
" ","Western Sahara",0,0,0,0,0,0,0,0
" ","Eritrea",0,0,0,0,0,0,0,0
" ","Ethiopia",0,0,0,3,1,0,17,21
" ","Gabon",0,0,0,0,0,0,0,0
" ","Ghana",2,0,0,0,0,2,3,7
" ","Gambia",0,0,0,0,0,0,0,0
" ","Guinea",0,0,0,0,0,1,0,1
" ","Equatorial Guinea",0,0,0,0,0,0,0,0
" ","Guinea-Bissau",0,0,0,0,0,0,0,0
" ","Israel",7,0,1,20,1,0,55,84
" ","British Indian Ocean Territory",0,0,0,0,0,0,0,0
" ","Iraq",7,0,1,6,2,3,52,71
" ","Iran",1,0,0,13,3,12,103,132
" ","Jordan",3,0,0,2,0,1,17,23
" ","Kenya",4,2,0,1,0,0,13,20
" ","Comoros",0,0,0,0,0,0,0,0
" ","Kuwait",1,0,0,1,0,4,9,15
" ","Lebanon",0,0,0,3,1,0,12,16
" ","Liberia",0,0,0,0,0,0,0,0
" ","Lesotho",0,0,0,0,0,0,0,0
" ","Libya",0,0,0,0,0,0,1,1
" ","Morocco",2,0,0,12,1,1,4,20
" ","Madagascar",0,0,0,0,0,0,0,0
" ","Mali",1,1,0,8,0,0,2,12
" ","Mauritania",0,0,0,0,0,0,0,0
" ","Mauritius",1,0,0,1,0,1,6,9
" ","Malawi",0,0,0,0,1,1,0,2
" ","Mozambique",0,0,0,1,0,0,0,1
" ","Namibia",0,0,0,8,0,0,3,11
" ","Niger",0,0,0,0,0,0,0,0
" ","Nigeria",0,0,0,1,0,1,7,9
" ","Oman",0,0,2,0,1,0,4,7
" ","Gaza Strip/Palestine/West Bank",0,0,0,0,0,0,0,0
" ","Qatar",4,2,0,0,1,1,6,14
" ","Reunion",0,0,0,0,0,0,0,0
" ","Rwanda",0,0,0,0,0,0,0,0
" ","Saudi Arabia",8,3,0,12,0,25,25,73
" ","Seychelles",2,0,0,0,0,0,0,2
" ","Sudan",0,0,0,0,0,0,8,8
" ","St Helena",0,0,0,0,0,0,0,0
" ","Sierra Leone",0,0,0,0,0,0,0,0
" ","Senegal",0,0,0,2,0,0,0,2
" ","Somalia",0,1,0,0,0,0,1,2
" ","South Sudan",0,0,0,0,0,0,0,0
" ","Sao Tome and Principe",0,0,0,0,0,0,0,0
" ","Syria",0,0,0,0,0,0,1,1
" ","Eswatini",0,0,0,0,0,0,3,3
" ","Chad",0,0,0,0,0,0,0,0
" ","Togo",0,0,0,0,0,0,0,0
" ","Tunisia",0,0,0,0,0,0,1,1
" ","Turkiye",20,3,0,33,1,11,25,93
" ","Tanzania",3,2,0,2,0,0,6,13
" ","Uganda",0,0,0,0,0,0,0,0
" ","Yemen, Democratic",0,0,0,0,0,0,0,0
" ","Yemen",0,0,0,0,0,0,0,0
" ","Mayotte",0,0,0,0,0,0,0,0
" ","South Africa",23,2,3,63,9,18,901,1019
" ","Zambia",2,0,0,1,0,0,3,6
" ","Zimbabwe",0,0,0,2,1,1,55,59
" ","NOT STATED",95,14,20,290,4838,230,710,6197
" ","TOTAL ALL COUNTRIES OF MAIN DESTINATION",10124,2834,538,22136,6432,2621,46279,90964
"2022M06","OCEANIA",6952,2080,448,26661,1592,1448,26597,65778
" ","Antarctica",1,0,0,0,0,0,0,1
" ","Samoa, American",0,0,0,0,0,0,0,0
" ","Australia",6325,1961,421,8991,1133,994,22905,42730
" ","Cocos (Keeling) Islands",0,0,0,0,0,0,0,0
" ","Cook Islands",107,21,10,9239,135,102,776,10390
" ","Christmas Island",0,0,0,0,0,0,0,0
" ","Fiji",368,80,13,8268,273,203,2644,11849
" ","Micronesia, Federated States of",0,0,0,0,0,0,1,1
" ","Guam",1,0,0,1,0,0,0,2
" ","Kiribati",0,0,0,0,0,0,0,0
" ","Marshall Islands",0,0,0,0,0,0,1,1
" ","Northern Mariana Islands",0,0,0,2,0,18,0,20
" ","New Caledonia",30,15,2,74,9,46,27,203
" ","Norfolk Island",0,0,0,2,0,1,3,6
" ","Nauru",6,1,0,1,0,2,0,10
" ","Niue",9,0,0,3,1,0,8,21
" ","New Zealand",0,0,0,0,0,0,0,0
" ","French Polynesia",16,0,0,64,2,12,44,138
" ","Papua New Guinea",66,0,1,3,5,10,9,94
" ","Pitcairn",0,0,0,0,0,1,0,1
" ","Palau",2,0,0,0,0,0,0,2
" ","Solomon Islands",2,0,0,0,1,1,2,6
" ","French Southern Territories",0,0,0,0,0,0,0,0
" ","Tokelau",0,0,0,0,0,0,0,0
" ","Tonga",7,1,1,8,9,11,42,79
" ","Tuvalu",0,0,0,0,0,0,0,0
" ","Vanuatu",2,0,0,0,2,0,2,6
" ","Wallis and Futuna",0,0,0,0,0,0,0,0
" ","Samoa",10,1,0,5,22,47,133,218
" ","ASIA",792,115,49,2338,453,656,6908,11311
" ","Afghanistan",0,0,0,1,0,3,2,6
" ","Armenia",0,0,0,0,0,1,0,1
" ","Azerbaijan",2,0,0,3,0,2,2,9
" ","Bangladesh",6,0,0,7,1,4,40,58
" ","Brunei Darussalam",3,0,0,1,1,0,6,11
" ","Bhutan",0,0,0,0,0,0,0,0
" ","China, People's Republic of",37,1,12,38,28,54,210,380
" ","Georgia",0,0,0,0,0,0,0,0
" ","Hong Kong (Special Administrative Region)",6,0,0,6,3,6,43,64
" ","Indonesia",67,10,2,526,19,12,152,788
" ","India",81,18,7,374,179,241,3391,4291
" ","Japan",79,6,2,14,31,12,187,331
" ","Kyrgyzstan",1,0,0,0,0,0,1,2
" ","Cambodia",8,1,2,42,7,17,98,175
" ","Korea, Democratic People's Republic of",0,0,0,0,0,0,0,0
" ","Korea, Republic of",51,9,5,64,24,40,483,676
" ","Kazakhstan",4,0,0,1,2,2,7,16
" ","Laos",0,0,0,1,0,1,3,5
" ","Sri Lanka",6,0,1,36,11,18,252,324
" ","Burma (Myanmar)",1,0,0,0,0,2,1,4
" ","Mongolia",4,0,0,0,1,2,0,7
" ","Macau (Special Administrative Region)",0,0,0,0,0,0,0,0
" ","Maldives",0,0,0,23,2,3,1,29
" ","Malaysia",24,8,1,51,10,13,365,472
" ","Nepal",4,3,1,22,1,6,100,137
" ","Philippines",78,4,2,446,57,109,625,1321
" ","Pakistan",4,2,1,10,9,10,193,229
" ","Singapore",215,29,3,171,20,33,245,716
" ","Thailand",64,19,7,384,21,32,165,692
" ","Tajikistan",1,0,0,0,0,0,0,1
" ","Timor-Leste",8,1,0,0,0,0,0,9
" ","Turkmenistan",0,0,0,0,0,0,0,0
" ","Taiwan",5,0,1,16,12,19,193,246
" ","Uzbekistan",0,0,0,0,0,0,4,4
" ","Viet Nam",33,4,2,101,14,14,139,307
" ","EUROPE",1033,331,44,1325,174,195,6153,9255
" ","Andorra",0,0,0,0,0,0,1,1
" ","Albania",0,0,0,2,0,0,5,7
" ","Austria",15,6,1,10,1,6,32,71
" ","Bosnia and Herzegovina",0,0,0,0,0,0,3,3
" ","Belgium",24,5,0,3,2,9,36,79
" ","Bulgaria",0,1,0,2,1,3,10,17
" ","Belarus",0,0,0,0,0,0,1,1
" ","Switzerland",35,21,0,15,2,2,61,136
" ","Czechoslovakia","..","..","..","..","..","..","..",0
" ","Cyprus",2,0,0,3,1,0,7,13
" ","Czechia",5,1,0,3,0,1,42,52
" ","Germany, Democratic Republic of",0,0,0,0,0,0,0,0
" ","Germany",160,62,7,65,12,22,419,747
" ","Denmark",20,5,1,3,3,1,53,86
" ","Estonia",1,0,0,0,0,0,3,4
" ","Spain",43,18,1,107,7,13,128,317
" ","Finland",2,3,0,0,1,1,8,15
" ","Faeroe Islands",0,0,0,0,0,0,0,0
" ","France",83,32,3,153,19,18,257,565
" ","United Kingdom",419,68,15,478,82,54,4010,5126
" ","Gibraltar",0,0,0,0,0,0,0,0
" ","Greenland",0,0,0,0,0,0,1,1
" ","Greece",13,5,1,90,2,2,22,135
" ","Croatia",2,2,2,21,1,1,20,49
" ","Hungary",6,2,1,5,2,11,20,47
" ","Ireland",17,5,3,20,8,1,373,427
" ","Iceland",0,1,0,5,0,0,8,14
" ","Italy",93,37,5,219,12,11,136,513
" ","Kosovo",1,0,0,1,1,0,1,4
" ","Liechtenstein",0,0,0,0,0,0,0,0
" ","Lithuania",0,0,0,0,0,0,9,9
" ","Luxembourg",1,1,0,0,1,0,7,10
" ","Latvia",0,0,0,0,0,0,1,1
" ","Monaco",0,0,0,3,0,5,0,8
" ","Moldova",0,1,0,0,0,1,0,2
" ","Montenegro",0,0,0,0,0,0,2,2
" ","North Macedonia",0,0,0,7,0,1,8,16
" ","Malta",2,1,0,5,1,0,9,18
" ","Netherlands",49,21,2,29,6,5,253,365
" ","Norway",9,13,1,16,0,0,20,59
" ","Poland",6,5,1,5,2,4,34,57
" ","Portugal",8,6,0,33,1,11,39,98
" ","Romania",3,0,0,4,1,5,18,31
" ","Serbia",0,0,0,3,1,0,15,19
" ","Russia",1,0,0,3,0,2,18,24
" ","Sweden",9,8,0,7,4,0,46,74
" ","Slovenia",3,1,0,3,0,0,5,12
" ","Slovakia",1,0,0,2,0,2,10,15
" ","San Marino",0,0,0,0,0,0,0,0
" ","Union of Soviet Socialist Republics",0,0,0,0,0,0,0,0
" ","Ukraine",0,0,0,0,0,3,2,5
" ","Vatican City State",0,0,0,0,0,0,0,0
" ","Yugoslavia/Serbia and Montenegro",0,0,0,0,0,0,0,0
" ","AMERICAS",1014,375,117,1280,161,154,3526,6627
" ","Antigua and Barbuda",1,0,0,0,0,0,0,1
" ","Anguilla",1,0,0,1,0,0,1,3
" ","Netherlands Antilles",0,0,0,0,0,0,0,0
" ","Argentina",6,1,0,14,3,1,136,161
" ","Aruba",0,0,0,0,0,0,0,0
" ","Barbados",0,0,0,0,0,0,1,1
" ","Bermuda",0,0,0,2,0,0,4,6
" ","Bolivia",0,0,0,0,0,0,1,1
" ","Brazil",5,2,1,30,11,9,229,287
" ","Bahamas",2,0,0,1,0,0,1,4
" ","Belize",2,0,0,0,0,0,0,2
" ","Canada",93,58,6,115,19,19,598,908
" ","Chile",18,0,1,13,3,5,71,111
" ","Colombia",1,1,1,18,0,1,52,74
" ","Costa Rica",0,0,1,7,0,0,8,16
" ","Cuba",1,0,0,0,0,0,0,1
" ","Curacao",0,0,0,0,0,0,0,0
" ","Dominica",0,0,0,0,0,0,0,0
" ","Dominican Republic",0,0,0,0,0,0,0,0
" ","Ecuador",7,0,0,3,0,0,4,14
" ","Falkland Islands",0,0,0,0,0,0,1,1
" ","Grenada",0,0,0,1,0,0,0,1
" ","French Guiana",0,0,0,0,0,0,0,0
" ","Guadeloupe",0,0,0,0,0,0,0,0
" ","South Georgia and the South Sandwich Islands",1,0,0,0,0,0,0,1
" ","Guatemala",0,0,0,2,0,1,3,6
" ","Guyana",0,0,0,0,0,0,0,0
" ","Honduras",0,0,0,1,0,0,0,1
" ","Haiti",0,0,0,0,0,0,0,0
" ","Jamaica",2,0,0,0,0,0,1,3
" ","St Kitts and Nevis",0,0,0,0,0,0,0,0
" ","Cayman Islands",1,0,0,0,0,0,3,4
" ","St Lucia",0,0,0,2,0,0,0,2
" ","Martinique",0,0,0,0,0,0,0,0
" ","Montserrat",0,0,0,0,0,0,0,0
" ","Mexico",40,6,0,48,4,7,59,164
" ","Nicaragua",0,0,0,4,0,0,1,5
" ","Panama",1,0,0,0,0,0,2,3
" ","Peru",4,0,0,14,2,0,23,43
" ","St Pierre and Miquelon",0,0,0,0,0,0,0,0
" ","Puerto Rico",0,0,0,0,0,0,1,1
" ","Paraguay",2,0,0,0,0,0,5,7
" ","Suriname",0,0,0,0,0,0,0,0
" ","El Salvador",1,0,0,11,1,12,2,27
" ","St Maarten (Dutch Part)",0,0,0,0,0,0,0,0
" ","Turks and Caicos Islands",1,0,0,0,0,0,0,1
" ","Trinidad and Tobago",0,0,0,0,0,0,2,2
" ","United States Minor Outlying Islands",0,0,0,0,0,0,0,0
" ","United States of America",824,307,107,990,116,99,2299,4742
" ","Uruguay",0,0,0,3,2,0,15,20
" ","St Vincent and the Grenadines",0,0,0,0,0,0,0,0
" ","Venezuela",0,0,0,0,0,0,3,3
" ","Virgin Islands, British",0,0,0,0,0,0,0,0
" ","Virgin Islands, United States",0,0,0,0,0,0,0,0
" ","AFRICA AND THE MIDDLE EAST",199,43,8,311,51,104,1176,1892
" ","United Arab Emirates",46,6,3,51,10,17,76,209
" ","Angola",1,0,0,0,0,0,1,2
" ","Burkina Faso",3,0,0,0,0,0,0,3
" ","Bahrain",2,0,0,0,0,1,4,7
" ","Burundi",0,0,0,0,0,0,6,6
" ","Benin",0,1,0,0,0,0,1,2
" ","Botswana",1,0,0,5,0,0,2,8
" ","Congo, the Democratic Republic of the",2,0,0,0,0,0,0,2
" ","Central African Republic",0,0,0,0,0,0,0,0
" ","Congo",0,0,0,0,0,0,0,0
" ","Cote d'Ivoire",2,0,0,0,0,0,0,2
" ","Cameroon",1,0,0,0,0,0,0,1
" ","Cabo Verde",0,0,0,0,0,0,0,0
" ","Djibouti",0,0,0,0,0,0,0,0
" ","Algeria",1,0,0,0,0,0,1,2
" ","Egypt",7,0,0,25,3,4,35,74
" ","Western Sahara",0,0,0,0,0,0,0,0
" ","Eritrea",0,0,0,0,1,0,1,2
" ","Ethiopia",1,0,0,0,3,0,9,13
" ","Gabon",0,0,0,0,0,0,0,0
" ","Ghana",1,0,0,0,0,0,1,2
" ","Gambia",0,0,0,0,0,0,0,0
" ","Guinea",0,0,0,0,0,0,0,0
" ","Equatorial Guinea",0,0,0,0,0,1,0,1
" ","Guinea-Bissau",0,0,0,0,0,0,0,0
" ","Israel",10,2,1,13,1,0,58,85
" ","British Indian Ocean Territory",0,0,0,0,0,0,0,0
" ","Iraq",2,1,0,3,2,3,33,44
" ","Iran",2,0,0,5,2,8,102,119
" ","Jordan",2,1,0,1,2,3,27,36
" ","Kenya",6,2,0,2,0,4,11,25
" ","Comoros",0,0,0,0,0,0,0,0
" ","Kuwait",1,0,1,0,0,0,6,8
" ","Lebanon",0,2,0,2,0,1,3,8
" ","Liberia",0,0,0,0,0,0,0,0
" ","Lesotho",0,0,0,0,0,0,0,0
" ","Libya",0,0,0,0,0,0,3,3
" ","Morocco",6,5,0,10,0,0,4,25
" ","Madagascar",0,0,0,0,0,0,0,0
" ","Mali",1,1,0,48,0,0,2,52
" ","Mauritania",0,0,0,0,0,0,0,0
" ","Mauritius",14,0,0,2,0,5,8,29
" ","Malawi",0,0,0,0,0,0,3,3
" ","Mozambique",1,0,0,0,0,0,2,3
" ","Namibia",1,0,0,3,1,0,5,10
" ","Niger",0,0,0,0,0,0,0,0
" ","Nigeria",1,0,0,0,0,0,5,6
" ","Oman",2,0,0,0,1,2,1,6
" ","Gaza Strip/Palestine/West Bank",1,0,0,0,0,1,2,4
" ","Qatar",18,3,0,7,1,14,10,53
" ","Reunion",0,0,0,0,0,0,0,0
" ","Rwanda",6,8,0,1,0,0,3,18
" ","Saudi Arabia",12,1,1,3,6,3,8,34
" ","Seychelles",2,1,0,1,0,0,0,4
" ","Sudan",0,0,0,0,0,0,2,2
" ","St Helena",0,0,0,0,0,0,0,0
" ","Sierra Leone",0,0,0,0,0,0,0,0
" ","Senegal",1,0,0,0,0,1,0,2
" ","Somalia",0,0,0,1,0,2,3,6
" ","South Sudan",0,0,0,0,0,1,0,1
" ","Sao Tome and Principe",1,0,0,0,0,0,0,1
" ","Syria",0,0,0,0,0,1,6,7
" ","Eswatini",1,0,0,0,0,0,0,1
" ","Chad",0,0,0,0,0,0,0,0
" ","Togo",0,0,0,0,0,0,0,0
" ","Tunisia",0,0,0,0,0,0,4,4
" ","Turkiye",11,3,1,59,2,10,36,122
" ","Tanzania",1,0,0,7,0,0,6,14
" ","Uganda",1,0,0,2,0,2,1,6
" ","Yemen, Democratic",0,0,0,0,0,0,0,0
" ","Yemen",0,0,0,1,0,0,0,1
" ","Mayotte",0,0,0,0,0,0,0,0
" ","South Africa",24,5,1,51,14,18,655,768
" ","Zambia",2,1,0,3,1,0,3,10
" ","Zimbabwe",1,0,0,5,1,2,27,36
" ","NOT STATED",458,148,50,1599,5254,307,2431,10247
" ","TOTAL ALL COUNTRIES OF MAIN DESTINATION",10448,3092,716,33514,7685,2864,46791,105110
"2022M07","OCEANIA",8082,2537,346,47125,2127,1786,40709,102712
" ","Antarctica",1,0,0,0,0,0,2,3
" ","Samoa, American",1,1,0,1,1,4,0,8
" ","Australia",7249,2310,248,18952,1449,1203,33458,64869
" ","Cocos (Keeling) Islands",0,0,0,0,0,0,0,0
" ","Cook Islands",101,21,24,11809,148,78,990,13171
" ","Christmas Island",0,0,0,0,0,0,0,0
" ","Fiji",468,114,54,14524,448,358,5615,21581
" ","Micronesia, Federated States of",0,0,0,0,0,0,0,0
" ","Guam",0,0,0,2,0,0,0,2
" ","Kiribati",2,0,0,4,0,2,1,9
" ","Marshall Islands",1,0,0,0,0,0,0,1
" ","Northern Mariana Islands",0,0,0,0,0,0,0,0
" ","New Caledonia",47,4,3,785,13,7,118,977
" ","Norfolk Island",1,0,0,1,0,0,2,4
" ","Nauru",7,0,0,1,0,6,1,15
" ","Niue",27,2,1,118,7,16,42,213
" ","New Zealand",0,0,0,0,0,0,0,0
" ","French Polynesia",45,7,11,593,16,7,93,772
" ","Papua New Guinea",72,0,1,7,5,28,16,129
" ","Pitcairn",2,0,0,1,0,0,0,3
" ","Palau",5,0,0,0,0,0,0,5
" ","Solomon Islands",6,0,0,3,1,1,2,13
" ","French Southern Territories",0,0,0,0,0,0,0,0
" ","Tokelau",0,0,0,0,0,0,0,0
" ","Tonga",13,1,1,14,6,25,129,189
" ","Tuvalu",0,0,0,1,0,1,0,2
" ","Vanuatu",27,7,1,298,15,9,68,425
" ","Wallis and Futuna",0,0,0,0,0,0,0,0
" ","Samoa",7,70,2,11,18,41,172,321
" ","ASIA",1058,178,237,5294,642,739,8989,17137
" ","Afghanistan",0,0,0,2,2,1,1,6
" ","Armenia",0,0,1,3,0,3,3,10
" ","Azerbaijan",1,0,0,2,1,0,1,5
" ","Bangladesh",5,0,2,8,0,2,71,88
" ","Brunei Darussalam",2,0,2,0,0,0,17,21
" ","Bhutan",0,0,0,1,0,0,0,1
" ","China, People's Republic of",26,5,45,69,49,73,259,526
" ","Georgia",2,0,0,5,1,0,2,10
" ","Hong Kong (Special Administrative Region)",11,1,9,24,16,12,127,200
" ","Indonesia",101,15,3,1735,43,28,222,2147
" ","India",84,12,18,407,123,230,3371,4245
" ","Japan",129,6,31,53,29,18,435,701
" ","Kyrgyzstan",0,0,0,1,1,0,5,7
" ","Cambodia",10,1,3,32,4,6,109,165
" ","Korea, Democratic People's Republic of",0,0,0,1,0,1,2,4
" ","Korea, Republic of",83,27,49,162,68,52,889,1330
" ","Kazakhstan",3,0,0,1,1,1,11,17
" ","Laos",4,1,0,1,0,0,6,12
" ","Sri Lanka",8,5,3,69,11,28,250,374
" ","Burma (Myanmar)",3,0,0,1,0,0,6,10
" ","Mongolia",2,0,0,8,0,2,8,20
" ","Macau (Special Administrative Region)",0,0,0,5,0,0,1,6
" ","Maldives",1,0,0,50,2,0,8,61
" ","Malaysia",76,22,6,189,25,16,618,952
" ","Nepal",4,0,2,24,2,11,95,138
" ","Philippines",74,9,3,868,127,163,1027,2271
" ","Pakistan",1,0,3,18,3,2,148,175
" ","Singapore",254,42,7,471,43,21,483,1321
" ","Thailand",86,24,21,781,61,34,355,1362
" ","Tajikistan",0,0,0,0,0,0,1,1
" ","Timor-Leste",9,0,0,4,0,1,1,15
" ","Turkmenistan",0,0,0,0,0,0,0,0
" ","Taiwan",7,4,10,11,5,15,130,182
" ","Uzbekistan",6,1,0,1,0,0,4,12
" ","Viet Nam",66,3,19,287,25,19,323,742
" ","EUROPE",1070,385,119,3815,273,316,14264,20242
" ","Andorra",0,0,0,0,0,0,0,0
" ","Albania",0,0,0,2,0,0,5,7
" ","Austria",8,8,0,53,1,2,96,168
" ","Bosnia and Herzegovina",0,0,0,2,0,1,9,12
" ","Belgium",44,5,0,17,4,6,94,170
" ","Bulgaria",1,0,0,4,1,1,33,40
" ","Belarus",0,0,0,0,0,0,1,1
" ","Switzerland",29,17,2,40,6,8,193,295
" ","Czechoslovakia","..","..","..","..","..","..","..",0
" ","Cyprus",2,0,1,2,3,1,11,20
" ","Czechia",3,5,0,18,6,3,144,179
" ","Germany, Democratic Republic of",0,0,0,0,0,0,0,0
" ","Germany",133,46,6,125,25,22,925,1282
" ","Denmark",6,5,4,17,0,4,198,234
" ","Estonia",0,0,0,4,0,0,11,15
" ","Spain",56,15,6,287,6,25,277,672
" ","Finland",4,1,0,7,1,5,89,107
" ","Faeroe Islands",0,0,0,0,0,0,0,0
" ","France",86,34,6,503,23,14,830,1496
" ","United Kingdom",444,135,73,1246,130,80,8500,10608
" ","Gibraltar",0,0,1,0,0,0,6,7
" ","Greenland",0,0,0,1,0,0,0,1
" ","Greece",13,10,0,274,5,7,99,408
" ","Croatia",5,2,0,121,2,0,68,198
" ","Hungary",8,1,2,11,1,34,76,133
" ","Ireland",20,9,2,90,11,5,819,956
" ","Iceland",3,3,1,20,0,0,48,75
" ","Italy",62,34,5,670,17,14,402,1204
" ","Kosovo",0,0,0,0,0,0,6,6
" ","Liechtenstein",0,0,0,0,0,0,0,0
" ","Lithuania",0,0,0,5,1,0,11,17
" ","Luxembourg",2,0,0,2,0,0,7,11
" ","Latvia",0,1,0,6,0,0,12,19
" ","Monaco",0,1,1,3,0,0,2,7
" ","Moldova",0,1,0,1,0,0,0,2
" ","Montenegro",1,0,0,5,0,0,2,8
" ","North Macedonia",3,1,0,3,0,3,12,22
" ","Malta",0,0,0,3,0,0,8,11
" ","Netherlands",70,18,4,63,13,14,539,721
" ","Norway",17,9,2,36,1,8,85,158
" ","Poland",10,2,0,16,3,3,104,138
" ","Portugal",19,16,2,96,3,32,88,256
" ","Romania",2,3,0,10,2,2,42,61
" ","Serbia",2,1,0,4,0,0,46,53
" ","Russia",4,0,1,1,2,3,54,65
" ","Sweden",10,0,0,36,4,15,264,329
" ","Slovenia",1,2,0,4,2,0,19,28
" ","Slovakia",0,0,0,6,0,0,25,31
" ","San Marino",0,0,0,0,0,0,0,0
" ","Union of Soviet Socialist Republics",0,0,0,0,0,0,0,0
" ","Ukraine",2,0,0,1,0,4,4,11
" ","Vatican City State",0,0,0,0,0,0,0,0
" ","Yugoslavia/Serbia and Montenegro",0,0,0,0,0,0,0,0
" ","AMERICAS",948,473,81,4560,274,239,7128,13703
" ","Antigua and Barbuda",0,0,0,2,0,0,0,2
" ","Anguilla",0,0,0,0,0,0,2,2
" ","Netherlands Antilles",0,0,0,0,0,0,0,0
" ","Argentina",5,1,2,17,6,6,162,199
" ","Aruba",0,0,0,0,0,0,0,0
" ","Barbados",0,0,0,0,0,0,3,3
" ","Bermuda",5,0,0,2,0,0,0,7
" ","Bolivia",0,0,0,0,0,0,2,2
" ","Brazil",14,2,0,28,12,7,250,313
" ","Bahamas",0,0,0,3,0,0,5,8
" ","Belize",2,0,0,0,0,0,0,2
" ","Canada",65,90,3,344,34,27,1875,2438
" ","Chile",3,1,0,14,16,9,64,107
" ","Colombia",1,2,1,26,5,1,86,122
" ","Costa Rica",3,3,1,24,0,0,6,37
" ","Cuba",0,0,0,2,1,1,1,5
" ","Curacao",0,0,0,0,0,0,0,0
" ","Dominica",0,0,0,0,0,0,0,0
" ","Dominican Republic",0,0,0,1,0,0,2,3
" ","Ecuador",5,0,1,7,0,0,7,20
" ","Falkland Islands",0,0,0,0,0,0,0,0
" ","Grenada",0,0,0,0,0,0,0,0
" ","French Guiana",0,0,0,0,0,0,0,0
" ","Guadeloupe",0,0,0,1,0,0,0,1
" ","South Georgia and the South Sandwich Islands",0,0,0,0,0,0,0,0
" ","Guatemala",0,0,0,1,0,0,3,4
" ","Guyana",3,0,0,0,0,0,0,3
" ","Honduras",0,0,0,1,0,0,1,2
" ","Haiti",0,0,0,0,0,0,0,0
" ","Jamaica",4,1,0,3,1,0,2,11
" ","St Kitts and Nevis",0,0,0,0,0,0,0,0
" ","Cayman Islands",1,0,0,0,0,0,6,7
" ","St Lucia",0,0,0,0,0,0,0,0
" ","Martinique",0,0,0,0,0,0,1,1
" ","Montserrat",0,0,0,0,0,0,0,0
" ","Mexico",7,0,1,141,3,8,101,261
" ","Nicaragua",0,0,0,1,0,0,1,2
" ","Panama",0,0,0,2,0,0,2,4
" ","Peru",0,0,0,34,4,0,36,74
" ","St Pierre and Miquelon",0,0,0,0,0,0,0,0
" ","Puerto Rico",0,0,0,1,0,0,0,1
" ","Paraguay",1,0,0,0,0,0,0,1
" ","Suriname",0,0,0,0,1,0,0,1
" ","El Salvador",0,0,0,0,0,0,0,0
" ","St Maarten (Dutch Part)",0,0,0,0,0,0,0,0
" ","Turks and Caicos Islands",0,0,0,0,0,0,1,1
" ","Trinidad and Tobago",0,0,0,4,0,0,3,7
" ","United States Minor Outlying Islands",0,0,0,0,0,0,0,0
" ","United States of America",829,372,72,3890,187,178,4449,9977
" ","Uruguay",0,0,0,5,4,2,44,55
" ","St Vincent and the Grenadines",0,0,0,0,0,0,2,2
" ","Venezuela",0,0,0,0,0,0,9,9
" ","Virgin Islands, British",0,1,0,5,0,0,2,8
" ","Virgin Islands, United States",0,0,0,1,0,0,0,1
" ","AFRICA AND THE MIDDLE EAST",179,20,20,401,82,95,1705,2502
" ","United Arab Emirates",40,5,3,58,14,12,107,239
" ","Angola",3,0,0,2,2,2,3,12
" ","Burkina Faso",1,0,0,0,0,0,1,2
" ","Bahrain",0,0,0,1,2,0,8,11
" ","Burundi",0,0,0,0,0,0,0,0
" ","Benin",0,0,0,0,0,0,0,0
" ","Botswana",3,0,0,12,0,0,2,17
" ","Congo, the Democratic Republic of the",0,0,0,0,0,0,0,0
" ","Central African Republic",0,0,0,0,0,0,0,0
" ","Congo",1,0,0,0,0,1,0,2
" ","Cote d'Ivoire",1,0,0,0,0,0,0,1
" ","Cameroon",0,0,0,5,0,0,0,5
" ","Cabo Verde",0,0,0,0,0,1,0,1
" ","Djibouti",0,0,0,0,0,0,0,0
" ","Algeria",0,0,0,0,0,0,4,4
" ","Egypt",8,0,0,11,4,1,43,67
" ","Western Sahara",0,0,0,0,0,0,0,0
" ","Eritrea",0,0,0,1,0,0,1,2
" ","Ethiopia",2,1,0,1,1,0,19,24
" ","Gabon",0,0,0,0,0,0,0,0
" ","Ghana",1,0,0,0,0,1,8,10
" ","Gambia",0,0,0,0,0,0,0,0
" ","Guinea",0,0,0,0,0,0,0,0
" ","Equatorial Guinea",0,0,0,0,0,0,0,0
" ","Guinea-Bissau",0,0,0,0,0,0,0,0
" ","Israel",12,1,1,13,4,1,63,95
" ","British Indian Ocean Territory",0,0,0,0,0,0,0,0
" ","Iraq",4,0,0,6,6,1,22,39
" ","Iran",2,0,4,0,8,3,129,146
" ","Jordan",0,0,0,8,2,3,55,68
" ","Kenya",1,0,0,11,2,0,22,36
" ","Comoros",0,0,0,2,0,0,0,2
" ","Kuwait",3,0,1,4,3,0,16,27
" ","Lebanon",1,0,0,4,0,0,13,18
" ","Liberia",0,0,0,0,0,0,1,1
" ","Lesotho",0,0,0,0,0,0,0,0
" ","Libya",0,0,0,0,0,0,2,2
" ","Morocco",5,2,0,13,0,1,6,27
" ","Madagascar",1,0,0,1,0,0,4,6
" ","Mali",1,0,0,7,1,2,1,12
" ","Mauritania",0,0,0,1,0,0,0,1
" ","Mauritius",4,0,0,1,0,1,9,15
" ","Malawi",1,0,0,0,0,0,2,3
" ","Mozambique",1,0,0,0,1,0,1,3
" ","Namibia",1,0,0,10,0,0,10,21
" ","Niger",0,0,0,0,0,0,0,0
" ","Nigeria",0,0,0,1,0,2,7,10
" ","Oman",4,0,6,5,8,1,18,42
" ","Gaza Strip/Palestine/West Bank",0,0,0,2,0,0,3,5
" ","Qatar",6,0,1,1,1,0,15,24
" ","Reunion",2,0,0,1,0,0,4,7
" ","Rwanda",0,0,0,1,0,0,0,1
" ","Saudi Arabia",19,2,0,2,9,35,7,74
" ","Seychelles",3,0,0,0,0,0,3,6
" ","Sudan",0,1,0,0,0,0,5,6
" ","St Helena",0,0,0,0,0,0,0,0
" ","Sierra Leone",1,0,0,0,0,0,0,1
" ","Senegal",0,0,0,3,2,0,0,5
" ","Somalia",1,0,0,1,0,0,2,4
" ","South Sudan",1,0,0,0,0,1,0,2
" ","Sao Tome and Principe",1,0,0,0,0,0,0,1
" ","Syria",0,0,1,1,0,1,3,6
" ","Eswatini",0,0,0,0,1,0,1,2
" ","Chad",0,0,0,0,0,0,0,0
" ","Togo",0,0,0,0,0,0,0,0
" ","Tunisia",0,0,0,3,0,0,4,7
" ","Turkiye",19,2,1,109,1,10,116,258
" ","Tanzania",4,3,1,15,1,0,8,32
" ","Uganda",1,0,0,2,0,0,4,7
" ","Yemen, Democratic",0,0,0,0,0,0,0,0
" ","Yemen",0,0,0,1,0,1,0,2
" ","Mayotte",0,0,0,0,0,0,0,0
" ","South Africa",20,3,1,75,7,13,891,1010
" ","Zambia",0,0,0,0,0,0,17,17
" ","Zimbabwe",0,0,0,6,2,1,45,54
" ","NOT STATED",230,69,54,1541,4538,284,1991,8707
" ","TOTAL ALL COUNTRIES OF MAIN DESTINATION",11567,3662,857,62736,7936,3459,74786,165003
"2022M08","OCEANIA",9215,3926,451,44562,1706,1846,36927,98633
" ","Antarctica",1,0,0,1,0,0,1,3
" ","Samoa, American",1,2,0,3,2,2,2,12
" ","Australia",8086,3587,388,17719,1208,1195,30696,62879
" ","Cocos (Keeling) Islands",0,0,0,1,0,0,0,1
" ","Cook Islands",172,66,14,9602,88,118,862,10922
" ","Christmas Island",0,0,0,0,0,0,0,0
" ","Fiji",464,205,29,15006,282,307,3900,20193
" ","Micronesia, Federated States of",0,0,0,1,0,0,0,1
" ","Guam",1,0,0,0,1,0,0,2
" ","Kiribati",5,3,1,3,0,1,5,18
" ","Marshall Islands",0,0,0,1,0,0,0,1
" ","Northern Mariana Islands",0,0,0,1,0,0,1,2
" ","New Caledonia",48,19,3,698,5,13,71,857
" ","Norfolk Island",0,4,0,1,0,1,3,9
" ","Nauru",7,0,0,0,0,6,1,14
" ","Niue",35,1,3,252,9,17,74,391
" ","New Zealand",0,0,0,0,0,0,0,0
" ","French Polynesia",53,1,4,454,8,9,96,625
" ","Papua New Guinea",76,1,0,7,1,12,17,114
" ","Pitcairn",1,0,0,0,1,0,0,2
" ","Palau",1,0,0,4,0,0,0,5
" ","Solomon Islands",14,0,0,3,2,1,7,27
" ","French Southern Territories",0,0,0,0,0,0,0,0
" ","Tokelau",0,0,0,0,0,0,0,0
" ","Tonga",55,6,5,47,28,55,379,575
" ","Tuvalu",2,0,0,2,0,0,2,6
" ","Vanuatu",62,7,2,481,11,19,84,666
" ","Wallis and Futuna",1,0,0,6,0,0,0,7
" ","Samoa",130,24,2,269,60,90,726,1301
" ","ASIA",1176,233,125,5804,528,861,9911,18638
" ","Afghanistan",0,0,0,0,0,0,9,9
" ","Armenia",1,0,0,1,0,0,4,6
" ","Azerbaijan",2,0,0,0,0,0,6,8
" ","Bangladesh",4,1,3,26,6,6,103,149
" ","Brunei Darussalam",0,0,0,2,0,0,7,9
" ","Bhutan",2,0,0,0,0,0,0,2
" ","China, People's Republic of",52,8,22,86,48,107,302,625
" ","Georgia",0,0,1,2,0,2,8,13
" ","Hong Kong (Special Administrative Region)",9,0,3,7,20,4,90,133
" ","Indonesia",96,11,6,2181,33,29,308,2664
" ","India",104,30,11,439,129,235,3912,4860
" ","Japan",131,4,13,60,27,20,450,705
" ","Kyrgyzstan",1,0,0,6,0,0,4,11
" ","Cambodia",17,10,2,46,11,16,103,205
" ","Korea, Democratic People's Republic of",0,0,0,0,0,0,0,0
" ","Korea, Republic of",58,15,10,127,32,43,761,1046
" ","Kazakhstan",6,0,0,3,1,0,19,29
" ","Laos",4,1,0,5,1,0,12,23
" ","Sri Lanka",7,0,4,46,14,28,264,363
" ","Burma (Myanmar)",3,0,0,1,0,0,6,10
" ","Mongolia",5,0,0,11,0,3,11,30
" ","Macau (Special Administrative Region)",1,0,0,1,0,0,2,4
" ","Maldives",1,3,0,43,0,0,8,55
" ","Malaysia",86,13,6,201,23,66,597,992
" ","Nepal",2,0,2,10,0,4,66,84
" ","Philippines",100,8,1,721,102,160,1166,2258
" ","Pakistan",5,0,2,15,9,7,233,271
" ","Singapore",263,62,27,338,24,22,410,1146
" ","Thailand",107,52,7,1061,24,68,440,1759
" ","Tajikistan",1,0,0,1,0,0,2,4
" ","Timor-Leste",15,0,0,1,0,0,3,19
" ","Turkmenistan",1,0,0,0,0,0,0,1
" ","Taiwan",13,2,1,15,11,22,203,267
" ","Uzbekistan",5,0,0,2,0,0,3,10
" ","Viet Nam",74,13,4,346,13,19,399,868
" ","EUROPE",946,299,85,5043,267,882,18159,25681
" ","Andorra",0,0,0,0,0,0,0,0
" ","Albania",0,0,0,2,0,0,14,16
" ","Austria",17,13,4,29,2,5,135,205
" ","Bosnia and Herzegovina",0,0,0,1,0,1,5,7
" ","Belgium",13,4,0,41,2,12,133,205
" ","Bulgaria",1,1,0,4,0,1,60,67
" ","Belarus",0,0,0,0,0,0,3,3
" ","Switzerland",20,17,2,67,6,8,288,408
" ","Czechoslovakia","..","..","..","..","..","..","..",0
" ","Cyprus",3,0,0,5,1,0,16,25
" ","Czechia",5,5,1,23,5,1,222,262
" ","Germany, Democratic Republic of",0,0,0,0,0,0,0,0
" ","Germany",65,17,10,190,19,10,1280,1591
" ","Denmark",14,5,3,28,6,13,196,265
" ","Estonia",4,0,0,3,0,2,16,25
" ","Spain",59,11,1,315,16,18,354,774
" ","Finland",1,0,0,18,0,3,121,143
" ","Faeroe Islands",0,0,0,1,0,0,0,1
" ","France",59,21,9,609,18,68,1066,1850
" ","United Kingdom",521,130,42,1757,118,516,10383,13467
" ","Gibraltar",0,0,0,0,0,0,0,0
" ","Greenland",4,0,0,2,0,1,0,7
" ","Greece",15,2,0,306,3,3,148,477
" ","Croatia",6,3,0,179,0,1,115,304
" ","Hungary",0,2,0,60,1,11,130,204
" ","Ireland",18,11,2,114,16,11,1220,1392
" ","Iceland",3,2,7,11,0,2,42,67
" ","Italy",54,18,2,885,26,57,406,1448
" ","Kosovo",0,0,0,0,1,1,12,14
" ","Liechtenstein",1,0,0,1,0,0,1,3
" ","Lithuania",1,0,0,4,0,1,26,32
" ","Luxembourg",0,0,0,5,0,0,2,7
" ","Latvia",2,0,0,2,0,2,22,28
" ","Monaco",0,0,0,0,0,0,4,4
" ","Moldova",0,0,0,0,0,0,0,0
" ","Montenegro",0,0,0,5,0,1,4,10
" ","North Macedonia",2,0,0,6,0,3,39,50
" ","Malta",0,0,0,4,0,1,19,24
" ","Netherlands",28,8,1,91,9,18,644,799
" ","Norway",2,13,1,38,4,2,83,143
" ","Poland",6,6,0,32,5,46,162,257
" ","Portugal",4,3,0,96,1,13,87,204
" ","Romania",3,1,0,17,2,0,70,93
" ","Serbia",3,2,0,32,1,32,52,122
" ","Russia",0,0,0,3,1,5,115,124
" ","Sweden",7,3,0,39,3,5,378,435
" ","Slovenia",1,0,0,10,0,0,32,43
" ","Slovakia",0,0,0,5,1,2,49,57
" ","San Marino",1,0,0,0,0,0,0,1
" ","Union of Soviet Socialist Republics",0,0,0,0,0,0,0,0
" ","Ukraine",3,1,0,3,0,6,5,18
" ","Vatican City State",0,0,0,0,0,0,0,0
" ","Yugoslavia/Serbia and Montenegro",0,0,0,0,0,0,0,0
" ","AMERICAS",1288,549,100,5129,216,391,7339,15012
" ","Antigua and Barbuda",2,0,0,1,0,0,0,3
" ","Anguilla",2,0,0,4,0,1,10,17
" ","Netherlands Antilles",0,0,0,1,0,0,3,4
" ","Argentina",15,3,0,35,9,6,192,260
" ","Aruba",0,0,0,0,0,0,2,2
" ","Barbados",3,0,0,1,0,1,4,9
" ","Bermuda",0,0,0,0,0,0,2,2
" ","Bolivia",0,1,0,0,0,0,3,4
" ","Brazil",16,2,2,54,19,11,344,448
" ","Bahamas",1,0,0,1,0,0,9,11
" ","Belize",0,0,0,0,0,0,1,1
" ","Canada",83,67,7,381,16,46,2107,2707
" ","Chile",17,0,1,18,10,7,89,142
" ","Colombia",5,2,0,22,1,2,92,124
" ","Costa Rica",9,3,1,28,1,16,1,59
" ","Cuba",1,0,0,1,0,0,1,3
" ","Curacao",2,0,0,0,0,0,0,2
" ","Dominica",1,0,0,1,0,1,4,7
" ","Dominican Republic",1,0,0,3,0,0,4,8
" ","Ecuador",2,1,1,9,1,0,6,20
" ","Falkland Islands",0,0,0,1,0,0,1,2
" ","Grenada",0,0,0,0,0,0,1,1
" ","French Guiana",0,0,0,1,0,0,0,1
" ","Guadeloupe",0,0,0,0,0,0,0,0
" ","South Georgia and the South Sandwich Islands",0,0,0,0,0,0,0,0
" ","Guatemala",0,0,0,1,0,1,2,4
" ","Guyana",0,0,0,0,1,0,0,1
" ","Honduras",0,0,0,0,0,0,0,0
" ","Haiti",0,0,0,0,0,0,0,0
" ","Jamaica",0,0,0,3,0,2,0,5
" ","St Kitts and Nevis",0,0,1,2,0,0,0,3
" ","Cayman Islands",2,0,0,1,0,0,4,7
" ","St Lucia",0,0,0,0,0,0,0,0
" ","Martinique",0,0,0,0,0,0,0,0
" ","Montserrat",0,0,0,0,0,0,0,0
" ","Mexico",12,10,0,113,2,4,106,247
" ","Nicaragua",0,0,0,0,0,0,2,2
" ","Panama",0,0,0,2,0,0,3,5
" ","Peru",2,1,1,31,2,3,40,80
" ","St Pierre and Miquelon",1,0,0,2,0,0,0,3
" ","Puerto Rico",0,0,0,0,0,0,0,0
" ","Paraguay",1,0,0,1,0,0,3,5
" ","Suriname",0,0,0,0,0,0,0,0
" ","El Salvador",0,0,0,0,0,0,4,4
" ","St Maarten (Dutch Part)",0,0,0,1,0,0,0,1
" ","Turks and Caicos Islands",1,0,0,0,0,0,1,2
" ","Trinidad and Tobago",1,0,0,2,0,0,2,5
" ","United States Minor Outlying Islands",0,1,0,3,0,0,0,4
" ","United States of America",1105,458,86,4397,152,290,4279,10767
" ","Uruguay",2,0,0,6,2,0,13,23
" ","St Vincent and the Grenadines",0,0,0,1,0,0,0,1
" ","Venezuela",0,0,0,0,0,0,3,3
" ","Virgin Islands, British",1,0,0,1,0,0,0,2
" ","Virgin Islands, United States",0,0,0,0,0,0,1,1
" ","AFRICA AND THE MIDDLE EAST",254,21,13,546,42,137,1865,2878
" ","United Arab Emirates",52,4,3,52,10,16,79,216
" ","Angola",0,0,0,2,0,0,3,5
" ","Burkina Faso",1,0,0,1,0,0,0,2
" ","Bahrain",2,1,0,1,0,1,1,6
" ","Burundi",0,1,0,0,0,0,2,3
" ","Benin",0,0,0,2,0,0,3,5
" ","Botswana",2,0,0,7,0,0,2,11
" ","Congo, the Democratic Republic of the",0,0,0,1,0,0,4,5
" ","Central African Republic",0,0,0,0,0,0,0,0
" ","Congo",0,0,0,0,0,1,0,1
" ","Cote d'Ivoire",2,0,0,0,0,0,0,2
" ","Cameroon",0,0,0,1,0,0,1,2
" ","Cabo Verde",0,0,0,0,0,0,0,0
" ","Djibouti",1,0,0,0,0,0,1,2
" ","Algeria",1,0,0,4,0,1,12,18
" ","Egypt",10,2,1,30,1,4,68,116
" ","Western Sahara",0,0,0,0,0,0,0,0
" ","Eritrea",0,0,0,0,0,0,0,0
" ","Ethiopia",1,0,0,2,0,1,10,14
" ","Gabon",1,0,0,0,0,0,2,3
" ","Ghana",6,1,0,6,0,0,4,17
" ","Gambia",0,0,0,1,0,1,0,2
" ","Guinea",0,0,0,1,0,0,0,1
" ","Equatorial Guinea",0,0,0,0,0,0,0,0
" ","Guinea-Bissau",0,0,0,0,0,0,0,0
" ","Israel",6,2,2,31,0,20,59,120
" ","British Indian Ocean Territory",0,0,0,0,0,0,0,0
" ","Iraq",3,0,0,2,1,2,20,28
" ","Iran",2,0,1,13,3,6,139,164
" ","Jordan",3,0,0,8,2,2,63,78
" ","Kenya",3,1,0,21,1,4,20,50
" ","Comoros",0,0,0,1,0,0,2,3
" ","Kuwait",1,0,0,1,0,1,3,6
" ","Lebanon",2,0,0,1,4,1,16,24
" ","Liberia",0,0,0,0,0,0,0,0
" ","Lesotho",0,0,0,0,0,0,0,0
" ","Libya",0,0,0,1,0,0,6,7
" ","Morocco",0,0,0,13,1,1,13,28
" ","Madagascar",0,0,0,0,0,0,1,1
" ","Mali",1,0,0,5,2,0,3,11
" ","Mauritania",0,0,0,0,0,0,2,2
" ","Mauritius",0,1,0,10,1,0,19,31
" ","Malawi",1,0,0,0,0,0,2,3
" ","Mozambique",1,0,0,6,0,0,0,7
" ","Namibia",4,0,0,11,0,0,8,23
" ","Niger",0,0,0,0,0,0,2,2
" ","Nigeria",2,0,0,0,0,3,7,12
" ","Oman",1,0,0,2,0,0,9,12
" ","Gaza Strip/Palestine/West Bank",0,0,0,0,0,1,5,6
" ","Qatar",6,0,0,2,0,3,6,17
" ","Reunion",0,0,0,0,0,2,1,3
" ","Rwanda",0,0,0,0,0,1,0,1
" ","Saudi Arabia",11,0,0,2,3,2,29,47
" ","Seychelles",3,0,0,2,0,0,2,7
" ","Sudan",3,1,0,1,0,0,6,11
" ","St Helena",0,0,0,0,0,0,2,2
" ","Sierra Leone",0,0,0,0,0,0,0,0
" ","Senegal",0,0,0,0,0,2,0,2
" ","Somalia",2,0,0,1,0,2,5,10
" ","South Sudan",1,0,0,0,0,1,0,2
" ","Sao Tome and Principe",0,0,0,0,0,0,0,0
" ","Syria",0,0,0,9,1,1,14,25
" ","Eswatini",0,0,0,2,0,0,4,6
" ","Chad",1,0,0,0,0,0,0,1
" ","Togo",0,0,0,1,0,0,1,2
" ","Tunisia",0,0,0,2,0,1,5,8
" ","Turkiye",19,3,2,112,5,9,140,290
" ","Tanzania",3,0,0,25,0,1,16,45
" ","Uganda",1,0,0,4,0,0,6,11
" ","Yemen, Democratic",0,0,0,0,0,0,0,0
" ","Yemen",0,0,1,0,0,0,1,2
" ","Mayotte",0,0,0,0,0,0,0,0
" ","South Africa",91,4,2,134,6,39,955,1231
" ","Zambia",1,0,0,1,0,1,8,11
" ","Zimbabwe",3,0,1,11,1,6,73,95
" ","NOT STATED",316,152,43,1676,6857,375,2008,11427
" ","TOTAL ALL COUNTRIES OF MAIN DESTINATION",13195,5180,817,62760,9616,4492,76209,172269
"2022M09","OCEANIA",9832,4289,519,47130,1828,2047,35723,101368
" ","Antarctica",1,0,0,2,0,0,4,7
" ","Samoa, American",7,0,1,1,7,6,11,33
" ","Australia",8506,3903,426,20618,1320,1310,29606,65689
" ","Cocos (Keeling) Islands",0,0,0,0,0,0,0,0
" ","Cook Islands",115,44,40,9243,74,54,767,10337
" ","Christmas Island",1,0,0,0,0,0,0,1
" ","Fiji",580,151,26,14171,216,326,3322,18792
" ","Micronesia, Federated States of",0,0,0,1,0,0,0,1
" ","Guam",1,1,0,0,0,0,0,2
" ","Kiribati",10,0,0,9,7,1,11,38
" ","Marshall Islands",0,0,0,2,1,0,0,3
" ","Northern Mariana Islands",0,0,0,2,0,0,2,4
" ","New Caledonia",49,3,0,954,6,2,56,1070
" ","Norfolk Island",2,0,0,23,2,0,12,39
" ","Nauru",16,0,1,0,1,4,0,22
" ","Niue",26,4,2,259,10,20,84,405
" ","New Zealand",0,0,0,0,0,0,0,0
" ","French Polynesia",78,14,2,604,17,49,65,829
" ","Papua New Guinea",118,6,0,10,3,20,11,168
" ","Pitcairn",1,0,0,2,0,0,5,8
" ","Palau",0,0,0,0,0,0,1,1
" ","Solomon Islands",19,2,1,4,1,2,6,35
" ","French Southern Territories",0,0,0,0,0,0,0,0
" ","Tokelau",0,0,0,0,0,0,0,0
" ","Tonga",101,6,13,115,58,108,674,1075
" ","Tuvalu",5,0,0,13,0,3,5,26
" ","Vanuatu",63,6,2,525,23,24,83,726
" ","Wallis and Futuna",1,0,0,5,0,0,5,11
" ","Samoa",132,149,5,567,82,118,993,2046
" ","ASIA",1550,401,116,6007,514,869,9539,18996
" ","Afghanistan",0,1,0,0,0,2,19,22
" ","Armenia",0,0,0,4,0,0,3,7
" ","Azerbaijan",2,0,0,1,1,1,4,9
" ","Bangladesh",7,0,0,20,5,5,59,96
" ","Brunei Darussalam",1,0,1,0,0,0,7,9
" ","Bhutan",0,0,0,0,0,0,1,1
" ","China, People's Republic of",68,8,28,60,88,92,400,744
" ","Georgia",0,0,0,7,0,4,1,12
" ","Hong Kong (Special Administrative Region)",8,0,2,8,9,15,124,166
" ","Indonesia",100,33,7,2307,27,29,300,2803
" ","India",184,35,10,484,124,262,3837,4936
" ","Japan",169,10,8,77,33,41,421,759
" ","Kyrgyzstan",1,0,0,5,0,0,9,15
" ","Cambodia",9,0,1,52,2,17,77,158
" ","Korea, Democratic People's Republic of",0,0,0,0,0,0,1,1
" ","Korea, Republic of",100,26,10,160,29,45,754,1124
" ","Kazakhstan",6,0,0,1,1,3,21,32
" ","Laos",7,0,0,8,3,0,14,32
" ","Sri Lanka",7,5,1,72,7,29,248,369
" ","Burma (Myanmar)",1,0,0,4,0,0,7,12
" ","Mongolia",4,0,1,6,0,2,7,20
" ","Macau (Special Administrative Region)",1,1,0,1,0,0,1,4
" ","Maldives",5,4,0,71,1,0,6,87
" ","Malaysia",86,39,4,209,23,36,637,1034
" ","Nepal",6,1,3,26,3,8,78,125
" ","Philippines",82,14,5,648,73,123,1120,2065
" ","Pakistan",5,0,1,10,1,4,78,99
" ","Singapore",431,138,8,317,18,24,319,1255
" ","Thailand",134,67,12,996,23,63,389,1684
" ","Tajikistan",0,0,0,1,0,0,0,1
" ","Timor-Leste",3,0,0,1,0,3,3,10
" ","Turkmenistan",0,0,0,0,0,0,0,0
" ","Taiwan",21,5,6,38,13,36,218,337
" ","Uzbekistan",1,0,0,5,0,1,9,16
" ","Viet Nam",101,14,8,408,30,24,367,952
" ","EUROPE",1502,627,76,5532,251,415,15575,23978
" ","Andorra",0,0,0,0,0,0,0,0
" ","Albania",4,1,0,11,0,0,13,29
" ","Austria",38,18,1,39,3,8,113,220
" ","Bosnia and Herzegovina",0,0,0,1,0,0,23,24
" ","Belgium",26,8,2,15,3,2,85,141
" ","Bulgaria",2,2,0,8,0,5,57,74
" ","Belarus",0,0,0,3,1,0,7,11
" ","Switzerland",50,33,4,85,8,11,225,416
" ","Czechoslovakia","..","..","..","..","..","..","..",0
" ","Cyprus",2,1,0,15,1,1,25,45
" ","Czechia",19,5,1,41,7,15,276,364
" ","Germany, Democratic Republic of",0,0,0,0,0,0,0,0
" ","Germany",224,104,12,250,22,25,1123,1760
" ","Denmark",33,12,1,21,3,1,122,193
" ","Estonia",2,2,0,3,0,0,21,28
" ","Spain",72,62,2,394,7,22,335,894
" ","Finland",11,10,1,4,0,0,34,60
" ","Faeroe Islands",0,0,0,2,0,0,1,3
" ","France",109,52,6,751,17,55,879,1869
" ","United Kingdom",569,167,29,1569,109,149,8950,11542
" ","Gibraltar",0,0,0,0,0,0,2,2
" ","Greenland",2,0,0,2,0,0,1,5
" ","Greece",19,8,0,412,8,3,176,626
" ","Croatia",12,10,0,192,4,2,136,356
" ","Hungary",5,3,0,33,1,11,97,150
" ","Ireland",27,18,3,144,9,10,842,1053
" ","Iceland",2,1,0,19,0,0,8,30
" ","Italy",119,48,6,1075,16,28,490,1782
" ","Kosovo",0,0,0,2,1,4,32,39
" ","Liechtenstein",0,0,0,0,0,0,3,3
" ","Lithuania",1,0,0,1,1,0,19,22
" ","Luxembourg",1,0,0,0,0,0,4,5
" ","Latvia",0,1,0,3,0,4,32,40
" ","Monaco",1,0,0,0,0,0,1,2
" ","Moldova",0,0,1,5,0,0,7,13
" ","Montenegro",0,1,0,5,0,0,6,12
" ","North Macedonia",3,0,0,5,2,0,52,62
" ","Malta",2,0,0,11,0,3,5,21
" ","Netherlands",62,27,3,107,11,18,554,782
" ","Norway",16,2,1,18,0,3,37,77
" ","Poland",6,5,0,29,0,13,120,173
" ","Portugal",12,9,0,136,1,2,108,268
" ","Romania",7,2,1,17,0,3,76,106
" ","Serbia",4,0,0,46,3,6,93,152
" ","Russia",2,0,0,14,8,5,117,146
" ","Sweden",33,13,2,21,1,2,182,254
" ","Slovenia",1,1,0,8,1,1,29,41
" ","Slovakia",2,0,0,11,2,1,50,66
" ","San Marino",0,0,0,0,0,1,0,1
" ","Union of Soviet Socialist Republics",0,0,0,0,0,0,0,0
" ","Ukraine",2,1,0,4,1,1,7,16
" ","Vatican City State",0,0,0,0,0,0,0,0
" ","Yugoslavia/Serbia and Montenegro",0,0,0,0,0,0,0,0
" ","AMERICAS",1643,598,100,5867,217,366,6461,15252
" ","Antigua and Barbuda",0,0,0,1,0,0,0,1
" ","Anguilla",4,1,0,10,0,0,9,24
" ","Netherlands Antilles",0,0,0,1,0,0,4,5
" ","Argentina",5,6,1,27,12,7,139,197
" ","Aruba",0,0,0,0,0,0,0,0
" ","Barbados",1,0,0,0,0,0,3,4
" ","Bermuda",1,0,0,2,0,0,1,4
" ","Bolivia",1,0,0,2,0,0,1,4
" ","Brazil",7,0,0,59,17,10,303,396
" ","Bahamas",1,0,0,1,0,0,3,5
" ","Belize",0,0,0,1,0,0,2,3
" ","Canada",138,87,6,486,31,47,1709,2504
" ","Chile",14,3,0,28,10,10,87,152
" ","Colombia",4,0,0,13,0,3,83,103
" ","Costa Rica",5,0,0,9,0,4,7,25
" ","Cuba",0,1,0,2,1,0,0,4
" ","Curacao",0,0,0,0,0,0,0,0
" ","Dominica",1,0,0,2,0,1,0,4
" ","Dominican Republic",1,0,0,1,0,2,2,6
" ","Ecuador",2,0,0,9,0,0,5,16
" ","Falkland Islands",0,0,0,0,0,0,0,0
" ","Grenada",3,0,0,0,0,0,0,3
" ","French Guiana",0,0,0,0,0,0,0,0
" ","Guadeloupe",0,0,0,0,0,0,0,0
" ","South Georgia and the South Sandwich Islands",0,0,0,0,0,0,0,0
" ","Guatemala",4,0,0,1,0,0,2,7
" ","Guyana",0,0,0,0,0,0,0,0
" ","Honduras",0,1,0,1,0,0,3,5
" ","Haiti",0,0,0,0,0,0,0,0
" ","Jamaica",2,0,0,1,0,0,3,6
" ","St Kitts and Nevis",2,0,0,0,0,0,2,4
" ","Cayman Islands",1,0,0,1,0,0,6,8
" ","St Lucia",0,0,0,2,0,0,1,3
" ","Martinique",0,0,0,0,0,0,0,0
" ","Montserrat",0,0,0,0,0,0,0,0
" ","Mexico",8,0,1,106,3,6,79,203
" ","Nicaragua",0,0,0,2,0,0,4,6
" ","Panama",3,1,0,4,0,2,5,15
" ","Peru",3,2,0,43,1,4,36,89
" ","St Pierre and Miquelon",0,0,0,1,0,0,0,1
" ","Puerto Rico",0,0,0,1,0,0,0,1
" ","Paraguay",1,0,0,3,0,2,4,10
" ","Suriname",0,0,1,1,0,0,0,2
" ","El Salvador",0,0,0,1,0,0,1,2
" ","St Maarten (Dutch Part)",0,0,0,0,0,0,0,0
" ","Turks and Caicos Islands",0,0,0,0,0,0,0,0
" ","Trinidad and Tobago",0,1,0,2,0,0,9,12
" ","United States Minor Outlying Islands",0,0,0,1,0,0,1,2
" ","United States of America",1429,492,91,5037,140,267,3919,11375
" ","Uruguay",1,2,0,3,2,1,22,31
" ","St Vincent and the Grenadines",0,0,0,0,0,0,0,0
" ","Venezuela",0,0,0,0,0,0,2,2
" ","Virgin Islands, British",1,1,0,1,0,0,2,5
" ","Virgin Islands, United States",0,0,0,1,0,0,2,3
" ","AFRICA AND THE MIDDLE EAST",276,66,10,695,41,120,1707,2915
" ","United Arab Emirates",56,7,0,75,8,5,64,215
" ","Angola",0,0,0,1,1,0,1,3
" ","Burkina Faso",2,0,0,0,0,0,1,3
" ","Bahrain",8,0,0,1,0,0,2,11
" ","Burundi",0,0,0,1,0,0,2,3
" ","Benin",0,0,0,2,0,0,2,4
" ","Botswana",4,0,1,6,0,2,1,14
" ","Congo, the Democratic Republic of the",2,0,0,0,0,0,1,3
" ","Central African Republic",0,0,0,0,0,0,0,0
" ","Congo",0,0,0,0,0,0,1,1
" ","Cote d'Ivoire",3,0,0,2,0,0,1,6
" ","Cameroon",0,0,0,0,0,0,0,0
" ","Cabo Verde",0,0,0,0,0,0,0,0
" ","Djibouti",0,0,0,0,0,0,0,0
" ","Algeria",0,0,0,0,1,0,11,12
" ","Egypt",6,1,1,40,4,0,52,104
" ","Western Sahara",0,0,0,0,0,0,0,0
" ","Eritrea",0,0,0,0,0,0,3,3
" ","Ethiopia",0,0,0,2,0,1,16,19
" ","Gabon",0,1,0,0,0,1,1,3
" ","Ghana",5,2,0,3,0,1,9,20
" ","Gambia",0,0,0,0,0,0,1,1
" ","Guinea",1,0,0,0,0,0,3,4
" ","Equatorial Guinea",0,0,0,1,0,0,0,1
" ","Guinea-Bissau",1,0,0,0,0,0,0,1
" ","Israel",9,4,0,26,1,0,31,71
" ","British Indian Ocean Territory",0,0,0,0,0,0,0,0
" ","Iraq",4,2,0,0,1,5,30,42
" ","Iran",0,4,0,3,0,2,99,108
" ","Jordan",8,0,0,16,4,4,73,105
" ","Kenya",3,3,0,22,1,1,13,43
" ","Comoros",0,0,0,2,0,0,0,2
" ","Kuwait",0,0,0,0,0,0,1,1
" ","Lebanon",3,0,1,3,1,4,17,29
" ","Liberia",0,0,0,0,0,0,1,1
" ","Lesotho",0,0,0,0,0,0,0,0
" ","Libya",0,0,0,7,0,0,6,13
" ","Morocco",2,2,1,35,0,1,19,60
" ","Madagascar",0,0,0,2,1,0,0,3
" ","Mali",2,1,0,2,0,0,2,7
" ","Mauritania",0,0,0,1,0,0,2,3
" ","Mauritius",3,0,0,7,0,1,6,17
" ","Malawi",1,0,0,0,0,0,5,6
" ","Mozambique",1,0,0,0,0,0,1,2
" ","Namibia",0,0,0,19,0,0,3,22
" ","Niger",1,0,0,0,0,0,0,1
" ","Nigeria",1,1,0,0,0,0,7,9
" ","Oman",5,1,0,2,0,1,9,18
" ","Gaza Strip/Palestine/West Bank",2,2,0,1,0,0,8,13
" ","Qatar",6,1,1,4,1,2,15,30
" ","Reunion",0,0,0,0,0,0,0,0
" ","Rwanda",0,0,0,5,1,0,2,8
" ","Saudi Arabia",17,1,0,3,0,9,29,59
" ","Seychelles",2,0,0,3,0,1,4,10
" ","Sudan",0,0,0,3,1,0,7,11
" ","St Helena",0,0,0,0,0,0,0,0
" ","Sierra Leone",0,0,0,0,0,0,0,0
" ","Senegal",0,0,0,1,0,2,0,3
" ","Somalia",2,0,0,3,0,0,7,12
" ","South Sudan",0,0,0,0,0,0,0,0
" ","Sao Tome and Principe",0,0,0,0,0,0,0,0
" ","Syria",2,1,0,0,0,0,9,12
" ","Eswatini",0,0,0,2,0,0,3,5
" ","Chad",0,0,0,0,0,0,1,1
" ","Togo",1,0,0,0,1,0,2,4
" ","Tunisia",0,0,0,6,0,0,16,22
" ","Turkiye",25,8,0,180,5,23,152,393
" ","Tanzania",2,0,0,19,0,0,6,27
" ","Uganda",1,1,0,4,1,1,3,11
" ","Yemen, Democratic",0,0,0,0,0,0,0,0
" ","Yemen",0,0,0,1,0,0,2,3
" ","Mayotte",0,0,0,0,0,0,0,0
" ","South Africa",83,23,5,163,8,47,871,1200
" ","Zambia",2,0,0,10,0,0,6,18
" ","Zimbabwe",0,0,0,6,0,6,67,79
" ","NOT STATED",324,174,43,1408,4058,352,1886,8245
" ","TOTAL ALL COUNTRIES OF MAIN DESTINATION",15127,6155,864,66639,6909,4169,70891,170754
"2022M10","OCEANIA",9498,4509,674,62247,2114,2597,45339,126978
" ","Antarctica",1,1,0,9,4,0,7,22
" ","Samoa, American",14,1,0,8,4,4,32,63
" ","Australia",8277,3991,475,33782,1504,1808,38689,88526
" ","Cocos (Keeling) Islands",0,0,0,0,0,0,0,0
" ","Cook Islands",116,49,64,8996,68,69,811,10173
" ","Christmas Island",2,0,0,0,0,0,0,2
" ","Fiji",477,135,31,15223,227,261,3425,19779
" ","Micronesia, Federated States of",2,0,0,5,0,0,1,8
" ","Guam",1,1,0,4,0,0,3,9
" ","Kiribati",16,2,0,11,2,2,9,42
" ","Marshall Islands",2,1,0,0,0,0,2,5
" ","Northern Mariana Islands",1,0,0,2,0,0,2,5
" ","New Caledonia",38,12,18,1098,11,16,88,1281
" ","Norfolk Island",0,1,0,68,3,3,24,99
" ","Nauru",14,0,0,4,0,9,2,29
" ","Niue",39,1,3,232,9,16,116,416
" ","New Zealand",0,0,0,0,0,0,0,0
" ","French Polynesia",52,14,8,832,17,67,121,1111
" ","Papua New Guinea",112,7,2,27,6,23,25,202
" ","Pitcairn",1,0,0,12,0,3,11,27
" ","Palau",2,2,1,3,0,0,0,8
" ","Solomon Islands",26,8,0,13,14,6,14,81
" ","French Southern Territories",0,0,0,0,0,0,0,0
" ","Tokelau",0,0,0,1,0,0,1,2
" ","Tonga",96,18,14,201,63,124,694,1210
" ","Tuvalu",2,2,1,11,2,0,7,25
" ","Vanuatu",63,1,44,759,64,45,112,1088
" ","Wallis and Futuna",1,0,0,5,0,1,6,13
" ","Samoa",143,262,13,941,116,140,1137,2752
" ","ASIA",1800,544,151,8100,540,879,11969,23983
" ","Afghanistan",1,0,0,0,1,1,14,17
" ","Armenia",0,0,0,7,0,0,6,13
" ","Azerbaijan",3,0,0,1,1,1,0,6
" ","Bangladesh",5,0,0,12,4,9,51,81
" ","Brunei Darussalam",3,0,0,0,0,1,3,7
" ","Bhutan",0,0,0,10,0,0,1,11
" ","China, People's Republic of",80,14,26,161,88,121,508,998
" ","Georgia",1,2,0,15,0,3,4,25
" ","Hong Kong (Special Administrative Region)",28,3,4,24,14,8,245,326
" ","Indonesia",114,51,23,2342,38,23,258,2849
" ","India",139,42,14,707,117,229,4217,5465
" ","Japan",282,28,15,271,37,53,1034,1720
" ","Kyrgyzstan",1,0,0,5,1,1,9,17
" ","Cambodia",2,7,0,92,3,6,100,210
" ","Korea, Democratic People's Republic of",0,0,0,0,0,0,0,0
" ","Korea, Republic of",187,57,15,398,42,65,1494,2258
" ","Kazakhstan",7,0,0,0,0,1,12,20
" ","Laos",5,1,0,17,0,1,12,36
" ","Sri Lanka",12,2,0,54,11,23,250,352
" ","Burma (Myanmar)",1,1,0,3,1,1,11,18
" ","Mongolia",4,0,0,10,0,0,6,20
" ","Macau (Special Administrative Region)",0,0,0,4,1,0,1,6
" ","Maldives",6,0,0,69,0,0,6,81
" ","Malaysia",83,50,4,382,21,53,728,1321
" ","Nepal",3,1,0,106,4,5,121,240
" ","Philippines",105,30,1,631,65,136,1205,2173
" ","Pakistan",8,0,1,15,3,6,196,229
" ","Singapore",447,142,12,927,19,25,418,1990
" ","Thailand",144,93,26,1276,40,63,396,2038
" ","Tajikistan",0,0,0,0,0,1,1,2
" ","Timor-Leste",8,1,0,4,1,2,3,19
" ","Turkmenistan",1,0,0,0,0,0,0,1
" ","Taiwan",26,10,3,32,13,14,330,428
" ","Uzbekistan",0,0,0,4,1,1,4,10
" ","Viet Nam",94,9,7,521,14,26,325,996
" ","EUROPE",1788,700,121,5581,315,346,12586,21437
" ","Andorra",1,0,0,3,1,0,2,7
" ","Albania",3,2,0,9,0,1,8,23
" ","Austria",50,32,5,93,4,6,175,365
" ","Bosnia and Herzegovina",2,2,0,6,1,1,13,25
" ","Belgium",25,9,0,19,2,8,72,135
" ","Bulgaria",0,2,0,9,1,3,42,57
" ","Belarus",0,0,0,1,0,0,11,12
" ","Switzerland",50,26,6,66,7,9,202,366
" ","Czechoslovakia","..","..","..","..","..","..","..",0
" ","Cyprus",5,1,0,7,0,0,28,41
" ","Czechia",19,6,0,30,6,4,149,214
" ","Germany, Democratic Republic of",0,0,0,0,0,0,0,0
" ","Germany",279,111,12,264,21,13,849,1549
" ","Denmark",34,12,6,15,1,19,77,164
" ","Estonia",2,0,0,9,1,0,10,22
" ","Spain",78,45,4,469,5,23,291,915
" ","Finland",13,0,1,6,0,1,29,50
" ","Faeroe Islands",0,0,0,2,0,0,1,3
" ","France",201,63,10,670,34,38,674,1690
" ","United Kingdom",601,191,53,1544,145,102,7365,10001
" ","Gibraltar",0,0,0,1,0,0,3,4
" ","Greenland",3,0,0,1,0,0,0,4
" ","Greece",22,12,3,418,2,6,102,565
" ","Croatia",6,9,1,151,6,12,104,289
" ","Hungary",2,7,0,3,0,4,54,70
" ","Ireland",26,19,4,106,14,10,609,788
" ","Iceland",10,5,0,19,3,1,6,44
" ","Italy",197,68,11,1291,28,52,403,2050
" ","Kosovo",0,0,1,1,0,0,11,13
" ","Liechtenstein",0,0,0,0,0,0,0,0
" ","Lithuania",0,1,0,11,0,0,19,31
" ","Luxembourg",1,0,0,0,0,0,8,9
" ","Latvia",4,1,0,5,3,0,13,26
" ","Monaco",2,1,0,3,0,1,4,11
" ","Moldova",0,0,0,1,0,0,5,6
" ","Montenegro",1,0,0,5,0,0,4,10
" ","North Macedonia",1,0,0,3,1,2,25,32
" ","Malta",5,0,0,15,0,1,21,42
" ","Netherlands",77,34,1,74,10,8,516,720
" ","Norway",10,5,0,31,0,1,31,78
" ","Poland",3,4,0,18,2,2,95,124
" ","Portugal",16,15,0,130,4,6,105,276
" ","Romania",1,3,0,20,2,1,81,108
" ","Serbia",1,1,1,18,0,1,83,105
" ","Russia",3,0,0,13,2,6,108,132
" ","Sweden",23,5,2,13,8,0,106,157
" ","Slovenia",10,5,0,4,1,1,25,46
" ","Slovakia",0,3,0,0,0,1,41,45
" ","San Marino",1,0,0,0,0,0,0,1
" ","Union of Soviet Socialist Republics",0,0,0,0,0,0,0,0
" ","Ukraine",0,0,0,4,0,2,6,12
" ","Vatican City State",0,0,0,0,0,0,0,0
" ","Yugoslavia/Serbia and Montenegro",0,0,0,0,0,0,0,0
" ","AMERICAS",1909,790,79,8209,370,315,6782,18454
" ","Antigua and Barbuda",11,2,0,5,0,11,2,31
" ","Anguilla",11,1,1,18,2,1,25,59
" ","Netherlands Antilles",1,0,0,2,1,0,3,7
" ","Argentina",14,20,2,38,12,16,186,288
" ","Aruba",0,0,0,2,0,0,2,4
" ","Barbados",0,0,0,1,0,0,1,2
" ","Bermuda",0,0,0,1,1,0,7,9
" ","Bolivia",0,0,0,4,0,2,9,15
" ","Brazil",16,5,3,62,19,9,340,454
" ","Bahamas",1,0,0,3,1,1,0,6
" ","Belize",0,0,0,5,0,0,0,5
" ","Canada",154,101,4,384,46,39,1180,1908
" ","Chile",26,9,1,71,30,10,222,369
" ","Colombia",6,5,0,16,2,8,60,97
" ","Costa Rica",3,2,0,15,1,1,11,33
" ","Cuba",1,1,0,3,0,0,2,7
" ","Curacao",1,0,0,0,0,0,0,1
" ","Dominica",3,0,0,4,0,0,3,10
" ","Dominican Republic",0,0,0,1,0,0,3,4
" ","Ecuador",1,1,0,17,0,0,14,33
" ","Falkland Islands",1,0,0,0,0,0,1,2
" ","Grenada",0,0,0,0,1,0,1,2
" ","French Guiana",0,0,0,1,0,0,0,1
" ","Guadeloupe",0,0,0,0,0,0,0,0
" ","South Georgia and the South Sandwich Islands",0,0,0,0,0,0,0,0
" ","Guatemala",4,0,0,5,0,0,5,14
" ","Guyana",1,0,0,1,0,0,2,4
" ","Honduras",0,0,0,0,0,0,1,1
" ","Haiti",0,0,0,0,0,0,0,0
" ","Jamaica",4,0,1,3,1,0,8,17
" ","St Kitts and Nevis",1,0,0,1,0,1,4,7
" ","Cayman Islands",1,0,0,1,1,0,5,8
" ","St Lucia",0,0,0,0,0,0,0,0
" ","Martinique",0,0,0,0,0,0,0,0
" ","Montserrat",0,0,0,0,0,0,0,0
" ","Mexico",17,11,1,159,6,21,106,321
" ","Nicaragua",0,0,0,5,0,0,5,10
" ","Panama",3,2,0,4,0,3,4,16
" ","Peru",3,4,0,55,1,0,47,110
" ","St Pierre and Miquelon",0,0,0,1,0,0,0,1
" ","Puerto Rico",0,0,0,1,0,0,2,3
" ","Paraguay",0,2,0,0,0,0,2,4
" ","Suriname",2,0,0,0,0,0,3,5
" ","El Salvador",0,0,0,0,0,0,4,4
" ","St Maarten (Dutch Part)",0,0,0,0,0,0,0,0
" ","Turks and Caicos Islands",3,0,0,7,1,0,1,12
" ","Trinidad and Tobago",0,1,0,5,0,0,6,12
" ","United States Minor Outlying Islands",0,0,0,3,0,0,1,4
" ","United States of America",1618,620,66,7302,242,190,4472,14510
" ","Uruguay",2,3,0,1,2,1,23,32
" ","St Vincent and the Grenadines",0,0,0,2,0,0,5,7
" ","Venezuela",0,0,0,0,0,1,4,5
" ","Virgin Islands, British",0,0,0,0,0,0,0,0
" ","Virgin Islands, United States",0,0,0,0,0,0,0,0
" ","AFRICA AND THE MIDDLE EAST",304,96,16,1069,55,168,2593,4301
" ","United Arab Emirates",81,29,4,197,8,12,146,477
" ","Angola",4,0,0,6,0,0,5,15
" ","Burkina Faso",2,0,0,1,0,0,0,3
" ","Bahrain",5,0,0,5,0,0,11,21
" ","Burundi",0,0,0,1,0,0,1,2
" ","Benin",0,0,0,5,0,0,9,14
" ","Botswana",3,0,0,19,0,0,6,28
" ","Congo, the Democratic Republic of the",0,0,0,2,0,0,0,2
" ","Central African Republic",0,0,0,0,0,0,0,0
" ","Congo",0,1,0,0,0,2,1,4
" ","Cote d'Ivoire",2,0,0,2,0,0,0,4
" ","Cameroon",0,0,0,1,0,0,2,3
" ","Cabo Verde",1,0,0,1,0,0,0,2
" ","Djibouti",0,0,0,0,0,0,1,1
" ","Algeria",1,1,1,0,0,0,3,6
" ","Egypt",22,2,0,104,0,8,61,197
" ","Western Sahara",0,0,0,0,0,0,0,0
" ","Eritrea",2,1,0,2,0,0,3,8
" ","Ethiopia",0,1,0,0,2,1,25,29
" ","Gabon",1,0,0,2,0,1,1,5
" ","Ghana",2,3,0,1,0,1,8,15
" ","Gambia",0,0,0,0,0,0,2,2
" ","Guinea",0,0,0,0,0,0,3,3
" ","Equatorial Guinea",0,0,0,2,0,0,0,2
" ","Guinea-Bissau",0,0,0,0,0,0,0,0
" ","Israel",6,3,0,45,7,4,147,212
" ","British Indian Ocean Territory",0,0,0,0,0,0,0,0
" ","Iraq",5,1,0,10,3,2,56,77
" ","Iran",8,3,0,28,3,6,201,249
" ","Jordan",4,0,0,23,1,2,47,77
" ","Kenya",6,2,0,24,1,3,18,54
" ","Comoros",0,0,0,0,0,0,0,0
" ","Kuwait",3,1,0,1,0,1,6,12
" ","Lebanon",1,0,0,2,0,0,28,31
" ","Liberia",0,0,0,0,1,0,3,4
" ","Lesotho",0,0,0,0,0,0,0,0
" ","Libya",1,0,1,4,0,0,10,16
" ","Morocco",4,2,1,46,0,0,12,65
" ","Madagascar",0,0,0,3,0,0,0,3
" ","Mali",3,0,0,16,2,1,8,30
" ","Mauritania",2,0,0,0,0,1,2,5
" ","Mauritius",5,1,0,8,1,0,18,33
" ","Malawi",1,0,0,4,0,2,1,8
" ","Mozambique",0,0,0,3,0,3,4,10
" ","Namibia",1,2,0,31,0,2,8,44
" ","Niger",1,0,0,0,0,0,1,2
" ","Nigeria",0,1,0,0,0,0,13,14
" ","Oman",7,1,0,7,0,2,13,30
" ","Gaza Strip/Palestine/West Bank",0,0,0,6,0,1,8,15
" ","Qatar",5,2,1,6,0,1,14,29
" ","Reunion",3,0,1,4,0,0,3,11
" ","Rwanda",1,4,0,2,0,0,2,9
" ","Saudi Arabia",18,0,2,10,2,21,23,76
" ","Seychelles",1,0,0,4,0,0,6,11
" ","Sudan",0,1,1,5,3,0,3,13
" ","St Helena",0,0,0,1,0,0,0,1
" ","Sierra Leone",0,0,0,1,0,1,0,2
" ","Senegal",0,0,0,1,1,2,1,5
" ","Somalia",2,0,0,7,0,0,16,25
" ","South Sudan",0,0,0,0,0,0,0,0
" ","Sao Tome and Principe",0,0,0,0,0,0,0,0
" ","Syria",2,1,0,7,0,0,8,18
" ","Eswatini",0,0,0,0,1,0,5,6
" ","Chad",1,0,0,0,0,0,3,4
" ","Togo",0,0,0,0,0,0,2,2
" ","Tunisia",1,1,0,6,0,0,13,21
" ","Turkiye",20,12,0,170,3,21,191,417
" ","Tanzania",4,1,0,22,1,3,7,38
" ","Uganda",3,0,1,8,0,0,5,17
" ","Yemen, Democratic",0,0,0,0,0,0,0,0
" ","Yemen",0,0,0,2,0,0,1,3
" ","Mayotte",0,0,0,0,0,0,0,0
" ","South Africa",56,18,3,187,11,61,1325,1661
" ","Zambia",2,1,0,8,2,0,16,29
" ","Zimbabwe",1,0,0,6,2,3,57,69
" ","NOT STATED",380,160,53,2639,4853,452,2631,11168
" ","TOTAL ALL COUNTRIES OF MAIN DESTINATION",15679,6799,1094,87845,8247,4757,81900,206321
"2022M11","OCEANIA",11144,4940,777,46686,2274,2690,43287,111798
" ","Antarctica",4,2,0,38,3,0,6,53
" ","Samoa, American",21,3,0,13,4,5,50,96
" ","Australia",9706,4492,606,28154,1575,1724,37494,83751
" ","Cocos (Keeling) Islands",0,0,0,1,0,0,0,1
" ","Cook Islands",142,18,26,6335,63,109,794,7487
" ","Christmas Island",0,0,0,0,0,0,0,0
" ","Fiji",553,247,26,9454,193,271,2436,13180
" ","Micronesia, Federated States of",2,0,0,2,0,0,0,4
" ","Guam",8,2,0,8,0,38,12,68
" ","Kiribati",18,2,2,13,8,13,13,69
" ","Marshall Islands",6,0,0,3,0,0,3,12
" ","Northern Mariana Islands",0,0,0,1,0,0,1,2
" ","New Caledonia",64,23,45,694,7,7,61,901
" ","Norfolk Island",1,0,0,40,1,1,11,54
" ","Nauru",6,0,0,2,1,0,4,13
" ","Niue",34,5,4,143,11,38,83,318
" ","New Zealand",0,0,0,0,0,0,0,0
" ","French Polynesia",55,25,0,389,22,13,76,580
" ","Papua New Guinea",118,6,3,42,8,23,23,223
" ","Pitcairn",3,0,1,7,0,2,7,20
" ","Palau",1,0,0,0,0,0,0,1
" ","Solomon Islands",36,6,2,4,6,7,20,81
" ","French Southern Territories",0,0,0,0,0,0,0,0
" ","Tokelau",2,0,0,0,0,0,1,3
" ","Tonga",98,19,11,150,73,107,760,1218
" ","Tuvalu",3,2,1,10,1,4,9,30
" ","Vanuatu",68,9,41,392,112,108,47,777
" ","Wallis and Futuna",6,0,0,3,0,2,5,16
" ","Samoa",189,79,9,788,186,218,1371,2840
" ","ASIA",2175,718,166,7991,760,1122,15035,27967
" ","Afghanistan",0,0,0,0,3,5,30,38
" ","Armenia",2,0,0,4,0,0,3,9
" ","Azerbaijan",0,4,0,1,1,0,1,7
" ","Bangladesh",18,2,0,13,3,7,79,122
" ","Brunei Darussalam",3,0,0,2,0,2,7,14
" ","Bhutan",1,0,0,9,0,0,2,12
" ","China, People's Republic of",106,8,29,141,85,120,512,1001
" ","Georgia",2,1,0,1,0,0,3,7
" ","Hong Kong (Special Administrative Region)",70,4,0,50,21,17,282,444
" ","Indonesia",112,39,21,1877,77,51,335,2512
" ","India",155,64,20,998,221,342,6814,8614
" ","Japan",231,41,7,469,28,35,745,1556
" ","Kyrgyzstan",1,2,0,6,0,2,4,15
" ","Cambodia",12,7,0,109,7,12,169,316
" ","Korea, Democratic People's Republic of",0,0,0,0,0,0,0,0
" ","Korea, Republic of",103,45,12,415,48,83,1463,2169
" ","Kazakhstan",4,1,0,2,0,0,24,31
" ","Laos",6,0,0,15,4,1,26,52
" ","Sri Lanka",8,4,0,74,16,38,357,497
" ","Burma (Myanmar)",2,0,1,3,3,2,10,21
" ","Mongolia",13,0,0,3,1,3,5,25
" ","Macau (Special Administrative Region)",0,0,1,3,0,0,1,5
" ","Maldives",4,0,0,81,0,0,4,89
" ","Malaysia",117,48,4,240,23,38,627,1097
" ","Nepal",13,6,9,187,13,26,378,632
" ","Philippines",138,33,3,758,73,140,1382,2527
" ","Pakistan",2,3,1,4,4,6,224,244
" ","Singapore",548,186,11,474,20,42,361,1642
" ","Thailand",295,146,17,1423,45,102,525,2553
" ","Tajikistan",0,0,0,2,0,0,0,2
" ","Timor-Leste",5,1,1,5,0,1,6,19
" ","Turkmenistan",0,0,0,0,0,2,0,2
" ","Taiwan",47,16,3,80,44,18,379,587
" ","Uzbekistan",5,0,0,2,0,0,4,11
" ","Viet Nam",152,57,26,540,20,27,273,1095
" ","EUROPE",1482,455,67,2469,256,439,6309,11477
" ","Andorra",0,0,0,1,0,0,2,3
" ","Albania",0,1,0,4,0,1,9,15
" ","Austria",40,18,0,89,7,5,121,280
" ","Bosnia and Herzegovina",0,0,0,1,0,0,2,3
" ","Belgium",25,3,2,17,2,4,43,96
" ","Bulgaria",1,1,0,13,0,23,19,57
" ","Belarus",0,0,0,0,0,0,3,3
" ","Switzerland",33,21,1,23,7,7,94,186
" ","Czechoslovakia","..","..","..","..","..","..","..",0
" ","Cyprus",5,1,0,6,0,2,13,27
" ","Czechia",14,7,0,9,3,14,68,115
" ","Germany, Democratic Republic of",0,0,0,0,0,0,0,0
" ","Germany",186,48,10,120,31,26,388,809
" ","Denmark",15,5,1,10,4,1,34,70
" ","Estonia",4,2,0,7,0,0,10,23
" ","Spain",89,45,6,221,4,14,111,490
" ","Finland",9,2,0,12,1,4,20,48
" ","Faeroe Islands",0,0,0,3,0,0,2,5
" ","France",97,31,6,216,20,29,286,685
" ","United Kingdom",594,139,26,931,111,206,3880,5887
" ","Gibraltar",0,0,1,0,0,4,1,6
" ","Greenland",0,0,0,1,0,0,0,1
" ","Greece",8,13,1,93,7,2,29,153
" ","Croatia",1,2,1,43,1,0,32,80
" ","Hungary",2,1,0,6,1,0,14,24
" ","Ireland",26,12,1,55,6,4,281,385
" ","Iceland",2,1,0,13,1,0,11,28
" ","Italy",125,36,3,374,14,21,214,787
" ","Kosovo",0,0,0,0,0,0,7,7
" ","Liechtenstein",0,0,0,1,0,0,1,2
" ","Lithuania",1,0,0,5,1,2,14,23
" ","Luxembourg",3,1,0,1,0,0,1,6
" ","Latvia",2,1,0,4,0,1,15,23
" ","Monaco",1,0,0,0,1,4,0,6
" ","Moldova",1,0,1,1,0,2,2,7
" ","Montenegro",0,0,0,2,0,0,0,2
" ","North Macedonia",0,0,0,3,0,0,18,21
" ","Malta",1,0,0,8,1,2,9,21
" ","Netherlands",106,28,2,42,9,10,236,433
" ","Norway",26,10,0,21,1,6,23,87
" ","Poland",18,3,1,8,3,3,37,73
" ","Portugal",13,14,2,72,4,12,52,169
" ","Romania",15,1,0,12,2,17,32,79
" ","Serbia",0,2,0,4,1,0,38,45
" ","Russia",4,0,0,8,6,2,51,71
" ","Sweden",11,5,1,4,4,8,53,86
" ","Slovenia",0,0,1,1,0,0,9,11
" ","Slovakia",0,1,0,3,1,0,18,23
" ","San Marino",0,0,0,0,0,0,1,1
" ","Union of Soviet Socialist Republics",0,0,0,0,0,0,0,0
" ","Ukraine",4,0,0,1,2,3,5,15
" ","Vatican City State",0,0,0,0,0,0,0,0
" ","Yugoslavia/Serbia and Montenegro",0,0,0,0,0,0,0,0
" ","AMERICAS",1654,825,108,5467,372,353,4880,13659
" ","Antigua and Barbuda",3,3,0,1,1,0,5,13
" ","Anguilla",8,2,1,22,2,2,25,62
" ","Netherlands Antilles",1,1,0,0,3,0,4,9
" ","Argentina",16,5,2,76,16,37,178,330
" ","Aruba",1,0,0,1,0,1,2,5
" ","Barbados",0,0,0,0,0,0,4,4
" ","Bermuda",0,0,0,0,0,0,3,3
" ","Bolivia",0,0,0,5,3,0,5,13
" ","Brazil",13,6,1,59,11,10,287,387
" ","Bahamas",2,0,0,3,1,0,0,6
" ","Belize",0,1,0,1,1,0,1,4
" ","Canada",103,56,5,192,36,49,685,1126
" ","Chile",24,7,2,58,18,8,170,287
" ","Colombia",6,11,3,13,1,6,65,105
" ","Costa Rica",7,1,0,19,0,0,10,37
" ","Cuba",0,1,0,8,0,0,3,12
" ","Curacao",0,0,0,2,0,1,0,3
" ","Dominica",0,0,0,3,0,0,4,7
" ","Dominican Republic",3,0,0,4,0,1,0,8
" ","Ecuador",4,0,0,18,1,0,3,26
" ","Falkland Islands",0,0,0,3,0,2,2,7
" ","Grenada",0,0,1,1,0,0,1,3
" ","French Guiana",0,0,0,0,0,0,0,0
" ","Guadeloupe",0,0,0,3,0,0,0,3
" ","South Georgia and the South Sandwich Islands",0,0,0,0,0,0,0,0
" ","Guatemala",1,0,0,7,0,0,9,17
" ","Guyana",0,0,0,0,0,0,0,0
" ","Honduras",1,0,0,1,0,0,1,3
" ","Haiti",0,0,0,1,0,0,0,1
" ","Jamaica",2,0,0,4,0,1,10,17
" ","St Kitts and Nevis",1,0,0,1,0,0,2,4
" ","Cayman Islands",5,0,0,0,0,0,9,14
" ","St Lucia",0,0,0,2,0,1,1,4
" ","Martinique",0,0,0,0,0,0,1,1
" ","Montserrat",0,1,0,0,0,0,0,1
" ","Mexico",17,24,0,185,5,29,115,375
" ","Nicaragua",0,0,0,5,0,0,2,7
" ","Panama",1,4,0,3,0,1,6,15
" ","Peru",3,5,0,52,1,2,33,96
" ","St Pierre and Miquelon",0,0,0,0,0,0,1,1
" ","Puerto Rico",0,3,0,17,0,5,0,25
" ","Paraguay",0,0,0,1,0,0,1,2
" ","Suriname",1,0,0,2,0,0,0,3
" ","El Salvador",0,0,0,0,0,0,1,1
" ","St Maarten (Dutch Part)",0,0,0,2,0,0,0,2
" ","Turks and Caicos Islands",0,0,0,6,0,0,1,7
" ","Trinidad and Tobago",3,1,0,4,0,1,6,15
" ","United States Minor Outlying Islands",0,0,0,2,0,0,1,3
" ","United States of America",1423,692,93,4671,268,195,3192,10534
" ","Uruguay",5,1,0,8,4,1,22,41
" ","St Vincent and the Grenadines",0,0,0,0,0,0,4,4
" ","Venezuela",0,0,0,1,0,0,4,5
" ","Virgin Islands, British",0,0,0,0,0,0,0,0
" ","Virgin Islands, United States",0,0,0,0,0,0,1,1
" ","AFRICA AND THE MIDDLE EAST",375,144,26,880,73,204,2124,3826
" ","United Arab Emirates",126,21,2,168,11,34,143,505
" ","Angola",9,0,0,5,0,1,4,19
" ","Burkina Faso",3,0,0,1,0,0,0,4
" ","Bahrain",8,0,0,3,0,3,4,18
" ","Burundi",0,0,0,0,0,0,0,0
" ","Benin",1,0,0,2,1,0,11,15
" ","Botswana",4,1,0,7,0,0,1,13
" ","Congo, the Democratic Republic of the",0,0,0,0,0,0,4,4
" ","Central African Republic",0,0,0,0,0,0,0,0
" ","Congo",1,0,0,1,0,1,2,5
" ","Cote d'Ivoire",1,0,0,2,0,1,2,6
" ","Cameroon",0,0,0,3,0,1,1,5
" ","Cabo Verde",0,0,0,0,0,0,0,0
" ","Djibouti",0,1,0,4,0,0,1,6
" ","Algeria",1,0,0,1,0,0,1,3
" ","Egypt",26,56,2,90,2,6,49,231
" ","Western Sahara",0,0,0,0,0,0,0,0
" ","Eritrea",2,0,1,1,0,0,3,7
" ","Ethiopia",0,0,0,2,1,0,33,36
" ","Gabon",1,0,0,1,0,0,4,6
" ","Ghana",5,5,1,0,0,1,6,18
" ","Gambia",1,0,0,0,1,0,0,2
" ","Guinea",1,0,0,2,0,2,2,7
" ","Equatorial Guinea",0,0,0,0,0,0,0,0
" ","Guinea-Bissau",0,0,0,0,0,0,0,0
" ","Israel",8,5,7,46,2,3,63,134
" ","British Indian Ocean Territory",0,0,0,0,0,0,0,0
" ","Iraq",4,0,0,8,3,12,37,64
" ","Iran",6,0,1,25,3,8,105,148
" ","Jordan",6,4,0,17,1,2,33,63
" ","Kenya",1,0,0,18,1,4,19,43
" ","Comoros",0,0,0,1,0,0,0,1
" ","Kuwait",3,0,0,1,1,1,2,8
" ","Lebanon",5,0,0,0,0,4,8,17
" ","Liberia",0,0,0,0,0,0,3,3
" ","Lesotho",0,0,0,0,0,0,0,0
" ","Libya",0,0,0,1,1,0,13,15
" ","Morocco",3,0,0,19,1,1,22,46
" ","Madagascar",2,0,0,1,0,0,0,3
" ","Mali",1,1,0,3,0,0,6,11
" ","Mauritania",0,0,0,2,0,0,1,3
" ","Mauritius",12,1,1,14,3,1,19,51
" ","Malawi",0,1,1,2,0,0,4,8
" ","Mozambique",1,0,0,3,0,0,1,5
" ","Namibia",4,0,0,5,2,3,5,19
" ","Niger",0,1,0,0,0,0,1,2
" ","Nigeria",2,5,0,2,0,1,13,23
" ","Oman",3,0,0,8,3,2,12,28
" ","Gaza Strip/Palestine/West Bank",1,0,0,2,0,0,3,6
" ","Qatar",9,4,0,16,2,3,6,40
" ","Reunion",0,0,0,1,0,0,2,3
" ","Rwanda",0,0,0,2,0,1,0,3
" ","Saudi Arabia",19,0,1,11,7,16,12,66
" ","Seychelles",1,0,0,7,0,0,13,21
" ","Sudan",0,2,0,4,0,3,8,17
" ","St Helena",0,0,0,1,0,0,1,2
" ","Sierra Leone",0,0,0,1,0,0,0,1
" ","Senegal",2,1,0,1,1,3,0,8
" ","Somalia",2,0,0,3,2,0,12,19
" ","South Sudan",1,0,0,0,0,0,0,1
" ","Sao Tome and Principe",0,0,0,0,0,0,0,0
" ","Syria",2,0,0,10,3,2,12,29
" ","Eswatini",1,0,0,1,1,0,2,5
" ","Chad",0,0,0,1,0,0,3,4
" ","Togo",0,0,0,0,0,0,1,1
" ","Tunisia",2,0,0,10,1,3,6,22
" ","Turkiye",18,13,0,121,1,50,74,277
" ","Tanzania",6,1,1,19,0,0,9,36
" ","Uganda",2,1,0,3,0,1,5,12
" ","Yemen, Democratic",0,0,0,0,0,0,0,0
" ","Yemen",2,0,4,0,0,2,3,11
" ","Mayotte",0,0,0,0,0,0,0,0
" ","South Africa",52,19,4,186,15,27,1249,1552
" ","Zambia",2,1,0,6,1,0,7,17
" ","Zimbabwe",2,0,0,5,2,1,58,68
" ","NOT STATED",207,100,56,1094,4792,588,1446,8283
" ","TOTAL ALL COUNTRIES OF MAIN DESTINATION",17037,7182,1200,64587,8527,5396,73081,177010
"2022M12","OCEANIA",8624,1950,525,27111,2468,2668,31781,75127
" ","Antarctica",9,0,0,53,2,1,6,71
" ","Samoa, American",15,3,0,16,2,7,46,89
" ","Australia",7558,1751,455,15396,1945,1858,25136,54099
" ","Cocos (Keeling) Islands",0,0,0,0,0,0,0,0
" ","Cook Islands",105,14,20,3434,79,150,778,4580
" ","Christmas Island",1,0,0,0,1,0,0,2
" ","Fiji",375,60,22,6065,173,223,2535,9453
" ","Micronesia, Federated States of",1,2,0,3,0,0,0,6
" ","Guam",3,1,0,13,1,6,1,25
" ","Kiribati",17,0,0,9,13,11,18,68
" ","Marshall Islands",4,0,0,1,0,2,0,7
" ","Northern Mariana Islands",1,0,0,0,0,0,0,1
" ","New Caledonia",37,3,3,587,16,5,59,710
" ","Norfolk Island",4,0,0,142,6,2,27,181
" ","Nauru",14,0,0,5,0,2,1,22
" ","Niue",26,1,4,130,15,18,119,313
" ","New Zealand",0,0,0,0,0,0,0,0
" ","French Polynesia",27,3,2,189,5,7,57,290
" ","Papua New Guinea",113,1,0,12,2,23,18,169
" ","Pitcairn",0,0,0,4,0,3,6,13
" ","Palau",1,0,0,1,0,0,3,5
" ","Solomon Islands",24,2,0,10,5,12,13,66
" ","French Southern Territories",0,0,0,0,0,0,0,0
" ","Tokelau",0,0,0,0,1,0,1,2
" ","Tonga",102,18,9,259,76,146,1225,1835
" ","Tuvalu",2,0,0,6,1,0,10,19
" ","Vanuatu",54,5,1,237,32,25,93,447
" ","Wallis and Futuna",0,0,0,2,2,1,4,9
" ","Samoa",131,86,9,537,91,166,1625,2645
" ","ASIA",1352,305,231,5870,600,1007,12128,21493
" ","Afghanistan",0,0,0,3,1,1,31,36
" ","Armenia",2,0,1,8,0,1,8,20
" ","Azerbaijan",2,0,0,0,1,2,2,7
" ","Bangladesh",8,0,1,8,2,6,58,83
" ","Brunei Darussalam",7,0,0,4,0,0,10,21
" ","Bhutan",0,0,0,1,0,0,3,4
" ","China, People's Republic of",102,3,51,181,113,139,647,1236
" ","Georgia",0,0,0,1,0,2,0,3
" ","Hong Kong (Special Administrative Region)",51,8,2,60,28,27,340,516
" ","Indonesia",93,44,16,1172,25,27,220,1597
" ","India",143,22,31,856,186,333,5503,7074
" ","Japan",194,39,37,640,32,33,688,1663
" ","Kyrgyzstan",0,0,0,2,0,0,4,6
" ","Cambodia",5,4,1,59,7,9,139,224
" ","Korea, Democratic People's Republic of",0,0,0,0,0,0,0,0
" ","Korea, Republic of",80,14,24,280,31,49,917,1395
" ","Kazakhstan",4,0,0,0,1,1,6,12
" ","Laos",8,0,0,10,2,1,16,37
" ","Sri Lanka",13,2,1,51,6,19,222,314
" ","Burma (Myanmar)",2,0,0,2,1,1,8,14
" ","Mongolia",5,0,0,2,0,2,6,15
" ","Macau (Special Administrative Region)",0,0,0,2,1,0,1,4
" ","Maldives",2,0,0,26,0,0,1,29
" ","Malaysia",52,22,9,176,23,25,492,799
" ","Nepal",9,4,5,97,10,13,239,377
" ","Philippines",111,18,3,497,38,93,906,1666
" ","Pakistan",7,2,0,11,2,6,224,252
" ","Singapore",250,50,9,219,34,22,304,888
" ","Thailand",101,46,29,914,33,144,335,1602
" ","Tajikistan",0,1,0,2,0,1,2,6
" ","Timor-Leste",1,0,1,1,0,3,1,7
" ","Turkmenistan",0,0,0,0,1,0,0,1
" ","Taiwan",40,10,4,121,12,30,586,803
" ","Uzbekistan",2,0,1,16,0,0,9,28
" ","Viet Nam",58,16,5,448,10,17,200,754
" ","EUROPE",784,195,122,1547,245,228,3907,7028
" ","Andorra",0,0,0,0,0,0,0,0
" ","Albania",2,1,0,1,1,0,5,10
" ","Austria",35,11,1,83,9,11,125,275
" ","Bosnia and Herzegovina",1,0,0,0,1,0,2,4
" ","Belgium",16,2,1,11,2,3,20,55
" ","Bulgaria",0,0,0,3,2,5,18,28
" ","Belarus",0,0,0,1,0,0,0,1
" ","Switzerland",19,11,3,28,12,6,50,129
" ","Czechoslovakia","..","..","..","..","..","..","..",0
" ","Cyprus",0,0,0,0,0,0,4,4
" ","Czechia",10,1,1,4,6,0,35,57
" ","Germany, Democratic Republic of",0,0,0,0,0,0,0,0
" ","Germany",84,24,7,144,17,15,268,559
" ","Denmark",9,6,2,5,4,0,16,42
" ","Estonia",2,1,0,10,3,0,10,26
" ","Spain",46,11,8,108,6,21,88,288
" ","Finland",8,1,0,15,0,15,13,52
" ","Faeroe Islands",0,0,0,5,0,0,2,7
" ","France",79,19,11,141,21,10,137,418
" ","United Kingdom",292,59,53,539,113,79,2421,3556
" ","Gibraltar",0,0,0,2,0,0,0,2
" ","Greenland",0,0,0,1,0,1,0,2
" ","Greece",4,1,0,37,2,1,14,59
" ","Croatia",2,0,2,12,0,2,17,35
" ","Hungary",10,0,2,2,0,0,7,21
" ","Ireland",22,2,9,25,5,3,206,272
" ","Iceland",0,1,1,7,2,1,7,19
" ","Italy",48,17,11,218,5,13,138,450
" ","Kosovo",0,0,0,0,0,0,7,7
" ","Liechtenstein",0,0,0,1,0,0,3,4
" ","Lithuania",1,1,0,2,2,1,6,13
" ","Luxembourg",3,0,0,0,0,0,2,5
" ","Latvia",0,1,0,4,0,0,11,16
" ","Monaco",1,0,2,2,2,0,3,10
" ","Moldova",0,1,0,1,0,0,2,4
" ","Montenegro",0,0,0,0,0,0,2,2
" ","North Macedonia",0,0,0,2,0,0,7,9
" ","Malta",2,0,2,4,0,0,8,16
" ","Netherlands",32,10,2,53,14,18,123,252
" ","Norway",17,4,1,24,2,4,6,58
" ","Poland",6,2,0,1,0,1,10,20
" ","Portugal",13,6,0,32,0,5,4,60
" ","Romania",1,0,0,8,2,1,8,20
" ","Serbia",8,0,1,1,0,2,13,25
" ","Russia",3,0,0,3,5,2,37,50
" ","Sweden",6,0,2,5,3,3,38,57
" ","Slovenia",0,2,0,1,0,0,3,6
" ","Slovakia",0,0,0,0,0,1,6,7
" ","San Marino",0,0,0,0,2,0,0,2
" ","Union of Soviet Socialist Republics",0,0,0,0,0,0,0,0
" ","Ukraine",2,0,0,1,2,4,5,14
" ","Vatican City State",0,0,0,0,0,0,0,0
" ","Yugoslavia/Serbia and Montenegro",0,0,0,0,0,0,0,0
" ","AMERICAS",1130,395,343,4501,255,268,3892,10784
" ","Antigua and Barbuda",6,3,1,6,0,2,14,32
" ","Anguilla",13,2,0,23,0,3,26,67
" ","Netherlands Antilles",1,0,0,1,0,0,3,5
" ","Argentina",11,1,3,89,10,14,174,302
" ","Aruba",1,0,0,5,0,0,5,11
" ","Barbados",1,0,1,6,0,0,3,11
" ","Bermuda",2,0,0,0,0,0,0,2
" ","Bolivia",0,0,0,1,0,1,4,6
" ","Brazil",24,4,14,48,5,4,199,298
" ","Bahamas",0,0,1,6,0,0,1,8
" ","Belize",1,0,0,4,0,0,2,7
" ","Canada",101,40,15,229,36,38,429,888
" ","Chile",24,8,10,72,4,10,107,235
" ","Colombia",6,0,1,21,0,2,57,87
" ","Costa Rica",7,6,1,26,1,0,13,54
" ","Cuba",1,1,0,8,0,2,6,18
" ","Curacao",0,0,0,0,0,0,0,0
" ","Dominica",1,0,0,4,0,0,4,9
" ","Dominican Republic",3,1,0,4,0,0,3,11
" ","Ecuador",4,0,0,25,0,0,1,30
" ","Falkland Islands",1,0,0,2,0,0,0,3
" ","Grenada",1,0,0,0,0,0,2,3
" ","French Guiana",1,0,0,0,1,0,0,2
" ","Guadeloupe",0,0,0,0,0,0,0,0
" ","South Georgia and the South Sandwich Islands",0,0,0,0,0,0,0,0
" ","Guatemala",0,0,0,1,0,1,2,4
" ","Guyana",1,0,0,0,0,0,2,3
" ","Honduras",0,0,0,0,0,0,0,0
" ","Haiti",0,0,0,0,0,0,0,0
" ","Jamaica",2,0,0,8,1,1,9,21
" ","St Kitts and Nevis",2,0,0,1,0,0,3,6
" ","Cayman Islands",1,0,0,3,0,0,2,6
" ","St Lucia",0,0,0,0,0,0,2,2
" ","Martinique",0,0,0,2,0,0,1,3
" ","Montserrat",0,0,0,0,0,0,0,0
" ","Mexico",28,5,0,171,3,9,73,289
" ","Nicaragua",0,0,0,3,0,0,1,4
" ","Panama",2,2,0,4,0,2,5,15
" ","Peru",0,1,7,59,1,3,27,98
" ","St Pierre and Miquelon",0,0,0,1,0,0,0,1
" ","Puerto Rico",0,0,0,1,0,1,0,2
" ","Paraguay",0,0,0,0,0,1,2,3
" ","Suriname",2,0,0,1,0,0,2,5
" ","El Salvador",0,0,0,1,0,0,4,5
" ","St Maarten (Dutch Part)",0,0,0,1,0,0,0,1
" ","Turks and Caicos Islands",2,0,0,5,0,0,1,8
" ","Trinidad and Tobago",1,1,0,5,0,0,4,11
" ","United States Minor Outlying Islands",0,0,0,2,0,0,2,4
" ","United States of America",876,318,289,3646,191,171,2673,8164
" ","Uruguay",2,2,0,2,0,3,20,29
" ","St Vincent and the Grenadines",1,0,0,2,0,0,2,5
" ","Venezuela",0,0,0,0,2,0,1,3
" ","Virgin Islands, British",0,0,0,1,0,0,0,1
" ","Virgin Islands, United States",0,0,0,1,0,0,1,2
" ","AFRICA AND THE MIDDLE EAST",399,62,25,829,71,153,1485,3024
" ","United Arab Emirates",123,9,6,156,19,45,131,489
" ","Angola",2,0,0,7,2,2,10,23
" ","Burkina Faso",1,0,0,0,0,0,0,1
" ","Bahrain",6,1,0,2,2,1,5,17
" ","Burundi",0,0,0,2,0,0,0,2
" ","Benin",2,0,0,3,0,0,9,14
" ","Botswana",0,0,0,5,0,0,0,5
" ","Congo, the Democratic Republic of the",0,0,0,2,0,0,1,3
" ","Central African Republic",0,0,0,0,0,0,0,0
" ","Congo",2,0,0,1,0,1,1,5
" ","Cote d'Ivoire",2,0,0,3,0,0,0,5
" ","Cameroon",1,0,0,2,0,0,0,3
" ","Cabo Verde",0,0,0,0,0,0,0,0
" ","Djibouti",3,0,0,0,0,0,0,3
" ","Algeria",3,1,0,7,0,1,7,19
" ","Egypt",26,3,0,41,3,3,12,88
" ","Western Sahara",0,0,0,0,0,0,0,0
" ","Eritrea",0,0,0,0,0,0,1,1
" ","Ethiopia",4,1,0,2,0,0,6,13
" ","Gabon",2,0,0,0,0,0,1,3
" ","Ghana",3,0,0,2,1,0,9,15
" ","Gambia",0,0,0,1,0,0,1,2
" ","Guinea",2,0,0,2,0,0,2,6
" ","Equatorial Guinea",0,0,0,1,0,0,0,1
" ","Guinea-Bissau",0,0,0,0,0,0,0,0
" ","Israel",3,7,5,13,3,6,36,73
" ","British Indian Ocean Territory",0,0,0,0,0,0,0,0
" ","Iraq",8,0,1,2,2,1,61,75
" ","Iran",3,0,2,15,7,10,74,111
" ","Jordan",4,3,1,4,0,3,26,41
" ","Kenya",5,6,1,9,0,4,14,39
" ","Comoros",0,0,0,2,0,1,0,3
" ","Kuwait",0,1,0,1,0,1,1,4
" ","Lebanon",1,0,0,1,0,0,9,11
" ","Liberia",0,0,0,3,0,1,2,6
" ","Lesotho",1,0,0,0,0,0,2,3
" ","Libya",2,0,0,4,0,0,9,15
" ","Morocco",3,0,0,19,2,2,7,33
" ","Madagascar",0,0,0,0,0,0,0,0
" ","Mali",2,1,0,7,1,2,6,19
" ","Mauritania",0,0,0,1,0,0,0,1
" ","Mauritius",3,0,0,13,0,2,9,27
" ","Malawi",12,0,1,2,0,0,0,15
" ","Mozambique",0,0,0,0,0,0,1,1
" ","Namibia",1,0,1,2,0,2,8,14
" ","Niger",0,0,0,0,0,0,2,2
" ","Nigeria",3,1,0,2,0,0,10,16
" ","Oman",10,1,1,19,2,1,14,48
" ","Gaza Strip/Palestine/West Bank",0,0,0,1,1,1,4,7
" ","Qatar",46,6,0,182,3,8,21,266
" ","Reunion",0,1,0,4,0,0,0,5
" ","Rwanda",0,0,0,9,0,3,1,13
" ","Saudi Arabia",22,1,1,29,3,16,21,93
" ","Seychelles",1,0,0,2,0,0,1,4
" ","Sudan",2,0,1,6,0,0,4,13
" ","St Helena",0,0,0,0,0,0,1,1
" ","Sierra Leone",3,0,0,0,0,0,0,3
" ","Senegal",1,0,0,0,0,0,1,2
" ","Somalia",7,1,0,6,2,2,18,36
" ","South Sudan",0,0,0,0,1,0,0,1
" ","Sao Tome and Principe",0,0,0,0,0,0,0,0
" ","Syria",3,0,0,3,2,0,13,21
" ","Eswatini",0,0,0,6,1,0,1,8
" ","Chad",0,0,0,1,1,1,1,4
" ","Togo",0,0,0,2,1,0,3,6
" ","Tunisia",2,0,0,8,0,1,19,30
" ","Turkiye",17,5,0,45,2,11,50,130
" ","Tanzania",5,0,0,10,0,0,13,28
" ","Uganda",3,1,0,1,1,2,3,11
" ","Yemen, Democratic",0,0,0,0,0,0,0,0
" ","Yemen",0,1,0,1,0,0,5,7
" ","Mayotte",0,0,0,0,0,0,0,0
" ","South Africa",42,11,3,153,9,16,780,1014
" ","Zambia",0,0,0,1,0,0,8,9
" ","Zimbabwe",2,0,1,1,0,3,30,37
" ","NOT STATED",445,69,106,1650,4192,637,2732,9831
" ","TOTAL ALL COUNTRIES OF MAIN DESTINATION",12734,2976,1352,41508,7831,4961,55925,127287
"Table information:"
"Units:"
"Number, Magnitude = Units"
""
"Footnotes:"
"Before November 2018, the travel purpose of New Zealand-resident travellers was based on departure card responses. From November 2018, they are based on arrival card responses. This may result in different travel purpose patterns."
"Country of main destination (main country visited) comes from sampled data, and the sum of individual figures for countries may differ from totals derived from complete data."
"The travel purpose categories of New Zealand-resident travellers have been revised back to January 2020."
"From November 2018 to December 2019, the travel purposes of 'Holiday/vacation', 'Visiting friends/relatives', and 'Conference/convention' were unavailable."
"From January 2020, these travel purpose categories are separately available from a redesigned arrival card and excluded from the 'Other' category."
"Until a full 12 months of data are available for each new travel purpose, year ended totals for the travel purpose of 'Other' will continue to include 'Holiday/vacation', 'Visiting friends/relatives', and 'Conference/convention'."
"Selected minor country destinations for NZ-resident travellers may be overstated for periods around 2023, due to changes in the process for converting handwritten responses on NZ Traveller Declarations (NZTD) to the country classification."
"This process uses optical character recognition technology supplemented by limited manual intervention. Countries with low numbers of NZ-resident travellers are sensitive to misrecognition and miscoding."
" "
"Symbols:"
".. figure not available"
"C: Confidential"
"E: Early Estimate"
"P: Provisional"
"R: Revised"
"S: Suppressed"
""
"Status flags are not displayed"
""
"Table reference: "
"ITM467AA"
""
"Last updated:"
"13 February 2026 10:45am"
""
"Source: Statistics New Zealand"
"Contact: Information Centre"
"Telephone: 0508 525 525"
"Email:info@stats.govt.nz"
""
""
""
