"Visitor arrivals by EVERY country of residence and purpose (Monthly)","","","","","","","","",""
"","","Business","Conventions/Conferences","Education","Holiday/Vacation","Unspecified/Not Collected","Other","Visit Friends/Relatives","TOTAL ALL TRAVEL PURPOSES"
"2022M01","OCEANIA",71,2,27,47,321,589,658,1715
" ","Antarctica",0,0,0,0,1,0,0,1
" ","Samoa, American",0,0,0,0,0,1,0,1
" ","Australia",39,0,4,7,77,50,386,563
" ","Cocos (Keeling) Islands",0,0,0,0,0,0,0,0
" ","Cook Islands",11,0,11,30,48,68,157,325
" ","Christmas Island",0,0,0,0,0,0,0,0
" ","Fiji",2,0,3,0,6,8,9,28
" ","Micronesia, Federated States of",0,0,0,0,0,0,0,0
" ","Guam",0,0,0,0,0,0,0,0
" ","Kiribati",0,0,0,0,0,0,0,0
" ","Marshall Islands",0,0,0,0,0,0,0,0
" ","Northern Mariana Islands",0,0,0,0,0,0,0,0
" ","New Caledonia",0,0,0,0,0,0,0,0
" ","Norfolk Island",0,0,0,0,0,0,0,0
" ","Nauru",0,0,0,0,0,0,0,0
" ","Niue",0,2,2,3,4,20,39,70
" ","New Zealand",2,0,1,1,11,14,19,48
" ","French Polynesia",0,0,0,0,0,0,0,0
" ","Papua New Guinea",0,0,0,1,3,1,7,12
" ","Pitcairn",0,0,0,0,0,0,0,0
" ","Palau",0,0,0,0,0,0,0,0
" ","Solomon Islands",0,0,0,0,0,1,0,1
" ","French Southern Territories",0,0,0,0,0,0,0,0
" ","Tokelau",0,0,0,0,1,0,0,1
" ","Tonga",0,0,2,0,10,11,2,25
" ","Tuvalu",0,0,0,0,0,0,0,0
" ","Vanuatu",9,0,2,3,68,284,4,370
" ","Wallis and Futuna",0,0,0,0,0,0,0,0
" ","Samoa",8,0,2,2,92,131,35,270
" ","ASIA",23,0,40,20,94,122,193,492
" ","Afghanistan",0,0,0,0,0,5,0,5
" ","Armenia",0,0,0,0,0,0,0,0
" ","Azerbaijan",0,0,0,0,0,0,1,1
" ","Bangladesh",0,0,0,0,0,0,0,0
" ","Brunei Darussalam",0,0,0,0,1,0,0,1
" ","Bhutan",0,0,0,0,0,0,0,0
" ","China, People's Republic of",4,0,5,4,10,7,46,76
" ","Georgia",0,0,0,0,0,0,0,0
" ","Hong Kong (Special Administrative Region)",1,0,2,1,5,1,36,46
" ","Indonesia",3,0,1,0,4,2,4,14
" ","India",1,0,28,3,27,48,33,140
" ","Japan",4,0,0,0,3,2,9,18
" ","Kyrgyzstan",0,0,0,0,0,0,0,0
" ","Cambodia",0,0,0,2,3,0,2,7
" ","Korea, Democratic People's Republic of",0,0,0,0,0,0,0,0
" ","Korea, Republic of",0,0,1,0,4,1,13,19
" ","Kazakhstan",0,0,0,0,0,0,0,0
" ","Laos",0,0,0,0,0,0,0,0
" ","Sri Lanka",0,0,0,0,5,1,2,8
" ","Burma (Myanmar)",0,0,0,0,0,11,0,11
" ","Mongolia",0,0,0,0,0,0,0,0
" ","Macau (Special Administrative Region)",0,0,0,0,0,0,0,0
" ","Maldives",0,0,0,0,0,1,0,1
" ","Malaysia",3,0,0,1,3,4,11,22
" ","Nepal",0,0,0,0,0,0,0,0
" ","Philippines",1,0,2,3,17,24,2,49
" ","Pakistan",0,0,0,0,3,1,3,7
" ","Singapore",6,0,1,4,3,13,22,49
" ","Thailand",0,0,0,2,1,0,2,5
" ","Tajikistan",0,0,0,0,0,0,0,0
" ","Timor-Leste",0,0,0,0,0,0,0,0
" ","Turkmenistan",0,0,0,0,0,0,0,0
" ","Taiwan",0,0,0,0,4,1,6,11
" ","Uzbekistan",0,0,0,0,0,0,0,0
" ","Viet Nam",0,0,0,0,1,0,1,2
" ","EUROPE",100,0,8,17,82,63,653,923
" ","Andorra",0,0,0,0,0,0,0,0
" ","Albania",0,0,0,0,0,0,0,0
" ","Austria",3,0,1,0,2,0,10,16
" ","Bosnia and Herzegovina",0,0,0,0,0,0,0,0
" ","Belgium",0,0,0,0,0,3,1,4
" ","Bulgaria",0,0,0,0,0,0,0,0
" ","Belarus",0,0,0,0,0,0,0,0
" ","Switzerland",3,0,0,0,2,2,14,21
" ","Czechoslovakia","..","..","..","..","..","..","..",0
" ","Cyprus",0,0,0,0,0,0,0,0
" ","Czechia",0,0,0,0,0,0,4,4
" ","Germany, Democratic Republic of",0,0,0,0,0,0,0,0
" ","Germany",6,0,0,0,2,2,50,60
" ","Denmark",1,0,0,0,1,0,4,6
" ","Estonia",0,0,0,0,0,1,0,1
" ","Spain",1,0,1,0,7,0,7,16
" ","Finland",5,0,0,0,0,0,2,7
" ","Faeroe Islands",0,0,0,0,0,0,0,0
" ","France",4,0,0,0,5,6,11,26
" ","United Kingdom",55,0,3,17,36,30,464,605
" ","Gibraltar",0,0,0,0,0,0,0,0
" ","Greenland",0,0,0,0,0,0,0,0
" ","Greece",0,0,0,0,0,0,0,0
" ","Croatia",1,0,0,0,4,0,0,5
" ","Hungary",0,0,0,0,0,0,1,1
" ","Ireland",1,0,1,0,5,0,21,28
" ","Iceland",0,0,0,0,0,0,0,0
" ","Italy",4,0,1,0,3,2,8,18
" ","Kosovo",0,0,0,0,0,1,2,3
" ","Liechtenstein",0,0,0,0,0,0,0,0
" ","Lithuania",0,0,0,0,0,0,0,0
" ","Luxembourg",0,0,0,0,0,0,0,0
" ","Latvia",0,0,0,0,0,0,0,0
" ","Monaco",0,0,0,0,0,0,0,0
" ","Moldova",0,0,0,0,0,0,0,0
" ","Montenegro",0,0,0,0,0,0,0,0
" ","North Macedonia",0,0,0,0,0,0,0,0
" ","Malta",0,0,0,0,0,0,0,0
" ","Netherlands",8,0,0,0,7,2,30,47
" ","Norway",0,0,1,0,1,0,9,11
" ","Poland",4,0,0,0,0,1,2,7
" ","Portugal",0,0,0,0,1,0,2,3
" ","Romania",1,0,0,0,1,0,1,3
" ","Serbia",0,0,0,0,0,0,0,0
" ","Russia",2,0,0,0,4,6,0,12
" ","Sweden",1,0,0,0,0,1,10,12
" ","Slovenia",0,0,0,0,0,0,0,0
" ","Slovakia",0,0,0,0,0,0,0,0
" ","San Marino",0,0,0,0,0,0,0,0
" ","Union of Soviet Socialist Republics",0,0,0,0,0,0,0,0
" ","Ukraine",0,0,0,0,1,6,0,7
" ","Vatican City State",0,0,0,0,0,0,0,0
" ","Yugoslavia/Serbia and Montenegro",0,0,0,0,0,0,0,0
" ","AMERICAS",124,0,9,17,74,77,250,551
" ","Antigua and Barbuda",0,0,0,0,2,0,0,2
" ","Anguilla",0,0,0,0,0,0,0,0
" ","Netherlands Antilles",0,0,0,0,0,0,0,0
" ","Argentina",0,0,0,0,0,0,0,0
" ","Aruba",0,0,0,0,0,0,0,0
" ","Barbados",0,0,0,0,0,0,0,0
" ","Bermuda",0,0,0,0,0,0,0,0
" ","Bolivia",0,0,0,0,0,0,0,0
" ","Brazil",0,0,0,0,0,0,2,2
" ","Bahamas",0,0,0,0,0,0,0,0
" ","Belize",0,0,0,0,0,0,0,0
" ","Canada",15,0,4,5,15,12,60,111
" ","Chile",0,0,0,0,3,0,0,3
" ","Colombia",0,0,0,0,0,1,0,1
" ","Costa Rica",0,0,0,0,3,0,0,3
" ","Cuba",0,0,0,0,0,0,0,0
" ","Curacao",0,0,0,0,0,0,0,0
" ","Dominica",0,0,0,0,0,0,0,0
" ","Dominican Republic",0,0,0,0,0,0,0,0
" ","Ecuador",0,0,0,0,0,0,1,1
" ","Falkland Islands",0,0,0,0,0,0,0,0
" ","Grenada",0,0,0,0,0,0,0,0
" ","French Guiana",0,0,0,0,0,0,0,0
" ","Guadeloupe",0,0,0,0,0,0,0,0
" ","South Georgia and the South Sandwich Islands",0,0,0,0,0,0,0,0
" ","Guatemala",0,0,0,0,0,0,0,0
" ","Guyana",0,0,0,0,1,0,0,1
" ","Honduras",0,0,0,0,0,0,0,0
" ","Haiti",0,0,0,0,0,0,0,0
" ","Jamaica",0,0,0,0,0,0,0,0
" ","St Kitts and Nevis",0,0,0,0,0,0,0,0
" ","Cayman Islands",0,0,1,0,0,0,5,6
" ","St Lucia",0,0,0,0,0,0,0,0
" ","Martinique",0,0,0,0,0,0,0,0
" ","Montserrat",0,0,0,0,0,0,0,0
" ","Mexico",0,0,0,0,0,0,7,7
" ","Nicaragua",0,0,0,0,0,0,0,0
" ","Panama",0,0,0,0,0,0,0,0
" ","Peru",0,0,0,0,0,1,0,1
" ","St Pierre and Miquelon",0,0,0,0,0,0,0,0
" ","Puerto Rico",0,0,0,0,0,0,0,0
" ","Paraguay",0,0,0,0,0,0,0,0
" ","Suriname",0,0,0,0,0,0,0,0
" ","El Salvador",0,0,0,0,0,0,1,1
" ","St Maarten (Dutch Part)",0,0,0,0,0,0,0,0
" ","Turks and Caicos Islands",0,0,0,0,0,0,0,0
" ","Trinidad and Tobago",0,0,0,0,0,0,0,0
" ","United States Minor Outlying Islands",0,0,0,0,0,0,0,0
" ","United States of America",109,0,4,12,49,63,174,411
" ","Uruguay",0,0,0,0,0,0,0,0
" ","St Vincent and the Grenadines",0,0,0,0,1,0,0,1
" ","Venezuela",0,0,0,0,0,0,0,0
" ","Virgin Islands, British",0,0,0,0,0,0,0,0
" ","Virgin Islands, United States",0,0,0,0,0,0,0,0
" ","AFRICA AND THE MIDDLE EAST",5,0,17,4,35,22,51,134
" ","United Arab Emirates",1,0,9,4,14,14,23,65
" ","Angola",0,0,0,0,0,0,0,0
" ","Burkina Faso",0,0,0,0,0,0,0,0
" ","Bahrain",0,0,0,0,0,0,0,0
" ","Burundi",0,0,0,0,0,0,0,0
" ","Benin",0,0,0,0,0,0,0,0
" ","Botswana",0,0,0,0,0,0,0,0
" ","Congo, the Democratic Republic of the",0,0,0,0,0,0,0,0
" ","Central African Republic",0,0,0,0,0,0,0,0
" ","Congo",0,0,0,0,0,0,0,0
" ","Cote d'Ivoire",0,0,0,0,0,1,0,1
" ","Cameroon",1,0,0,0,0,0,0,1
" ","Cabo Verde",0,0,0,0,0,0,0,0
" ","Djibouti",0,0,0,0,0,0,0,0
" ","Algeria",1,0,0,0,0,0,1,2
" ","Egypt",0,0,1,0,0,0,0,1
" ","Western Sahara",0,0,0,0,0,0,0,0
" ","Eritrea",0,0,0,0,0,0,1,1
" ","Ethiopia",0,0,0,0,0,0,0,0
" ","Gabon",0,0,0,0,0,0,0,0
" ","Ghana",0,0,0,0,0,0,1,1
" ","Gambia",0,0,0,0,0,0,0,0
" ","Guinea",0,0,0,0,0,0,0,0
" ","Equatorial Guinea",0,0,0,0,0,0,0,0
" ","Guinea-Bissau",0,0,0,0,0,0,0,0
" ","Israel",0,0,0,0,0,1,4,5
" ","British Indian Ocean Territory",0,0,0,0,0,0,0,0
" ","Iraq",0,0,0,0,3,0,0,3
" ","Iran",0,0,0,0,1,0,0,1
" ","Jordan",0,0,0,0,1,1,0,2
" ","Kenya",0,0,0,0,1,0,0,1
" ","Comoros",0,0,0,0,0,0,0,0
" ","Kuwait",0,0,1,0,0,2,0,3
" ","Lebanon",0,0,0,0,0,0,0,0
" ","Liberia",0,0,0,0,0,0,0,0
" ","Lesotho",0,0,0,0,0,0,0,0
" ","Libya",0,0,0,0,0,0,0,0
" ","Morocco",0,0,0,0,0,0,0,0
" ","Madagascar",0,0,0,0,0,0,0,0
" ","Mali",0,0,0,0,0,0,0,0
" ","Mauritania",0,0,0,0,0,0,0,0
" ","Mauritius",0,0,0,0,0,0,0,0
" ","Malawi",0,0,0,0,0,0,1,1
" ","Mozambique",0,0,0,0,0,0,0,0
" ","Namibia",0,0,0,0,0,0,0,0
" ","Niger",0,0,0,0,0,0,0,0
" ","Nigeria",0,0,0,0,1,0,0,1
" ","Oman",0,0,1,0,0,0,0,1
" ","Gaza Strip/Palestine/West Bank",0,0,0,0,0,0,0,0
" ","Qatar",0,0,0,0,1,0,1,2
" ","Reunion",0,0,0,0,0,0,0,0
" ","Rwanda",0,0,0,0,0,0,0,0
" ","Saudi Arabia",0,0,2,0,4,3,2,11
" ","Seychelles",0,0,0,0,0,0,0,0
" ","Sudan",0,0,0,0,1,0,0,1
" ","St Helena",0,0,0,0,0,0,0,0
" ","Sierra Leone",0,0,0,0,0,0,0,0
" ","Senegal",0,0,0,0,0,0,0,0
" ","Somalia",0,0,0,0,1,0,0,1
" ","South Sudan",0,0,0,0,0,0,2,2
" ","Sao Tome and Principe",0,0,0,0,0,0,0,0
" ","Syria",0,0,0,0,0,0,0,0
" ","Eswatini",0,0,0,0,0,0,0,0
" ","Chad",0,0,0,0,0,0,1,1
" ","Togo",0,0,0,0,0,0,0,0
" ","Tunisia",0,0,0,0,0,0,0,0
" ","Turkiye",0,0,0,0,0,0,1,1
" ","Tanzania",0,0,0,0,0,0,0,0
" ","Uganda",0,0,0,0,0,0,0,0
" ","Yemen, Democratic",0,0,0,0,0,0,0,0
" ","Yemen",0,0,0,0,0,0,0,0
" ","Mayotte",0,0,0,0,0,0,0,0
" ","South Africa",2,0,3,0,7,0,11,23
" ","Zambia",0,0,0,0,0,0,0,0
" ","Zimbabwe",0,0,0,0,0,0,2,2
" ","NOT STATED",1,0,0,1,193,12,11,218
" ","TOTAL ALL COUNTRIES OF RESIDENCE",324,2,101,106,799,885,1816,4033
"2022M02","OCEANIA",193,4,40,58,643,1337,916,3191
" ","Antarctica",0,0,0,0,0,0,0,0
" ","Samoa, American",0,0,0,0,0,0,0,0
" ","Australia",97,1,7,22,80,68,692,967
" ","Cocos (Keeling) Islands",0,0,0,0,0,0,0,0
" ","Cook Islands",18,2,11,22,49,86,151,339
" ","Christmas Island",0,0,0,0,0,0,0,0
" ","Fiji",1,0,2,0,4,9,5,21
" ","Micronesia, Federated States of",0,0,0,0,0,0,0,0
" ","Guam",0,0,0,0,0,0,0,0
" ","Kiribati",0,0,0,0,0,0,0,0
" ","Marshall Islands",0,0,0,0,0,0,0,0
" ","Northern Mariana Islands",0,0,0,0,0,0,0,0
" ","New Caledonia",0,0,0,0,0,0,1,1
" ","Norfolk Island",0,0,0,0,0,0,0,0
" ","Nauru",0,0,0,0,0,0,0,0
" ","Niue",1,0,4,2,4,2,19,32
" ","New Zealand",6,1,3,4,15,14,12,55
" ","French Polynesia",0,0,1,0,0,0,0,1
" ","Papua New Guinea",1,0,0,1,7,1,3,13
" ","Pitcairn",0,0,0,0,0,0,0,0
" ","Palau",0,0,0,0,0,0,0,0
" ","Solomon Islands",0,0,0,1,1,0,0,2
" ","French Southern Territories",0,0,0,0,0,0,0,0
" ","Tokelau",0,0,0,0,1,2,0,3
" ","Tonga",4,0,2,3,26,52,12,99
" ","Tuvalu",0,0,0,0,0,1,1,2
" ","Vanuatu",14,0,2,2,231,720,2,971
" ","Wallis and Futuna",0,0,0,0,0,0,0,0
" ","Samoa",51,0,8,1,225,382,18,685
" ","ASIA",49,0,43,9,99,182,133,515
" ","Afghanistan",0,0,0,0,9,2,0,11
" ","Armenia",0,0,0,0,0,0,0,0
" ","Azerbaijan",0,0,0,0,0,0,0,0
" ","Bangladesh",0,0,0,0,0,7,1,8
" ","Brunei Darussalam",0,0,0,0,0,0,0,0
" ","Bhutan",0,0,0,0,0,0,0,0
" ","China, People's Republic of",3,0,8,0,7,11,19,48
" ","Georgia",0,0,0,0,0,1,0,1
" ","Hong Kong (Special Administrative Region)",0,0,2,1,2,2,16,23
" ","Indonesia",4,0,0,0,0,1,4,9
" ","India",17,0,19,0,42,56,36,170
" ","Japan",2,0,2,0,6,1,11,22
" ","Kyrgyzstan",0,0,0,0,0,0,0,0
" ","Cambodia",0,0,0,0,3,1,1,5
" ","Korea, Democratic People's Republic of",0,0,0,0,0,0,0,0
" ","Korea, Republic of",13,0,1,4,4,1,5,28
" ","Kazakhstan",0,0,0,0,1,0,0,1
" ","Laos",0,0,0,0,0,0,0,0
" ","Sri Lanka",0,0,0,0,1,7,0,8
" ","Burma (Myanmar)",0,0,0,0,0,3,0,3
" ","Mongolia",0,0,0,0,0,0,0,0
" ","Macau (Special Administrative Region)",0,0,0,0,0,0,0,0
" ","Maldives",0,0,0,0,0,0,0,0
" ","Malaysia",1,0,0,0,1,8,10,20
" ","Nepal",0,0,0,0,2,0,1,3
" ","Philippines",1,0,6,2,10,40,7,66
" ","Pakistan",1,0,1,0,3,28,1,34
" ","Singapore",6,0,1,0,5,10,13,35
" ","Thailand",1,0,0,1,1,0,4,7
" ","Tajikistan",0,0,0,0,0,0,0,0
" ","Timor-Leste",0,0,0,0,0,0,0,0
" ","Turkmenistan",0,0,0,0,0,0,0,0
" ","Taiwan",0,0,1,1,1,2,2,7
" ","Uzbekistan",0,0,0,0,0,0,0,0
" ","Viet Nam",0,0,2,0,1,1,2,6
" ","EUROPE",112,0,7,11,45,58,450,683
" ","Andorra",0,0,0,0,0,0,0,0
" ","Albania",0,0,0,0,0,0,0,0
" ","Austria",2,0,0,0,1,0,1,4
" ","Bosnia and Herzegovina",0,0,0,0,0,0,0,0
" ","Belgium",0,0,0,0,0,0,3,3
" ","Bulgaria",0,0,0,0,0,0,0,0
" ","Belarus",0,0,0,0,0,0,0,0
" ","Switzerland",2,0,1,1,1,0,12,17
" ","Czechoslovakia","..","..","..","..","..","..","..",0
" ","Cyprus",0,0,0,0,1,0,0,1
" ","Czechia",0,0,0,0,2,0,1,3
" ","Germany, Democratic Republic of",0,0,0,0,0,0,0,0
" ","Germany",9,0,2,1,6,4,36,58
" ","Denmark",2,0,0,0,0,0,11,13
" ","Estonia",0,0,0,0,0,0,0,0
" ","Spain",3,0,0,1,0,1,2,7
" ","Finland",0,0,0,0,0,0,0,0
" ","Faeroe Islands",0,0,0,0,0,0,0,0
" ","France",7,0,0,1,1,0,11,20
" ","United Kingdom",73,0,2,7,26,32,329,469
" ","Gibraltar",0,0,0,0,0,0,0,0
" ","Greenland",0,0,0,0,0,0,0,0
" ","Greece",0,0,0,0,0,0,0,0
" ","Croatia",0,0,0,0,1,0,0,1
" ","Hungary",1,0,0,0,0,2,0,3
" ","Ireland",3,0,0,0,0,3,5,11
" ","Iceland",0,0,1,0,0,0,0,1
" ","Italy",6,0,0,0,1,12,5,24
" ","Kosovo",0,0,0,0,1,0,0,1
" ","Liechtenstein",0,0,0,0,0,0,0,0
" ","Lithuania",0,0,0,0,0,1,0,1
" ","Luxembourg",0,0,0,0,0,0,3,3
" ","Latvia",0,0,0,0,0,0,0,0
" ","Monaco",0,0,0,0,0,0,0,0
" ","Moldova",0,0,0,0,0,0,0,0
" ","Montenegro",0,0,0,0,0,0,1,1
" ","North Macedonia",0,0,0,0,0,0,0,0
" ","Malta",0,0,1,0,1,0,0,2
" ","Netherlands",1,0,0,0,1,0,12,14
" ","Norway",0,0,0,0,0,0,5,5
" ","Poland",0,0,0,0,0,0,0,0
" ","Portugal",1,0,0,0,0,1,3,5
" ","Romania",1,0,0,0,0,0,0,1
" ","Serbia",0,0,0,0,0,0,0,0
" ","Russia",1,0,0,0,2,1,1,5
" ","Sweden",0,0,0,0,0,1,9,10
" ","Slovenia",0,0,0,0,0,0,0,0
" ","Slovakia",0,0,0,0,0,0,0,0
" ","San Marino",0,0,0,0,0,0,0,0
" ","Union of Soviet Socialist Republics",0,0,0,0,0,0,0,0
" ","Ukraine",0,0,0,0,0,0,0,0
" ","Vatican City State",0,0,0,0,0,0,0,0
" ","Yugoslavia/Serbia and Montenegro",0,0,0,0,0,0,0,0
" ","AMERICAS",56,2,5,9,25,62,200,359
" ","Antigua and Barbuda",0,0,0,0,0,2,0,2
" ","Anguilla",0,0,0,0,0,0,0,0
" ","Netherlands Antilles",0,0,0,0,0,0,0,0
" ","Argentina",1,0,0,0,0,2,0,3
" ","Aruba",0,0,0,0,0,0,0,0
" ","Barbados",2,0,0,0,0,7,0,9
" ","Bermuda",1,0,1,1,0,0,2,5
" ","Bolivia",0,0,0,0,0,0,0,0
" ","Brazil",0,0,0,0,1,0,0,1
" ","Bahamas",0,0,0,0,0,0,1,1
" ","Belize",0,0,0,0,0,0,0,0
" ","Canada",13,0,0,4,4,8,51,80
" ","Chile",1,0,0,0,0,3,1,5
" ","Colombia",0,0,0,0,0,4,0,4
" ","Costa Rica",0,0,0,0,0,0,0,0
" ","Cuba",0,0,0,0,0,1,0,1
" ","Curacao",0,0,0,0,0,0,0,0
" ","Dominica",0,0,0,0,0,0,1,1
" ","Dominican Republic",0,0,0,0,0,0,0,0
" ","Ecuador",0,0,0,0,0,0,0,0
" ","Falkland Islands",0,0,0,0,0,0,0,0
" ","Grenada",0,0,0,0,0,1,0,1
" ","French Guiana",0,0,0,0,0,0,0,0
" ","Guadeloupe",0,0,0,0,0,0,0,0
" ","South Georgia and the South Sandwich Islands",0,0,0,0,0,0,0,0
" ","Guatemala",0,0,0,0,0,0,0,0
" ","Guyana",1,0,0,0,0,4,0,5
" ","Honduras",0,0,0,0,0,0,0,0
" ","Haiti",0,0,0,0,0,0,0,0
" ","Jamaica",0,0,0,0,0,4,0,4
" ","St Kitts and Nevis",0,0,0,0,0,0,0,0
" ","Cayman Islands",0,0,0,0,0,0,2,2
" ","St Lucia",0,0,0,0,0,0,0,0
" ","Martinique",0,0,0,0,0,0,0,0
" ","Montserrat",0,0,0,0,0,0,0,0
" ","Mexico",1,0,0,0,1,0,0,2
" ","Nicaragua",0,0,0,0,0,0,0,0
" ","Panama",0,0,0,0,0,0,0,0
" ","Peru",0,0,0,0,0,0,0,0
" ","St Pierre and Miquelon",0,0,0,0,0,0,0,0
" ","Puerto Rico",0,0,0,0,0,0,0,0
" ","Paraguay",0,0,0,0,0,0,0,0
" ","Suriname",0,0,0,0,0,0,0,0
" ","El Salvador",0,0,0,0,0,0,0,0
" ","St Maarten (Dutch Part)",0,0,0,0,0,1,0,1
" ","Turks and Caicos Islands",0,0,0,0,0,0,0,0
" ","Trinidad and Tobago",1,0,0,0,0,3,0,4
" ","United States Minor Outlying Islands",0,0,0,0,0,0,0,0
" ","United States of America",35,2,4,4,17,22,142,226
" ","Uruguay",0,0,0,0,1,0,0,1
" ","St Vincent and the Grenadines",0,0,0,0,1,0,0,1
" ","Venezuela",0,0,0,0,0,0,0,0
" ","Virgin Islands, British",0,0,0,0,0,0,0,0
" ","Virgin Islands, United States",0,0,0,0,0,0,0,0
" ","AFRICA AND THE MIDDLE EAST",35,0,22,4,25,77,39,202
" ","United Arab Emirates",11,0,11,0,4,15,5,46
" ","Angola",0,0,0,0,0,0,0,0
" ","Burkina Faso",0,0,0,0,0,0,0,0
" ","Bahrain",0,0,1,0,0,1,0,2
" ","Burundi",0,0,0,0,0,0,0,0
" ","Benin",0,0,0,0,0,0,0,0
" ","Botswana",0,0,0,0,0,0,2,2
" ","Congo, the Democratic Republic of the",0,0,0,0,0,0,0,0
" ","Central African Republic",0,0,0,0,1,0,0,1
" ","Congo",0,0,0,0,0,0,0,0
" ","Cote d'Ivoire",0,0,0,0,0,0,0,0
" ","Cameroon",0,0,0,0,0,0,0,0
" ","Cabo Verde",0,0,0,0,0,0,0,0
" ","Djibouti",0,0,0,0,0,0,0,0
" ","Algeria",0,0,0,0,0,0,0,0
" ","Egypt",0,0,0,0,1,0,0,1
" ","Western Sahara",0,0,0,0,0,0,0,0
" ","Eritrea",0,0,0,0,1,0,0,1
" ","Ethiopia",0,0,0,0,1,0,2,3
" ","Gabon",0,0,0,0,0,0,0,0
" ","Ghana",0,0,0,0,0,0,1,1
" ","Gambia",0,0,0,0,0,0,0,0
" ","Guinea",0,0,0,0,0,0,0,0
" ","Equatorial Guinea",0,0,0,0,0,0,0,0
" ","Guinea-Bissau",0,0,0,0,0,0,0,0
" ","Israel",0,0,1,0,0,0,2,3
" ","British Indian Ocean Territory",0,0,0,0,0,0,0,0
" ","Iraq",0,0,0,1,1,0,0,2
" ","Iran",0,0,0,0,0,0,0,0
" ","Jordan",0,0,0,0,0,0,0,0
" ","Kenya",0,0,0,0,0,1,0,1
" ","Comoros",0,0,0,0,0,0,0,0
" ","Kuwait",0,0,3,3,1,0,0,7
" ","Lebanon",0,0,0,0,0,0,1,1
" ","Liberia",0,0,0,0,0,0,0,0
" ","Lesotho",0,0,0,0,0,0,0,0
" ","Libya",0,0,0,0,0,0,0,0
" ","Morocco",0,0,0,0,0,0,0,0
" ","Madagascar",0,0,0,0,1,0,0,1
" ","Mali",0,0,0,0,0,0,0,0
" ","Mauritania",0,0,0,0,0,0,0,0
" ","Mauritius",1,0,0,0,0,0,0,1
" ","Malawi",0,0,0,0,0,3,0,3
" ","Mozambique",0,0,0,0,0,0,0,0
" ","Namibia",0,0,0,0,0,0,0,0
" ","Niger",0,0,0,0,0,0,0,0
" ","Nigeria",0,0,0,0,0,0,0,0
" ","Oman",0,0,1,0,0,0,3,4
" ","Gaza Strip/Palestine/West Bank",0,0,0,0,0,0,0,0
" ","Qatar",0,0,2,0,5,0,6,13
" ","Reunion",0,0,0,0,0,0,0,0
" ","Rwanda",0,0,0,0,0,0,0,0
" ","Saudi Arabia",0,0,2,0,0,2,2,6
" ","Seychelles",0,0,0,0,0,0,0,0
" ","Sudan",0,0,0,0,0,0,0,0
" ","St Helena",0,0,0,0,0,0,0,0
" ","Sierra Leone",0,0,0,0,0,0,0,0
" ","Senegal",0,0,0,0,0,0,0,0
" ","Somalia",0,0,0,0,0,0,0,0
" ","South Sudan",0,0,0,0,0,0,0,0
" ","Sao Tome and Principe",0,0,0,0,0,0,0,0
" ","Syria",0,0,0,0,0,0,0,0
" ","Eswatini",0,0,0,0,0,0,0,0
" ","Chad",0,0,0,0,0,0,0,0
" ","Togo",0,0,0,0,0,0,0,0
" ","Tunisia",0,0,0,0,0,0,0,0
" ","Turkiye",0,0,0,0,1,0,0,1
" ","Tanzania",0,0,0,0,0,0,1,1
" ","Uganda",0,0,0,0,0,0,0,0
" ","Yemen, Democratic",0,0,0,0,0,0,0,0
" ","Yemen",0,0,0,0,0,0,0,0
" ","Mayotte",0,0,0,0,0,0,0,0
" ","South Africa",22,0,1,0,8,53,13,97
" ","Zambia",0,0,0,0,0,0,0,0
" ","Zimbabwe",1,0,0,0,0,2,1,4
" ","NOT STATED",5,0,2,1,243,32,2,285
" ","TOTAL ALL COUNTRIES OF RESIDENCE",450,6,119,92,1080,1748,1740,5235
"2022M03","OCEANIA",575,25,54,666,1586,1694,16143,20743
" ","Antarctica",0,0,0,0,0,0,0,0
" ","Samoa, American",0,0,0,0,0,0,2,2
" ","Australia",490,17,20,609,947,512,15736,18331
" ","Cocos (Keeling) Islands",0,0,0,0,0,0,0,0
" ","Cook Islands",22,2,5,20,49,97,140,335
" ","Christmas Island",0,0,0,0,1,0,0,1
" ","Fiji",8,0,3,14,36,28,96,185
" ","Micronesia, Federated States of",0,0,0,0,0,0,0,0
" ","Guam",0,0,0,0,1,0,1,2
" ","Kiribati",0,0,0,0,0,0,0,0
" ","Marshall Islands",0,0,0,0,0,0,0,0
" ","Northern Mariana Islands",0,0,0,0,0,0,0,0
" ","New Caledonia",1,0,0,1,0,0,4,6
" ","Norfolk Island",0,0,0,0,1,1,7,9
" ","Nauru",0,0,0,0,0,0,0,0
" ","Niue",0,0,2,3,9,20,22,56
" ","New Zealand",9,0,2,12,66,35,51,175
" ","French Polynesia",0,0,0,0,1,0,0,1
" ","Papua New Guinea",0,0,0,1,4,1,19,25
" ","Pitcairn",0,0,0,0,0,0,0,0
" ","Palau",0,0,0,0,0,0,0,0
" ","Solomon Islands",1,0,1,0,1,0,2,5
" ","French Southern Territories",0,0,0,0,0,0,0,0
" ","Tokelau",0,0,0,0,0,0,0,0
" ","Tonga",13,2,2,2,91,215,13,338
" ","Tuvalu",0,0,0,0,1,3,0,4
" ","Vanuatu",5,1,3,1,84,291,3,388
" ","Wallis and Futuna",0,0,0,0,0,0,0,0
" ","Samoa",26,3,16,3,294,491,47,880
" ","ASIA",40,3,153,72,266,212,950,1696
" ","Afghanistan",1,0,0,0,58,11,0,70
" ","Armenia",0,0,0,0,0,0,0,0
" ","Azerbaijan",0,0,0,0,0,0,0,0
" ","Bangladesh",0,1,0,0,1,1,8,11
" ","Brunei Darussalam",0,0,0,0,1,0,5,6
" ","Bhutan",0,0,0,0,0,0,0,0
" ","China, People's Republic of",4,0,15,3,36,15,62,135
" ","Georgia",0,0,0,0,0,2,2,4
" ","Hong Kong (Special Administrative Region)",3,0,1,23,13,9,241,290
" ","Indonesia",1,0,4,6,12,8,33,64
" ","India",3,0,22,1,44,42,82,194
" ","Japan",5,0,0,2,6,5,69,87
" ","Kyrgyzstan",1,0,0,0,0,0,0,1
" ","Cambodia",0,0,0,2,8,1,2,13
" ","Korea, Democratic People's Republic of",0,0,0,0,0,0,0,0
" ","Korea, Republic of",3,0,0,3,11,3,35,55
" ","Kazakhstan",0,0,0,0,0,0,0,0
" ","Laos",0,0,0,0,0,0,4,4
" ","Sri Lanka",0,0,3,2,4,5,10,24
" ","Burma (Myanmar)",0,0,0,0,1,3,0,4
" ","Mongolia",0,0,0,0,0,0,3,3
" ","Macau (Special Administrative Region)",0,0,0,0,0,0,1,1
" ","Maldives",0,0,0,2,0,0,0,2
" ","Malaysia",3,0,97,5,6,7,39,157
" ","Nepal",0,0,0,0,0,0,7,7
" ","Philippines",2,0,8,3,24,75,36,148
" ","Pakistan",0,0,0,0,3,3,3,9
" ","Singapore",7,0,2,15,12,15,232,283
" ","Thailand",5,1,0,0,6,3,24,39
" ","Tajikistan",0,0,0,0,0,0,0,0
" ","Timor-Leste",0,0,0,0,1,0,0,1
" ","Turkmenistan",0,0,0,0,0,0,0,0
" ","Taiwan",2,0,1,5,15,2,37,62
" ","Uzbekistan",0,0,0,0,1,0,0,1
" ","Viet Nam",0,1,0,0,3,2,15,21
" ","EUROPE",127,1,9,81,117,77,2909,3321
" ","Andorra",0,0,0,0,0,0,0,0
" ","Albania",0,0,0,0,0,0,1,1
" ","Austria",2,0,0,1,2,0,23,28
" ","Bosnia and Herzegovina",0,0,0,0,0,0,0,0
" ","Belgium",0,0,1,1,0,0,11,13
" ","Bulgaria",0,0,0,0,1,0,4,5
" ","Belarus",0,0,0,0,0,0,0,0
" ","Switzerland",4,0,0,7,3,0,68,82
" ","Czechoslovakia","..","..","..","..","..","..","..",0
" ","Cyprus",0,0,0,0,0,0,2,2
" ","Czechia",1,0,1,0,0,0,6,8
" ","Germany, Democratic Republic of",0,0,0,0,0,0,0,0
" ","Germany",13,0,0,11,10,2,174,210
" ","Denmark",2,0,0,0,2,0,41,45
" ","Estonia",0,0,1,0,0,0,3,4
" ","Spain",5,0,0,3,5,3,38,54
" ","Finland",6,0,0,0,1,0,4,11
" ","Faeroe Islands",0,0,0,0,2,1,0,3
" ","France",6,0,1,1,7,5,79,99
" ","United Kingdom",42,1,3,43,60,26,2109,2284
" ","Gibraltar",0,0,0,0,0,0,0,0
" ","Greenland",0,0,0,0,0,0,0,0
" ","Greece",0,0,0,0,0,0,14,14
" ","Croatia",0,0,0,0,3,0,5,8
" ","Hungary",0,0,0,0,0,0,0,0
" ","Ireland",5,0,0,2,4,2,79,92
" ","Iceland",0,0,0,0,0,0,0,0
" ","Italy",14,0,0,4,1,12,31,62
" ","Kosovo",0,0,0,0,1,0,1,2
" ","Liechtenstein",0,0,0,0,0,0,0,0
" ","Lithuania",0,0,0,0,0,0,0,0
" ","Luxembourg",0,0,0,0,0,0,3,3
" ","Latvia",0,0,0,0,0,0,0,0
" ","Monaco",0,0,0,0,0,0,3,3
" ","Moldova",0,0,0,0,0,0,0,0
" ","Montenegro",0,0,0,0,0,0,0,0
" ","North Macedonia",0,0,0,0,0,0,2,2
" ","Malta",0,0,1,0,0,0,1,2
" ","Netherlands",21,0,1,6,5,8,110,151
" ","Norway",1,0,0,1,1,0,27,30
" ","Poland",1,0,0,0,0,0,4,5
" ","Portugal",0,0,0,0,1,0,11,12
" ","Romania",0,0,0,1,1,4,1,7
" ","Serbia",0,0,0,0,0,0,2,2
" ","Russia",0,0,0,0,2,5,0,7
" ","Sweden",4,0,0,0,2,5,49,60
" ","Slovenia",0,0,0,0,0,0,0,0
" ","Slovakia",0,0,0,0,0,0,0,0
" ","San Marino",0,0,0,0,0,0,0,0
" ","Union of Soviet Socialist Republics",0,0,0,0,0,0,0,0
" ","Ukraine",0,0,0,0,3,4,3,10
" ","Vatican City State",0,0,0,0,0,0,0,0
" ","Yugoslavia/Serbia and Montenegro",0,0,0,0,0,0,0,0
" ","AMERICAS",108,2,5,52,98,57,1493,1815
" ","Antigua and Barbuda",0,0,0,0,1,0,0,1
" ","Anguilla",0,0,0,0,0,0,0,0
" ","Netherlands Antilles",0,0,0,0,0,0,0,0
" ","Argentina",0,0,0,0,1,0,0,1
" ","Aruba",0,0,0,0,0,0,0,0
" ","Barbados",0,0,0,0,0,0,2,2
" ","Bermuda",0,0,0,0,0,0,4,4
" ","Bolivia",0,0,0,0,0,0,0,0
" ","Brazil",1,0,0,0,2,0,3,6
" ","Bahamas",0,0,0,0,0,0,0,0
" ","Belize",0,0,0,0,0,0,0,0
" ","Canada",6,0,1,14,14,3,417,455
" ","Chile",0,0,0,0,0,1,4,5
" ","Colombia",1,0,0,0,0,0,0,1
" ","Costa Rica",0,0,0,0,0,0,3,3
" ","Cuba",0,0,0,0,0,0,0,0
" ","Curacao",0,0,0,0,0,0,0,0
" ","Dominica",0,0,0,0,0,0,0,0
" ","Dominican Republic",0,0,0,0,0,0,1,1
" ","Ecuador",0,0,0,0,0,0,1,1
" ","Falkland Islands",0,0,0,0,0,0,0,0
" ","Grenada",0,0,0,0,0,0,0,0
" ","French Guiana",0,0,0,0,0,0,0,0
" ","Guadeloupe",0,0,0,0,0,0,0,0
" ","South Georgia and the South Sandwich Islands",0,0,0,0,0,0,0,0
" ","Guatemala",0,0,0,0,2,0,0,2
" ","Guyana",0,0,0,0,0,0,0,0
" ","Honduras",0,0,0,0,0,0,0,0
" ","Haiti",0,0,0,0,0,0,0,0
" ","Jamaica",0,0,0,0,0,0,1,1
" ","St Kitts and Nevis",0,0,0,0,0,0,0,0
" ","Cayman Islands",0,0,0,0,1,0,6,7
" ","St Lucia",0,0,0,0,0,0,0,0
" ","Martinique",0,0,0,0,0,0,0,0
" ","Montserrat",0,0,0,0,0,0,0,0
" ","Mexico",2,0,2,2,2,2,4,14
" ","Nicaragua",0,0,0,0,0,0,0,0
" ","Panama",0,0,0,0,1,0,0,1
" ","Peru",0,0,0,0,0,0,1,1
" ","St Pierre and Miquelon",0,0,0,0,0,0,0,0
" ","Puerto Rico",0,0,0,0,0,0,0,0
" ","Paraguay",0,0,0,0,0,0,0,0
" ","Suriname",0,0,0,0,0,0,0,0
" ","El Salvador",0,0,0,0,0,0,0,0
" ","St Maarten (Dutch Part)",0,0,0,0,1,0,0,1
" ","Turks and Caicos Islands",0,0,0,1,0,0,1,2
" ","Trinidad and Tobago",0,0,0,0,0,0,0,0
" ","United States Minor Outlying Islands",0,0,0,0,0,0,0,0
" ","United States of America",98,2,2,35,72,51,1045,1305
" ","Uruguay",0,0,0,0,0,0,0,0
" ","St Vincent and the Grenadines",0,0,0,0,1,0,0,1
" ","Venezuela",0,0,0,0,0,0,0,0
" ","Virgin Islands, British",0,0,0,0,0,0,0,0
" ","Virgin Islands, United States",0,0,0,0,0,0,0,0
" ","AFRICA AND THE MIDDLE EAST",16,0,26,14,47,44,266,413
" ","United Arab Emirates",3,0,11,5,11,15,156,201
" ","Angola",0,0,0,0,1,0,2,3
" ","Burkina Faso",0,0,0,0,1,0,0,1
" ","Bahrain",1,0,0,2,0,2,3,8
" ","Burundi",0,0,0,0,0,0,0,0
" ","Benin",0,0,0,0,0,0,0,0
" ","Botswana",0,0,0,0,0,0,2,2
" ","Congo, the Democratic Republic of the",0,0,0,0,0,0,0,0
" ","Central African Republic",0,0,0,0,0,0,0,0
" ","Congo",0,0,0,0,0,0,1,1
" ","Cote d'Ivoire",0,0,0,0,1,0,2,3
" ","Cameroon",0,0,0,0,0,0,1,1
" ","Cabo Verde",0,0,0,0,0,0,0,0
" ","Djibouti",0,0,0,0,0,0,0,0
" ","Algeria",1,0,0,0,0,0,0,1
" ","Egypt",0,0,0,0,0,1,4,5
" ","Western Sahara",0,0,0,0,0,0,0,0
" ","Eritrea",0,0,0,0,0,0,0,0
" ","Ethiopia",0,0,0,0,1,0,1,2
" ","Gabon",0,0,0,0,0,0,0,0
" ","Ghana",0,0,0,0,1,0,1,2
" ","Gambia",0,0,0,0,0,0,0,0
" ","Guinea",0,0,0,0,0,0,0,0
" ","Equatorial Guinea",0,0,0,0,0,0,0,0
" ","Guinea-Bissau",0,0,0,0,0,0,0,0
" ","Israel",1,0,0,0,1,1,5,8
" ","British Indian Ocean Territory",0,0,0,0,0,0,0,0
" ","Iraq",0,0,0,0,1,2,2,5
" ","Iran",1,0,3,1,5,0,2,12
" ","Jordan",0,0,0,0,1,1,1,3
" ","Kenya",0,0,0,1,0,0,1,2
" ","Comoros",0,0,0,0,0,0,0,0
" ","Kuwait",0,0,0,1,1,0,1,3
" ","Lebanon",0,0,0,0,0,0,5,5
" ","Liberia",0,0,0,0,1,0,0,1
" ","Lesotho",0,0,0,0,0,0,0,0
" ","Libya",0,0,0,0,0,0,0,0
" ","Morocco",0,0,0,0,0,0,0,0
" ","Madagascar",0,0,0,0,0,0,0,0
" ","Mali",0,0,0,0,0,0,0,0
" ","Mauritania",0,0,0,0,0,0,0,0
" ","Mauritius",0,0,0,0,0,0,6,6
" ","Malawi",0,0,0,0,0,1,0,1
" ","Mozambique",0,0,0,0,0,1,0,1
" ","Namibia",0,0,0,0,0,0,0,0
" ","Niger",0,0,0,0,0,0,0,0
" ","Nigeria",0,0,0,0,0,0,0,0
" ","Oman",0,0,4,0,1,0,1,6
" ","Gaza Strip/Palestine/West Bank",0,0,0,0,0,0,0,0
" ","Qatar",0,0,1,0,4,4,11,20
" ","Reunion",0,0,0,0,0,0,0,0
" ","Rwanda",0,0,0,0,0,0,1,1
" ","Saudi Arabia",0,0,6,1,3,7,11,28
" ","Seychelles",0,0,0,0,0,0,0,0
" ","Sudan",0,0,0,0,0,0,1,1
" ","St Helena",0,0,0,0,0,0,0,0
" ","Sierra Leone",0,0,0,0,0,0,0,0
" ","Senegal",0,0,0,0,1,0,0,1
" ","Somalia",0,0,0,0,2,0,0,2
" ","South Sudan",0,0,0,0,0,0,1,1
" ","Sao Tome and Principe",0,0,0,0,0,0,0,0
" ","Syria",0,0,0,0,0,0,0,0
" ","Eswatini",0,0,0,0,0,0,1,1
" ","Chad",0,0,0,0,0,0,0,0
" ","Togo",0,0,0,0,0,0,0,0
" ","Tunisia",0,0,0,0,0,0,2,2
" ","Turkiye",1,0,1,0,0,0,7,9
" ","Tanzania",0,0,0,0,0,0,1,1
" ","Uganda",0,0,0,1,2,0,0,3
" ","Yemen, Democratic",0,0,0,0,0,0,0,0
" ","Yemen",0,0,0,0,1,0,2,3
" ","Mayotte",0,0,0,0,0,0,0,0
" ","South Africa",8,0,0,2,7,9,29,55
" ","Zambia",0,0,0,0,0,0,1,1
" ","Zimbabwe",0,0,0,0,0,0,1,1
" ","NOT STATED",4,1,1,4,572,21,33,636
" ","TOTAL ALL COUNTRIES OF RESIDENCE",870,32,248,889,2686,2105,21794,28624
"2022M04","OCEANIA",2411,79,47,3988,2245,1776,34232,44778
" ","Antarctica",0,0,0,0,0,0,0,0
" ","Samoa, American",0,0,0,0,1,7,0,8
" ","Australia",2302,72,20,3867,1783,707,33596,42347
" ","Cocos (Keeling) Islands",0,0,0,0,0,0,0,0
" ","Cook Islands",25,1,7,66,60,117,306,582
" ","Christmas Island",0,0,0,0,0,0,0,0
" ","Fiji",6,0,3,18,56,49,119,251
" ","Micronesia, Federated States of",0,0,0,0,0,0,0,0
" ","Guam",0,0,0,0,1,0,3,4
" ","Kiribati",0,0,0,0,0,2,0,2
" ","Marshall Islands",0,0,0,0,0,0,0,0
" ","Northern Mariana Islands",0,0,0,0,0,0,0,0
" ","New Caledonia",1,0,0,1,0,1,6,9
" ","Norfolk Island",0,0,0,0,0,0,9,9
" ","Nauru",0,0,0,0,2,0,5,7
" ","Niue",3,1,3,6,5,37,14,69
" ","New Zealand",14,0,3,14,58,24,76,189
" ","French Polynesia",0,0,0,0,2,1,0,3
" ","Papua New Guinea",0,0,0,3,6,0,17,26
" ","Pitcairn",0,0,0,0,0,0,0,0
" ","Palau",0,0,0,0,1,0,0,1
" ","Solomon Islands",0,0,1,0,0,0,1,2
" ","French Southern Territories",0,0,0,0,0,0,0,0
" ","Tokelau",0,0,2,0,0,5,0,7
" ","Tonga",5,2,2,6,28,69,21,133
" ","Tuvalu",0,2,0,0,2,6,3,13
" ","Vanuatu",24,0,2,2,130,591,3,752
" ","Wallis and Futuna",0,0,0,0,0,0,0,0
" ","Samoa",31,1,4,5,110,160,53,364
" ","ASIA",91,0,99,113,421,448,1208,2380
" ","Afghanistan",0,0,1,0,39,6,4,50
" ","Armenia",0,0,0,0,0,0,0,0
" ","Azerbaijan",0,0,0,0,1,0,1,2
" ","Bangladesh",1,0,0,1,2,8,3,15
" ","Brunei Darussalam",0,0,5,2,1,0,11,19
" ","Bhutan",0,0,0,0,0,0,0,0
" ","China, People's Republic of",16,0,12,12,41,29,74,184
" ","Georgia",0,0,0,0,0,1,0,1
" ","Hong Kong (Special Administrative Region)",2,0,1,22,15,3,171,214
" ","Indonesia",3,0,1,9,9,11,57,90
" ","India",15,0,34,8,144,248,142,591
" ","Japan",9,0,3,5,9,4,107,137
" ","Kyrgyzstan",1,0,0,0,0,0,1,2
" ","Cambodia",0,0,0,1,4,1,13,19
" ","Korea, Democratic People's Republic of",0,0,0,0,0,0,0,0
" ","Korea, Republic of",8,0,2,3,28,6,60,107
" ","Kazakhstan",0,0,0,0,0,0,2,2
" ","Laos",0,0,0,0,0,0,9,9
" ","Sri Lanka",0,0,2,1,15,12,12,42
" ","Burma (Myanmar)",3,0,0,0,2,9,0,14
" ","Mongolia",0,0,0,0,0,0,1,1
" ","Macau (Special Administrative Region)",0,0,0,0,0,0,1,1
" ","Maldives",0,0,0,0,1,0,2,3
" ","Malaysia",3,0,8,16,14,13,68,122
" ","Nepal",0,0,3,0,3,5,9,20
" ","Philippines",2,0,21,3,36,66,28,156
" ","Pakistan",1,0,0,1,5,1,6,14
" ","Singapore",19,0,2,24,22,7,315,389
" ","Thailand",2,0,1,4,10,7,64,88
" ","Tajikistan",0,0,0,0,0,0,0,0
" ","Timor-Leste",0,0,2,0,0,3,3,8
" ","Turkmenistan",0,0,0,0,0,0,0,0
" ","Taiwan",5,0,1,0,8,3,22,39
" ","Uzbekistan",0,0,0,0,1,0,2,3
" ","Viet Nam",1,0,0,1,11,5,20,38
" ","EUROPE",145,1,8,92,251,158,2977,3632
" ","Andorra",0,0,0,0,0,0,0,0
" ","Albania",0,0,0,0,0,0,1,1
" ","Austria",4,0,0,0,1,0,6,11
" ","Bosnia and Herzegovina",0,0,0,0,0,0,1,1
" ","Belgium",2,0,0,0,1,2,14,19
" ","Bulgaria",2,0,0,0,0,1,1,4
" ","Belarus",0,0,0,0,2,0,0,2
" ","Switzerland",5,0,0,4,6,1,135,151
" ","Czechoslovakia","..","..","..","..","..","..","..",0
" ","Cyprus",0,0,0,0,0,1,2,3
" ","Czechia",0,0,0,0,0,0,13,13
" ","Germany, Democratic Republic of",0,0,0,0,0,0,0,0
" ","Germany",7,0,0,13,14,3,165,202
" ","Denmark",4,0,0,3,2,0,34,43
" ","Estonia",0,0,0,0,0,0,0,0
" ","Spain",5,0,0,2,11,8,34,60
" ","Finland",0,0,0,0,0,0,1,1
" ","Faeroe Islands",0,0,0,0,0,0,0,0
" ","France",7,1,2,12,9,0,121,152
" ","United Kingdom",49,0,4,52,83,19,2133,2340
" ","Gibraltar",0,0,0,0,0,0,1,1
" ","Greenland",0,0,0,0,0,0,0,0
" ","Greece",0,0,0,0,2,0,3,5
" ","Croatia",1,0,0,0,0,0,3,4
" ","Hungary",1,0,0,0,1,0,3,5
" ","Ireland",1,0,0,3,5,2,72,83
" ","Iceland",0,0,0,0,0,0,1,1
" ","Italy",4,0,0,0,1,1,26,32
" ","Kosovo",0,0,0,0,0,0,2,2
" ","Liechtenstein",0,0,0,0,0,0,0,0
" ","Lithuania",0,0,0,0,0,2,0,2
" ","Luxembourg",1,0,0,0,0,0,3,4
" ","Latvia",0,0,0,0,1,0,0,1
" ","Monaco",0,0,0,1,1,0,3,5
" ","Moldova",0,0,0,0,0,0,0,0
" ","Montenegro",0,0,0,0,0,0,0,0
" ","North Macedonia",0,0,0,0,0,0,0,0
" ","Malta",0,0,0,0,0,0,0,0
" ","Netherlands",11,0,2,1,4,0,105,123
" ","Norway",0,0,0,1,2,0,22,25
" ","Poland",1,0,0,0,0,0,4,5
" ","Portugal",0,0,0,0,1,0,17,18
" ","Romania",0,0,0,0,1,3,2,6
" ","Serbia",0,0,0,0,1,0,4,5
" ","Russia",37,0,0,0,88,106,2,233
" ","Sweden",0,0,0,0,4,2,28,34
" ","Slovenia",0,0,0,0,0,0,0,0
" ","Slovakia",0,0,0,0,0,0,0,0
" ","San Marino",0,0,0,0,0,0,0,0
" ","Union of Soviet Socialist Republics",0,0,0,0,0,0,0,0
" ","Ukraine",3,0,0,0,10,7,15,35
" ","Vatican City State",0,0,0,0,0,0,0,0
" ","Yugoslavia/Serbia and Montenegro",0,0,0,0,0,0,0,0
" ","AMERICAS",120,3,10,64,124,64,1682,2067
" ","Antigua and Barbuda",0,0,0,0,0,0,1,1
" ","Anguilla",0,0,0,0,0,0,0,0
" ","Netherlands Antilles",1,0,0,0,0,0,0,1
" ","Argentina",1,0,0,2,0,4,7,14
" ","Aruba",0,0,0,0,0,0,0,0
" ","Barbados",0,0,0,0,0,0,0,0
" ","Bermuda",0,0,0,0,1,0,2,3
" ","Bolivia",0,0,0,0,0,0,0,0
" ","Brazil",3,0,2,0,5,3,9,22
" ","Bahamas",0,0,0,0,0,0,5,5
" ","Belize",0,0,0,0,0,0,0,0
" ","Canada",19,1,0,12,18,13,452,515
" ","Chile",3,0,1,1,1,5,11,22
" ","Colombia",0,0,0,1,1,0,6,8
" ","Costa Rica",1,0,0,0,0,0,1,2
" ","Cuba",0,0,0,0,1,0,0,1
" ","Curacao",0,0,0,0,0,0,0,0
" ","Dominica",0,0,0,0,0,0,0,0
" ","Dominican Republic",0,0,0,0,0,0,0,0
" ","Ecuador",0,0,0,0,0,0,0,0
" ","Falkland Islands",0,0,0,0,0,0,0,0
" ","Grenada",0,0,0,0,0,0,0,0
" ","French Guiana",0,0,0,0,0,0,0,0
" ","Guadeloupe",0,0,0,0,0,0,0,0
" ","South Georgia and the South Sandwich Islands",0,0,0,0,0,0,0,0
" ","Guatemala",0,0,0,0,1,0,2,3
" ","Guyana",0,0,0,0,0,0,0,0
" ","Honduras",0,0,0,0,0,0,0,0
" ","Haiti",0,0,0,0,0,0,0,0
" ","Jamaica",0,0,0,0,0,0,1,1
" ","St Kitts and Nevis",0,0,0,0,0,0,0,0
" ","Cayman Islands",0,0,0,0,0,0,16,16
" ","St Lucia",0,0,0,0,0,0,0,0
" ","Martinique",0,0,0,0,0,0,0,0
" ","Montserrat",0,0,0,0,0,0,0,0
" ","Mexico",2,0,0,1,1,2,7,13
" ","Nicaragua",1,0,0,0,0,0,1,2
" ","Panama",0,0,0,0,0,0,3,3
" ","Peru",0,0,0,3,1,0,3,7
" ","St Pierre and Miquelon",0,0,0,0,0,0,0,0
" ","Puerto Rico",0,0,0,0,0,0,0,0
" ","Paraguay",0,0,0,0,0,0,0,0
" ","Suriname",0,0,0,0,0,0,0,0
" ","El Salvador",0,0,0,0,0,0,1,1
" ","St Maarten (Dutch Part)",0,0,0,0,0,0,0,0
" ","Turks and Caicos Islands",0,0,0,0,0,0,0,0
" ","Trinidad and Tobago",0,0,0,0,0,0,1,1
" ","United States Minor Outlying Islands",0,0,0,0,0,0,0,0
" ","United States of America",89,2,5,44,94,37,1152,1423
" ","Uruguay",0,0,2,0,0,0,1,3
" ","St Vincent and the Grenadines",0,0,0,0,0,0,0,0
" ","Venezuela",0,0,0,0,0,0,0,0
" ","Virgin Islands, British",0,0,0,0,0,0,0,0
" ","Virgin Islands, United States",0,0,0,0,0,0,0,0
" ","AFRICA AND THE MIDDLE EAST",15,0,23,32,53,51,295,469
" ","United Arab Emirates",4,0,16,11,17,17,142,207
" ","Angola",0,0,0,1,0,0,0,1
" ","Burkina Faso",0,0,0,0,0,0,0,0
" ","Bahrain",0,0,0,5,2,0,5,12
" ","Burundi",0,0,0,0,0,0,0,0
" ","Benin",0,0,0,0,0,0,0,0
" ","Botswana",0,0,0,0,0,0,2,2
" ","Congo, the Democratic Republic of the",0,0,0,0,0,0,1,1
" ","Central African Republic",0,0,0,0,0,0,0,0
" ","Congo",0,0,0,0,0,0,1,1
" ","Cote d'Ivoire",0,0,0,0,0,0,1,1
" ","Cameroon",0,0,0,0,0,0,2,2
" ","Cabo Verde",0,0,0,0,0,0,0,0
" ","Djibouti",0,0,0,0,0,0,0,0
" ","Algeria",0,0,0,0,0,0,0,0
" ","Egypt",0,0,0,0,3,0,3,6
" ","Western Sahara",0,0,0,0,0,0,0,0
" ","Eritrea",0,0,0,0,0,0,1,1
" ","Ethiopia",0,0,0,0,1,0,0,1
" ","Gabon",0,0,0,0,0,0,0,0
" ","Ghana",0,0,2,0,0,0,2,4
" ","Gambia",0,0,0,0,0,0,0,0
" ","Guinea",0,0,0,0,0,0,0,0
" ","Equatorial Guinea",0,0,0,0,0,0,0,0
" ","Guinea-Bissau",0,0,0,0,0,0,0,0
" ","Israel",0,0,0,1,3,0,9,13
" ","British Indian Ocean Territory",0,0,0,0,0,0,0,0
" ","Iraq",0,0,0,2,3,1,1,7
" ","Iran",0,0,0,1,2,0,1,4
" ","Jordan",0,0,0,1,0,0,2,3
" ","Kenya",0,0,0,0,1,0,8,9
" ","Comoros",0,0,0,0,0,0,0,0
" ","Kuwait",0,0,0,0,0,2,3,5
" ","Lebanon",0,0,0,0,2,0,0,2
" ","Liberia",0,0,0,0,0,0,0,0
" ","Lesotho",0,0,0,0,0,0,0,0
" ","Libya",0,0,0,0,0,0,0,0
" ","Morocco",0,0,0,0,0,0,2,2
" ","Madagascar",0,0,0,0,0,0,0,0
" ","Mali",0,0,0,0,1,0,1,2
" ","Mauritania",0,0,0,0,0,0,1,1
" ","Mauritius",0,0,0,0,0,0,0,0
" ","Malawi",0,0,0,0,0,0,0,0
" ","Mozambique",0,0,0,1,0,0,0,1
" ","Namibia",0,0,0,0,0,0,2,2
" ","Niger",0,0,0,0,0,0,0,0
" ","Nigeria",0,0,0,0,0,1,0,1
" ","Oman",0,0,2,0,0,7,3,12
" ","Gaza Strip/Palestine/West Bank",0,0,0,0,0,0,1,1
" ","Qatar",0,0,2,4,2,2,22,32
" ","Reunion",0,0,0,0,0,1,0,1
" ","Rwanda",0,0,0,0,0,0,1,1
" ","Saudi Arabia",0,0,1,1,1,2,28,33
" ","Seychelles",0,0,0,0,0,0,1,1
" ","Sudan",0,0,0,0,0,0,1,1
" ","St Helena",0,0,0,0,0,0,0,0
" ","Sierra Leone",0,0,0,0,0,0,0,0
" ","Senegal",0,0,0,0,0,0,0,0
" ","Somalia",0,0,0,0,0,0,0,0
" ","South Sudan",0,0,0,0,1,0,0,1
" ","Sao Tome and Principe",0,0,0,0,0,0,0,0
" ","Syria",0,0,0,0,0,0,0,0
" ","Eswatini",0,0,0,0,0,0,0,0
" ","Chad",1,0,0,0,0,0,1,2
" ","Togo",0,0,0,0,0,0,0,0
" ","Tunisia",0,0,0,0,0,0,0,0
" ","Turkiye",4,0,0,0,1,0,3,8
" ","Tanzania",0,0,0,0,1,0,0,1
" ","Uganda",0,0,0,0,0,0,0,0
" ","Yemen, Democratic",0,0,0,0,0,0,0,0
" ","Yemen",0,0,0,0,0,0,0,0
" ","Mayotte",0,0,0,0,0,0,0,0
" ","South Africa",6,0,0,4,12,18,38,78
" ","Zambia",0,0,0,0,0,0,1,1
" ","Zimbabwe",0,0,0,0,0,0,5,5
" ","NOT STATED",8,0,1,4,875,35,54,977
" ","TOTAL ALL COUNTRIES OF RESIDENCE",2790,83,188,4293,3969,2532,40448,54303
"2022M05","OCEANIA",8478,353,80,7088,3389,1741,29342,50471
" ","Antarctica",0,0,0,0,0,0,0,0
" ","Samoa, American",0,0,0,0,2,7,2,11
" ","Australia",8324,332,49,6215,2841,953,28209,46923
" ","Cocos (Keeling) Islands",0,0,0,0,0,0,0,0
" ","Cook Islands",23,9,10,81,92,124,363,702
" ","Christmas Island",0,0,0,0,0,0,0,0
" ","Fiji",53,1,4,59,110,110,293,630
" ","Micronesia, Federated States of",0,0,0,0,0,0,0,0
" ","Guam",0,0,0,0,0,0,4,4
" ","Kiribati",0,0,0,1,2,0,0,3
" ","Marshall Islands",0,0,0,0,0,0,1,1
" ","Northern Mariana Islands",0,0,0,1,0,0,0,1
" ","New Caledonia",6,1,1,217,20,7,71,323
" ","Norfolk Island",0,0,0,2,0,0,9,11
" ","Nauru",0,0,0,0,0,0,1,1
" ","Niue",2,3,1,2,6,9,36,59
" ","New Zealand",19,0,5,15,72,23,77,211
" ","French Polynesia",10,1,1,472,38,24,85,631
" ","Papua New Guinea",5,0,0,8,2,4,20,39
" ","Pitcairn",1,0,0,0,0,0,0,1
" ","Palau",0,0,0,0,0,0,0,0
" ","Solomon Islands",1,1,0,0,1,0,1,4
" ","French Southern Territories",0,0,0,0,0,0,0,0
" ","Tokelau",0,0,0,0,0,0,0,0
" ","Tonga",2,1,4,5,28,60,31,131
" ","Tuvalu",0,2,0,0,0,8,1,11
" ","Vanuatu",18,1,1,8,86,287,8,409
" ","Wallis and Futuna",0,0,0,0,0,0,0,0
" ","Samoa",14,1,4,2,89,125,130,365
" ","ASIA",529,32,161,1617,762,380,3048,6529
" ","Afghanistan",0,0,1,2,6,0,1,10
" ","Armenia",0,0,0,0,0,1,0,1
" ","Azerbaijan",0,0,0,0,0,0,0,0
" ","Bangladesh",1,0,0,0,0,0,3,4
" ","Brunei Darussalam",0,0,0,1,1,0,15,17
" ","Bhutan",0,0,0,0,0,0,1,1
" ","China, People's Republic of",24,4,24,74,115,44,632,917
" ","Georgia",0,0,0,0,0,0,0,0
" ","Hong Kong (Special Administrative Region)",57,1,18,118,33,13,307,547
" ","Indonesia",6,0,2,11,15,18,73,125
" ","India",16,0,32,15,156,89,292,600
" ","Japan",80,0,34,72,73,12,182,453
" ","Kyrgyzstan",0,0,0,0,0,0,0,0
" ","Cambodia",1,0,0,2,8,0,20,31
" ","Korea, Democratic People's Republic of",0,0,0,0,0,0,0,0
" ","Korea, Republic of",51,3,7,130,57,14,436,698
" ","Kazakhstan",0,0,0,0,0,1,0,1
" ","Laos",0,0,0,0,2,0,1,3
" ","Sri Lanka",0,0,3,4,12,9,23,51
" ","Burma (Myanmar)",0,0,0,0,0,0,2,2
" ","Mongolia",0,0,0,0,1,0,0,1
" ","Macau (Special Administrative Region)",0,0,0,0,2,1,7,10
" ","Maldives",0,0,0,0,1,0,1,2
" ","Malaysia",37,3,7,222,59,43,317,688
" ","Nepal",0,0,3,2,4,4,12,25
" ","Philippines",5,2,16,18,58,101,73,273
" ","Pakistan",2,0,0,0,8,0,7,17
" ","Singapore",220,18,3,880,102,8,464,1695
" ","Thailand",17,1,3,20,23,3,74,141
" ","Tajikistan",0,0,0,0,1,0,0,1
" ","Timor-Leste",0,0,0,0,2,0,1,3
" ","Turkmenistan",0,0,0,0,0,0,0,0
" ","Taiwan",4,0,7,44,9,8,82,154
" ","Uzbekistan",0,0,0,0,0,0,1,1
" ","Viet Nam",8,0,1,2,14,11,21,57
" ","EUROPE",683,24,36,960,354,156,4218,6431
" ","Andorra",1,0,0,1,0,1,5,8
" ","Albania",0,0,0,0,0,0,0,0
" ","Austria",14,0,0,11,9,5,30,69
" ","Bosnia and Herzegovina",3,0,0,0,0,0,0,3
" ","Belgium",14,0,1,13,1,0,31,60
" ","Bulgaria",0,0,0,0,1,0,5,6
" ","Belarus",0,0,0,1,0,0,0,1
" ","Switzerland",45,0,0,36,13,2,83,179
" ","Czechoslovakia","..","..","..","..","..","..","..",0
" ","Cyprus",0,0,0,2,3,0,10,15
" ","Czechia",7,0,9,2,1,0,27,46
" ","Germany, Democratic Republic of",0,0,0,0,0,0,0,0
" ","Germany",78,3,4,172,31,13,301,602
" ","Denmark",25,0,6,37,1,2,37,108
" ","Estonia",0,0,0,0,3,0,5,8
" ","Spain",20,1,0,28,10,5,48,112
" ","Finland",2,0,0,6,1,1,8,18
" ","Faeroe Islands",0,0,0,0,0,0,0,0
" ","France",47,3,7,141,21,17,160,396
" ","United Kingdom",223,9,2,300,163,38,2909,3644
" ","Gibraltar",0,0,0,0,0,0,0,0
" ","Greenland",0,0,0,0,0,0,0,0
" ","Greece",2,0,0,2,0,0,9,13
" ","Croatia",1,0,0,0,0,0,0,1
" ","Hungary",1,0,0,10,4,0,15,30
" ","Ireland",16,0,1,30,12,8,160,227
" ","Iceland",2,0,0,0,4,0,2,8
" ","Italy",63,6,1,34,13,12,62,191
" ","Kosovo",0,0,0,0,0,0,0,0
" ","Liechtenstein",0,0,0,0,0,0,0,0
" ","Lithuania",1,0,0,1,0,1,1,4
" ","Luxembourg",1,0,0,0,1,0,9,11
" ","Latvia",0,0,0,0,0,0,4,4
" ","Monaco",1,0,0,1,0,1,3,6
" ","Moldova",0,0,0,0,2,0,2,4
" ","Montenegro",0,0,0,0,1,0,0,1
" ","North Macedonia",0,0,0,0,0,0,0,0
" ","Malta",0,0,0,2,0,0,3,5
" ","Netherlands",39,0,3,80,18,6,177,323
" ","Norway",16,0,0,14,1,2,27,60
" ","Poland",11,0,0,4,2,3,9,29
" ","Portugal",0,0,1,11,2,1,12,27
" ","Romania",1,0,0,0,3,1,9,14
" ","Serbia",0,0,0,0,0,0,0,0
" ","Russia",37,1,0,0,25,26,6,95
" ","Sweden",9,1,1,17,3,4,32,67
" ","Slovenia",1,0,0,1,0,0,1,3
" ","Slovakia",0,0,0,3,2,0,6,11
" ","San Marino",0,0,0,0,0,0,0,0
" ","Union of Soviet Socialist Republics",0,0,0,0,0,0,0,0
" ","Ukraine",2,0,0,0,3,7,10,22
" ","Vatican City State",0,0,0,0,0,0,0,0
" ","Yugoslavia/Serbia and Montenegro",0,0,0,0,0,0,0,0
" ","AMERICAS",513,27,41,1197,477,182,3450,5887
" ","Antigua and Barbuda",0,0,0,0,1,0,0,1
" ","Anguilla",0,0,0,0,0,0,0,0
" ","Netherlands Antilles",0,0,0,0,0,0,0,0
" ","Argentina",2,0,1,38,12,0,73,126
" ","Aruba",0,0,0,0,0,0,0,0
" ","Barbados",0,0,0,0,0,0,3,3
" ","Bermuda",1,0,0,0,0,0,1,2
" ","Bolivia",0,0,0,0,0,0,0,0
" ","Brazil",3,0,4,36,14,8,148,213
" ","Bahamas",0,0,0,0,1,0,2,3
" ","Belize",0,0,1,0,0,0,0,1
" ","Canada",98,2,4,187,49,42,791,1173
" ","Chile",2,0,4,45,20,10,109,190
" ","Colombia",0,0,0,2,0,2,1,5
" ","Costa Rica",0,1,0,0,0,0,2,3
" ","Cuba",0,0,0,0,1,0,0,1
" ","Curacao",0,0,0,0,0,0,0,0
" ","Dominica",0,0,0,0,0,0,0,0
" ","Dominican Republic",0,0,0,0,0,0,0,0
" ","Ecuador",1,0,0,1,0,0,3,5
" ","Falkland Islands",0,0,0,0,0,0,0,0
" ","Grenada",0,0,0,0,1,0,0,1
" ","French Guiana",0,0,0,2,0,0,0,2
" ","Guadeloupe",0,0,0,1,0,0,0,1
" ","South Georgia and the South Sandwich Islands",0,0,0,0,0,0,0,0
" ","Guatemala",0,0,0,0,0,0,1,1
" ","Guyana",0,0,0,0,0,0,0,0
" ","Honduras",0,0,0,0,0,0,2,2
" ","Haiti",0,0,0,0,0,0,0,0
" ","Jamaica",0,0,0,0,0,0,1,1
" ","St Kitts and Nevis",0,0,0,0,0,0,0,0
" ","Cayman Islands",0,0,0,1,0,0,5,6
" ","St Lucia",0,0,0,0,0,0,0,0
" ","Martinique",0,0,0,0,0,0,0,0
" ","Montserrat",0,0,0,0,0,0,0,0
" ","Mexico",4,0,0,25,5,1,37,72
" ","Nicaragua",0,0,0,0,0,0,1,1
" ","Panama",1,0,0,0,0,0,2,3
" ","Peru",0,0,0,1,0,1,0,2
" ","St Pierre and Miquelon",0,0,0,0,0,0,0,0
" ","Puerto Rico",0,0,0,1,0,0,3,4
" ","Paraguay",0,0,0,0,0,0,0,0
" ","Suriname",0,0,0,0,0,0,0,0
" ","El Salvador",0,0,0,0,0,0,0,0
" ","St Maarten (Dutch Part)",0,0,0,0,0,0,1,1
" ","Turks and Caicos Islands",0,0,0,0,1,1,5,7
" ","Trinidad and Tobago",0,0,0,0,0,0,0,0
" ","United States Minor Outlying Islands",0,0,0,0,0,0,0,0
" ","United States of America",400,24,26,850,368,117,2227,4012
" ","Uruguay",1,0,1,7,4,0,28,41
" ","St Vincent and the Grenadines",0,0,0,0,0,0,0,0
" ","Venezuela",0,0,0,0,0,0,2,2
" ","Virgin Islands, British",0,0,0,0,0,0,2,2
" ","Virgin Islands, United States",0,0,0,0,0,0,0,0
" ","AFRICA AND THE MIDDLE EAST",40,1,29,80,77,49,585,861
" ","United Arab Emirates",19,0,17,22,18,15,106,197
" ","Angola",0,0,0,0,0,0,0,0
" ","Burkina Faso",0,0,0,1,0,0,0,1
" ","Bahrain",0,0,0,8,1,0,2,11
" ","Burundi",0,0,0,0,0,0,0,0
" ","Benin",0,0,0,0,0,0,0,0
" ","Botswana",0,0,0,0,0,0,2,2
" ","Congo, the Democratic Republic of the",0,0,0,0,0,0,1,1
" ","Central African Republic",0,0,0,0,0,0,0,0
" ","Congo",0,0,0,0,0,0,0,0
" ","Cote d'Ivoire",0,0,0,0,0,0,1,1
" ","Cameroon",0,0,0,1,0,0,2,3
" ","Cabo Verde",0,0,0,0,0,0,0,0
" ","Djibouti",0,0,0,0,0,0,0,0
" ","Algeria",0,0,0,0,0,4,1,5
" ","Egypt",0,0,0,0,2,0,9,11
" ","Western Sahara",0,0,0,0,0,0,0,0
" ","Eritrea",0,0,0,0,0,0,0,0
" ","Ethiopia",0,0,0,0,1,0,2,3
" ","Gabon",0,0,0,0,0,0,0,0
" ","Ghana",0,0,0,0,2,1,1,4
" ","Gambia",0,0,0,0,0,0,0,0
" ","Guinea",0,0,0,1,0,0,0,1
" ","Equatorial Guinea",0,0,0,0,0,0,0,0
" ","Guinea-Bissau",0,0,0,0,0,0,0,0
" ","Israel",3,0,0,25,8,0,45,81
" ","British Indian Ocean Territory",0,0,0,0,0,0,0,0
" ","Iraq",0,0,0,1,4,1,6,12
" ","Iran",0,0,0,0,3,0,8,11
" ","Jordan",0,0,0,0,1,0,1,2
" ","Kenya",0,0,0,0,0,0,2,2
" ","Comoros",0,0,0,0,0,0,0,0
" ","Kuwait",3,0,3,2,3,1,1,13
" ","Lebanon",0,0,0,0,0,0,2,2
" ","Liberia",0,0,0,0,0,0,1,1
" ","Lesotho",0,0,0,0,0,0,0,0
" ","Libya",0,0,0,0,0,0,1,1
" ","Morocco",0,0,0,0,0,0,2,2
" ","Madagascar",0,0,0,0,0,0,0,0
" ","Mali",0,0,0,0,0,0,0,0
" ","Mauritania",0,0,0,0,0,0,1,1
" ","Mauritius",2,0,0,1,0,0,5,8
" ","Malawi",1,0,0,1,0,0,0,2
" ","Mozambique",0,0,0,0,0,0,2,2
" ","Namibia",0,0,0,0,0,0,0,0
" ","Niger",0,0,0,0,0,0,0,0
" ","Nigeria",0,0,0,0,0,0,2,2
" ","Oman",0,0,4,1,2,3,5,15
" ","Gaza Strip/Palestine/West Bank",0,0,0,0,0,0,0,0
" ","Qatar",1,0,0,1,3,4,24,33
" ","Reunion",0,0,0,1,0,0,0,1
" ","Rwanda",0,0,0,0,0,0,0,0
" ","Saudi Arabia",0,0,2,4,5,3,26,40
" ","Seychelles",0,0,0,0,1,0,1,2
" ","Sudan",0,0,0,0,0,0,0,0
" ","St Helena",0,0,0,0,0,0,0,0
" ","Sierra Leone",0,0,0,0,0,0,0,0
" ","Senegal",0,0,0,0,0,0,0,0
" ","Somalia",0,0,0,0,0,0,0,0
" ","South Sudan",0,0,0,0,1,0,1,2
" ","Sao Tome and Principe",0,0,0,0,0,0,0,0
" ","Syria",0,0,0,0,0,0,0,0
" ","Eswatini",2,0,0,0,0,0,0,2
" ","Chad",0,0,0,0,0,0,0,0
" ","Togo",0,0,0,0,0,0,0,0
" ","Tunisia",0,0,0,0,0,0,0,0
" ","Turkiye",0,0,0,0,2,3,8,13
" ","Tanzania",0,0,0,0,0,0,3,3
" ","Uganda",0,0,0,0,0,0,0,0
" ","Yemen, Democratic",0,0,0,0,0,0,0,0
" ","Yemen",0,0,0,0,0,0,0,0
" ","Mayotte",0,0,0,0,0,0,0,0
" ","South Africa",9,1,1,10,20,13,303,357
" ","Zambia",0,0,0,0,0,0,0,0
" ","Zimbabwe",0,0,2,0,0,1,8,11
" ","NOT STATED",7,0,2,25,2414,22,106,2576
" ","TOTAL ALL COUNTRIES OF RESIDENCE",10250,437,349,10967,7473,2530,40749,72755
"2022M06","OCEANIA",8208,1120,174,20895,4982,1979,34546,71904
" ","Antarctica",0,0,0,0,0,0,0,0
" ","Samoa, American",0,0,0,2,6,3,5,16
" ","Australia",8036,1049,139,19948,4365,1312,33043,67892
" ","Cocos (Keeling) Islands",0,0,0,0,0,0,0,0
" ","Cook Islands",39,25,7,86,133,160,445,895
" ","Christmas Island",0,0,0,0,0,0,0,0
" ","Fiji",49,13,14,60,122,140,403,801
" ","Micronesia, Federated States of",0,0,0,0,0,0,4,4
" ","Guam",0,0,0,7,0,0,3,10
" ","Kiribati",6,2,0,0,4,3,5,20
" ","Marshall Islands",0,0,0,0,1,0,0,1
" ","Northern Mariana Islands",0,0,0,0,1,0,0,1
" ","New Caledonia",5,1,0,390,28,1,70,495
" ","Norfolk Island",1,0,0,0,0,0,1,2
" ","Nauru",0,0,0,0,1,0,1,2
" ","Niue",0,1,2,9,11,15,26,64
" ","New Zealand",14,1,0,31,51,14,83,194
" ","French Polynesia",9,4,4,300,43,29,45,434
" ","Papua New Guinea",2,0,1,3,7,1,29,43
" ","Pitcairn",0,0,0,0,2,0,1,3
" ","Palau",0,0,0,0,0,0,0,0
" ","Solomon Islands",0,0,2,1,2,1,7,13
" ","French Southern Territories",0,0,0,0,0,0,0,0
" ","Tokelau",0,1,0,0,0,3,1,5
" ","Tonga",7,8,3,26,43,66,133,286
" ","Tuvalu",1,4,0,0,0,0,0,5
" ","Vanuatu",1,0,0,2,60,55,9,127
" ","Wallis and Futuna",0,0,0,3,0,0,0,3
" ","Samoa",38,11,2,27,102,176,232,588
" ","ASIA",596,45,335,2123,904,336,3086,7425
" ","Afghanistan",0,0,0,0,3,0,4,7
" ","Armenia",1,0,0,0,0,0,1,2
" ","Azerbaijan",0,0,0,0,0,0,0,0
" ","Bangladesh",0,0,0,0,0,1,5,6
" ","Brunei Darussalam",0,0,0,3,3,0,11,17
" ","Bhutan",0,0,0,0,0,0,0,0
" ","China, People's Republic of",73,4,104,94,111,44,512,942
" ","Georgia",0,0,0,0,0,0,0,0
" ","Hong Kong (Special Administrative Region)",50,3,27,215,47,9,436,787
" ","Indonesia",11,0,1,25,24,13,52,126
" ","India",18,2,46,24,110,61,231,492
" ","Japan",96,2,44,82,114,15,209,562
" ","Kyrgyzstan",0,0,0,0,0,0,0,0
" ","Cambodia",0,0,1,1,8,0,24,34
" ","Korea, Democratic People's Republic of",0,0,0,1,0,0,0,1
" ","Korea, Republic of",56,0,31,154,100,4,330,675
" ","Kazakhstan",0,0,0,0,0,0,6,6
" ","Laos",1,0,0,1,0,0,11,13
" ","Sri Lanka",2,2,1,0,21,9,20,55
" ","Burma (Myanmar)",0,0,0,6,2,7,0,15
" ","Mongolia",1,0,0,0,0,0,0,1
" ","Macau (Special Administrative Region)",1,0,1,2,0,1,6,11
" ","Maldives",0,0,0,1,0,0,2,3
" ","Malaysia",34,6,23,182,53,33,268,599
" ","Nepal",0,0,1,0,2,1,6,10
" ","Philippines",12,1,22,27,95,98,88,343
" ","Pakistan",1,0,2,0,3,3,19,28
" ","Singapore",192,19,11,1191,144,22,556,2135
" ","Thailand",21,1,8,33,20,7,85,175
" ","Tajikistan",0,0,0,0,0,0,0,0
" ","Timor-Leste",0,0,0,0,0,0,3,3
" ","Turkmenistan",0,0,0,0,0,0,0,0
" ","Taiwan",23,4,8,75,36,4,142,292
" ","Uzbekistan",0,0,0,0,0,0,2,2
" ","Viet Nam",3,1,4,6,8,4,57,83
" ","EUROPE",736,40,87,1009,384,202,2851,5309
" ","Andorra",1,1,0,1,1,0,1,5
" ","Albania",0,0,0,0,1,0,0,1
" ","Austria",25,0,1,11,4,1,24,66
" ","Bosnia and Herzegovina",0,0,0,0,0,0,1,1
" ","Belgium",9,1,0,17,6,0,16,49
" ","Bulgaria",2,0,0,0,0,0,2,4
" ","Belarus",0,0,0,0,0,0,3,3
" ","Switzerland",26,1,4,21,6,4,55,117
" ","Czechoslovakia","..","..","..","..","..","..","..",0
" ","Cyprus",0,0,0,2,0,1,5,8
" ","Czechia",6,1,2,14,4,0,7,34
" ","Germany, Democratic Republic of",0,0,0,0,0,0,0,0
" ","Germany",68,6,5,127,26,4,192,428
" ","Denmark",11,0,3,22,10,4,44,94
" ","Estonia",1,0,0,3,0,0,2,6
" ","Spain",22,1,11,63,14,3,62,176
" ","Finland",8,0,0,8,2,4,11,33
" ","Faeroe Islands",0,0,0,0,0,0,0,0
" ","France",56,6,28,119,25,19,148,401
" ","United Kingdom",278,15,10,322,163,92,1792,2672
" ","Gibraltar",0,0,0,0,0,0,0,0
" ","Greenland",0,0,0,1,0,0,1,2
" ","Greece",3,0,0,3,0,1,5,12
" ","Croatia",1,0,0,1,4,0,0,6
" ","Hungary",0,0,1,7,2,0,7,17
" ","Ireland",77,1,7,125,38,13,177,438
" ","Iceland",1,0,0,6,1,0,6,14
" ","Italy",32,2,4,27,22,11,44,142
" ","Kosovo",0,0,0,0,0,1,1,2
" ","Liechtenstein",0,0,0,0,0,1,3,4
" ","Lithuania",0,0,0,1,2,0,0,3
" ","Luxembourg",3,0,0,1,1,0,1,6
" ","Latvia",1,1,0,1,0,1,1,5
" ","Monaco",0,0,0,0,0,0,2,2
" ","Moldova",0,0,0,0,1,0,0,1
" ","Montenegro",0,0,0,0,0,0,1,1
" ","North Macedonia",0,0,0,0,0,0,0,0
" ","Malta",1,0,0,3,0,4,4,12
" ","Netherlands",50,0,3,47,15,7,96,218
" ","Norway",3,1,3,11,7,4,33,62
" ","Poland",6,1,3,2,6,0,12,30
" ","Portugal",4,0,0,4,2,2,9,21
" ","Romania",5,0,0,6,1,2,5,19
" ","Serbia",6,0,0,0,1,0,0,7
" ","Russia",3,0,1,3,3,13,13,36
" ","Sweden",22,2,0,19,10,0,42,95
" ","Slovenia",4,0,0,1,0,0,1,6
" ","Slovakia",0,0,0,6,4,2,7,19
" ","San Marino",0,0,0,1,0,0,1,2
" ","Union of Soviet Socialist Republics",0,0,0,0,0,0,0,0
" ","Ukraine",1,0,1,3,2,8,14,29
" ","Vatican City State",0,0,0,0,0,0,0,0
" ","Yugoslavia/Serbia and Montenegro",0,0,0,0,0,0,0,0
" ","AMERICAS",650,70,91,1556,626,199,3243,6435
" ","Antigua and Barbuda",0,0,0,0,1,0,0,1
" ","Anguilla",0,0,0,0,2,0,0,2
" ","Netherlands Antilles",0,0,0,0,0,0,0,0
" ","Argentina",4,2,3,37,5,3,97,151
" ","Aruba",0,0,0,0,0,0,0,0
" ","Barbados",0,0,1,0,0,0,1,2
" ","Bermuda",0,0,0,0,0,0,1,1
" ","Bolivia",0,0,0,1,0,0,1,2
" ","Brazil",4,1,11,43,20,4,167,250
" ","Bahamas",0,0,0,1,1,0,1,3
" ","Belize",0,0,0,0,0,0,0,0
" ","Canada",90,4,4,162,56,44,477,837
" ","Chile",11,5,4,46,18,6,83,173
" ","Colombia",1,0,0,1,1,1,7,11
" ","Costa Rica",0,0,0,1,0,0,2,3
" ","Cuba",0,0,0,0,0,0,0,0
" ","Curacao",0,0,0,0,0,0,0,0
" ","Dominica",0,0,0,0,0,0,0,0
" ","Dominican Republic",0,1,0,0,0,1,2,4
" ","Ecuador",0,0,0,1,0,0,1,2
" ","Falkland Islands",0,0,0,0,0,0,0,0
" ","Grenada",0,0,0,0,0,0,1,1
" ","French Guiana",0,0,0,0,0,0,0,0
" ","Guadeloupe",0,0,0,0,0,0,0,0
" ","South Georgia and the South Sandwich Islands",0,0,0,0,0,0,0,0
" ","Guatemala",0,0,0,0,0,0,0,0
" ","Guyana",0,0,0,0,0,0,0,0
" ","Honduras",0,0,0,0,1,0,0,1
" ","Haiti",0,0,0,0,0,0,0,0
" ","Jamaica",0,0,0,0,0,0,0,0
" ","St Kitts and Nevis",0,0,0,0,0,0,0,0
" ","Cayman Islands",0,0,0,0,0,0,3,3
" ","St Lucia",0,0,0,0,0,0,0,0
" ","Martinique",0,0,0,0,0,0,0,0
" ","Montserrat",0,0,0,0,0,0,0,0
" ","Mexico",5,0,0,12,8,3,21,49
" ","Nicaragua",0,0,0,0,0,0,0,0
" ","Panama",0,0,1,0,1,0,2,4
" ","Peru",0,0,0,1,4,0,7,12
" ","St Pierre and Miquelon",0,0,0,0,0,0,0,0
" ","Puerto Rico",0,0,0,0,0,0,2,2
" ","Paraguay",0,0,0,0,1,0,0,1
" ","Suriname",0,0,0,0,0,0,0,0
" ","El Salvador",0,0,0,0,0,0,0,0
" ","St Maarten (Dutch Part)",0,0,0,0,0,0,1,1
" ","Turks and Caicos Islands",0,0,0,0,0,0,1,1
" ","Trinidad and Tobago",0,0,0,0,0,0,1,1
" ","United States Minor Outlying Islands",0,0,0,0,0,0,0,0
" ","United States of America",535,57,67,1246,504,133,2338,4880
" ","Uruguay",0,0,0,4,3,3,26,36
" ","St Vincent and the Grenadines",0,0,0,0,0,0,0,0
" ","Venezuela",0,0,0,0,0,0,0,0
" ","Virgin Islands, British",0,0,0,0,0,0,0,0
" ","Virgin Islands, United States",0,0,0,0,0,1,0,1
" ","AFRICA AND THE MIDDLE EAST",46,7,32,131,150,41,611,1018
" ","United Arab Emirates",5,1,11,38,30,18,109,212
" ","Angola",0,0,0,2,2,0,0,4
" ","Burkina Faso",0,0,0,0,0,0,0,0
" ","Bahrain",0,0,0,2,1,0,8,11
" ","Burundi",0,0,0,0,0,0,0,0
" ","Benin",0,0,0,0,0,0,1,1
" ","Botswana",0,0,0,0,0,0,0,0
" ","Congo, the Democratic Republic of the",0,0,0,0,0,0,1,1
" ","Central African Republic",0,0,0,0,0,0,0,0
" ","Congo",0,0,0,0,0,0,0,0
" ","Cote d'Ivoire",0,0,0,0,0,0,2,2
" ","Cameroon",0,0,0,0,0,0,0,0
" ","Cabo Verde",0,0,0,0,0,0,0,0
" ","Djibouti",0,0,0,0,0,0,0,0
" ","Algeria",1,0,0,0,0,0,0,1
" ","Egypt",2,0,0,2,2,0,8,14
" ","Western Sahara",0,0,0,0,0,0,0,0
" ","Eritrea",0,0,0,0,0,0,0,0
" ","Ethiopia",0,0,0,1,0,0,6,7
" ","Gabon",0,0,0,0,0,0,0,0
" ","Ghana",0,0,0,0,0,0,0,0
" ","Gambia",0,0,0,0,0,0,1,1
" ","Guinea",0,0,0,0,0,0,0,0
" ","Equatorial Guinea",0,0,0,0,0,0,0,0
" ","Guinea-Bissau",0,0,0,0,0,0,0,0
" ","Israel",13,1,1,10,3,1,26,55
" ","British Indian Ocean Territory",0,0,0,0,0,0,0,0
" ","Iraq",0,0,0,0,3,0,3,6
" ","Iran",0,0,1,0,2,0,5,8
" ","Jordan",0,0,0,1,0,0,9,10
" ","Kenya",0,0,1,0,1,0,5,7
" ","Comoros",0,0,0,0,0,0,0,0
" ","Kuwait",0,0,1,14,4,2,17,38
" ","Lebanon",0,0,0,0,4,0,0,4
" ","Liberia",0,0,0,0,0,0,0,0
" ","Lesotho",0,0,0,0,0,0,0,0
" ","Libya",0,0,0,0,0,0,0,0
" ","Morocco",0,0,0,1,1,1,0,3
" ","Madagascar",0,0,0,0,0,0,0,0
" ","Mali",0,0,0,0,2,0,0,2
" ","Mauritania",0,0,0,0,0,0,2,2
" ","Mauritius",2,0,0,4,4,0,7,17
" ","Malawi",0,0,0,0,0,0,1,1
" ","Mozambique",0,0,0,0,0,0,2,2
" ","Namibia",2,0,0,0,0,0,1,3
" ","Niger",0,0,0,0,0,0,0,0
" ","Nigeria",0,0,0,0,0,1,2,3
" ","Oman",0,0,1,5,7,1,13,27
" ","Gaza Strip/Palestine/West Bank",0,0,0,0,0,0,0,0
" ","Qatar",0,1,5,21,9,5,47,88
" ","Reunion",0,0,0,0,0,0,1,1
" ","Rwanda",0,0,0,0,2,0,0,2
" ","Saudi Arabia",0,1,8,12,9,2,49,81
" ","Seychelles",0,0,0,0,0,0,0,0
" ","Sudan",0,0,0,0,0,0,3,3
" ","St Helena",0,0,0,0,0,0,0,0
" ","Sierra Leone",0,0,0,0,0,0,0,0
" ","Senegal",0,0,0,0,0,0,0,0
" ","Somalia",0,0,0,2,1,0,1,4
" ","South Sudan",0,0,0,0,0,0,2,2
" ","Sao Tome and Principe",0,0,0,0,0,0,0,0
" ","Syria",0,0,0,0,0,0,0,0
" ","Eswatini",0,0,0,0,0,0,0,0
" ","Chad",0,0,0,0,0,0,0,0
" ","Togo",0,0,0,0,0,0,0,0
" ","Tunisia",0,0,0,0,1,0,2,3
" ","Turkiye",3,0,0,1,2,0,14,20
" ","Tanzania",0,0,1,0,1,0,5,7
" ","Uganda",0,0,0,0,2,0,3,5
" ","Yemen, Democratic",0,0,0,0,0,0,0,0
" ","Yemen",0,0,0,0,1,0,1,2
" ","Mayotte",0,0,0,0,0,0,0,0
" ","South Africa",18,3,2,15,56,10,247,351
" ","Zambia",0,0,0,0,0,0,3,3
" ","Zimbabwe",0,0,0,0,0,0,4,4
" ","NOT STATED",41,2,5,40,2260,27,182,2557
" ","TOTAL ALL COUNTRIES OF RESIDENCE",10277,1284,724,25754,9306,2784,44519,94648
"2022M07","OCEANIA",8663,1337,285,42475,6237,2670,39093,100760
" ","Antarctica",0,0,0,5,0,0,0,5
" ","Samoa, American",1,0,1,0,1,2,15,20
" ","Australia",8447,1206,183,40296,5468,1580,37064,94244
" ","Cocos (Keeling) Islands",0,0,0,0,0,0,0,0
" ","Cook Islands",24,19,11,90,118,238,412,912
" ","Christmas Island",0,0,0,0,0,0,0,0
" ","Fiji",91,24,23,164,241,171,643,1357
" ","Micronesia, Federated States of",0,0,0,0,0,0,0,0
" ","Guam",1,0,1,7,0,0,5,14
" ","Kiribati",6,5,2,0,4,7,1,25
" ","Marshall Islands",0,0,0,0,0,0,0,0
" ","Northern Mariana Islands",0,0,0,4,0,0,1,5
" ","New Caledonia",15,3,4,386,33,38,45,524
" ","Norfolk Island",0,0,0,0,0,3,4,7
" ","Nauru",0,0,0,0,0,0,3,3
" ","Niue",10,15,3,4,12,31,49,124
" ","New Zealand",14,1,10,18,44,18,122,227
" ","French Polynesia",22,10,33,1417,108,118,164,1872
" ","Papua New Guinea",2,5,2,2,15,24,32,82
" ","Pitcairn",0,0,0,0,0,0,0,0
" ","Palau",0,0,0,0,0,0,0,0
" ","Solomon Islands",3,4,5,4,37,90,8,151
" ","French Southern Territories",0,0,0,0,0,0,0,0
" ","Tokelau",0,0,0,0,0,1,2,3
" ","Tonga",8,20,1,32,33,66,244,404
" ","Tuvalu",0,3,0,2,8,4,4,21
" ","Vanuatu",5,3,1,16,34,118,49,226
" ","Wallis and Futuna",0,0,0,3,0,0,0,3
" ","Samoa",14,19,5,25,81,161,226,531
" ","ASIA",761,91,1318,3560,1249,588,3682,11249
" ","Afghanistan",1,0,0,0,0,0,0,1
" ","Armenia",0,0,0,1,0,0,0,1
" ","Azerbaijan",0,0,0,0,0,0,3,3
" ","Bangladesh",0,0,0,1,6,0,6,13
" ","Brunei Darussalam",1,4,0,38,5,5,12,65
" ","Bhutan",0,0,0,0,0,0,0,0
" ","China, People's Republic of",74,5,277,194,189,106,530,1375
" ","Georgia",0,0,0,0,1,0,1,2
" ","Hong Kong (Special Administrative Region)",48,4,35,330,75,20,446,958
" ","Indonesia",6,2,10,22,30,9,82,161
" ","India",31,7,84,22,188,160,278,770
" ","Japan",141,21,506,341,152,38,420,1619
" ","Kyrgyzstan",0,0,0,0,0,0,0,0
" ","Cambodia",1,0,2,10,6,1,17,37
" ","Korea, Democratic People's Republic of",0,0,0,2,1,0,0,3
" ","Korea, Republic of",140,10,138,685,134,32,515,1654
" ","Kazakhstan",0,0,1,0,3,0,6,10
" ","Laos",0,0,0,0,1,0,0,1
" ","Sri Lanka",0,1,7,5,24,13,38,88
" ","Burma (Myanmar)",1,0,1,1,1,0,6,10
" ","Mongolia",0,0,0,0,0,0,1,1
" ","Macau (Special Administrative Region)",0,0,0,1,1,0,14,16
" ","Maldives",0,0,1,3,3,0,1,8
" ","Malaysia",43,5,14,383,51,50,328,874
" ","Nepal",0,0,2,4,4,0,17,27
" ","Philippines",3,2,56,53,130,110,67,421
" ","Pakistan",0,0,0,1,3,1,5,10
" ","Singapore",214,23,13,1151,141,26,542,2110
" ","Thailand",30,2,110,69,43,11,124,389
" ","Tajikistan",0,0,0,0,0,0,0,0
" ","Timor-Leste",0,1,0,0,1,0,2,4
" ","Turkmenistan",0,0,0,0,0,0,0,0
" ","Taiwan",15,3,45,226,47,4,176,516
" ","Uzbekistan",0,0,0,1,1,0,2,4
" ","Viet Nam",12,1,16,16,8,2,43,98
" ","EUROPE",740,80,296,2097,506,250,5000,8969
" ","Andorra",0,0,0,1,0,1,0,2
" ","Albania",0,0,1,0,1,0,0,2
" ","Austria",26,2,4,28,5,4,37,106
" ","Bosnia and Herzegovina",0,0,0,0,0,0,2,2
" ","Belgium",9,1,2,36,6,2,41,97
" ","Bulgaria",0,0,0,0,0,0,2,2
" ","Belarus",0,0,0,0,0,0,1,1
" ","Switzerland",20,7,6,97,26,10,180,346
" ","Czechoslovakia","..","..","..","..","..","..","..",0
" ","Cyprus",1,0,0,1,3,0,17,22
" ","Czechia",3,0,1,19,5,2,20,50
" ","Germany, Democratic Republic of",0,0,0,0,0,0,0,0
" ","Germany",108,17,127,263,42,36,340,933
" ","Denmark",22,0,5,34,4,2,40,107
" ","Estonia",1,0,0,6,0,0,3,10
" ","Spain",24,1,17,106,17,9,124,298
" ","Finland",9,1,1,13,2,3,10,39
" ","Faeroe Islands",0,0,0,0,0,0,0,0
" ","France",54,4,36,164,34,22,268,582
" ","United Kingdom",296,28,23,655,236,94,3134,4466
" ","Gibraltar",0,0,0,0,0,0,4,4
" ","Greenland",0,0,0,0,0,0,0,0
" ","Greece",1,0,0,8,1,1,8,19
" ","Croatia",0,0,0,5,2,2,2,11
" ","Hungary",1,1,1,4,1,0,8,16
" ","Ireland",30,1,8,348,36,19,252,694
" ","Iceland",6,0,0,12,2,1,13,34
" ","Italy",49,5,38,65,25,7,87,276
" ","Kosovo",0,0,0,0,0,0,0,0
" ","Liechtenstein",0,0,1,0,0,0,0,1
" ","Lithuania",6,0,2,4,0,0,3,15
" ","Luxembourg",0,1,2,0,0,1,6,10
" ","Latvia",0,0,0,0,0,3,2,5
" ","Monaco",1,0,0,4,1,0,0,6
" ","Moldova",0,0,0,0,0,0,0,0
" ","Montenegro",0,0,0,0,0,0,0,0
" ","North Macedonia",0,0,0,0,0,1,1,2
" ","Malta",1,0,0,3,2,2,0,8
" ","Netherlands",43,3,8,136,25,8,241,464
" ","Norway",3,0,1,19,1,2,40,66
" ","Poland",7,2,0,14,7,1,13,44
" ","Portugal",2,0,2,5,4,0,23,36
" ","Romania",4,0,0,2,1,2,4,13
" ","Serbia",1,0,0,0,0,0,1,2
" ","Russia",2,0,1,1,8,4,11,27
" ","Sweden",8,5,7,32,6,4,46,108
" ","Slovenia",0,0,0,7,0,0,2,9
" ","Slovakia",1,0,2,5,1,2,3,14
" ","San Marino",0,0,0,0,0,0,1,1
" ","Union of Soviet Socialist Republics",0,0,0,0,0,0,0,0
" ","Ukraine",1,1,0,0,2,5,10,19
" ","Vatican City State",0,0,0,0,0,0,0,0
" ","Yugoslavia/Serbia and Montenegro",0,0,0,0,0,0,0,0
" ","AMERICAS",873,95,401,2969,806,302,4056,9502
" ","Antigua and Barbuda",0,0,0,0,1,0,1,2
" ","Anguilla",0,0,0,1,0,0,0,1
" ","Netherlands Antilles",0,0,0,0,0,0,0,0
" ","Argentina",5,1,26,60,21,21,82,216
" ","Aruba",0,0,0,1,0,0,0,1
" ","Barbados",0,0,0,0,1,0,3,4
" ","Bermuda",2,1,0,1,1,0,5,10
" ","Bolivia",0,0,1,0,0,0,0,1
" ","Brazil",9,6,112,98,39,11,109,384
" ","Bahamas",1,2,0,1,1,0,1,6
" ","Belize",0,0,0,2,1,0,0,3
" ","Canada",107,3,11,215,63,40,623,1062
" ","Chile",14,2,45,88,25,14,123,311
" ","Colombia",0,0,3,5,0,1,2,11
" ","Costa Rica",1,0,2,0,0,0,3,6
" ","Cuba",0,0,0,1,0,0,0,1
" ","Curacao",0,0,0,0,0,0,0,0
" ","Dominica",1,0,0,1,0,0,0,2
" ","Dominican Republic",0,0,0,0,0,1,2,3
" ","Ecuador",1,0,0,1,0,0,1,3
" ","Falkland Islands",0,0,0,0,0,0,2,2
" ","Grenada",0,0,0,0,0,0,0,0
" ","French Guiana",0,0,0,0,0,0,0,0
" ","Guadeloupe",0,0,0,0,0,0,0,0
" ","South Georgia and the South Sandwich Islands",0,0,0,0,0,0,0,0
" ","Guatemala",0,0,0,1,0,0,1,2
" ","Guyana",0,0,0,0,1,0,0,1
" ","Honduras",0,0,0,0,0,0,1,1
" ","Haiti",0,0,0,0,0,0,0,0
" ","Jamaica",0,0,0,1,0,0,7,8
" ","St Kitts and Nevis",0,0,0,0,1,0,0,1
" ","Cayman Islands",0,0,0,3,1,0,58,62
" ","St Lucia",1,0,0,0,0,1,1,3
" ","Martinique",0,0,0,0,0,0,0,0
" ","Montserrat",0,0,0,0,0,0,0,0
" ","Mexico",2,0,1,36,5,2,29,75
" ","Nicaragua",0,0,0,0,1,0,0,1
" ","Panama",0,1,0,0,0,0,2,3
" ","Peru",1,0,2,1,4,4,5,17
" ","St Pierre and Miquelon",0,0,0,0,0,0,0,0
" ","Puerto Rico",0,0,0,6,1,0,4,11
" ","Paraguay",0,0,1,1,0,0,0,2
" ","Suriname",0,0,0,0,0,0,0,0
" ","El Salvador",0,0,0,0,0,0,0,0
" ","St Maarten (Dutch Part)",0,0,0,0,0,0,1,1
" ","Turks and Caicos Islands",0,0,0,0,0,0,0,0
" ","Trinidad and Tobago",1,0,0,0,0,0,0,1
" ","United States Minor Outlying Islands",0,0,0,0,0,0,0,0
" ","United States of America",726,79,196,2438,634,206,2960,7239
" ","Uruguay",1,0,1,7,4,1,24,38
" ","St Vincent and the Grenadines",0,0,0,0,0,0,0,0
" ","Venezuela",0,0,0,0,1,0,0,1
" ","Virgin Islands, British",0,0,0,0,0,0,6,6
" ","Virgin Islands, United States",0,0,0,0,0,0,0,0
" ","AFRICA AND THE MIDDLE EAST",49,7,50,300,165,73,935,1579
" ","United Arab Emirates",10,3,16,139,58,36,507,769
" ","Angola",0,0,0,0,1,0,0,1
" ","Burkina Faso",0,0,0,0,0,0,0,0
" ","Bahrain",1,0,0,1,1,0,16,19
" ","Burundi",0,0,0,0,0,0,0,0
" ","Benin",0,0,0,0,0,0,0,0
" ","Botswana",0,0,0,0,0,0,0,0
" ","Congo, the Democratic Republic of the",0,0,0,0,0,0,0,0
" ","Central African Republic",0,0,0,0,0,0,0,0
" ","Congo",0,0,0,0,0,0,0,0
" ","Cote d'Ivoire",0,0,0,0,0,0,0,0
" ","Cameroon",0,0,0,0,0,0,0,0
" ","Cabo Verde",0,0,0,0,0,0,0,0
" ","Djibouti",0,0,0,0,0,0,0,0
" ","Algeria",0,0,0,0,0,0,0,0
" ","Egypt",1,1,0,2,1,0,20,25
" ","Western Sahara",0,0,0,0,0,0,0,0
" ","Eritrea",0,0,0,0,1,0,0,1
" ","Ethiopia",0,0,0,0,1,1,5,7
" ","Gabon",0,0,0,0,0,0,0,0
" ","Ghana",0,0,0,0,2,0,1,3
" ","Gambia",0,0,0,0,0,0,1,1
" ","Guinea",0,0,0,0,0,0,0,0
" ","Equatorial Guinea",0,0,0,0,0,0,0,0
" ","Guinea-Bissau",0,0,0,0,0,0,0,0
" ","Israel",14,0,0,24,6,2,31,77
" ","British Indian Ocean Territory",0,0,0,0,0,0,0,0
" ","Iraq",0,0,0,0,1,0,4,5
" ","Iran",0,0,0,3,5,0,10,18
" ","Jordan",0,0,0,7,1,0,3,11
" ","Kenya",1,0,1,0,2,0,7,11
" ","Comoros",0,0,0,0,0,0,0,0
" ","Kuwait",0,0,2,13,3,1,7,26
" ","Lebanon",0,0,0,2,0,0,0,2
" ","Liberia",0,0,0,0,0,0,0,0
" ","Lesotho",0,0,0,0,0,0,1,1
" ","Libya",0,0,0,0,0,0,0,0
" ","Morocco",0,0,0,0,0,0,2,2
" ","Madagascar",0,0,0,0,0,0,0,0
" ","Mali",1,0,0,0,0,0,1,2
" ","Mauritania",0,0,0,0,0,0,0,0
" ","Mauritius",1,0,0,1,2,0,0,4
" ","Malawi",0,0,0,0,0,0,0,0
" ","Mozambique",0,0,0,0,1,0,2,3
" ","Namibia",0,0,0,0,1,0,1,2
" ","Niger",0,0,0,0,0,0,0,0
" ","Nigeria",0,0,1,0,0,0,0,1
" ","Oman",0,0,2,8,2,0,23,35
" ","Gaza Strip/Palestine/West Bank",0,0,0,1,1,0,2,4
" ","Qatar",0,1,2,32,10,6,46,97
" ","Reunion",0,0,0,0,0,0,0,0
" ","Rwanda",0,0,0,0,0,0,3,3
" ","Saudi Arabia",0,0,20,42,12,8,41,123
" ","Seychelles",0,0,0,0,0,0,1,1
" ","Sudan",0,0,0,0,0,0,0,0
" ","St Helena",0,0,0,0,0,0,0,0
" ","Sierra Leone",0,0,0,0,0,0,0,0
" ","Senegal",0,0,0,0,0,0,2,2
" ","Somalia",0,0,0,1,1,0,0,2
" ","South Sudan",0,0,0,0,0,0,0,0
" ","Sao Tome and Principe",0,0,0,0,0,0,0,0
" ","Syria",0,0,0,1,0,0,1,2
" ","Eswatini",0,0,0,0,0,1,0,1
" ","Chad",0,0,0,0,0,0,1,1
" ","Togo",0,0,0,0,0,0,0,0
" ","Tunisia",0,0,0,1,0,0,6,7
" ","Turkiye",2,0,0,1,5,1,13,22
" ","Tanzania",1,0,0,0,0,0,1,2
" ","Uganda",1,0,0,0,0,0,4,5
" ","Yemen, Democratic",0,0,0,0,0,0,0,0
" ","Yemen",0,0,1,0,0,0,0,1
" ","Mayotte",0,0,0,0,0,0,0,0
" ","South Africa",16,2,5,19,47,16,162,267
" ","Zambia",0,0,0,1,0,0,6,7
" ","Zimbabwe",0,0,0,1,0,1,4,6
" ","NOT STATED",18,3,12,48,1874,34,127,2116
" ","TOTAL ALL COUNTRIES OF RESIDENCE",11104,1613,2362,51449,10837,3917,52893,134175
"2022M08","OCEANIA",10897,2401,228,40317,5900,3074,34963,97780
" ","Antarctica",1,0,0,1,0,0,1,3
" ","Samoa, American",5,1,0,4,5,4,8,27
" ","Australia",10657,2262,189,38614,5085,2264,32678,91749
" ","Cocos (Keeling) Islands",0,0,0,0,0,0,0,0
" ","Cook Islands",33,16,5,102,104,140,297,697
" ","Christmas Island",0,0,0,0,0,0,0,0
" ","Fiji",106,47,14,166,243,130,842,1548
" ","Micronesia, Federated States of",0,0,0,0,0,0,5,5
" ","Guam",0,0,0,4,2,0,2,8
" ","Kiribati",9,1,0,5,9,6,5,35
" ","Marshall Islands",0,0,0,1,0,0,3,4
" ","Northern Mariana Islands",0,0,0,0,0,0,1,1
" ","New Caledonia",7,3,2,756,48,46,74,936
" ","Norfolk Island",0,0,0,1,0,0,3,4
" ","Nauru",0,0,0,0,0,0,1,1
" ","Niue",1,5,1,8,16,42,56,129
" ","New Zealand",20,0,4,25,63,15,121,248
" ","French Polynesia",8,5,4,487,31,52,82,669
" ","Papua New Guinea",8,3,1,9,13,19,34,87
" ","Pitcairn",1,0,0,2,1,0,0,4
" ","Palau",0,1,0,0,0,1,1,3
" ","Solomon Islands",2,5,1,2,3,1,5,19
" ","French Southern Territories",0,0,0,0,0,0,0,0
" ","Tokelau",0,0,4,0,0,14,3,21
" ","Tonga",12,14,0,65,91,174,299,655
" ","Tuvalu",0,0,0,0,2,5,3,10
" ","Vanuatu",2,6,1,11,25,21,26,92
" ","Wallis and Futuna",2,0,0,6,0,0,3,11
" ","Samoa",23,32,2,48,159,140,410,814
" ","ASIA",926,166,534,4679,1032,796,3345,11478
" ","Afghanistan",0,0,0,0,1,0,0,1
" ","Armenia",0,0,0,0,0,0,0,0
" ","Azerbaijan",0,0,0,0,1,0,1,2
" ","Bangladesh",0,0,0,0,5,5,7,17
" ","Brunei Darussalam",2,0,0,9,0,1,6,18
" ","Bhutan",0,0,1,0,0,0,0,1
" ","China, People's Republic of",71,11,80,249,150,202,640,1403
" ","Georgia",1,0,0,0,1,4,0,6
" ","Hong Kong (Special Administrative Region)",51,8,9,287,58,10,298,721
" ","Indonesia",20,1,4,20,27,12,36,120
" ","India",19,5,84,21,160,173,360,822
" ","Japan",168,36,235,611,116,68,454,1688
" ","Kyrgyzstan",0,0,0,1,2,1,1,5
" ","Cambodia",1,1,3,7,2,3,21,38
" ","Korea, Democratic People's Republic of",0,0,1,0,0,0,0,1
" ","Korea, Republic of",67,9,29,427,85,38,299,954
" ","Kazakhstan",1,0,1,0,3,1,8,14
" ","Laos",0,0,0,2,2,0,8,12
" ","Sri Lanka",3,1,3,3,13,25,48,96
" ","Burma (Myanmar)",0,0,0,2,1,5,6,14
" ","Mongolia",1,0,0,1,2,5,4,13
" ","Macau (Special Administrative Region)",0,0,0,3,2,0,3,8
" ","Maldives",0,0,0,1,1,1,3,6
" ","Malaysia",78,12,15,915,59,65,376,1520
" ","Nepal",0,0,2,1,8,2,31,44
" ","Philippines",13,5,12,38,110,122,103,403
" ","Pakistan",4,0,0,5,3,7,14,33
" ","Singapore",344,66,6,1800,135,32,372,2755
" ","Thailand",37,6,23,36,20,7,57,186
" ","Tajikistan",0,0,0,0,0,0,0,0
" ","Timor-Leste",0,0,1,0,0,0,0,1
" ","Turkmenistan",0,0,0,0,0,0,0,0
" ","Taiwan",33,5,12,227,52,5,161,495
" ","Uzbekistan",0,0,0,0,0,0,1,1
" ","Viet Nam",12,0,13,13,13,2,27,80
" ","EUROPE",768,89,128,2660,449,329,3995,8418
" ","Andorra",0,0,0,2,0,2,1,5
" ","Albania",0,0,0,2,0,0,0,2
" ","Austria",27,2,0,81,4,12,34,160
" ","Bosnia and Herzegovina",1,0,0,0,0,0,2,3
" ","Belgium",24,0,1,38,6,6,16,91
" ","Bulgaria",0,0,0,4,0,1,4,9
" ","Belarus",0,0,0,0,1,0,0,1
" ","Switzerland",15,3,3,90,14,13,73,211
" ","Czechoslovakia","..","..","..","..","..","..","..",0
" ","Cyprus",1,0,0,9,1,0,6,17
" ","Czechia",7,0,2,30,2,7,13,61
" ","Germany, Democratic Republic of",0,0,0,0,0,0,0,0
" ","Germany",97,7,28,426,40,39,283,920
" ","Denmark",30,1,4,47,3,8,20,113
" ","Estonia",1,2,1,6,1,0,6,17
" ","Spain",28,5,3,244,30,21,115,446
" ","Finland",4,1,0,26,4,5,8,48
" ","Faeroe Islands",0,1,0,3,0,0,0,4
" ","France",42,4,19,225,46,24,186,546
" ","United Kingdom",298,31,9,773,198,97,2719,4125
" ","Gibraltar",1,0,0,0,1,0,0,2
" ","Greenland",0,0,0,0,0,0,0,0
" ","Greece",1,0,0,10,1,0,5,17
" ","Croatia",3,0,0,2,3,1,1,10
" ","Hungary",0,0,0,11,0,0,7,18
" ","Ireland",22,1,1,98,10,11,126,269
" ","Iceland",5,0,1,1,1,1,4,13
" ","Italy",35,13,14,261,27,15,109,474
" ","Kosovo",0,0,0,0,0,0,0,0
" ","Liechtenstein",1,0,0,0,0,0,0,1
" ","Lithuania",3,0,0,3,1,1,2,10
" ","Luxembourg",1,1,0,15,0,2,3,22
" ","Latvia",1,0,1,3,0,6,1,12
" ","Monaco",1,0,0,4,0,0,0,5
" ","Moldova",0,0,0,1,0,0,0,1
" ","Montenegro",0,0,1,0,0,0,1,2
" ","North Macedonia",0,0,0,0,0,0,0,0
" ","Malta",0,0,0,4,0,0,9,13
" ","Netherlands",57,6,35,111,22,13,138,382
" ","Norway",2,0,1,41,4,5,15,68
" ","Poland",18,0,0,15,0,3,21,57
" ","Portugal",3,0,0,19,6,1,13,42
" ","Romania",8,3,0,9,3,2,6,31
" ","Serbia",1,0,1,1,0,1,1,5
" ","Russia",4,0,1,2,3,3,13,26
" ","Sweden",18,5,1,24,11,10,18,87
" ","Slovenia",0,0,0,8,0,7,3,18
" ","Slovakia",3,3,0,8,1,4,8,27
" ","San Marino",0,0,0,2,0,0,0,2
" ","Union of Soviet Socialist Republics",0,0,0,0,0,0,0,0
" ","Ukraine",5,0,1,1,5,8,5,25
" ","Vatican City State",0,0,0,0,0,0,0,0
" ","Yugoslavia/Serbia and Montenegro",0,0,0,0,0,0,0,0
" ","AMERICAS",969,141,148,2911,698,415,3603,8885
" ","Antigua and Barbuda",0,0,0,1,0,0,2,3
" ","Anguilla",1,0,0,4,1,2,8,16
" ","Netherlands Antilles",0,0,0,0,0,0,3,3
" ","Argentina",16,2,4,88,23,44,87,264
" ","Aruba",0,0,0,0,0,0,0,0
" ","Barbados",0,0,0,0,0,0,2,2
" ","Bermuda",0,0,0,3,0,0,7,10
" ","Bolivia",0,0,1,3,1,0,0,5
" ","Brazil",16,0,27,67,36,23,144,313
" ","Bahamas",1,0,0,0,3,0,4,8
" ","Belize",0,0,0,0,0,0,0,0
" ","Canada",76,17,8,446,75,34,720,1376
" ","Chile",13,6,11,93,27,61,106,317
" ","Colombia",0,0,9,0,3,2,4,18
" ","Costa Rica",0,0,0,1,0,0,1,2
" ","Cuba",0,0,0,0,1,0,0,1
" ","Curacao",0,0,0,0,0,0,0,0
" ","Dominica",0,0,0,0,0,0,0,0
" ","Dominican Republic",0,0,0,3,2,0,0,5
" ","Ecuador",0,1,1,0,0,2,0,4
" ","Falkland Islands",0,0,0,0,1,1,5,7
" ","Grenada",0,0,0,0,0,0,0,0
" ","French Guiana",0,0,0,0,0,0,0,0
" ","Guadeloupe",0,0,0,0,0,0,0,0
" ","South Georgia and the South Sandwich Islands",0,0,0,0,0,0,0,0
" ","Guatemala",1,0,0,0,1,0,2,4
" ","Guyana",0,0,0,1,0,0,0,1
" ","Honduras",0,0,0,0,0,0,0,0
" ","Haiti",0,0,0,0,0,0,0,0
" ","Jamaica",0,0,0,1,0,0,0,1
" ","St Kitts and Nevis",0,0,0,1,0,0,1,2
" ","Cayman Islands",0,0,0,1,3,4,15,23
" ","St Lucia",0,0,0,0,0,0,0,0
" ","Martinique",0,0,0,0,0,0,0,0
" ","Montserrat",0,0,0,0,0,0,0,0
" ","Mexico",5,8,1,40,5,2,50,111
" ","Nicaragua",0,0,0,0,0,0,3,3
" ","Panama",0,0,12,5,0,0,2,19
" ","Peru",1,0,0,4,1,2,0,8
" ","St Pierre and Miquelon",0,0,0,0,0,0,0,0
" ","Puerto Rico",0,0,0,2,0,0,0,2
" ","Paraguay",0,0,0,0,0,0,0,0
" ","Suriname",0,0,0,2,0,0,1,3
" ","El Salvador",0,0,1,0,0,0,0,1
" ","St Maarten (Dutch Part)",0,0,0,0,0,0,0,0
" ","Turks and Caicos Islands",0,0,0,1,0,0,0,1
" ","Trinidad and Tobago",0,0,1,0,0,0,0,1
" ","United States Minor Outlying Islands",0,0,0,0,0,0,1,1
" ","United States of America",837,107,70,2133,513,232,2405,6297
" ","Uruguay",2,0,2,11,2,3,24,44
" ","St Vincent and the Grenadines",0,0,0,0,0,0,2,2
" ","Venezuela",0,0,0,0,0,0,1,1
" ","Virgin Islands, British",0,0,0,0,0,3,3,6
" ","Virgin Islands, United States",0,0,0,0,0,0,0,0
" ","AFRICA AND THE MIDDLE EAST",51,12,48,251,142,79,525,1108
" ","United Arab Emirates",12,4,13,105,39,19,168,360
" ","Angola",0,0,0,4,0,1,0,5
" ","Burkina Faso",0,0,0,0,0,0,1,1
" ","Bahrain",0,0,0,0,0,0,7,7
" ","Burundi",0,0,0,1,0,0,0,1
" ","Benin",0,0,0,1,0,0,0,1
" ","Botswana",0,0,1,0,4,0,2,7
" ","Congo, the Democratic Republic of the",0,0,0,0,0,0,0,0
" ","Central African Republic",0,0,0,0,0,0,0,0
" ","Congo",0,0,0,0,0,0,1,1
" ","Cote d'Ivoire",0,0,0,1,0,0,2,3
" ","Cameroon",0,0,0,1,0,0,0,1
" ","Cabo Verde",0,0,0,0,0,0,0,0
" ","Djibouti",0,0,0,0,0,0,0,0
" ","Algeria",1,0,0,0,0,0,0,1
" ","Egypt",0,0,1,0,6,4,5,16
" ","Western Sahara",0,0,0,0,0,0,0,0
" ","Eritrea",0,0,0,0,0,0,0,0
" ","Ethiopia",0,0,0,0,1,1,1,3
" ","Gabon",0,0,0,0,0,0,0,0
" ","Ghana",0,0,0,0,2,0,2,4
" ","Gambia",0,0,0,0,1,0,0,1
" ","Guinea",0,0,0,0,0,1,0,1
" ","Equatorial Guinea",0,0,0,0,1,0,0,1
" ","Guinea-Bissau",0,0,0,0,0,0,0,0
" ","Israel",8,2,0,38,4,4,20,76
" ","British Indian Ocean Territory",0,0,0,0,0,0,0,0
" ","Iraq",0,0,0,1,2,1,2,6
" ","Iran",0,0,2,1,5,2,5,15
" ","Jordan",1,0,0,2,7,6,2,18
" ","Kenya",0,0,0,0,4,2,7,13
" ","Comoros",0,0,0,0,0,0,0,0
" ","Kuwait",0,0,4,14,3,4,4,29
" ","Lebanon",0,0,0,1,1,1,0,3
" ","Liberia",0,0,0,0,0,0,1,1
" ","Lesotho",0,0,0,0,0,0,0,0
" ","Libya",0,0,0,2,1,0,0,3
" ","Morocco",1,0,0,0,0,1,3,5
" ","Madagascar",0,0,0,0,0,2,0,2
" ","Mali",0,0,0,0,0,0,0,0
" ","Mauritania",0,0,0,1,0,0,1,2
" ","Mauritius",1,0,0,6,1,0,13,21
" ","Malawi",0,0,0,0,0,0,2,2
" ","Mozambique",0,0,0,0,1,0,1,2
" ","Namibia",0,0,0,0,0,0,0,0
" ","Niger",0,0,0,0,0,0,0,0
" ","Nigeria",0,0,0,0,1,0,3,4
" ","Oman",0,0,4,4,6,2,7,23
" ","Gaza Strip/Palestine/West Bank",0,0,0,1,1,1,0,3
" ","Qatar",1,3,5,17,3,2,12,43
" ","Reunion",0,0,0,3,0,0,0,3
" ","Rwanda",0,0,0,0,0,0,0,0
" ","Saudi Arabia",2,0,12,20,12,8,20,74
" ","Seychelles",1,0,0,0,1,0,1,3
" ","Sudan",2,0,1,2,0,0,0,5
" ","St Helena",0,0,0,0,0,0,0,0
" ","Sierra Leone",0,0,0,0,0,0,0,0
" ","Senegal",0,0,0,0,2,0,0,2
" ","Somalia",1,0,0,1,1,0,1,4
" ","South Sudan",0,0,0,1,0,0,0,1
" ","Sao Tome and Principe",0,0,0,0,0,0,0,0
" ","Syria",0,0,0,0,0,0,2,2
" ","Eswatini",0,1,0,0,0,1,0,2
" ","Chad",0,0,0,2,0,0,2,4
" ","Togo",0,0,0,0,0,0,0,0
" ","Tunisia",0,0,0,0,0,0,2,2
" ","Turkiye",2,0,0,2,2,0,6,12
" ","Tanzania",0,0,0,1,0,0,3,4
" ","Uganda",0,0,0,0,2,0,0,2
" ","Yemen, Democratic",0,0,0,0,0,0,0,0
" ","Yemen",0,0,0,0,0,0,0,0
" ","Mayotte",0,0,0,2,0,0,0,2
" ","South Africa",18,2,5,15,27,13,206,286
" ","Zambia",0,0,0,1,0,0,2,3
" ","Zimbabwe",0,0,0,0,1,3,8,12
" ","NOT STATED",14,6,6,65,1834,57,102,2084
" ","TOTAL ALL COUNTRIES OF RESIDENCE",13625,2815,1092,50883,10055,4750,46533,129753
"2022M09","OCEANIA",10192,2642,380,47946,5057,3662,41408,111287
" ","Antarctica",1,0,0,2,0,0,3,6
" ","Samoa, American",0,1,0,2,4,14,20,41
" ","Australia",9876,2473,312,46212,4259,2494,38566,104192
" ","Cocos (Keeling) Islands",0,0,0,0,0,0,0,0
" ","Cook Islands",46,31,10,126,90,188,321,812
" ","Christmas Island",0,0,0,0,0,0,0,0
" ","Fiji",117,30,22,247,230,201,1042,1889
" ","Micronesia, Federated States of",0,0,0,0,1,0,2,3
" ","Guam",3,0,0,3,0,0,5,11
" ","Kiribati",1,4,0,4,20,29,6,64
" ","Marshall Islands",0,0,0,2,0,0,2,4
" ","Northern Mariana Islands",0,0,0,2,0,0,0,2
" ","New Caledonia",20,4,4,398,35,38,39,538
" ","Norfolk Island",0,0,0,2,2,0,17,21
" ","Nauru",0,0,0,0,0,0,0,0
" ","Niue",9,14,1,10,9,25,39,107
" ","New Zealand",14,3,7,37,65,35,151,312
" ","French Polynesia",27,4,9,733,63,68,85,989
" ","Papua New Guinea",7,11,2,20,14,7,40,101
" ","Pitcairn",0,0,1,0,1,0,0,2
" ","Palau",0,0,0,0,0,0,0,0
" ","Solomon Islands",3,6,0,4,5,35,11,64
" ","French Southern Territories",0,0,0,0,0,0,0,0
" ","Tokelau",1,0,0,0,0,1,5,7
" ","Tonga",25,27,6,51,82,131,552,874
" ","Tuvalu",0,1,1,0,3,27,12,44
" ","Vanuatu",12,2,0,49,64,209,31,367
" ","Wallis and Futuna",1,0,0,4,0,0,2,7
" ","Samoa",29,31,5,38,110,160,457,830
" ","ASIA",979,180,644,5217,1071,887,4408,13386
" ","Afghanistan",0,0,0,0,2,0,2,4
" ","Armenia",0,0,0,1,0,0,1,2
" ","Azerbaijan",0,0,0,0,0,0,0,0
" ","Bangladesh",1,0,2,1,2,3,11,20
" ","Brunei Darussalam",2,0,0,16,2,0,14,34
" ","Bhutan",0,0,0,1,0,0,0,1
" ","China, People's Republic of",91,15,181,280,172,150,1003,1892
" ","Georgia",1,0,0,1,0,0,1,3
" ","Hong Kong (Special Administrative Region)",57,6,11,317,39,21,282,733
" ","Indonesia",15,5,10,67,30,9,80,216
" ","India",49,22,55,97,258,175,1044,1700
" ","Japan",218,55,172,472,71,73,270,1331
" ","Kyrgyzstan",0,0,0,2,0,2,4,8
" ","Cambodia",2,0,4,10,6,2,14,38
" ","Korea, Democratic People's Republic of",0,0,0,0,0,0,0,0
" ","Korea, Republic of",112,13,42,526,72,22,369,1156
" ","Kazakhstan",0,0,0,0,1,0,1,2
" ","Laos",1,0,0,2,1,0,7,11
" ","Sri Lanka",4,1,10,4,27,32,37,115
" ","Burma (Myanmar)",0,0,0,5,1,0,9,15
" ","Mongolia",0,0,0,1,2,0,6,9
" ","Macau (Special Administrative Region)",0,0,1,7,2,0,9,19
" ","Maldives",0,0,0,2,0,0,7,9
" ","Malaysia",72,19,21,970,52,121,389,1644
" ","Nepal",1,1,2,2,10,3,25,44
" ","Philippines",14,2,46,43,140,146,166,557
" ","Pakistan",0,0,0,5,4,2,7,18
" ","Singapore",244,22,18,2040,105,79,364,2872
" ","Thailand",38,4,36,78,17,16,93,282
" ","Tajikistan",0,1,0,1,0,0,0,2
" ","Timor-Leste",0,7,1,6,3,0,0,17
" ","Turkmenistan",0,0,0,0,0,0,0,0
" ","Taiwan",38,4,14,240,38,25,158,517
" ","Uzbekistan",0,0,0,0,0,0,0,0
" ","Viet Nam",19,3,18,20,14,6,35,115
" ","EUROPE",1534,148,250,4764,548,720,4070,12034
" ","Andorra",2,0,0,5,1,1,0,9
" ","Albania",1,0,0,0,0,1,0,2
" ","Austria",24,3,1,96,5,8,34,171
" ","Bosnia and Herzegovina",0,0,0,0,1,0,1,2
" ","Belgium",34,3,18,90,10,13,23,191
" ","Bulgaria",2,0,0,1,0,2,3,8
" ","Belarus",0,0,0,0,0,0,2,2
" ","Switzerland",48,4,26,183,13,9,92,375
" ","Czechoslovakia","..","..","..","..","..","..","..",0
" ","Cyprus",1,0,0,4,0,0,3,8
" ","Czechia",9,0,5,81,7,32,17,151
" ","Germany, Democratic Republic of",0,0,0,0,0,0,0,0
" ","Germany",161,12,59,1053,54,101,294,1734
" ","Denmark",50,2,6,164,4,4,36,266
" ","Estonia",5,0,0,19,4,7,1,36
" ","Spain",59,5,16,264,14,17,63,438
" ","Finland",39,2,0,57,4,14,15,131
" ","Faeroe Islands",0,0,0,0,0,0,0,0
" ","France",141,15,49,456,50,77,118,906
" ","United Kingdom",626,57,31,1437,213,229,2859,5452
" ","Gibraltar",0,0,0,0,0,0,1,1
" ","Greenland",1,0,0,0,0,0,1,2
" ","Greece",4,0,0,4,5,2,10,25
" ","Croatia",4,0,0,3,5,4,7,23
" ","Hungary",4,1,1,25,5,5,4,45
" ","Ireland",52,10,4,120,20,47,134,387
" ","Iceland",3,0,0,1,3,0,1,8
" ","Italy",106,9,4,197,29,47,51,443
" ","Kosovo",0,0,0,0,0,0,1,1
" ","Liechtenstein",0,0,0,0,0,0,0,0
" ","Lithuania",2,0,1,11,0,4,1,19
" ","Luxembourg",1,0,0,4,0,0,3,8
" ","Latvia",4,1,0,11,2,3,2,23
" ","Monaco",2,0,0,0,0,1,0,3
" ","Moldova",0,0,0,0,0,0,0,0
" ","Montenegro",0,0,0,0,0,0,0,0
" ","North Macedonia",2,0,1,0,0,0,0,3
" ","Malta",0,1,0,11,2,0,0,14
" ","Netherlands",51,2,12,266,26,17,181,555
" ","Norway",13,4,1,39,1,6,16,80
" ","Poland",12,1,6,35,7,9,18,88
" ","Portugal",9,12,0,39,15,6,12,93
" ","Romania",7,0,1,14,3,4,5,34
" ","Serbia",0,0,0,1,0,0,0,1
" ","Russia",15,0,2,2,23,33,7,82
" ","Sweden",35,3,5,54,10,9,39,155
" ","Slovenia",3,0,0,8,1,0,6,18
" ","Slovakia",2,1,1,7,5,4,0,20
" ","San Marino",0,0,0,1,0,0,0,1
" ","Union of Soviet Socialist Republics",0,0,0,0,0,0,0,0
" ","Ukraine",0,0,0,1,6,4,9,20
" ","Vatican City State",0,0,0,0,0,0,0,0
" ","Yugoslavia/Serbia and Montenegro",0,0,0,0,0,0,0,0
" ","AMERICAS",1163,170,248,4580,553,448,3329,10491
" ","Antigua and Barbuda",0,0,0,0,0,0,3,3
" ","Anguilla",6,1,0,10,0,2,9,28
" ","Netherlands Antilles",0,0,0,1,0,0,3,4
" ","Argentina",7,0,5,78,16,16,110,232
" ","Aruba",0,0,0,1,0,0,0,1
" ","Barbados",0,0,0,0,0,0,1,1
" ","Bermuda",2,0,0,0,2,0,5,9
" ","Bolivia",0,0,0,0,0,0,1,1
" ","Brazil",9,3,27,96,19,17,138,309
" ","Bahamas",0,0,0,0,0,0,0,0
" ","Belize",0,0,0,0,0,0,0,0
" ","Canada",136,26,21,567,47,99,663,1559
" ","Chile",15,8,25,86,25,14,118,291
" ","Colombia",1,0,7,7,1,2,9,27
" ","Costa Rica",1,0,0,3,0,0,3,7
" ","Cuba",0,0,0,0,0,0,1,1
" ","Curacao",0,0,0,1,0,0,0,1
" ","Dominica",0,0,0,0,0,1,0,1
" ","Dominican Republic",2,0,0,0,0,0,0,2
" ","Ecuador",0,0,0,3,0,1,0,4
" ","Falkland Islands",0,0,0,0,2,0,2,4
" ","Grenada",0,0,0,0,0,0,2,2
" ","French Guiana",0,0,0,0,0,0,0,0
" ","Guadeloupe",0,0,0,0,0,0,0,0
" ","South Georgia and the South Sandwich Islands",0,0,0,0,0,0,0,0
" ","Guatemala",0,0,0,4,1,0,2,7
" ","Guyana",0,0,0,0,0,0,1,1
" ","Honduras",0,0,0,0,1,0,0,1
" ","Haiti",0,0,0,0,0,0,0,0
" ","Jamaica",0,0,0,0,0,10,2,12
" ","St Kitts and Nevis",1,0,0,2,0,0,2,5
" ","Cayman Islands",0,0,0,1,0,0,4,5
" ","St Lucia",0,0,0,0,0,0,0,0
" ","Martinique",0,0,0,0,0,0,0,0
" ","Montserrat",0,0,0,0,0,0,0,0
" ","Mexico",7,3,2,86,13,4,43,158
" ","Nicaragua",2,0,0,0,0,0,2,4
" ","Panama",0,0,2,2,3,0,1,8
" ","Peru",0,0,3,3,2,1,8,17
" ","St Pierre and Miquelon",0,0,0,1,0,0,1,2
" ","Puerto Rico",0,0,0,1,1,0,1,3
" ","Paraguay",0,0,0,1,0,0,4,5
" ","Suriname",1,0,0,0,0,1,0,2
" ","El Salvador",0,0,0,0,0,1,1,2
" ","St Maarten (Dutch Part)",0,0,0,0,0,0,0,0
" ","Turks and Caicos Islands",0,0,0,1,1,0,1,3
" ","Trinidad and Tobago",0,0,0,0,1,2,3,6
" ","United States Minor Outlying Islands",0,0,0,0,0,0,0,0
" ","United States of America",967,124,155,3600,408,275,2168,7697
" ","Uruguay",6,5,1,22,8,2,13,57
" ","St Vincent and the Grenadines",0,0,0,0,0,0,0,0
" ","Venezuela",0,0,0,1,1,0,0,2
" ","Virgin Islands, British",0,0,0,0,0,0,2,2
" ","Virgin Islands, United States",0,0,0,2,1,0,2,5
" ","AFRICA AND THE MIDDLE EAST",84,21,45,458,121,95,626,1450
" ","United Arab Emirates",18,5,22,49,14,19,96,223
" ","Angola",0,0,0,0,0,0,0,0
" ","Burkina Faso",0,0,0,1,1,0,0,2
" ","Bahrain",0,0,0,4,0,0,5,9
" ","Burundi",0,0,0,0,0,0,0,0
" ","Benin",0,0,0,1,0,0,0,1
" ","Botswana",0,0,0,0,1,0,2,3
" ","Congo, the Democratic Republic of the",0,0,0,0,0,0,1,1
" ","Central African Republic",0,0,0,0,0,0,0,0
" ","Congo",0,0,0,0,0,0,0,0
" ","Cote d'Ivoire",0,0,0,0,0,0,0,0
" ","Cameroon",0,0,0,1,0,0,1,2
" ","Cabo Verde",0,0,0,0,0,0,0,0
" ","Djibouti",1,0,0,0,0,0,1,2
" ","Algeria",0,0,0,0,0,0,0,0
" ","Egypt",2,1,0,1,1,1,2,8
" ","Western Sahara",0,0,0,0,0,0,0,0
" ","Eritrea",0,0,0,0,1,0,1,2
" ","Ethiopia",0,0,0,2,1,1,1,5
" ","Gabon",0,0,0,1,0,0,1,2
" ","Ghana",0,0,0,2,2,0,6,10
" ","Gambia",0,0,0,1,0,0,0,1
" ","Guinea",0,0,0,1,0,1,0,2
" ","Equatorial Guinea",0,0,0,0,0,0,1,1
" ","Guinea-Bissau",0,0,0,0,0,0,0,0
" ","Israel",7,1,1,279,23,2,43,356
" ","British Indian Ocean Territory",0,0,0,0,0,0,0,0
" ","Iraq",0,1,0,0,0,1,0,2
" ","Iran",0,0,2,2,2,2,3,11
" ","Jordan",0,0,1,0,0,1,3,5
" ","Kenya",0,1,0,2,2,0,5,10
" ","Comoros",0,0,0,0,0,0,0,0
" ","Kuwait",0,0,0,1,0,0,2,3
" ","Lebanon",2,0,0,0,0,2,0,4
" ","Liberia",0,0,0,0,0,0,0,0
" ","Lesotho",0,0,0,0,0,0,0,0
" ","Libya",0,1,0,4,4,0,7,16
" ","Morocco",0,0,0,0,0,0,0,0
" ","Madagascar",0,0,0,1,0,0,0,1
" ","Mali",1,0,0,0,1,0,2,4
" ","Mauritania",1,0,0,1,0,0,4,6
" ","Mauritius",1,0,0,2,2,0,9,14
" ","Malawi",0,0,0,0,0,0,1,1
" ","Mozambique",0,0,0,0,0,0,0,0
" ","Namibia",1,0,0,0,0,0,6,7
" ","Niger",0,0,0,0,0,0,0,0
" ","Nigeria",0,0,0,0,0,0,0,0
" ","Oman",2,0,2,5,2,2,6,19
" ","Gaza Strip/Palestine/West Bank",0,0,0,2,1,0,0,3
" ","Qatar",0,0,0,5,6,2,20,33
" ","Reunion",0,0,0,0,0,1,0,1
" ","Rwanda",0,0,0,0,0,0,0,0
" ","Saudi Arabia",1,1,9,23,5,3,21,63
" ","Seychelles",0,0,0,1,0,0,2,3
" ","Sudan",0,0,0,1,2,0,5,8
" ","St Helena",0,0,0,0,0,0,0,0
" ","Sierra Leone",0,0,0,0,0,0,1,1
" ","Senegal",0,0,0,0,0,0,0,0
" ","Somalia",0,0,0,1,1,1,1,4
" ","South Sudan",0,0,0,0,0,0,0,0
" ","Sao Tome and Principe",0,0,0,0,0,0,0,0
" ","Syria",0,1,0,2,2,0,2,7
" ","Eswatini",0,0,0,1,0,0,2,3
" ","Chad",0,0,0,0,0,0,0,0
" ","Togo",0,0,0,1,0,0,0,1
" ","Tunisia",0,0,0,1,0,0,0,1
" ","Turkiye",1,0,2,8,6,1,8,26
" ","Tanzania",0,0,0,1,0,0,3,4
" ","Uganda",0,2,0,0,0,0,0,2
" ","Yemen, Democratic",0,0,0,0,0,0,0,0
" ","Yemen",0,0,0,1,0,0,1,2
" ","Mayotte",0,0,0,0,0,0,0,0
" ","South Africa",46,7,6,49,40,55,336,539
" ","Zambia",0,0,0,0,0,0,2,2
" ","Zimbabwe",0,0,0,0,1,0,13,14
" ","NOT STATED",24,3,11,75,2342,60,107,2622
" ","TOTAL ALL COUNTRIES OF RESIDENCE",13976,3164,1578,63040,9692,5872,53948,151270
"2022M10","OCEANIA",10584,3394,338,34750,5153,4592,37487,96298
" ","Antarctica",2,0,0,4,1,2,4,13
" ","Samoa, American",4,8,1,18,7,21,19,78
" ","Australia",10163,3047,241,31762,3994,2506,34537,86250
" ","Cocos (Keeling) Islands",0,0,0,0,0,0,0,0
" ","Cook Islands",37,49,11,165,86,189,347,884
" ","Christmas Island",0,0,0,0,0,0,0,0
" ","Fiji",129,74,38,304,252,254,1196,2247
" ","Micronesia, Federated States of",0,2,0,0,0,0,4,6
" ","Guam",0,1,1,5,1,6,4,18
" ","Kiribati",4,6,0,6,11,16,5,48
" ","Marshall Islands",0,0,0,0,1,1,1,3
" ","Northern Mariana Islands",0,1,0,2,0,0,1,4
" ","New Caledonia",18,9,4,896,87,22,104,1140
" ","Norfolk Island",1,2,0,7,1,1,21,33
" ","Nauru",0,1,0,0,1,0,1,3
" ","Niue",8,13,1,19,8,38,40,127
" ","New Zealand",39,14,13,49,107,61,175,458
" ","French Polynesia",30,21,15,1325,82,104,115,1692
" ","Papua New Guinea",14,11,2,19,14,26,28,114
" ","Pitcairn",2,0,0,8,0,0,5,15
" ","Palau",0,1,0,0,0,0,0,1
" ","Solomon Islands",6,11,1,5,33,147,5,208
" ","French Southern Territories",0,0,0,0,0,0,0,0
" ","Tokelau",0,0,0,0,4,4,3,11
" ","Tonga",26,38,4,71,101,211,374,825
" ","Tuvalu",2,2,0,4,3,6,8,25
" ","Vanuatu",49,26,3,15,157,654,39,943
" ","Wallis and Futuna",0,0,0,10,0,3,5,18
" ","Samoa",50,57,3,56,202,320,446,1134
" ","ASIA",1281,418,687,6887,1528,1107,5565,17473
" ","Afghanistan",0,0,0,2,1,0,1,4
" ","Armenia",1,1,0,1,0,0,3,6
" ","Azerbaijan",0,0,0,0,0,0,2,2
" ","Bangladesh",2,2,3,3,7,20,17,54
" ","Brunei Darussalam",0,0,1,3,1,8,5,18
" ","Bhutan",0,0,0,0,0,0,0,0
" ","China, People's Republic of",141,38,211,299,288,196,1154,2327
" ","Georgia",0,0,0,1,0,1,1,3
" ","Hong Kong (Special Administrative Region)",99,30,15,399,51,21,343,958
" ","Indonesia",23,19,8,212,51,11,95,419
" ","India",52,48,101,373,376,222,1384,2556
" ","Japan",220,52,122,441,73,56,309,1273
" ","Kyrgyzstan",1,0,0,1,0,0,1,3
" ","Cambodia",1,3,5,6,5,3,22,45
" ","Korea, Democratic People's Republic of",0,0,0,2,0,0,0,2
" ","Korea, Republic of",105,21,50,702,143,41,458,1520
" ","Kazakhstan",0,0,0,2,2,0,6,10
" ","Laos",2,1,2,10,0,0,9,24
" ","Sri Lanka",11,6,7,8,14,13,55,114
" ","Burma (Myanmar)",2,0,0,3,2,1,6,14
" ","Mongolia",2,0,0,2,2,1,5,12
" ","Macau (Special Administrative Region)",1,0,0,3,0,2,9,15
" ","Maldives",8,0,1,2,2,2,3,18
" ","Malaysia",76,38,9,845,39,62,435,1504
" ","Nepal",0,1,3,8,14,9,27,62
" ","Philippines",37,54,39,136,164,111,366,907
" ","Pakistan",1,0,2,1,5,22,14,45
" ","Singapore",327,64,13,2788,163,75,458,3888
" ","Thailand",70,12,67,232,67,178,140,766
" ","Tajikistan",2,0,0,0,1,0,0,3
" ","Timor-Leste",0,0,1,1,2,3,2,9
" ","Turkmenistan",0,0,0,0,0,1,0,1
" ","Taiwan",41,17,19,370,32,34,180,693
" ","Uzbekistan",0,0,1,1,0,0,1,3
" ","Viet Nam",56,11,7,30,23,14,54,195
" ","EUROPE",1919,275,216,12448,857,1045,7160,23920
" ","Andorra",0,0,0,4,0,1,5,10
" ","Albania",2,0,1,2,0,0,6,11
" ","Austria",50,10,3,314,18,13,87,495
" ","Bosnia and Herzegovina",0,0,0,0,1,0,2,3
" ","Belgium",35,2,5,279,7,10,52,390
" ","Bulgaria",0,0,0,5,3,4,2,14
" ","Belarus",0,0,0,0,0,0,0,0
" ","Switzerland",122,27,21,594,19,17,176,976
" ","Czechoslovakia","..","..","..","..","..","..","..",0
" ","Cyprus",3,3,0,3,0,0,5,14
" ","Czechia",5,1,0,67,7,11,33,124
" ","Germany, Democratic Republic of",0,0,0,0,0,0,0,0
" ","Germany",206,25,77,3172,141,145,562,4328
" ","Denmark",35,3,10,556,17,13,57,691
" ","Estonia",4,1,0,12,0,1,5,23
" ","Spain",48,4,9,475,22,18,70,646
" ","Finland",13,5,1,59,4,6,33,121
" ","Faeroe Islands",1,0,0,1,0,0,0,2
" ","France",123,20,26,974,82,63,252,1540
" ","United Kingdom",750,98,22,3585,297,348,4818,9918
" ","Gibraltar",0,0,0,1,0,0,2,3
" ","Greenland",1,0,0,0,0,0,1,2
" ","Greece",6,3,0,12,7,2,7,37
" ","Croatia",6,1,0,7,1,1,3,19
" ","Hungary",2,0,1,60,5,2,14,84
" ","Ireland",77,10,0,293,22,55,283,740
" ","Iceland",1,0,0,6,5,2,9,23
" ","Italy",136,13,7,327,35,109,104,731
" ","Kosovo",0,0,0,0,0,0,0,0
" ","Liechtenstein",0,0,0,7,0,0,0,7
" ","Lithuania",9,0,0,34,3,1,7,54
" ","Luxembourg",0,1,0,32,0,0,2,35
" ","Latvia",1,2,1,4,1,0,3,12
" ","Monaco",0,0,0,3,1,0,3,7
" ","Moldova",3,1,0,0,1,6,1,12
" ","Montenegro",0,0,0,1,0,0,0,1
" ","North Macedonia",5,0,0,0,0,1,6,12
" ","Malta",10,1,0,12,1,5,11,40
" ","Netherlands",100,20,13,1066,52,23,329,1603
" ","Norway",16,3,5,96,5,4,49,178
" ","Poland",14,7,1,80,3,2,13,120
" ","Portugal",8,3,1,57,2,0,24,95
" ","Romania",1,1,0,11,3,8,9,33
" ","Serbia",1,0,0,1,1,2,5,10
" ","Russia",72,1,6,7,66,136,18,306
" ","Sweden",48,5,4,177,14,20,72,340
" ","Slovenia",0,0,0,8,3,0,7,18
" ","Slovakia",0,2,2,35,1,2,4,46
" ","San Marino",0,1,0,3,0,0,1,5
" ","Union of Soviet Socialist Republics",0,0,0,0,0,0,0,0
" ","Ukraine",5,1,0,5,7,14,8,40
" ","Vatican City State",0,0,0,1,0,0,0,1
" ","Yugoslavia/Serbia and Montenegro",0,0,0,0,0,0,0,0
" ","AMERICAS",1830,357,197,9957,869,645,4660,18515
" ","Antigua and Barbuda",1,0,0,2,0,1,5,9
" ","Anguilla",6,4,0,19,2,4,22,57
" ","Netherlands Antilles",4,1,0,2,0,0,4,11
" ","Argentina",16,3,8,135,25,48,147,382
" ","Aruba",0,0,0,3,0,1,2,6
" ","Barbados",0,0,0,0,1,0,0,1
" ","Bermuda",2,0,0,5,1,1,1,10
" ","Bolivia",2,0,0,2,0,1,2,7
" ","Brazil",28,13,40,128,22,48,155,434
" ","Bahamas",0,0,0,1,0,1,2,4
" ","Belize",0,0,0,2,1,0,0,3
" ","Canada",158,45,29,1333,97,68,979,2709
" ","Chile",22,14,24,119,42,41,134,396
" ","Colombia",5,1,6,5,3,4,15,39
" ","Costa Rica",4,0,0,5,1,1,2,13
" ","Cuba",0,0,0,3,0,0,1,4
" ","Curacao",0,0,0,4,0,0,1,5
" ","Dominica",0,0,1,1,0,2,1,5
" ","Dominican Republic",1,0,0,4,0,0,1,6
" ","Ecuador",3,0,1,5,0,0,2,11
" ","Falkland Islands",0,0,0,1,0,1,1,3
" ","Grenada",0,0,0,1,0,0,2,3
" ","French Guiana",0,0,0,0,0,1,0,1
" ","Guadeloupe",0,0,0,0,0,1,0,1
" ","South Georgia and the South Sandwich Islands",0,0,0,0,0,0,0,0
" ","Guatemala",0,0,0,1,1,1,3,6
" ","Guyana",0,0,0,0,1,0,0,1
" ","Honduras",1,0,0,0,1,0,0,2
" ","Haiti",0,0,0,0,0,0,0,0
" ","Jamaica",2,3,0,3,1,13,0,22
" ","St Kitts and Nevis",0,0,0,0,0,0,4,4
" ","Cayman Islands",0,0,0,0,0,0,12,12
" ","St Lucia",0,0,0,0,1,0,0,1
" ","Martinique",0,0,0,0,0,0,0,0
" ","Montserrat",0,0,0,0,0,0,0,0
" ","Mexico",13,0,2,107,12,11,49,194
" ","Nicaragua",0,0,0,1,0,0,0,1
" ","Panama",1,3,0,6,1,2,2,15
" ","Peru",3,1,2,10,3,1,9,29
" ","St Pierre and Miquelon",0,0,0,0,0,0,1,1
" ","Puerto Rico",0,1,0,5,2,0,1,9
" ","Paraguay",0,4,0,0,3,0,0,7
" ","Suriname",0,0,0,0,1,0,0,1
" ","El Salvador",1,0,0,1,0,0,2,4
" ","St Maarten (Dutch Part)",0,0,0,0,0,0,0,0
" ","Turks and Caicos Islands",0,2,0,0,0,0,1,3
" ","Trinidad and Tobago",0,1,0,9,0,1,8,19
" ","United States Minor Outlying Islands",0,0,0,1,0,1,0,2
" ","United States of America",1553,261,83,7978,639,367,3074,13955
" ","Uruguay",4,0,1,41,8,22,15,91
" ","St Vincent and the Grenadines",0,0,0,1,0,0,0,1
" ","Venezuela",0,0,0,1,0,2,0,3
" ","Virgin Islands, British",0,0,0,1,0,0,0,1
" ","Virgin Islands, United States",0,0,0,11,0,0,0,11
" ","AFRICA AND THE MIDDLE EAST",124,45,86,457,172,160,955,1999
" ","United Arab Emirates",22,8,28,34,30,41,94,257
" ","Angola",1,1,0,1,0,2,6,11
" ","Burkina Faso",0,0,0,0,0,0,0,0
" ","Bahrain",0,0,0,4,2,1,5,12
" ","Burundi",1,1,0,2,0,0,0,4
" ","Benin",0,0,1,2,0,1,0,4
" ","Botswana",2,0,0,0,1,0,3,6
" ","Congo, the Democratic Republic of the",0,0,0,0,0,0,0,0
" ","Central African Republic",0,0,0,0,0,0,0,0
" ","Congo",0,0,1,0,1,0,0,2
" ","Cote d'Ivoire",0,1,0,1,0,0,1,3
" ","Cameroon",0,0,0,0,0,1,1,2
" ","Cabo Verde",0,0,0,0,0,0,0,0
" ","Djibouti",0,0,0,0,0,0,0,0
" ","Algeria",0,1,0,0,1,0,5,7
" ","Egypt",1,1,1,2,1,0,8,14
" ","Western Sahara",0,0,0,0,0,0,0,0
" ","Eritrea",1,0,0,1,0,0,2,4
" ","Ethiopia",2,0,0,0,3,0,6,11
" ","Gabon",0,0,0,0,0,0,0,0
" ","Ghana",7,0,3,1,0,0,2,13
" ","Gambia",0,0,0,0,0,0,1,1
" ","Guinea",0,0,0,2,0,0,2,4
" ","Equatorial Guinea",0,0,0,1,2,0,0,3
" ","Guinea-Bissau",0,0,0,0,0,0,0,0
" ","Israel",18,7,0,208,14,10,27,284
" ","British Indian Ocean Territory",0,0,0,0,0,0,0,0
" ","Iraq",1,0,0,1,3,1,4,10
" ","Iran",2,1,3,10,2,4,17,39
" ","Jordan",1,0,1,0,0,3,2,7
" ","Kenya",2,1,0,2,3,0,4,12
" ","Comoros",0,0,0,0,0,1,2,3
" ","Kuwait",1,1,15,9,0,2,5,33
" ","Lebanon",0,0,0,3,1,0,4,8
" ","Liberia",0,0,0,1,0,0,4,5
" ","Lesotho",1,0,0,0,0,0,0,1
" ","Libya",1,0,0,2,0,1,5,9
" ","Morocco",2,1,0,4,3,0,2,12
" ","Madagascar",0,0,0,0,0,0,0,0
" ","Mali",2,0,0,3,1,0,3,9
" ","Mauritania",1,0,0,1,0,0,3,5
" ","Mauritius",0,1,0,4,1,1,12,19
" ","Malawi",0,0,0,2,1,0,3,6
" ","Mozambique",0,0,0,1,0,0,1,2
" ","Namibia",0,0,0,1,1,1,4,7
" ","Niger",0,0,0,1,1,0,0,2
" ","Nigeria",1,1,0,1,2,1,7,13
" ","Oman",0,0,6,8,3,13,8,38
" ","Gaza Strip/Palestine/West Bank",0,0,0,3,0,0,1,4
" ","Qatar",2,1,3,1,7,8,16,38
" ","Reunion",1,0,0,2,1,0,0,4
" ","Rwanda",0,0,0,2,0,0,1,3
" ","Saudi Arabia",0,2,11,24,7,10,29,83
" ","Seychelles",0,0,0,1,1,0,2,4
" ","Sudan",0,0,0,3,0,0,0,3
" ","St Helena",0,0,0,0,0,0,0,0
" ","Sierra Leone",0,0,0,1,0,0,0,1
" ","Senegal",0,0,0,0,0,2,0,2
" ","Somalia",5,0,1,7,3,1,1,18
" ","South Sudan",0,0,0,0,0,0,0,0
" ","Sao Tome and Principe",0,0,0,0,0,0,0,0
" ","Syria",2,0,0,3,3,0,3,11
" ","Eswatini",0,0,0,2,0,1,2,5
" ","Chad",0,0,0,2,0,1,0,3
" ","Togo",0,0,0,1,0,0,0,1
" ","Tunisia",0,1,0,4,0,0,7,12
" ","Turkiye",2,1,0,5,5,4,9,26
" ","Tanzania",0,0,0,2,2,1,2,7
" ","Uganda",0,0,0,1,2,0,2,5
" ","Yemen, Democratic",0,0,0,0,0,0,0,0
" ","Yemen",0,0,0,0,1,0,0,1
" ","Mayotte",0,0,0,0,0,0,0,0
" ","South Africa",38,11,10,78,62,45,615,859
" ","Zambia",0,3,0,1,0,2,9,15
" ","Zimbabwe",4,0,2,1,1,1,3,12
" ","NOT STATED",20,33,18,164,2842,130,224,3431
" ","TOTAL ALL COUNTRIES OF RESIDENCE",15758,4522,1542,64663,11421,7679,56051,161636
"2022M11","OCEANIA",13255,4722,692,44689,6187,5610,44848,120003
" ","Antarctica",6,1,0,1,0,0,7,15
" ","Samoa, American",7,3,2,8,6,21,34,81
" ","Australia",12669,4129,568,41242,4735,2485,40694,106522
" ","Cocos (Keeling) Islands",0,0,0,1,0,0,0,1
" ","Cook Islands",48,32,8,172,88,161,380,889
" ","Christmas Island",0,0,0,0,0,0,1,1
" ","Fiji",184,125,26,333,258,300,1384,2610
" ","Micronesia, Federated States of",1,1,0,0,1,1,0,4
" ","Guam",1,4,0,5,1,6,6,23
" ","Kiribati",4,17,2,9,10,26,13,81
" ","Marshall Islands",3,0,0,0,1,1,4,9
" ","Northern Mariana Islands",0,1,0,0,0,0,6,7
" ","New Caledonia",29,21,9,1075,67,36,123,1360
" ","Norfolk Island",0,0,0,11,2,1,20,34
" ","Nauru",2,4,0,4,3,2,0,15
" ","Niue",16,16,1,28,21,82,76,240
" ","New Zealand",51,10,10,90,137,90,273,661
" ","French Polynesia",26,37,18,1403,91,103,176,1854
" ","Papua New Guinea",15,32,3,20,18,46,35,169
" ","Pitcairn",0,0,0,10,1,0,11,22
" ","Palau",0,4,0,0,0,0,1,5
" ","Solomon Islands",8,29,2,4,39,177,10,269
" ","French Southern Territories",0,0,0,0,0,0,0,0
" ","Tokelau",1,1,0,0,5,4,16,27
" ","Tonga",37,59,12,134,130,325,680,1377
" ","Tuvalu",2,2,1,5,5,4,18,37
" ","Vanuatu",31,48,11,16,191,899,37,1233
" ","Wallis and Futuna",1,0,0,12,1,1,8,23
" ","Samoa",113,146,19,106,376,839,835,2434
" ","ASIA",2007,830,549,14196,2147,1565,10349,31643
" ","Afghanistan",1,0,0,1,1,0,1,4
" ","Armenia",1,1,0,5,1,1,4,13
" ","Azerbaijan",0,1,0,1,0,0,2,4
" ","Bangladesh",1,1,1,1,4,19,18,45
" ","Brunei Darussalam",4,2,2,15,3,8,14,48
" ","Bhutan",0,0,0,0,2,0,0,2
" ","China, People's Republic of",234,67,142,540,205,178,1591,2957
" ","Georgia",0,1,0,2,1,1,3,8
" ","Hong Kong (Special Administrative Region)",126,30,6,650,73,21,480,1386
" ","Indonesia",50,25,15,401,62,99,190,842
" ","India",218,173,65,613,691,405,3535,5700
" ","Japan",286,108,100,969,94,75,322,1954
" ","Kyrgyzstan",0,0,1,4,0,0,5,10
" ","Cambodia",2,8,4,24,7,2,62,109
" ","Korea, Democratic People's Republic of",0,0,0,0,0,0,2,2
" ","Korea, Republic of",193,68,21,1645,177,80,650,2834
" ","Kazakhstan",0,0,3,0,0,2,3,8
" ","Laos",1,6,1,5,2,1,8,24
" ","Sri Lanka",4,6,2,18,28,22,150,230
" ","Burma (Myanmar)",0,2,0,3,2,0,7,14
" ","Mongolia",1,4,0,4,2,0,5,16
" ","Macau (Special Administrative Region)",1,0,0,15,2,2,14,34
" ","Maldives",1,0,0,5,4,0,0,10
" ","Malaysia",112,69,30,1408,77,122,562,2380
" ","Nepal",1,3,8,7,18,15,122,174
" ","Philippines",61,42,36,317,282,359,1243,2340
" ","Pakistan",1,0,1,10,8,7,15,42
" ","Singapore",477,124,9,6493,227,45,731,8106
" ","Thailand",85,23,68,301,92,56,199,824
" ","Tajikistan",0,0,0,1,0,1,1,3
" ","Timor-Leste",2,2,1,11,1,1,3,21
" ","Turkmenistan",0,0,0,0,0,0,0,0
" ","Taiwan",70,36,17,689,48,30,285,1175
" ","Uzbekistan",0,0,0,1,0,0,1,2
" ","Viet Nam",74,28,16,37,33,13,121,322
" ","EUROPE",2169,624,183,19652,1069,870,12295,36862
" ","Andorra",2,0,0,2,1,0,4,9
" ","Albania",0,1,1,1,1,0,6,10
" ","Austria",45,13,1,370,26,12,153,620
" ","Bosnia and Herzegovina",1,0,0,2,0,0,3,6
" ","Belgium",37,17,3,398,9,10,87,561
" ","Bulgaria",3,1,0,15,3,2,17,41
" ","Belarus",0,0,0,0,0,1,1,2
" ","Switzerland",61,21,10,928,34,16,258,1328
" ","Czechoslovakia","..","..","..","..","..","..","..",0
" ","Cyprus",2,0,1,17,1,1,5,27
" ","Czechia",14,12,3,275,11,27,75,417
" ","Germany, Democratic Republic of",0,0,0,0,0,0,0,0
" ","Germany",244,76,50,4538,172,126,936,6142
" ","Denmark",45,7,17,833,19,20,107,1048
" ","Estonia",1,0,0,24,2,2,12,41
" ","Spain",91,20,7,685,40,54,171,1068
" ","Finland",47,13,1,223,9,1,44,338
" ","Faeroe Islands",1,0,0,5,0,0,0,6
" ","France",183,50,15,1570,92,83,370,2363
" ","United Kingdom",823,260,24,5852,361,265,8203,15788
" ","Gibraltar",1,0,0,1,0,1,1,4
" ","Greenland",0,0,0,1,0,0,0,1
" ","Greece",6,1,0,14,5,4,29,59
" ","Croatia",7,1,1,17,4,6,10,46
" ","Hungary",1,5,1,114,6,5,41,173
" ","Ireland",79,18,11,375,33,25,423,964
" ","Iceland",3,2,1,23,2,0,10,41
" ","Italy",185,29,7,407,50,64,223,965
" ","Kosovo",0,0,0,0,0,0,1,1
" ","Liechtenstein",1,0,0,4,0,0,1,6
" ","Lithuania",0,1,0,17,4,3,10,35
" ","Luxembourg",0,0,0,25,1,0,13,39
" ","Latvia",4,0,0,22,5,4,15,50
" ","Monaco",5,0,0,1,3,1,3,13
" ","Moldova",0,0,1,9,0,2,2,14
" ","Montenegro",1,0,0,0,1,0,0,2
" ","North Macedonia",1,2,0,1,0,0,3,7
" ","Malta",3,2,1,20,0,4,13,43
" ","Netherlands",128,37,9,1656,74,23,546,2473
" ","Norway",28,1,8,254,11,11,87,400
" ","Poland",12,9,0,260,12,5,65,363
" ","Portugal",8,5,1,94,12,5,51,176
" ","Romania",5,4,1,79,10,6,26,131
" ","Serbia",2,0,0,0,4,0,9,15
" ","Russia",26,0,5,19,15,48,62,175
" ","Sweden",50,16,3,460,29,16,143,717
" ","Slovenia",3,0,0,6,0,0,17,26
" ","Slovakia",2,0,0,32,2,3,6,45
" ","San Marino",1,0,0,1,0,0,0,2
" ","Union of Soviet Socialist Republics",0,0,0,0,0,0,0,0
" ","Ukraine",7,0,0,2,5,14,33,61
" ","Vatican City State",0,0,0,0,0,0,0,0
" ","Yugoslavia/Serbia and Montenegro",0,0,0,0,0,0,0,0
" ","AMERICAS",1827,1034,316,19273,1341,871,9082,33744
" ","Antigua and Barbuda",4,0,0,1,1,0,5,11
" ","Anguilla",6,2,1,26,6,1,33,75
" ","Netherlands Antilles",0,0,0,9,1,0,2,12
" ","Argentina",14,10,8,132,9,37,123,333
" ","Aruba",0,0,0,2,0,0,1,3
" ","Barbados",0,1,0,3,0,0,1,5
" ","Bermuda",2,0,0,3,1,1,8,15
" ","Bolivia",4,0,1,6,0,0,5,16
" ","Brazil",15,15,59,191,34,33,263,610
" ","Bahamas",0,0,0,1,2,0,1,4
" ","Belize",0,0,0,1,0,0,0,1
" ","Canada",268,158,15,2892,169,174,2204,5880
" ","Chile",34,25,36,157,26,20,155,453
" ","Colombia",5,6,34,21,1,4,45,116
" ","Costa Rica",8,2,0,22,2,0,13,47
" ","Cuba",2,0,0,3,6,18,3,32
" ","Curacao",0,0,0,2,1,0,0,3
" ","Dominica",0,0,0,2,0,0,4,6
" ","Dominican Republic",1,1,0,1,0,1,1,5
" ","Ecuador",1,2,0,6,0,2,8,19
" ","Falkland Islands",2,0,0,3,1,0,0,6
" ","Grenada",0,0,0,0,0,1,2,3
" ","French Guiana",0,0,0,1,0,1,0,2
" ","Guadeloupe",0,0,0,0,2,0,1,3
" ","South Georgia and the South Sandwich Islands",0,0,0,0,0,1,0,1
" ","Guatemala",2,2,0,3,2,1,4,14
" ","Guyana",0,0,0,0,0,1,0,1
" ","Honduras",0,0,0,3,0,0,0,3
" ","Haiti",0,0,0,0,0,0,0,0
" ","Jamaica",1,0,1,3,0,3,3,11
" ","St Kitts and Nevis",0,0,0,0,1,0,0,1
" ","Cayman Islands",0,1,0,4,1,0,8,14
" ","St Lucia",0,0,0,0,1,0,3,4
" ","Martinique",0,0,0,0,0,0,0,0
" ","Montserrat",0,0,0,0,0,0,0,0
" ","Mexico",10,9,5,139,13,6,67,249
" ","Nicaragua",1,0,0,0,1,1,0,3
" ","Panama",0,0,1,4,4,0,2,11
" ","Peru",5,4,4,19,7,2,13,54
" ","St Pierre and Miquelon",0,0,0,0,0,1,1,2
" ","Puerto Rico",0,0,0,7,2,0,3,12
" ","Paraguay",0,0,3,3,0,0,2,8
" ","Suriname",0,0,0,7,0,0,1,8
" ","El Salvador",0,0,0,0,0,0,2,2
" ","St Maarten (Dutch Part)",0,0,0,0,0,0,0,0
" ","Turks and Caicos Islands",0,0,1,7,0,1,1,10
" ","Trinidad and Tobago",2,3,1,9,2,1,14,32
" ","United States Minor Outlying Islands",1,0,0,3,0,0,0,4
" ","United States of America",1432,789,146,15540,1043,536,6052,25538
" ","Uruguay",7,4,0,32,2,5,19,69
" ","St Vincent and the Grenadines",0,0,0,1,0,0,1,2
" ","Venezuela",0,0,0,3,0,19,4,26
" ","Virgin Islands, British",0,0,0,1,0,0,2,3
" ","Virgin Islands, United States",0,0,0,0,0,0,2,2
" ","AFRICA AND THE MIDDLE EAST",182,133,56,959,298,242,2870,4740
" ","United Arab Emirates",27,7,17,86,36,45,152,370
" ","Angola",1,0,0,2,2,0,2,7
" ","Burkina Faso",1,2,0,0,0,0,2,5
" ","Bahrain",1,2,0,3,2,2,7,17
" ","Burundi",0,0,0,1,0,0,1,2
" ","Benin",0,0,0,4,1,3,4,12
" ","Botswana",0,6,1,1,1,6,6,21
" ","Congo, the Democratic Republic of the",0,1,0,0,0,1,1,3
" ","Central African Republic",0,0,0,0,0,0,0,0
" ","Congo",0,0,0,0,0,1,1,2
" ","Cote d'Ivoire",0,1,0,1,0,1,2,5
" ","Cameroon",0,0,0,0,0,0,0,0
" ","Cabo Verde",0,0,0,0,1,0,0,1
" ","Djibouti",0,0,0,1,2,1,0,4
" ","Algeria",2,0,0,3,0,0,2,7
" ","Egypt",1,1,0,5,8,3,7,25
" ","Western Sahara",0,0,0,0,0,0,1,1
" ","Eritrea",0,0,0,3,2,0,1,6
" ","Ethiopia",0,0,1,5,2,1,3,12
" ","Gabon",0,0,0,0,1,3,0,4
" ","Ghana",0,0,1,6,3,1,3,14
" ","Gambia",0,0,0,0,0,1,0,1
" ","Guinea",1,0,0,1,1,0,1,4
" ","Equatorial Guinea",0,0,0,1,0,0,0,1
" ","Guinea-Bissau",0,0,0,0,1,0,0,1
" ","Israel",11,17,0,448,23,6,46,551
" ","British Indian Ocean Territory",0,0,0,0,0,0,0,0
" ","Iraq",0,1,0,1,1,0,1,4
" ","Iran",3,1,2,9,6,5,28,54
" ","Jordan",2,6,1,2,2,1,12,26
" ","Kenya",0,0,1,3,7,2,9,22
" ","Comoros",1,0,0,1,0,0,1,3
" ","Kuwait",1,0,1,17,1,9,5,34
" ","Lebanon",0,0,0,0,0,0,3,3
" ","Liberia",0,0,0,2,2,0,3,7
" ","Lesotho",0,0,0,0,0,0,0,0
" ","Libya",1,0,0,3,0,3,2,9
" ","Morocco",0,0,0,1,2,2,6,11
" ","Madagascar",0,1,0,2,0,0,1,4
" ","Mali",1,0,0,2,1,1,6,11
" ","Mauritania",0,0,0,1,0,0,1,2
" ","Mauritius",3,0,1,32,3,2,20,61
" ","Malawi",0,0,0,0,0,0,0,0
" ","Mozambique",0,0,0,0,1,0,3,4
" ","Namibia",1,0,0,3,2,1,8,15
" ","Niger",0,0,0,2,0,1,0,3
" ","Nigeria",0,0,2,2,0,2,1,7
" ","Oman",2,3,1,29,3,5,18,61
" ","Gaza Strip/Palestine/West Bank",0,0,0,1,0,2,3,6
" ","Qatar",1,2,1,21,7,11,61,104
" ","Reunion",0,0,0,5,0,1,4,10
" ","Rwanda",0,0,0,3,1,1,3,8
" ","Saudi Arabia",6,7,11,48,11,7,37,127
" ","Seychelles",0,0,0,2,1,0,3,6
" ","Sudan",0,0,0,1,0,0,3,4
" ","St Helena",0,0,0,2,0,0,2,4
" ","Sierra Leone",0,0,1,0,0,0,0,1
" ","Senegal",0,2,0,1,0,0,1,4
" ","Somalia",5,1,0,4,1,3,8,22
" ","South Sudan",0,0,0,0,3,0,2,5
" ","Sao Tome and Principe",0,0,0,0,0,0,0,0
" ","Syria",0,0,0,4,2,0,6,12
" ","Eswatini",0,0,0,3,0,1,7,11
" ","Chad",2,0,1,2,1,2,1,9
" ","Togo",0,0,0,0,0,1,1,2
" ","Tunisia",0,1,0,9,4,2,5,21
" ","Turkiye",6,4,4,11,5,3,23,56
" ","Tanzania",2,1,0,3,6,1,8,21
" ","Uganda",0,4,0,0,0,13,5,22
" ","Yemen, Democratic",0,0,0,0,0,0,0,0
" ","Yemen",0,0,0,0,0,1,0,1
" ","Mayotte",0,0,0,2,0,0,0,2
" ","South Africa",96,59,7,150,137,80,2307,2836
" ","Zambia",0,2,0,2,1,1,1,7
" ","Zimbabwe",4,1,2,2,1,3,9,22
" ","NOT STATED",49,85,25,286,4713,162,372,5692
" ","TOTAL ALL COUNTRIES OF RESIDENCE",19489,7428,1821,99055,15755,9320,79816,232684
"2022M12","OCEANIA",6323,913,494,63865,7952,4545,104540,188632
" ","Antarctica",0,0,0,7,1,1,12,21
" ","Samoa, American",5,0,0,39,13,13,116,186
" ","Australia",5988,800,377,57207,6365,3156,95295,169188
" ","Cocos (Keeling) Islands",0,0,0,0,0,0,0,0
" ","Cook Islands",26,13,4,272,119,173,738,1345
" ","Christmas Island",0,0,0,0,0,0,1,1
" ","Fiji",133,16,22,1156,342,193,3172,5034
" ","Micronesia, Federated States of",0,0,0,2,0,0,0,2
" ","Guam",0,2,0,18,4,22,25,71
" ","Kiribati",7,3,2,8,21,19,16,76
" ","Marshall Islands",0,0,1,0,0,1,6,8
" ","Northern Mariana Islands",0,0,0,1,0,0,1,2
" ","New Caledonia",9,3,19,1376,126,44,190,1767
" ","Norfolk Island",0,0,0,10,3,2,41,56
" ","Nauru",0,0,0,6,3,14,6,29
" ","Niue",7,8,1,48,23,51,197,335
" ","New Zealand",35,2,12,138,164,36,583,970
" ","French Polynesia",18,7,29,2447,236,74,248,3059
" ","Papua New Guinea",3,11,1,74,18,3,77,187
" ","Pitcairn",1,0,0,10,4,0,20,35
" ","Palau",0,0,1,1,2,1,5,10
" ","Solomon Islands",0,5,2,3,2,10,38,60
" ","French Southern Territories",0,0,0,0,0,0,0,0
" ","Tokelau",0,1,0,0,2,12,24,39
" ","Tonga",29,15,5,584,172,180,1937,2922
" ","Tuvalu",2,0,0,21,15,26,65,129
" ","Vanuatu",21,2,1,64,79,298,87,552
" ","Wallis and Futuna",3,1,0,28,3,1,16,52
" ","Samoa",36,24,17,345,235,215,1624,2496
" ","ASIA",1047,318,502,18621,2675,1195,17933,42291
" ","Afghanistan",0,0,0,1,1,0,7,9
" ","Armenia",0,0,0,17,1,2,25,45
" ","Azerbaijan",1,0,0,1,1,0,7,10
" ","Bangladesh",0,0,2,14,9,6,36,67
" ","Brunei Darussalam",0,0,0,51,6,2,58,117
" ","Bhutan",0,0,0,5,1,0,7,13
" ","China, People's Republic of",126,15,135,981,387,179,2918,4741
" ","Georgia",2,0,0,0,1,1,2,6
" ","Hong Kong (Special Administrative Region)",43,12,12,1277,130,30,1198,2702
" ","Indonesia",46,5,31,611,80,54,393,1220
" ","India",105,27,75,1091,769,260,4220,6547
" ","Japan",204,90,64,1595,200,70,1365,3588
" ","Kyrgyzstan",0,0,1,3,1,0,4,9
" ","Cambodia",1,0,3,22,12,6,102,146
" ","Korea, Democratic People's Republic of",0,0,0,0,0,0,0,0
" ","Korea, Republic of",68,72,39,2495,217,61,1549,4501
" ","Kazakhstan",0,0,0,12,7,0,37,56
" ","Laos",0,0,2,11,4,1,40,58
" ","Sri Lanka",8,0,2,30,46,24,277,387
" ","Burma (Myanmar)",2,0,0,23,4,0,40,69
" ","Mongolia",1,0,0,22,4,1,35,63
" ","Macau (Special Administrative Region)",1,0,0,13,1,2,15,32
" ","Maldives",0,0,0,7,5,2,8,22
" ","Malaysia",59,11,12,1176,74,70,752,2154
" ","Nepal",0,0,2,17,21,9,161,210
" ","Philippines",25,16,43,427,240,236,1684,2671
" ","Pakistan",1,0,1,19,10,5,37,73
" ","Singapore",185,27,18,7274,200,81,1817,9602
" ","Thailand",29,8,49,363,73,41,436,999
" ","Tajikistan",0,0,0,2,0,1,5,8
" ","Timor-Leste",0,0,0,14,5,0,13,32
" ","Turkmenistan",0,0,0,0,0,0,2,2
" ","Taiwan",43,6,3,909,109,15,383,1468
" ","Uzbekistan",0,0,0,2,0,0,8,10
" ","Viet Nam",97,29,8,136,56,36,292,654
" ","EUROPE",1014,333,188,20750,1768,675,41285,66013
" ","Andorra",0,0,0,7,3,1,15,26
" ","Albania",1,0,0,10,2,3,28,44
" ","Austria",17,8,3,463,27,11,499,1028
" ","Bosnia and Herzegovina",0,0,0,4,2,0,8,14
" ","Belgium",19,9,6,356,14,10,259,673
" ","Bulgaria",2,0,0,28,3,4,34,71
" ","Belarus",0,0,0,0,3,0,11,14
" ","Switzerland",27,20,14,1289,64,14,1020,2448
" ","Czechoslovakia","..","..","..","..","..","..","..",0
" ","Cyprus",2,0,0,16,5,1,39,63
" ","Czechia",5,6,2,142,25,12,210,402
" ","Germany, Democratic Republic of",0,0,0,0,0,0,0,0
" ","Germany",106,54,46,4484,262,112,2695,7759
" ","Denmark",15,7,14,932,36,13,460,1477
" ","Estonia",0,0,0,30,1,2,42,75
" ","Spain",31,9,3,480,42,20,568,1153
" ","Finland",8,5,1,244,10,3,156,427
" ","Faeroe Islands",0,0,0,1,1,1,2,5
" ","France",86,31,10,1211,93,44,1357,2832
" ","United Kingdom",452,89,41,6712,761,181,27960,36196
" ","Gibraltar",0,0,0,0,1,0,10,11
" ","Greenland",0,0,0,5,0,0,2,7
" ","Greece",4,1,0,28,7,3,55,98
" ","Croatia",12,1,1,20,7,3,28,72
" ","Hungary",5,1,0,55,5,1,88,155
" ","Ireland",24,2,2,556,68,12,1647,2311
" ","Iceland",0,1,1,14,2,4,33,55
" ","Italy",51,21,1,531,73,64,507,1248
" ","Kosovo",0,0,0,0,0,0,1,1
" ","Liechtenstein",0,0,0,6,0,0,7,13
" ","Lithuania",2,1,0,37,1,1,17,59
" ","Luxembourg",3,2,0,56,2,0,67,130
" ","Latvia",1,0,2,25,4,1,35,68
" ","Monaco",0,0,1,7,1,0,13,22
" ","Moldova",1,0,0,1,2,1,6,11
" ","Montenegro",0,0,0,0,0,2,2,4
" ","North Macedonia",1,0,0,7,0,7,19,34
" ","Malta",2,1,0,37,2,3,49,94
" ","Netherlands",70,20,19,1690,101,28,1617,3545
" ","Norway",12,9,2,265,11,3,333,635
" ","Poland",5,12,1,156,9,7,131,321
" ","Portugal",5,5,0,55,4,2,104,175
" ","Romania",7,0,0,45,9,18,61,140
" ","Serbia",2,0,2,3,4,4,14,29
" ","Russia",15,1,11,29,26,50,160,292
" ","Sweden",11,15,5,667,51,15,810,1574
" ","Slovenia",5,1,0,5,5,1,26,43
" ","Slovakia",0,1,0,35,8,5,29,78
" ","San Marino",0,0,0,0,0,1,3,4
" ","Union of Soviet Socialist Republics",0,0,0,0,0,0,0,0
" ","Ukraine",5,0,0,6,11,7,47,76
" ","Vatican City State",0,0,0,0,0,0,1,1
" ","Yugoslavia/Serbia and Montenegro",0,0,0,0,0,0,0,0
" ","AMERICAS",1274,465,492,23294,1950,1088,21074,49637
" ","Antigua and Barbuda",1,0,0,11,4,0,34,50
" ","Anguilla",4,0,0,52,6,6,78,146
" ","Netherlands Antilles",2,0,0,10,2,0,10,24
" ","Argentina",15,1,20,224,28,25,294,607
" ","Aruba",1,0,0,5,2,0,11,19
" ","Barbados",0,0,0,0,0,0,6,6
" ","Bermuda",0,0,0,14,3,0,24,41
" ","Bolivia",1,0,0,9,1,1,17,29
" ","Brazil",16,5,41,354,46,31,518,1011
" ","Bahamas",0,0,0,2,0,0,8,10
" ","Belize",0,0,0,5,1,0,4,10
" ","Canada",120,38,21,2814,272,203,4992,8460
" ","Chile",15,4,36,214,36,38,353,696
" ","Colombia",1,0,13,38,16,3,90,161
" ","Costa Rica",0,0,1,30,5,4,22,62
" ","Cuba",0,0,0,3,2,0,6,11
" ","Curacao",0,1,0,0,1,0,0,2
" ","Dominica",1,0,0,6,1,0,9,17
" ","Dominican Republic",2,0,0,4,0,0,10,16
" ","Ecuador",0,0,1,5,1,1,7,15
" ","Falkland Islands",0,0,0,6,0,0,7,13
" ","Grenada",0,0,0,1,0,0,2,3
" ","French Guiana",0,0,0,3,0,0,1,4
" ","Guadeloupe",0,0,0,0,0,0,0,0
" ","South Georgia and the South Sandwich Islands",0,0,0,0,0,0,0,0
" ","Guatemala",1,0,0,8,0,0,13,22
" ","Guyana",0,0,0,5,1,1,4,11
" ","Honduras",0,0,0,2,0,2,1,5
" ","Haiti",0,0,0,0,0,0,0,0
" ","Jamaica",0,0,0,4,2,1,10,17
" ","St Kitts and Nevis",0,0,0,0,0,0,3,3
" ","Cayman Islands",0,0,0,16,2,1,71,90
" ","St Lucia",0,0,0,0,0,0,5,5
" ","Martinique",0,0,0,1,0,0,0,1
" ","Montserrat",0,0,0,0,0,0,0,0
" ","Mexico",3,5,2,230,36,18,129,423
" ","Nicaragua",0,0,0,4,7,0,5,16
" ","Panama",0,0,0,7,2,4,24,37
" ","Peru",5,0,2,12,6,6,53,84
" ","St Pierre and Miquelon",0,0,0,0,0,0,3,3
" ","Puerto Rico",2,0,1,20,6,0,7,36
" ","Paraguay",0,0,1,7,1,0,2,11
" ","Suriname",0,0,0,3,0,2,7,12
" ","El Salvador",0,0,0,1,0,1,4,6
" ","St Maarten (Dutch Part)",0,0,0,0,0,0,0,0
" ","Turks and Caicos Islands",0,0,0,1,2,0,4,7
" ","Trinidad and Tobago",0,0,0,7,2,5,11,25
" ","United States Minor Outlying Islands",0,0,0,4,0,0,4,8
" ","United States of America",1083,410,350,19114,1451,730,14154,37292
" ","Uruguay",1,1,3,25,2,4,44,80
" ","St Vincent and the Grenadines",0,0,0,0,3,0,7,10
" ","Venezuela",0,0,0,1,0,1,4,6
" ","Virgin Islands, British",0,0,0,9,0,0,1,10
" ","Virgin Islands, United States",0,0,0,3,0,0,1,4
" ","AFRICA AND THE MIDDLE EAST",110,24,34,1328,398,149,4631,6674
" ","United Arab Emirates",23,3,6,261,65,39,668,1065
" ","Angola",4,0,0,11,4,0,35,54
" ","Burkina Faso",0,0,0,1,0,0,1,2
" ","Bahrain",0,0,0,9,2,1,30,42
" ","Burundi",1,0,0,0,1,0,3,5
" ","Benin",1,0,0,5,2,3,8,19
" ","Botswana",0,0,1,2,3,3,13,22
" ","Congo, the Democratic Republic of the",0,0,0,1,0,1,2,4
" ","Central African Republic",0,0,0,0,0,0,0,0
" ","Congo",0,1,0,4,0,1,8,14
" ","Cote d'Ivoire",0,0,0,7,0,0,1,8
" ","Cameroon",0,0,0,0,1,0,0,1
" ","Cabo Verde",0,0,0,0,0,0,1,1
" ","Djibouti",1,0,0,2,0,0,3,6
" ","Algeria",2,0,0,5,0,0,9,16
" ","Egypt",0,0,0,10,4,4,34,52
" ","Western Sahara",0,0,0,0,0,0,0,0
" ","Eritrea",0,0,0,5,0,2,4,11
" ","Ethiopia",0,0,0,3,6,0,6,15
" ","Gabon",0,0,0,2,2,0,1,5
" ","Ghana",0,0,0,4,3,2,19,28
" ","Gambia",0,0,0,4,1,0,2,7
" ","Guinea",0,0,0,4,1,0,7,12
" ","Equatorial Guinea",0,0,0,0,2,0,1,3
" ","Guinea-Bissau",0,0,0,0,0,0,0,0
" ","Israel",13,7,0,371,24,6,101,522
" ","British Indian Ocean Territory",0,0,0,0,0,0,0,0
" ","Iraq",0,0,0,1,1,0,10,12
" ","Iran",2,0,1,11,7,4,61,86
" ","Jordan",0,0,0,2,3,3,20,28
" ","Kenya",1,0,0,8,4,1,33,47
" ","Comoros",0,0,0,1,0,0,1,2
" ","Kuwait",1,0,8,11,4,8,20,52
" ","Lebanon",0,0,0,0,1,1,12,14
" ","Liberia",0,0,0,2,0,1,8,11
" ","Lesotho",0,0,0,0,0,0,1,1
" ","Libya",0,0,0,7,1,0,10,18
" ","Morocco",0,0,0,1,0,1,12,14
" ","Madagascar",0,0,0,1,0,0,6,7
" ","Mali",0,0,0,19,2,0,43,64
" ","Mauritania",0,0,0,0,1,0,3,4
" ","Mauritius",1,1,0,14,2,2,33,53
" ","Malawi",0,0,0,2,1,0,10,13
" ","Mozambique",0,0,0,1,0,0,5,6
" ","Namibia",1,0,0,12,2,0,21,36
" ","Niger",0,0,0,1,1,1,0,3
" ","Nigeria",0,1,1,3,1,1,7,14
" ","Oman",1,0,2,27,7,3,38,78
" ","Gaza Strip/Palestine/West Bank",0,0,1,2,1,1,9,14
" ","Qatar",3,0,0,38,10,7,72,130
" ","Reunion",1,0,0,7,2,1,3,14
" ","Rwanda",0,0,0,3,0,1,8,12
" ","Saudi Arabia",0,2,5,64,15,4,114,204
" ","Seychelles",0,0,0,1,2,0,4,7
" ","Sudan",0,1,0,5,2,0,14,22
" ","St Helena",0,0,0,1,0,1,2,4
" ","Sierra Leone",0,0,0,2,1,0,3,6
" ","Senegal",0,0,0,0,4,0,12,16
" ","Somalia",2,0,0,48,4,0,84,138
" ","South Sudan",0,0,0,0,0,0,1,1
" ","Sao Tome and Principe",0,0,0,0,0,0,0,0
" ","Syria",0,0,0,11,5,1,23,40
" ","Eswatini",1,0,0,7,2,0,11,21
" ","Chad",0,0,1,5,1,1,15,23
" ","Togo",0,0,0,3,0,0,11,14
" ","Tunisia",1,0,1,9,1,1,25,38
" ","Turkiye",6,1,2,37,7,3,78,134
" ","Tanzania",0,0,0,8,1,0,17,26
" ","Uganda",0,0,0,2,2,1,16,21
" ","Yemen, Democratic",0,0,0,0,0,0,0,0
" ","Yemen",0,0,1,0,1,0,8,10
" ","Mayotte",0,0,0,0,0,0,0,0
" ","South Africa",41,7,4,231,170,35,2705,3193
" ","Zambia",3,0,0,4,4,3,20,34
" ","Zimbabwe",0,0,0,5,4,1,65,75
" ","NOT STATED",80,5,37,625,9295,157,1270,11469
" ","TOTAL ALL COUNTRIES OF RESIDENCE",9848,2058,1747,128483,24038,7809,190733,364716
"Table information:"
"Units:"
"Number, Magnitude = Units"
""
"Footnotes:"
"Data is derived from a sample of records and hence may contain sample error. Caution should be used when using data with low cell values."
"Visitor arrivals are overseas residents arriving in New Zealand for a stay of less than 12 months."
"For arrival series, the country of residence is the country where a person last lived for 12 months or more (country of last permanent residence)."
"The United Kingdom also includes the Channel Islands and the Isle of Man."
"Purpose for visitor arrivals and NZ-traveller departures in May and June 1975 are estimates."
"For detailed metadata about purposes used in International Travel and Migration statistics, see DataInfo+. http://ow.ly/Mm9ba"
"Purpose "other" includes older categories which no longer exist, such as: temporary work/working holiday, performing in arts/sport/entertainment, stopover/in transit, evacuees, naval ratings, and officials."
"Imputation of 'country of residence' for visitor arrivals who have not stated a response on their arrival card, occurred from August 2016 to October 2018."
"Observed changes in travel from a country may be partly due to these methodology changes."
"The country name Swaziland changed to Eswatini from October 2018."
"The country name Czech Republic changed to Czechia from Oct 2018."
"From November 2018, 'country of residence' was fully captured and no longer sampled, resulting in an increase in the 'not stated' category."
"From December 2019, 'country of residence' remains fully captured with no sampling, but is imputed for visitor arrivals who have not stated a response on their arrival card."
"Visitor arrivals from selected minor countries may be overstated for periods around 2023, due to changes in the process for converting handwritten responses on NZ Traveller Declarations (NZTD) to the country classification."
"This process uses optical character recognition technology supplemented by limited manual intervention. Countries with low numbers of visitors to New Zealand are sensitive to misrecognition and miscoding."
" "
"Symbols:"
".. figure not available"
"C: Confidential"
"E: Early Estimate"
"P: Provisional"
"R: Revised"
"S: Suppressed"
""
"Status flags are not displayed"
""
"Table reference: "
"ITM007AA"
""
"Last updated:"
"13 February 2026 10:45am"
""
"Source: Statistics New Zealand"
"Contact: Information Centre"
"Telephone: 0508 525 525"
"Email:info@stats.govt.nz"
""
""
""
