"MonthOfTravel","DayOfTravel","OverSeasPort","customs_port_code","passenger_type_code","direction_code","clnpr_code","overseas_state_code","main_country_visited_code","AgeAtTravelRange","sex_code","losa_range","travel_purpose_code","occupation_code","ta_code","TotalPassengerMovements"
202209,"unavailable","SHA","AKL","P","A","CN","unavailable","unavailable","35 - 44 years","M","","N","unavailable","unavailable",102
202209,"unavailable","CAN","AKL","P","A","CN","unavailable","unavailable","25 - 34 years","F","","N","unavailable","unavailable",96
202209,"unavailable","KUL","AKL","P","A","MY","unavailable","unavailable","19 - 24 years","F","","N","unavailable","unavailable",93
202209,"unavailable","SHA","AKL","P","A","CN","unavailable","unavailable","25 - 34 years","F","","N","unavailable","unavailable",90
202209,"unavailable","CAN","AKL","P","A","CN","unavailable","unavailable","35 - 44 years","M","","N","unavailable","unavailable",87
202209,"unavailable","SHA","AKL","P","A","CN","unavailable","unavailable","25 - 34 years","M","","N","unavailable","unavailable",84
202209,"unavailable","NRT","AKL","P","A","JP","unavailable","unavailable","25 - 34 years","F","","N","unavailable","unavailable",66
202209,"unavailable","CAN","AKL","P","A","CN","unavailable","unavailable","25 - 34 years","M","","N","unavailable","unavailable",66
202209,"unavailable","CAN","AKL","P","A","CN","unavailable","unavailable","19 - 24 years","F","","N","unavailable","unavailable",66
202209,"unavailable","KUL","AKL","P","A","IN","unavailable","unavailable","25 - 34 years","F","","N","unavailable","unavailable",63
202209,"unavailable","KUL","AKL","P","A","MY","unavailable","unavailable","25 - 34 years","F","","N","unavailable","unavailable",60
202209,"unavailable","HKG","AKL","P","A","PH","unavailable","unavailable","25 - 34 years","M","","N","unavailable","unavailable",60
202209,"unavailable","HKG","AKL","P","A","PH","unavailable","unavailable","35 - 44 years","M","","N","unavailable","unavailable",60
202209,"unavailable","SHA","AKL","P","A","CN","unavailable","unavailable","19 - 24 years","F","","N","unavailable","unavailable",57
202209,"unavailable","CAN","AKL","P","A","CN","unavailable","unavailable","19 - 24 years","M","","N","unavailable","unavailable",57
202209,"unavailable","SIN","AKL","P","A","IN","unavailable","unavailable","25 - 34 years","F","","N","unavailable","unavailable",54
202209,"unavailable","SIN","AKL","P","A","CZ","unavailable","unavailable","25 - 34 years","M","","N","unavailable","unavailable",51
202209,"unavailable","CAN","AKL","P","A","CN","unavailable","unavailable","35 - 44 years","F","","N","unavailable","unavailable",51
202209,"unavailable","SYD","AKL","P","A","PH","unavailable","unavailable","01 - 11 years","F","","N","unavailable","unavailable",48
202209,"unavailable","SHA","AKL","P","A","CN","unavailable","unavailable","45 - 54 years","M","","N","unavailable","unavailable",48
202209,"unavailable","NAN","AKL","P","A","FJ","unavailable","unavailable","25 - 34 years","M","","N","unavailable","unavailable",45
202209,"unavailable","LAX","AKL","P","A","GB","unavailable","unavailable","25 - 34 years","F","","N","unavailable","unavailable",42
202209,"unavailable","SHA","AKL","P","A","CN","unavailable","unavailable","19 - 24 years","M","","N","unavailable","unavailable",42
202209,"unavailable","HKG","AKL","P","A","TW","unavailable","unavailable","25 - 34 years","F","","N","unavailable","unavailable",39
202209,"unavailable","SYD","AKL","P","A","PH","unavailable","unavailable","25 - 34 years","F","","N","unavailable","unavailable",39
202209,"unavailable","SYD","AKL","P","A","PH","unavailable","unavailable","35 - 44 years","F","","N","unavailable","unavailable",39
202209,"unavailable","SIN","AKL","P","A","CZ","unavailable","unavailable","25 - 34 years","F","","N","unavailable","unavailable",39
202209,"unavailable","SHA","AKL","P","A","CN","unavailable","unavailable","35 - 44 years","F","","N","unavailable","unavailable",36
202209,"unavailable","SCL","AKL","P","A","AR","unavailable","unavailable","25 - 34 years","M","","N","unavailable","unavailable",36
202209,"unavailable","KUL","AKL","P","A","MY","unavailable","unavailable","19 - 24 years","M","","N","unavailable","unavailable",36
202209,"unavailable","LAX","AKL","P","A","GB","unavailable","unavailable","25 - 34 years","M","","N","unavailable","unavailable",36
202209,"unavailable","KUL","AKL","P","A","IN","unavailable","unavailable","25 - 34 years","M","","N","unavailable","unavailable",36
202209,"unavailable","KUL","AKL","P","A","GB","unavailable","unavailable","25 - 34 years","F","","N","unavailable","unavailable",36
202209,"unavailable","SIN","AKL","P","A","GB","unavailable","unavailable","25 - 34 years","F","","N","unavailable","unavailable",36
202209,"unavailable","SIN","AKL","P","A","IN","unavailable","unavailable","25 - 34 years","M","","N","unavailable","unavailable",36
202209,"unavailable","SYD","AKL","P","A","GB","unavailable","unavailable","25 - 34 years","M","","N","unavailable","unavailable",33
202209,"unavailable","KUL","AKL","P","A","ZA","unavailable","unavailable","35 - 44 years","M","","N","unavailable","unavailable",33
202209,"unavailable","KUL","AKL","P","A","GB","unavailable","unavailable","25 - 34 years","M","","N","unavailable","unavailable",33
202209,"unavailable","SEL","AKL","P","A","KR","unavailable","unavailable","25 - 34 years","F","","N","unavailable","unavailable",33
202209,"unavailable","SYD","AKL","P","A","PH","unavailable","unavailable","19 - 24 years","F","","N","unavailable","unavailable",30
202209,"unavailable","SIN","AKL","P","A","IN","unavailable","unavailable","35 - 44 years","M","","N","unavailable","unavailable",30
202209,"unavailable","HKG","AKL","P","A","PH","unavailable","unavailable","25 - 34 years","F","","N","unavailable","unavailable",30
202209,"unavailable","KUL","AKL","P","A","ZA","unavailable","unavailable","25 - 34 years","M","","N","unavailable","unavailable",30
202209,"unavailable","KUL","AKL","P","A","IN","unavailable","unavailable","01 - 11 years","F","","N","unavailable","unavailable",30
202209,"unavailable","SIN","AKL","P","A","FR","unavailable","unavailable","25 - 34 years","F","","N","unavailable","unavailable",30
202209,"unavailable","SCL","AKL","P","A","AR","unavailable","unavailable","25 - 34 years","F","","N","unavailable","unavailable",30
202209,"unavailable","SYD","AKL","P","A","PH","unavailable","unavailable","12 - 18 years","F","","N","unavailable","unavailable",30
202209,"unavailable","HKG","AKL","P","A","PH","unavailable","unavailable","35 - 44 years","F","","N","unavailable","unavailable",30
202209,"unavailable","SYD","AKL","P","A","PH","unavailable","unavailable","12 - 18 years","M","","N","unavailable","unavailable",30
202209,"unavailable","SIN","AKL","P","A","GB","unavailable","unavailable","25 - 34 years","M","","N","unavailable","unavailable",27
202209,"unavailable","SYD","AKL","P","A","PH","unavailable","unavailable","01 - 11 years","M","","N","unavailable","unavailable",27
202209,"unavailable","SHA","AKL","P","A","CN","unavailable","unavailable","01 - 11 years","F","","N","unavailable","unavailable",27
202209,"unavailable","CAN","AKL","P","A","CN","unavailable","unavailable","01 - 11 years","F","","N","unavailable","unavailable",27
202209,"unavailable","SYD","AKL","P","A","AU","unavailable","unavailable","25 - 34 years","F","","N","unavailable","unavailable",27
202209,"unavailable","KUL","AKL","P","A","XX","unavailable","unavailable","01 - 11 years","F","","N","unavailable","unavailable",27
202209,"unavailable","SIN","AKL","P","A","IN","unavailable","unavailable","01 - 11 years","M","","N","unavailable","unavailable",24
202209,"unavailable","HKG","AKL","P","A","IN","unavailable","unavailable","25 - 34 years","M","","N","unavailable","unavailable",24
202209,"unavailable","SCL","AKL","P","A","CL","unavailable","unavailable","25 - 34 years","M","","N","unavailable","unavailable",24
202209,"unavailable","SIN","AKL","P","A","IN","unavailable","unavailable","35 - 44 years","F","","N","unavailable","unavailable",24
202209,"unavailable","SCL","AKL","P","A","CL","unavailable","unavailable","25 - 34 years","F","","N","unavailable","unavailable",24
202209,"unavailable","KUL","AKL","P","A","IN","unavailable","unavailable","01 - 11 years","M","","N","unavailable","unavailable",24
202209,"unavailable","SYD","AKL","P","A","PH","unavailable","unavailable","25 - 34 years","M","","N","unavailable","unavailable",24
202209,"unavailable","SYD","AKL","P","A","PH","unavailable","unavailable","35 - 44 years","M","","N","unavailable","unavailable",24
202209,"unavailable","KUL","AKL","P","A","MY","unavailable","unavailable","25 - 34 years","M","","N","unavailable","unavailable",24
202209,"unavailable","CAN","AKL","P","A","CN","unavailable","unavailable","01 - 11 years","M","","N","unavailable","unavailable",24
202209,"unavailable","CAN","AKL","P","A","CN","unavailable","unavailable","55 - 64 years","M","","N","unavailable","unavailable",24
202209,"unavailable","KUL","AKL","P","A","ZA","unavailable","unavailable","01 - 11 years","F","","N","unavailable","unavailable",24
202209,"unavailable","CAN","AKL","P","A","CN","unavailable","unavailable","45 - 54 years","M","","N","unavailable","unavailable",24
202209,"unavailable","NAN","AKL","P","A","FJ","unavailable","unavailable","35 - 44 years","M","","N","unavailable","unavailable",24
202209,"unavailable","SIN","AKL","P","A","IN","unavailable","unavailable","01 - 11 years","F","","N","unavailable","unavailable",24
202209,"unavailable","KUL","AKL","P","A","IN","unavailable","unavailable","35 - 44 years","M","","N","unavailable","unavailable",24
202209,"unavailable","KUL","AKL","P","A","ZA","unavailable","unavailable","25 - 34 years","F","","N","unavailable","unavailable",24
202209,"unavailable","NAN","AKL","P","A","FJ","unavailable","unavailable","25 - 34 years","F","","N","unavailable","unavailable",24
202209,"unavailable","LAX","AKL","P","A","US","unavailable","unavailable","25 - 34 years","F","","N","unavailable","unavailable",24
202209,"unavailable","LAX","AKL","P","A","US","unavailable","unavailable","25 - 34 years","M","","N","unavailable","unavailable",21
202209,"unavailable","NRT","AKL","P","A","JP","unavailable","unavailable","25 - 34 years","M","","N","unavailable","unavailable",21
202209,"unavailable","CAN","AKL","P","A","CN","unavailable","unavailable","65 - 74 years","F","","N","unavailable","unavailable",21
202209,"unavailable","MEL","AKL","P","A","AU","unavailable","unavailable","35 - 44 years","M","","N","unavailable","unavailable",21
202209,"unavailable","SHA","AKL","P","A","CN","unavailable","unavailable","01 - 11 years","M","","N","unavailable","unavailable",21
202209,"unavailable","SIN","CHC","P","A","IN","unavailable","unavailable","25 - 34 years","F","","N","unavailable","unavailable",21
202209,"unavailable","KUL","AKL","P","A","ZA","unavailable","unavailable","35 - 44 years","F","","N","unavailable","unavailable",21
202209,"unavailable","SIN","CHC","P","A","IN","unavailable","unavailable","25 - 34 years","M","","N","unavailable","unavailable",21
202209,"unavailable","SHA","AKL","P","A","CN","unavailable","unavailable","12 - 18 years","F","","N","unavailable","unavailable",21
202209,"unavailable","CAN","AKL","P","A","CN","unavailable","unavailable","45 - 54 years","F","","N","unavailable","unavailable",21
202209,"unavailable","MEL","AKL","P","A","AU","unavailable","unavailable","25 - 34 years","F","","N","unavailable","unavailable",21
202209,"unavailable","KUL","AKL","P","A","ZA","unavailable","unavailable","01 - 11 years","M","","N","unavailable","unavailable",21
202209,"unavailable","KUL","AKL","P","A","XX","unavailable","unavailable","01 - 11 years","M","","N","unavailable","unavailable",21
202209,"unavailable","KUL","AKL","P","A","XX","unavailable","unavailable","25 - 34 years","F","","N","unavailable","unavailable",21
202209,"unavailable","KUL","AKL","P","A","LK","unavailable","unavailable","25 - 34 years","F","","N","unavailable","unavailable",21
202209,"unavailable","SEL","AKL","P","A","KR","unavailable","unavailable","19 - 24 years","F","","N","unavailable","unavailable",21
202209,"unavailable","SIN","AKL","P","A","SG","unavailable","unavailable","35 - 44 years","M","","N","unavailable","unavailable",21
202209,"unavailable","MEL","AKL","P","A","GB","unavailable","unavailable","25 - 34 years","F","","N","unavailable","unavailable",21
202209,"unavailable","SIN","AKL","P","A","FR","unavailable","unavailable","25 - 34 years","M","","N","unavailable","unavailable",21
202209,"unavailable","MEL","AKL","P","A","GB","unavailable","unavailable","25 - 34 years","M","","N","unavailable","unavailable",21
202209,"unavailable","HKG","AKL","P","A","PH","unavailable","unavailable","45 - 54 years","M","","N","unavailable","unavailable",18
202209,"unavailable","BNE","AKL","P","A","AU","unavailable","unavailable","25 - 34 years","M","","N","unavailable","unavailable",18
202209,"unavailable","SYD","AKL","P","A","AU","unavailable","unavailable","25 - 34 years","M","","N","unavailable","unavailable",18
202209,"unavailable","KUL","AKL","P","A","GB","unavailable","unavailable","19 - 24 years","F","","N","unavailable","unavailable",18
202209,"unavailable","CAN","AKL","P","A","CN","unavailable","unavailable","55 - 64 years","F","","N","unavailable","unavailable",18
202209,"unavailable","KUL","AKL","P","A","LK","unavailable","unavailable","25 - 34 years","M","","N","unavailable","unavailable",18
202209,"unavailable","KUL","AKL","P","A","IN","unavailable","unavailable","35 - 44 years","F","","N","unavailable","unavailable",18
202209,"unavailable","KUL","AKL","P","A","ZA","unavailable","unavailable","45 - 54 years","M","","N","unavailable","unavailable",18
202209,"unavailable","CAN","AKL","P","A","CN","unavailable","unavailable","12 - 18 years","M","","N","unavailable","unavailable",18
202209,"unavailable","SIN","AKL","P","A","DE","unavailable","unavailable","25 - 34 years","F","","N","unavailable","unavailable",18
202209,"unavailable","NRT","AKL","P","A","JP","unavailable","unavailable","19 - 24 years","F","","N","unavailable","unavailable",18
202209,"unavailable","SYD","AKL","P","A","PH","unavailable","unavailable","19 - 24 years","M","","N","unavailable","unavailable",18
202209,"unavailable","KUL","AKL","P","A","LK","unavailable","unavailable","35 - 44 years","M","","N","unavailable","unavailable",18
202209,"unavailable","HKG","AKL","P","A","PH","unavailable","unavailable","01 - 11 years","M","","N","unavailable","unavailable",18
202209,"unavailable","SIN","AKL","P","A","SG","unavailable","unavailable","25 - 34 years","F","","N","unavailable","unavailable",18
202209,"unavailable","SYD","AKL","P","A","GB","unavailable","unavailable","25 - 34 years","F","","N","unavailable","unavailable",18
202209,"unavailable","SYD","AKL","P","A","AU","unavailable","unavailable","01 - 11 years","F","","N","unavailable","unavailable",18
202209,"unavailable","SIN","AKL","P","A","IN","unavailable","unavailable","19 - 24 years","M","","N","unavailable","unavailable",18
202209,"unavailable","SHA","AKL","P","A","CN","unavailable","unavailable","45 - 54 years","F","","N","unavailable","unavailable",18
202209,"unavailable","SYD","AKL","P","A","AU","unavailable","unavailable","01 - 11 years","M","","N","unavailable","unavailable",18
202209,"unavailable","YVR","AKL","P","A","CA","unavailable","unavailable","25 - 34 years","F","","N","unavailable","unavailable",18
202209,"unavailable","LAX","AKL","P","A","CZ","unavailable","unavailable","25 - 34 years","M","","N","unavailable","unavailable",18
202209,"unavailable","SIN","AKL","P","A","GB","unavailable","unavailable","35 - 44 years","F","","N","unavailable","unavailable",15
202209,"unavailable","KUL","AKL","P","A","GB","unavailable","unavailable","19 - 24 years","M","","N","unavailable","unavailable",15
202209,"unavailable","SIN","AKL","P","A","LK","unavailable","unavailable","25 - 34 years","M","","N","unavailable","unavailable",15
202209,"unavailable","TPE","AKL","P","A","TW","unavailable","unavailable","25 - 34 years","F","","N","unavailable","unavailable",15
202209,"unavailable","HKG","AKL","P","A","PH","unavailable","unavailable","12 - 18 years","F","","N","unavailable","unavailable",15
202209,"unavailable","CAN","AKL","P","A","CN","unavailable","unavailable","65 - 74 years","M","","N","unavailable","unavailable",15
202209,"unavailable","SIN","AKL","P","A","GB","unavailable","unavailable","01 - 11 years","F","","N","unavailable","unavailable",15
202209,"unavailable","BNE","AKL","P","A","AU","unavailable","unavailable","25 - 34 years","F","","N","unavailable","unavailable",15
202209,"unavailable","SHA","AKL","P","A","CN","unavailable","unavailable","12 - 18 years","M","","N","unavailable","unavailable",15
202209,"unavailable","SCL","AKL","P","A","BR","unavailable","unavailable","25 - 34 years","M","","N","unavailable","unavailable",15
202209,"unavailable","LAX","AKL","P","A","CZ","unavailable","unavailable","25 - 34 years","F","","N","unavailable","unavailable",15
202209,"unavailable","SIN","AKL","P","A","FR","unavailable","unavailable","19 - 24 years","F","","N","unavailable","unavailable",15
202209,"unavailable","SYD","AKL","P","A","PH","unavailable","unavailable","45 - 54 years","F","","N","unavailable","unavailable",15
202209,"unavailable","SIN","AKL","P","A","SG","unavailable","unavailable","25 - 34 years","M","","N","unavailable","unavailable",15
202209,"unavailable","LAX","AKL","P","A","FR","unavailable","unavailable","25 - 34 years","M","","N","unavailable","unavailable",15
202209,"unavailable","HNL","AKL","P","A","US","unavailable","unavailable","25 - 34 years","F","","N","unavailable","unavailable",15
202209,"unavailable","SIN","CHC","P","A","MY","unavailable","unavailable","25 - 34 years","F","","N","unavailable","unavailable",15
202209,"unavailable","CAN","AKL","P","A","CN","unavailable","unavailable","12 - 18 years","F","","N","unavailable","unavailable",15
202209,"unavailable","SIN","AKL","P","A","GB","unavailable","unavailable","19 - 24 years","F","","N","unavailable","unavailable",15
202209,"unavailable","KUL","AKL","P","A","LK","unavailable","unavailable","01 - 11 years","M","","N","unavailable","unavailable",15
202209,"unavailable","IAH","AKL","P","A","US","unavailable","unavailable","01 - 11 years","M","","N","unavailable","unavailable",12
202209,"unavailable","LAX","AKL","P","A","GB","unavailable","unavailable","19 - 24 years","F","","N","unavailable","unavailable",12
202209,"unavailable","HKG","AKL","P","A","PH","unavailable","unavailable","19 - 24 years","F","","N","unavailable","unavailable",12
202209,"unavailable","SIN","AKL","P","A","LK","unavailable","unavailable","25 - 34 years","F","","N","unavailable","unavailable",12
202209,"unavailable","KUL","AKL","P","A","FR","unavailable","unavailable","25 - 34 years","F","","N","unavailable","unavailable",12
202209,"unavailable","SEL","AKL","P","A","KR","unavailable","unavailable","25 - 34 years","M","","N","unavailable","unavailable",12
202209,"unavailable","APW","AKL","P","A","WS","unavailable","unavailable","12 - 18 years","M","","N","unavailable","unavailable",12
202209,"unavailable","SCL","AKL","P","A","BR","unavailable","unavailable","25 - 34 years","F","","N","unavailable","unavailable",12
202209,"unavailable","HKG","AKL","P","A","DE","unavailable","unavailable","12 - 18 years","F","","N","unavailable","unavailable",12
202209,"unavailable","SFO","AKL","P","A","FR","unavailable","unavailable","25 - 34 years","M","","N","unavailable","unavailable",12
202209,"unavailable","IAH","AKL","P","A","CL","unavailable","unavailable","25 - 34 years","F","","N","unavailable","unavailable",12
202209,"unavailable","KUL","AKL","P","A","GB","unavailable","unavailable","01 - 11 years","F","","N","unavailable","unavailable",12
202209,"unavailable","SIN","AKL","P","A","LK","unavailable","unavailable","01 - 11 years","M","","N","unavailable","unavailable",12
202209,"unavailable","BNE","AKL","P","A","AU","unavailable","unavailable","55 - 64 years","F","","N","unavailable","unavailable",12
202209,"unavailable","SIN","AKL","P","A","CZ","unavailable","unavailable","19 - 24 years","M","","N","unavailable","unavailable",12
202209,"unavailable","NAN","AKL","P","A","FJ","unavailable","unavailable","01 - 11 years","F","","N","unavailable","unavailable",12
202209,"unavailable","HNL","AKL","P","A","US","unavailable","unavailable","25 - 34 years","M","","N","unavailable","unavailable",12
202209,"unavailable","RAR","AKL","P","A","CK","unavailable","unavailable","35 - 44 years","M","","N","unavailable","unavailable",12
202209,"unavailable","SEL","AKL","P","A","KR","unavailable","unavailable","01 - 11 years","F","","N","unavailable","unavailable",12
202209,"unavailable","ADL","AKL","P","A","GB","unavailable","unavailable","25 - 34 years","M","","N","unavailable","unavailable",12
202209,"unavailable","KUL","AKL","P","A","LK","unavailable","unavailable","35 - 44 years","F","","N","unavailable","unavailable",12
202209,"unavailable","LAX","AKL","P","A","FR","unavailable","unavailable","25 - 34 years","F","","N","unavailable","unavailable",12
202209,"unavailable","HKG","AKL","P","A","PH","unavailable","unavailable","12 - 18 years","M","","N","unavailable","unavailable",12
202209,"unavailable","PER","AKL","P","A","AU","unavailable","unavailable","25 - 34 years","M","","N","unavailable","unavailable",12
202209,"unavailable","NAN","AKL","P","A","FJ","unavailable","unavailable","35 - 44 years","F","","N","unavailable","unavailable",12
202209,"unavailable","SFO","AKL","P","A","FR","unavailable","unavailable","19 - 24 years","M","","N","unavailable","unavailable",12
202209,"unavailable","SIN","AKL","P","A","DE","unavailable","unavailable","19 - 24 years","M","","N","unavailable","unavailable",12
202209,"unavailable","MEL","AKL","P","A","AU","unavailable","unavailable","01 - 11 years","M","","N","unavailable","unavailable",12
202209,"unavailable","SIN","AKL","P","A","NP","unavailable","unavailable","25 - 34 years","M","","N","unavailable","unavailable",12
202209,"unavailable","KUL","AKL","P","A","XX","unavailable","unavailable","12 - 18 years","M","","N","unavailable","unavailable",12
202209,"unavailable","SIN","CHC","P","A","IN","unavailable","unavailable","01 - 11 years","F","","N","unavailable","unavailable",12
202209,"unavailable","SYD","AKL","P","A","FR","unavailable","unavailable","25 - 34 years","F","","N","unavailable","unavailable",12
202209,"unavailable","SHA","AKL","P","A","CN","unavailable","unavailable","55 - 64 years","F","","N","unavailable","unavailable",12
202209,"unavailable","NRT","AKL","P","A","GB","unavailable","unavailable","25 - 34 years","M","","N","unavailable","unavailable",12
202209,"unavailable","HKG","AKL","P","A","CN","unavailable","unavailable","25 - 34 years","F","","N","unavailable","unavailable",12
202209,"unavailable","KUL","AKL","P","A","XX","unavailable","unavailable","25 - 34 years","M","","N","unavailable","unavailable",12
202209,"unavailable","NRT","AKL","P","A","JP","unavailable","unavailable","19 - 24 years","M","","N","unavailable","unavailable",12
202209,"unavailable","MEL","AKL","P","A","AU","unavailable","unavailable","55 - 64 years","M","","N","unavailable","unavailable",12
202209,"unavailable","SIN","AKL","P","A","SG","unavailable","unavailable","45 - 54 years","M","","N","unavailable","unavailable",12
202209,"unavailable","MEL","AKL","P","A","AU","unavailable","unavailable","55 - 64 years","F","","N","unavailable","unavailable",12
202209,"unavailable","LAX","AKL","P","A","CA","unavailable","unavailable","25 - 34 years","F","","N","unavailable","unavailable",12
202209,"unavailable","SYD","AKL","P","A","AU","unavailable","unavailable","45 - 54 years","F","","N","unavailable","unavailable",12
202209,"unavailable","ADL","AKL","P","A","GB","unavailable","unavailable","25 - 34 years","F","","N","unavailable","unavailable",12
202209,"unavailable","SIN","AKL","P","A","DE","unavailable","unavailable","25 - 34 years","M","","N","unavailable","unavailable",12
202209,"unavailable","SEL","AKL","P","A","KR","unavailable","unavailable","01 - 11 years","M","","N","unavailable","unavailable",12
202209,"unavailable","APW","AKL","P","A","WS","unavailable","unavailable","19 - 24 years","M","","N","unavailable","unavailable",12
202209,"unavailable","RAR","AKL","P","A","CK","unavailable","unavailable","45 - 54 years","F","","N","unavailable","unavailable",12
202209,"unavailable","BNE","AKL","P","A","AU","unavailable","unavailable","01 - 11 years","F","","N","unavailable","unavailable",12
202209,"unavailable","SYD","AKL","P","A","FR","unavailable","unavailable","25 - 34 years","M","","N","unavailable","unavailable",9
202209,"unavailable","SYD","AKL","P","A","MY","unavailable","unavailable","25 - 34 years","F","","N","unavailable","unavailable",9
202209,"unavailable","SHA","AKL","P","A","CN","unavailable","unavailable","65 - 74 years","M","","N","unavailable","unavailable",9
202209,"unavailable","SYD","AKL","P","A","AU","unavailable","unavailable","35 - 44 years","F","","N","unavailable","unavailable",9
202209,"unavailable","SYD","AKL","P","A","ZA","unavailable","unavailable","25 - 34 years","M","","N","unavailable","unavailable",9
202209,"unavailable","YVR","AKL","P","A","CA","unavailable","unavailable","25 - 34 years","M","","N","unavailable","unavailable",9
202209,"unavailable","SCL","AKL","P","A","AR","unavailable","unavailable","35 - 44 years","M","","N","unavailable","unavailable",9
202209,"unavailable","KUL","AKL","P","A","DE","unavailable","unavailable","19 - 24 years","F","","N","unavailable","unavailable",9
202209,"unavailable","SYD","AKL","P","A","AU","unavailable","unavailable","19 - 24 years","M","","N","unavailable","unavailable",9
202209,"unavailable","LAX","AKL","P","A","US","unavailable","unavailable","45 - 54 years","M","","N","unavailable","unavailable",9
202209,"unavailable","IAH","AKL","P","A","US","unavailable","unavailable","19 - 24 years","F","","N","unavailable","unavailable",9
202209,"unavailable","SFO","AKL","P","A","FR","unavailable","unavailable","19 - 24 years","F","","N","unavailable","unavailable",9
202209,"unavailable","IAH","AKL","P","A","US","unavailable","unavailable","35 - 44 years","F","","N","unavailable","unavailable",9
202209,"unavailable","MEL","AKL","P","A","GB","unavailable","unavailable","19 - 24 years","M","","N","unavailable","unavailable",9
202209,"unavailable","KUL","AKL","P","A","IN","unavailable","unavailable","45 - 54 years","M","","N","unavailable","unavailable",9
202209,"unavailable","KUL","AKL","P","A","XX","unavailable","unavailable","35 - 44 years","M","","N","unavailable","unavailable",9
202209,"unavailable","SFO","AKL","P","A","FR","unavailable","unavailable","25 - 34 years","F","","N","unavailable","unavailable",9
202209,"unavailable","SYD","AKL","P","A","DE","unavailable","unavailable","25 - 34 years","F","","N","unavailable","unavailable",9
202209,"unavailable","SIN","AKL","P","A","NP","unavailable","unavailable","25 - 34 years","F","","N","unavailable","unavailable",9
202209,"unavailable","SYD","WLG","P","A","PH","unavailable","unavailable","25 - 34 years","M","","N","unavailable","unavailable",9
202209,"unavailable","SIN","AKL","P","A","DE","unavailable","unavailable","19 - 24 years","F","","N","unavailable","unavailable",9
202209,"unavailable","SHA","AKL","P","A","CN","unavailable","unavailable","65 - 74 years","F","","N","unavailable","unavailable",9
202209,"unavailable","SYD","AKL","P","A","AU","unavailable","unavailable","55 - 64 years","F","","N","unavailable","unavailable",9
202209,"unavailable","HKG","AKL","P","A","DE","unavailable","unavailable","19 - 24 years","F","","N","unavailable","unavailable",9
202209,"unavailable","IAH","AKL","P","A","US","unavailable","unavailable","25 - 34 years","F","","N","unavailable","unavailable",9
202209,"unavailable","KUL","AKL","P","A","ZA","unavailable","unavailable","45 - 54 years","F","","N","unavailable","unavailable",9
202209,"unavailable","NAN","AKL","P","A","FJ","unavailable","unavailable","01 - 11 years","M","","N","unavailable","unavailable",9
202209,"unavailable","HKG","AKL","P","A","TW","unavailable","unavailable","25 - 34 years","M","","N","unavailable","unavailable",9
202209,"unavailable","MEL","AKL","P","A","AU","unavailable","unavailable","01 - 11 years","F","","N","unavailable","unavailable",9
202209,"unavailable","PER","AKL","P","A","AU","unavailable","unavailable","55 - 64 years","F","","N","unavailable","unavailable",9
202209,"unavailable","MEL","AKL","P","A","AU","unavailable","unavailable","25 - 34 years","M","","N","unavailable","unavailable",9
202209,"unavailable","PER","AKL","P","A","AU","unavailable","unavailable","25 - 34 years","F","","N","unavailable","unavailable",9
202209,"unavailable","HKG","AKL","P","A","PH","unavailable","unavailable","19 - 24 years","M","","N","unavailable","unavailable",9
202209,"unavailable","SEL","AKL","P","A","KR","unavailable","unavailable","19 - 24 years","M","","N","unavailable","unavailable",9
202209,"unavailable","SIN","AKL","P","A","LK","unavailable","unavailable","35 - 44 years","F","","N","unavailable","unavailable",9
202209,"unavailable","NRT","AKL","P","A","GB","unavailable","unavailable","25 - 34 years","F","","N","unavailable","unavailable",9
202209,"unavailable","ADL","AKL","P","A","GB","unavailable","unavailable","19 - 24 years","M","","N","unavailable","unavailable",9
202209,"unavailable","LAX","AKL","P","A","XX","unavailable","unavailable","25 - 34 years","F","","N","unavailable","unavailable",9
202209,"unavailable","TPE","AKL","P","A","PH","unavailable","unavailable","35 - 44 years","M","","N","unavailable","unavailable",9
202209,"unavailable","SIN","AKL","P","A","AE","unavailable","unavailable","25 - 34 years","M","","N","unavailable","unavailable",9
202209,"unavailable","SYD","AKL","P","A","ID","unavailable","unavailable","25 - 34 years","M","","N","unavailable","unavailable",9
202209,"unavailable","SYD","CHC","P","A","GB","unavailable","unavailable","19 - 24 years","F","","N","unavailable","unavailable",9
202209,"unavailable","LAX","AKL","P","A","IE","unavailable","unavailable","19 - 24 years","M","","N","unavailable","unavailable",9
202209,"unavailable","IAH","AKL","P","A","US","unavailable","unavailable","25 - 34 years","M","","N","unavailable","unavailable",9
202209,"unavailable","SYD","AKL","P","A","AU","unavailable","unavailable","45 - 54 years","M","","N","unavailable","unavailable",9
202209,"unavailable","MEL","AKL","P","A","FR","unavailable","unavailable","25 - 34 years","M","","N","unavailable","unavailable",9
202209,"unavailable","HNL","AKL","P","A","US","unavailable","unavailable","19 - 24 years","F","","N","unavailable","unavailable",9
202209,"unavailable","HKG","AKL","P","A","DE","unavailable","unavailable","25 - 34 years","M","","N","unavailable","unavailable",9
202209,"unavailable","KUL","AKL","P","A","XX","unavailable","unavailable","35 - 44 years","F","","N","unavailable","unavailable",9
202209,"unavailable","LAX","AKL","P","A","US","unavailable","unavailable","19 - 24 years","F","","N","unavailable","unavailable",9
202209,"unavailable","LAX","AKL","P","A","FR","unavailable","unavailable","19 - 24 years","M","","N","unavailable","unavailable",9
202209,"unavailable","KUL","AKL","P","A","IE","unavailable","unavailable","19 - 24 years","M","","N","unavailable","unavailable",9
202209,"unavailable","KUL","AKL","P","A","GB","unavailable","unavailable","01 - 11 years","M","","N","unavailable","unavailable",9
202209,"unavailable","NRT","AKL","P","A","JP","unavailable","unavailable","01 - 11 years","F","","N","unavailable","unavailable",9
202209,"unavailable","SYD","AKL","P","A","AU","unavailable","unavailable","55 - 64 years","M","","N","unavailable","unavailable",9
202209,"unavailable","HKG","AKL","P","A","IN","unavailable","unavailable","35 - 44 years","M","","N","unavailable","unavailable",9
202209,"unavailable","KUL","AKL","P","A","LB","unavailable","unavailable","01 - 11 years","F","","N","unavailable","unavailable",9
202209,"unavailable","MEL","AKL","P","A","DE","unavailable","unavailable","25 - 34 years","F","","N","unavailable","unavailable",9
202209,"unavailable","SIN","AKL","P","A","PH","unavailable","unavailable","01 - 11 years","M","","N","unavailable","unavailable",9
202209,"unavailable","TPE","AKL","P","A","TW","unavailable","unavailable","65 - 74 years","F","","N","unavailable","unavailable",9
202209,"unavailable","HKG","AKL","P","A","TH","unavailable","unavailable","45 - 54 years","F","","N","unavailable","unavailable",9
202209,"unavailable","HKG","AKL","P","A","PH","unavailable","unavailable","45 - 54 years","F","","N","unavailable","unavailable",9
202209,"unavailable","BNE","AKL","P","A","AU","unavailable","unavailable","55 - 64 years","M","","N","unavailable","unavailable",9
202209,"unavailable","HKG","AKL","P","A","GB","unavailable","unavailable","25 - 34 years","M","","N","unavailable","unavailable",9
202209,"unavailable","BNE","CHC","P","A","AU","unavailable","unavailable","35 - 44 years","M","","N","unavailable","unavailable",9
202209,"unavailable","MEL","ZQN","P","A","GB","unavailable","unavailable","25 - 34 years","M","","N","unavailable","unavailable",9
202209,"unavailable","KUL","AKL","P","A","ZA","unavailable","unavailable","12 - 18 years","F","","N","unavailable","unavailable",9
202209,"unavailable","MEL","AKL","P","A","FR","unavailable","unavailable","25 - 34 years","F","","N","unavailable","unavailable",9
202209,"unavailable","MEL","AKL","P","A","DE","unavailable","unavailable","19 - 24 years","M","","N","unavailable","unavailable",9
202209,"unavailable","SCL","AKL","P","A","PE","unavailable","unavailable","25 - 34 years","F","","N","unavailable","unavailable",9
202209,"unavailable","BNE","AKL","P","A","AU","unavailable","unavailable","19 - 24 years","M","","N","unavailable","unavailable",9
202209,"unavailable","RAR","AKL","P","A","CK","unavailable","unavailable","25 - 34 years","M","","N","unavailable","unavailable",9
202209,"unavailable","SYD","WLG","P","A","GB","unavailable","unavailable","25 - 34 years","M","","N","unavailable","unavailable",9
202209,"unavailable","SYD","CHC","P","A","GB","unavailable","unavailable","25 - 34 years","M","","N","unavailable","unavailable",9
202209,"unavailable","SIN","AKL","P","A","CZ","unavailable","unavailable","19 - 24 years","F","","N","unavailable","unavailable",9
202209,"unavailable","SIN","AKL","P","A","FR","unavailable","unavailable","19 - 24 years","M","","N","unavailable","unavailable",9
202209,"unavailable","SIN","CHC","P","A","IN","unavailable","unavailable","35 - 44 years","M","","N","unavailable","unavailable",9
202209,"unavailable","IAH","AKL","P","A","US","unavailable","unavailable","01 - 11 years","F","","N","unavailable","unavailable",9
202209,"unavailable","HKG","AKL","P","A","PH","unavailable","unavailable","01 - 11 years","F","","N","unavailable","unavailable",9
202209,"unavailable","SYD","WLG","P","A","GB","unavailable","unavailable","25 - 34 years","F","","N","unavailable","unavailable",9
202209,"unavailable","LAX","AKL","P","A","IE","unavailable","unavailable","25 - 34 years","M","","N","unavailable","unavailable",9
202209,"unavailable","LAX","AKL","P","A","GB","unavailable","unavailable","01 - 11 years","F","","N","unavailable","unavailable",9
202209,"unavailable","KUL","AKL","P","A","DE","unavailable","unavailable","19 - 24 years","M","","N","unavailable","unavailable",9
202209,"unavailable","APW","AKL","P","A","WS","unavailable","unavailable","01 - 11 years","M","","N","unavailable","unavailable",9
202209,"unavailable","SIN","AKL","P","A","GB","unavailable","unavailable","35 - 44 years","M","","N","unavailable","unavailable",9
202209,"unavailable","LAX","AKL","P","A","GB","unavailable","unavailable","19 - 24 years","M","","N","unavailable","unavailable",9
202209,"unavailable","MEL","AKL","P","A","AU","unavailable","unavailable","35 - 44 years","F","","N","unavailable","unavailable",9
202209,"unavailable","TBU","AKL","P","A","TO","unavailable","unavailable","25 - 34 years","F","","N","unavailable","unavailable",9
202209,"unavailable","LAX","AKL","P","A","US","unavailable","unavailable","19 - 24 years","M","","N","unavailable","unavailable",9
202209,"unavailable","SEL","AKL","P","A","KR","unavailable","unavailable","35 - 44 years","F","","N","unavailable","unavailable",9
202209,"unavailable","SIN","AKL","P","A","MY","unavailable","unavailable","25 - 34 years","F","","N","unavailable","unavailable",9
202209,"unavailable","ADL","AKL","P","A","ZA","unavailable","unavailable","01 - 11 years","F","","N","unavailable","unavailable",9
202209,"unavailable","SCL","AKL","P","A","BR","unavailable","unavailable","35 - 44 years","M","","N","unavailable","unavailable",9
202209,"unavailable","NAN","AKL","P","A","MY","unavailable","unavailable","25 - 34 years","M","","N","unavailable","unavailable",6
202209,"unavailable","LAX","AKL","P","A","XX","unavailable","unavailable","25 - 34 years","M","","N","unavailable","unavailable",6
202209,"unavailable","KUL","AKL","P","A","PK","unavailable","unavailable","01 - 11 years","M","","N","unavailable","unavailable",6
202209,"unavailable","MEL","AKL","P","A","GB","unavailable","unavailable","12 - 18 years","M","","N","unavailable","unavailable",6
202209,"unavailable","IAH","AKL","P","A","CL","unavailable","unavailable","25 - 34 years","M","","N","unavailable","unavailable",6
202209,"unavailable","SYD","WLG","P","A","PH","unavailable","unavailable","25 - 34 years","F","","N","unavailable","unavailable",6
202209,"unavailable","KUL","AKL","P","A","ZA","unavailable","unavailable","12 - 18 years","M","","N","unavailable","unavailable",6
202209,"unavailable","SYD","WLG","P","A","AU","unavailable","unavailable","55 - 64 years","M","","N","unavailable","unavailable",6
202209,"unavailable","SYD","AKL","P","A","IT","unavailable","unavailable","25 - 34 years","M","","N","unavailable","unavailable",6
202209,"unavailable","BNE","CHC","P","A","AU","unavailable","unavailable","25 - 34 years","F","","N","unavailable","unavailable",6
202209,"unavailable","KUL","AKL","P","A","PK","unavailable","unavailable","35 - 44 years","F","","N","unavailable","unavailable",6
202209,"unavailable","OOL","AKL","P","A","AU","unavailable","unavailable","35 - 44 years","F","","N","unavailable","unavailable",6
202209,"unavailable","SFO","AKL","P","A","US","unavailable","unavailable","25 - 34 years","M","","N","unavailable","unavailable",6
202209,"unavailable","KUL","AKL","P","A","IN","unavailable","unavailable","12 - 18 years","F","","N","unavailable","unavailable",6
202209,"unavailable","MEL","CHC","P","A","GB","unavailable","unavailable","19 - 24 years","F","","N","unavailable","unavailable",6
202209,"unavailable","HKG","AKL","P","A","TH","unavailable","unavailable","35 - 44 years","F","","N","unavailable","unavailable",6
202209,"unavailable","SYD","AKL","P","A","LV","unavailable","unavailable","25 - 34 years","F","","N","unavailable","unavailable",6
202209,"unavailable","SYD","WLG","P","A","PH","unavailable","unavailable","12 - 18 years","M","","N","unavailable","unavailable",6
202209,"unavailable","HKG","AKL","P","A","VN","unavailable","unavailable","25 - 34 years","F","","N","unavailable","unavailable",6
202209,"unavailable","KUL","AKL","P","A","XX","unavailable","unavailable","45 - 54 years","M","","N","unavailable","unavailable",6
202209,"unavailable","MEL","AKL","P","A","AU","unavailable","unavailable","45 - 54 years","M","","N","unavailable","unavailable",6
202209,"unavailable","SIN","AKL","P","A","HK","unavailable","unavailable","25 - 34 years","F","","N","unavailable","unavailable",6
202209,"unavailable","SIN","AKL","P","A","GB","unavailable","unavailable","45 - 54 years","M","","N","unavailable","unavailable",6
202209,"unavailable","SYD","AKL","P","A","AU","unavailable","unavailable","75+","F","","N","unavailable","unavailable",6
202209,"unavailable","SIN","AKL","P","A","XX","unavailable","unavailable","25 - 34 years","F","","N","unavailable","unavailable",6
202209,"unavailable","NRT","AKL","P","A","JP","unavailable","unavailable","35 - 44 years","M","","N","unavailable","unavailable",6
202209,"unavailable","SYD","WLG","P","A","AU","unavailable","unavailable","01 - 11 years","F","","N","unavailable","unavailable",6
202209,"unavailable","SYD","WLG","P","A","PH","unavailable","unavailable","12 - 18 years","F","","N","unavailable","unavailable",6
202209,"unavailable","SYD","WLG","P","A","PH","unavailable","unavailable","01 - 11 years","M","","N","unavailable","unavailable",6
202209,"unavailable","SYD","AKL","P","A","XX","unavailable","unavailable","01 - 11 years","M","","N","unavailable","unavailable",6
202209,"unavailable","SYD","AKL","P","A","AU","unavailable","unavailable","12 - 18 years","F","","N","unavailable","unavailable",6
202209,"unavailable","NAN","AKL","P","A","FJ","unavailable","unavailable","19 - 24 years","M","","N","unavailable","unavailable",6
202209,"unavailable","APW","AKL","P","A","WS","unavailable","unavailable","01 - 11 years","F","","N","unavailable","unavailable",6
202209,"unavailable","HKG","AKL","P","A","GB","unavailable","unavailable","25 - 34 years","F","","N","unavailable","unavailable",6
202209,"unavailable","RAR","AKL","P","A","CK","unavailable","unavailable","12 - 18 years","M","","N","unavailable","unavailable",6
202209,"unavailable","TPE","AKL","P","A","TW","unavailable","unavailable","65 - 74 years","M","","N","unavailable","unavailable",6
202209,"unavailable","SYD","AKL","P","A","CA","unavailable","unavailable","25 - 34 years","M","","N","unavailable","unavailable",6
202209,"unavailable","PER","AKL","P","A","AU","unavailable","unavailable","55 - 64 years","M","","N","unavailable","unavailable",6
202209,"unavailable","PPT","AKL","P","A","PF","unavailable","unavailable","19 - 24 years","M","","N","unavailable","unavailable",6
202209,"unavailable","SCL","AKL","P","A","AR","unavailable","unavailable","35 - 44 years","F","","N","unavailable","unavailable",6
202209,"unavailable","PER","AKL","P","A","AU","unavailable","unavailable","01 - 11 years","F","","N","unavailable","unavailable",6
202209,"unavailable","SIN","CHC","P","A","DE","unavailable","unavailable","19 - 24 years","M","","N","unavailable","unavailable",6
202209,"unavailable","NAN","AKL","P","A","CA","unavailable","unavailable","19 - 24 years","F","","N","unavailable","unavailable",6
202209,"unavailable","SYD","AKL","P","A","ID","unavailable","unavailable","35 - 44 years","F","","N","unavailable","unavailable",6
202209,"unavailable","IAH","AKL","P","A","US","unavailable","unavailable","45 - 54 years","F","","N","unavailable","unavailable",6
202209,"unavailable","HKG","AKL","P","A","HK","unavailable","unavailable","25 - 34 years","F","","N","unavailable","unavailable",6
202209,"unavailable","RAR","AKL","P","A","CK","unavailable","unavailable","35 - 44 years","F","","N","unavailable","unavailable",6
202209,"unavailable","NAN","AKL","P","A","CA","unavailable","unavailable","25 - 34 years","M","","N","unavailable","unavailable",6
202209,"unavailable","SYD","WLG","P","A","PH","unavailable","unavailable","19 - 24 years","M","","N","unavailable","unavailable",6
202209,"unavailable","LAX","AKL","P","A","US","unavailable","unavailable","01 - 11 years","M","","N","unavailable","unavailable",6
202209,"unavailable","MEL","AKL","P","A","MY","unavailable","unavailable","25 - 34 years","F","","N","unavailable","unavailable",6
202209,"unavailable","NAN","AKL","P","A","GB","unavailable","unavailable","25 - 34 years","M","","N","unavailable","unavailable",6
202209,"unavailable","KUL","AKL","P","A","XX","unavailable","unavailable","65 - 74 years","F","","N","unavailable","unavailable",6
202209,"unavailable","SYD","WLG","P","A","AU","unavailable","unavailable","25 - 34 years","M","","N","unavailable","unavailable",6
202209,"unavailable","KUL","AKL","P","A","GB","unavailable","unavailable","45 - 54 years","F","","N","unavailable","unavailable",6
202209,"unavailable","HKG","AKL","P","A","JP","unavailable","unavailable","35 - 44 years","M","","N","unavailable","unavailable",6
202209,"unavailable","SYD","AKL","P","A","AU","unavailable","unavailable","35 - 44 years","M","","N","unavailable","unavailable",6
202209,"unavailable","SIN","CHC","P","A","DE","unavailable","unavailable","12 - 18 years","F","","N","unavailable","unavailable",6
202209,"unavailable","NAN","AKL","P","A","GB","unavailable","unavailable","25 - 34 years","F","","N","unavailable","unavailable",6
202209,"unavailable","SIN","CHC","P","A","GB","unavailable","unavailable","35 - 44 years","F","","N","unavailable","unavailable",6
202209,"unavailable","BNE","AKL","P","A","AU","unavailable","unavailable","45 - 54 years","F","","N","unavailable","unavailable",6
202209,"unavailable","LAX","AKL","P","A","CA","unavailable","unavailable","35 - 44 years","F","","N","unavailable","unavailable",6
202209,"unavailable","SIN","CHC","P","A","IN","unavailable","unavailable","01 - 11 years","M","","N","unavailable","unavailable",6
202209,"unavailable","IAH","AKL","P","A","US","unavailable","unavailable","35 - 44 years","M","","N","unavailable","unavailable",6
202209,"unavailable","RAR","AKL","P","A","CK","unavailable","unavailable","25 - 34 years","F","","N","unavailable","unavailable",6
202209,"unavailable","MEL","CHC","P","A","GB","unavailable","unavailable","25 - 34 years","M","","N","unavailable","unavailable",6
202209,"unavailable","MEL","AKL","P","A","GB","unavailable","unavailable","19 - 24 years","F","","N","unavailable","unavailable",6
202209,"unavailable","KUL","AKL","P","A","IN","unavailable","unavailable","55 - 64 years","F","","N","unavailable","unavailable",6
202209,"unavailable","BNE","AKL","P","A","AU","unavailable","unavailable","65 - 74 years","M","","N","unavailable","unavailable",6
202209,"unavailable","LAX","AKL","P","A","CA","unavailable","unavailable","25 - 34 years","M","","N","unavailable","unavailable",6
202209,"unavailable","SFO","AKL","P","A","US","unavailable","unavailable","25 - 34 years","F","","N","unavailable","unavailable",6
202209,"unavailable","ADL","AKL","P","A","ZA","unavailable","unavailable","35 - 44 years","M","","N","unavailable","unavailable",6
202209,"unavailable","KUL","AKL","P","A","XX","unavailable","unavailable","55 - 64 years","M","","N","unavailable","unavailable",6
202209,"unavailable","SIN","AKL","P","A","GB","unavailable","unavailable","19 - 24 years","M","","N","unavailable","unavailable",6
202209,"unavailable","SIN","CHC","P","A","GB","unavailable","unavailable","25 - 34 years","M","","N","unavailable","unavailable",6
202209,"unavailable","SYD","WLG","P","A","AU","unavailable","unavailable","01 - 11 years","M","","N","unavailable","unavailable",6
202209,"unavailable","BNE","AKL","P","A","AU","unavailable","unavailable","01 - 11 years","M","","N","unavailable","unavailable",6
202209,"unavailable","CNS","AKL","P","A","AU","unavailable","unavailable","25 - 34 years","M","","N","unavailable","unavailable",6
202209,"unavailable","LAX","AKL","P","A","CA","unavailable","unavailable","35 - 44 years","M","","N","unavailable","unavailable",6
202209,"unavailable","SYD","AKL","P","A","MY","unavailable","unavailable","25 - 34 years","M","","N","unavailable","unavailable",6
202209,"unavailable","KUL","AKL","P","A","ZA","unavailable","unavailable","55 - 64 years","M","","N","unavailable","unavailable",6
202209,"unavailable","IAH","AKL","P","A","FR","unavailable","unavailable","19 - 24 years","M","","N","unavailable","unavailable",6
202209,"unavailable","TPE","AKL","P","A","TW","unavailable","unavailable","35 - 44 years","M","","N","unavailable","unavailable",6
202209,"unavailable","SCL","AKL","P","A","UY","unavailable","unavailable","25 - 34 years","F","","N","unavailable","unavailable",6
202209,"unavailable","LAX","AKL","P","A","CZ","unavailable","unavailable","35 - 44 years","M","","N","unavailable","unavailable",6
202209,"unavailable","KUL","AKL","P","A","XX","unavailable","unavailable","12 - 18 years","F","","N","unavailable","unavailable",6
202209,"unavailable","SIN","CHC","P","A","GB","unavailable","unavailable","01 - 11 years","M","","N","unavailable","unavailable",6
202209,"unavailable","SYD","AKL","P","A","AU","unavailable","unavailable","Less than 1 year","M","","N","unavailable","unavailable",6
202209,"unavailable","KUL","AKL","P","A","RU","unavailable","unavailable","01 - 11 years","M","","N","unavailable","unavailable",6
202209,"unavailable","TBU","AKL","P","A","TO","unavailable","unavailable","19 - 24 years","F","","N","unavailable","unavailable",6
202209,"unavailable","YVR","AKL","P","A","CA","unavailable","unavailable","35 - 44 years","F","","N","unavailable","unavailable",6
202209,"unavailable","NRT","AKL","P","A","FR","unavailable","unavailable","25 - 34 years","M","","N","unavailable","unavailable",6
202209,"unavailable","ADL","AKL","P","A","QA","unavailable","unavailable","35 - 44 years","M","","N","unavailable","unavailable",6
202209,"unavailable","SCL","AKL","P","A","BR","unavailable","unavailable","35 - 44 years","F","","N","unavailable","unavailable",6
202209,"unavailable","ADL","AKL","P","A","DE","unavailable","unavailable","19 - 24 years","F","","N","unavailable","unavailable",6
202209,"unavailable","KUL","AKL","P","A","AE","unavailable","unavailable","35 - 44 years","M","","N","unavailable","unavailable",6
202209,"unavailable","MEL","AKL","P","A","GB","unavailable","unavailable","01 - 11 years","F","","N","unavailable","unavailable",6
202209,"unavailable","KUL","AKL","P","A","DE","unavailable","unavailable","25 - 34 years","M","","N","unavailable","unavailable",6
202209,"unavailable","PER","AKL","P","A","AU","unavailable","unavailable","65 - 74 years","M","","N","unavailable","unavailable",6
202209,"unavailable","OOL","AKL","P","A","AU","unavailable","unavailable","55 - 64 years","F","","N","unavailable","unavailable",6
202209,"unavailable","PPT","AKL","P","A","PF","unavailable","unavailable","19 - 24 years","F","","N","unavailable","unavailable",6
202209,"unavailable","ADL","AKL","P","A","ZA","unavailable","unavailable","25 - 34 years","F","","N","unavailable","unavailable",6
202209,"unavailable","KUL","AKL","P","A","IN","unavailable","unavailable","19 - 24 years","F","","N","unavailable","unavailable",6
202209,"unavailable","HKG","AKL","P","A","IN","unavailable","unavailable","19 - 24 years","M","","N","unavailable","unavailable",6
202209,"unavailable","SYD","CHC","P","A","AU","unavailable","unavailable","35 - 44 years","M","","N","unavailable","unavailable",6
202209,"unavailable","TBU","AKL","P","A","TO","unavailable","unavailable","19 - 24 years","M","","N","unavailable","unavailable",6
202209,"unavailable","SFO","AKL","P","A","CA","unavailable","unavailable","25 - 34 years","F","","N","unavailable","unavailable",6
202209,"unavailable","SYD","WLG","P","A","AU","unavailable","unavailable","45 - 54 years","M","","N","unavailable","unavailable",6
202209,"unavailable","HKG","AKL","P","A","HK","unavailable","unavailable","45 - 54 years","M","","N","unavailable","unavailable",6
202209,"unavailable","MEL","AKL","P","A","AU","unavailable","unavailable","12 - 18 years","F","","N","unavailable","unavailable",6
202209,"unavailable","BNE","AKL","P","A","AU","unavailable","unavailable","65 - 74 years","F","","N","unavailable","unavailable",6
202209,"unavailable","KUL","AKL","P","A","IE","unavailable","unavailable","19 - 24 years","F","","N","unavailable","unavailable",6
202209,"unavailable","SYD","AKL","P","A","AU","unavailable","unavailable","19 - 24 years","F","","N","unavailable","unavailable",6
202209,"unavailable","NAN","AKL","P","A","US","unavailable","unavailable","25 - 34 years","M","","N","unavailable","unavailable",6
202209,"unavailable","PER","AKL","P","A","AU","unavailable","unavailable","12 - 18 years","F","","N","unavailable","unavailable",6
202209,"unavailable","KUL","AKL","P","A","FR","unavailable","unavailable","25 - 34 years","M","","N","unavailable","unavailable",6
202209,"unavailable","TBU","AKL","P","A","TO","unavailable","unavailable","55 - 64 years","F","","N","unavailable","unavailable",6
202209,"unavailable","APW","AKL","P","A","WS","unavailable","unavailable","55 - 64 years","M","","N","unavailable","unavailable",6
202209,"unavailable","SIN","AKL","P","A","IN","unavailable","unavailable","45 - 54 years","M","","N","unavailable","unavailable",6
202209,"unavailable","SYD","AKL","P","A","US","unavailable","unavailable","25 - 34 years","M","","N","unavailable","unavailable",6
202209,"unavailable","APW","AKL","P","A","WS","unavailable","unavailable","19 - 24 years","F","","N","unavailable","unavailable",6
202209,"unavailable","YVR","AKL","P","A","GB","unavailable","unavailable","25 - 34 years","M","","N","unavailable","unavailable",6
202209,"unavailable","SIN","AKL","P","A","IN","unavailable","unavailable","12 - 18 years","F","","N","unavailable","unavailable",6
202209,"unavailable","PPT","AKL","P","A","PF","unavailable","unavailable","25 - 34 years","M","","N","unavailable","unavailable",6
202209,"unavailable","LAX","AKL","P","A","IE","unavailable","unavailable","25 - 34 years","F","","N","unavailable","unavailable",6
202209,"unavailable","SYD","AKL","P","A","AU","unavailable","unavailable","65 - 74 years","M","","N","unavailable","unavailable",6
202209,"unavailable","HKG","AKL","P","A","VN","unavailable","unavailable","19 - 24 years","M","","N","unavailable","unavailable",6
202209,"unavailable","HKG","AKL","P","A","VN","unavailable","unavailable","25 - 34 years","M","","N","unavailable","unavailable",6
202209,"unavailable","SYD","AKL","P","A","ID","unavailable","unavailable","35 - 44 years","M","","N","unavailable","unavailable",6
202209,"unavailable","APW","AKL","P","A","WS","unavailable","unavailable","12 - 18 years","F","","N","unavailable","unavailable",6
202209,"unavailable","TBU","AKL","P","A","TO","unavailable","unavailable","01 - 11 years","F","","N","unavailable","unavailable",6
202209,"unavailable","SIN","AKL","P","A","ZA","unavailable","unavailable","25 - 34 years","M","","N","unavailable","unavailable",6
202209,"unavailable","ADL","AKL","P","A","AU","unavailable","unavailable","25 - 34 years","F","","N","unavailable","unavailable",6
202209,"unavailable","SIN","AKL","P","A","ZA","unavailable","unavailable","25 - 34 years","F","","N","unavailable","unavailable",6
202209,"unavailable","HKG","AKL","P","A","XX","unavailable","unavailable","35 - 44 years","M","","N","unavailable","unavailable",6
202209,"unavailable","ADL","AKL","P","A","DE","unavailable","unavailable","25 - 34 years","F","","N","unavailable","unavailable",6
202209,"unavailable","SIN","AKL","P","A","ZA","unavailable","unavailable","35 - 44 years","F","","N","unavailable","unavailable",6
202209,"unavailable","LAX","AKL","P","A","US","unavailable","unavailable","35 - 44 years","M","","N","unavailable","unavailable",6
202209,"unavailable","ADL","AKL","P","A","AU","unavailable","unavailable","25 - 34 years","M","","N","unavailable","unavailable",6
202209,"unavailable","ADL","AKL","P","A","ZA","unavailable","unavailable","01 - 11 years","M","","N","unavailable","unavailable",6
202209,"unavailable","BNE","CHC","P","A","AU","unavailable","unavailable","55 - 64 years","M","","N","unavailable","unavailable",6
202209,"unavailable","BNE","AKL","P","A","AU","unavailable","unavailable","45 - 54 years","M","","N","unavailable","unavailable",6
202209,"unavailable","IAH","AKL","P","A","FR","unavailable","unavailable","25 - 34 years","M","","N","unavailable","unavailable",6
202209,"unavailable","KUL","AKL","P","A","LB","unavailable","unavailable","25 - 34 years","M","","N","unavailable","unavailable",6
202209,"unavailable","KUL","AKL","P","A","IN","unavailable","unavailable","12 - 18 years","M","","N","unavailable","unavailable",6
202209,"unavailable","SEL","AKL","P","A","KR","unavailable","unavailable","45 - 54 years","M","","N","unavailable","unavailable",6
202209,"unavailable","KUL","AKL","P","A","GB","unavailable","unavailable","45 - 54 years","M","","N","unavailable","unavailable",6
202209,"unavailable","KUL","AKL","P","A","JO","unavailable","unavailable","01 - 11 years","F","","N","unavailable","unavailable",6
202209,"unavailable","NAN","WLG","P","A","FJ","unavailable","unavailable","19 - 24 years","M","","N","unavailable","unavailable",6
202209,"unavailable","SIN","AKL","P","A","IN","unavailable","unavailable","12 - 18 years","M","","N","unavailable","unavailable",6
202209,"unavailable","HKG","AKL","P","A","FR","unavailable","unavailable","25 - 34 years","M","","N","unavailable","unavailable",6
202209,"unavailable","APW","AKL","P","A","WS","unavailable","unavailable","25 - 34 years","F","","N","unavailable","unavailable",6
202209,"unavailable","SYD","AKL","P","A","ID","unavailable","unavailable","25 - 34 years","F","","N","unavailable","unavailable",6
202209,"unavailable","SYD","AKL","P","A","JP","unavailable","unavailable","25 - 34 years","F","","N","unavailable","unavailable",6
202209,"unavailable","CAN","AKL","P","A","CN","unavailable","unavailable","75+","M","","N","unavailable","unavailable",6
202209,"unavailable","MEL","AKL","P","A","GB","unavailable","unavailable","35 - 44 years","F","","N","unavailable","unavailable",6
202209,"unavailable","SYD","CHC","P","A","AU","unavailable","unavailable","01 - 11 years","F","","N","unavailable","unavailable",6
202209,"unavailable","MEL","WLG","P","A","MY","unavailable","unavailable","19 - 24 years","F","","N","unavailable","unavailable",6
202209,"unavailable","SYD","ZQN","P","A","GB","unavailable","unavailable","25 - 34 years","M","","N","unavailable","unavailable",6
202209,"unavailable","SYD","AKL","P","A","ZA","unavailable","unavailable","45 - 54 years","M","","N","unavailable","unavailable",6
202209,"unavailable","SIN","AKL","P","A","SG","unavailable","unavailable","35 - 44 years","F","","N","unavailable","unavailable",6
202209,"unavailable","SIN","AKL","P","A","XX","unavailable","unavailable","25 - 34 years","M","","N","unavailable","unavailable",6
202209,"unavailable","BNE","AKL","P","A","AU","unavailable","unavailable","35 - 44 years","M","","N","unavailable","unavailable",6
202209,"unavailable","NAN","AKL","P","A","FJ","unavailable","unavailable","12 - 18 years","F","","N","unavailable","unavailable",6
202209,"unavailable","LAX","AKL","P","A","GB","unavailable","unavailable","12 - 18 years","M","","N","unavailable","unavailable",6
202209,"unavailable","LAX","AKL","P","A","CZ","unavailable","unavailable","19 - 24 years","M","","N","unavailable","unavailable",6
202209,"unavailable","IAH","AKL","P","A","CA","unavailable","unavailable","25 - 34 years","M","","N","unavailable","unavailable",6
202209,"unavailable","SYD","AKL","P","A","CZ","unavailable","unavailable","25 - 34 years","F","","N","unavailable","unavailable",6
202209,"unavailable","LAX","AKL","P","A","US","unavailable","unavailable","01 - 11 years","F","","N","unavailable","unavailable",6
202209,"unavailable","SIN","AKL","P","A","IN","unavailable","unavailable","65 - 74 years","M","","N","unavailable","unavailable",6
202209,"unavailable","LAX","AKL","P","A","GB","unavailable","unavailable","01 - 11 years","M","","N","unavailable","unavailable",6
202209,"unavailable","TPE","AKL","P","A","TW","unavailable","unavailable","19 - 24 years","F","","N","unavailable","unavailable",6
202209,"unavailable","KUL","AKL","P","A","IE","unavailable","unavailable","25 - 34 years","F","","N","unavailable","unavailable",6
202209,"unavailable","SIN","AKL","P","A","DE","unavailable","unavailable","12 - 18 years","F","","N","unavailable","unavailable",6
202209,"unavailable","SYD","AKL","P","A","DE","unavailable","unavailable","25 - 34 years","M","","N","unavailable","unavailable",6
202209,"unavailable","SFO","AKL","P","A","US","unavailable","unavailable","35 - 44 years","F","","N","unavailable","unavailable",6
202209,"unavailable","PER","AKL","P","A","AU","unavailable","unavailable","01 - 11 years","M","","N","unavailable","unavailable",6
202209,"unavailable","SIN","CHC","P","A","GB","unavailable","unavailable","35 - 44 years","M","","N","unavailable","unavailable",6
202209,"unavailable","SYD","AKL","P","A","IE","unavailable","unavailable","25 - 34 years","F","","N","unavailable","unavailable",6
202209,"unavailable","KUL","AKL","P","A","LK","unavailable","unavailable","01 - 11 years","F","","N","unavailable","unavailable",6
202209,"unavailable","SIN","AKL","P","A","LK","unavailable","unavailable","01 - 11 years","F","","N","unavailable","unavailable",6
202209,"unavailable","HKG","AKL","P","A","DE","unavailable","unavailable","19 - 24 years","M","","N","unavailable","unavailable",6
202209,"unavailable","SHA","AKL","P","A","CN","unavailable","unavailable","55 - 64 years","M","","N","unavailable","unavailable",6
202209,"unavailable","BNE","CHC","P","A","AU","unavailable","unavailable","25 - 34 years","M","","N","unavailable","unavailable",6
202209,"unavailable","SYD","AKL","P","A","PH","unavailable","unavailable","45 - 54 years","M","","N","unavailable","unavailable",6
202209,"unavailable","SIN","AKL","P","A","LK","unavailable","unavailable","35 - 44 years","M","","N","unavailable","unavailable",6
202209,"unavailable","KUL","AKL","P","A","FR","unavailable","unavailable","19 - 24 years","M","","N","unavailable","unavailable",6
202209,"unavailable","SIN","AKL","P","A","IN","unavailable","unavailable","65 - 74 years","F","","N","unavailable","unavailable",6
202209,"unavailable","SYD","AKL","P","A","ZA","unavailable","unavailable","01 - 11 years","F","","N","unavailable","unavailable",6
202209,"unavailable","YVR","AKL","P","A","CA","unavailable","unavailable","55 - 64 years","F","","N","unavailable","unavailable",6
202209,"unavailable","KUL","AKL","P","A","LB","unavailable","unavailable","19 - 24 years","M","","N","unavailable","unavailable",6
202209,"unavailable","BNE","CHC","P","A","AU","unavailable","unavailable","45 - 54 years","M","","N","unavailable","unavailable",6
202209,"unavailable","SIN","AKL","P","A","ZA","unavailable","unavailable","35 - 44 years","M","","N","unavailable","unavailable",6
202209,"unavailable","HKG","AKL","P","A","GB","unavailable","unavailable","19 - 24 years","F","","N","unavailable","unavailable",6
202209,"unavailable","SUV","AKL","P","A","FJ","unavailable","unavailable","25 - 34 years","M","","N","unavailable","unavailable",6
202209,"unavailable","MEL","ZQN","P","A","IE","unavailable","unavailable","19 - 24 years","M","","N","unavailable","unavailable",6
202209,"unavailable","SYD","AKL","P","A","ZA","unavailable","unavailable","01 - 11 years","M","","N","unavailable","unavailable",6
202209,"unavailable","MEL","AKL","P","A","IE","unavailable","unavailable","25 - 34 years","F","","N","unavailable","unavailable",6
202209,"unavailable","SIN","AKL","P","A","IN","unavailable","unavailable","55 - 64 years","F","","N","unavailable","unavailable",6
202209,"unavailable","NAN","AKL","P","A","FJ","unavailable","unavailable","45 - 54 years","F","","N","unavailable","unavailable",6
202209,"unavailable","MEL","AKL","P","A","AU","unavailable","unavailable","19 - 24 years","M","","N","unavailable","unavailable",6
202209,"unavailable","SIN","AKL","P","A","GB","unavailable","unavailable","01 - 11 years","M","","N","unavailable","unavailable",6
202209,"unavailable","NRT","AKL","P","A","JP","unavailable","unavailable","01 - 11 years","M","","N","unavailable","unavailable",6
202209,"unavailable","SIN","AKL","P","A","PH","unavailable","unavailable","35 - 44 years","F","","N","unavailable","unavailable",6
202209,"unavailable","HKG","AKL","P","A","TR","unavailable","unavailable","25 - 34 years","M","","N","unavailable","unavailable",6
202209,"unavailable","NRT","AKL","P","A","JP","unavailable","unavailable","45 - 54 years","M","","N","unavailable","unavailable",6
202209,"unavailable","MEL","AKL","P","A","AU","unavailable","unavailable","19 - 24 years","F","","N","unavailable","unavailable",6
202209,"unavailable","HKG","AKL","P","A","FR","unavailable","unavailable","25 - 34 years","F","","N","unavailable","unavailable",6
202209,"unavailable","SYD","WLG","P","A","AU","unavailable","unavailable","45 - 54 years","F","","N","unavailable","unavailable",6
202209,"unavailable","LAX","AKL","P","A","CZ","unavailable","unavailable","35 - 44 years","F","","N","unavailable","unavailable",6
202209,"unavailable","IAH","AKL","P","A","CA","unavailable","unavailable","19 - 24 years","F","","N","unavailable","unavailable",6
202209,"unavailable","SYD","AKL","P","A","XX","unavailable","unavailable","35 - 44 years","M","","N","unavailable","unavailable",6
202209,"unavailable","SYD","WLG","P","A","GB","unavailable","unavailable","19 - 24 years","F","","N","unavailable","unavailable",6
202209,"unavailable","KUL","AKL","P","A","IE","unavailable","unavailable","25 - 34 years","M","","N","unavailable","unavailable",6
202209,"unavailable","SIN","AKL","P","A","NP","unavailable","unavailable","35 - 44 years","M","","N","unavailable","unavailable",6
202209,"unavailable","TPE","AKL","P","A","TW","unavailable","unavailable","35 - 44 years","F","","N","unavailable","unavailable",6
202209,"unavailable","KUL","AKL","P","A","DE","unavailable","unavailable","25 - 34 years","F","","N","unavailable","unavailable",6
202209,"unavailable","SCL","AKL","P","A","CL","unavailable","unavailable","35 - 44 years","M","","N","unavailable","unavailable",6
202209,"unavailable","SYD","WLG","P","A","AU","unavailable","unavailable","25 - 34 years","F","","N","unavailable","unavailable",6
202209,"unavailable","SEL","AKL","P","A","KR","unavailable","unavailable","55 - 64 years","F","","N","unavailable","unavailable",6
202209,"unavailable","SIN","AKL","P","A","XX","unavailable","unavailable","01 - 11 years","M","","N","unavailable","unavailable",6
202209,"unavailable","KUL","AKL","P","A","LK","unavailable","unavailable","45 - 54 years","M","","N","unavailable","unavailable",6
202209,"unavailable","KUL","AKL","P","A","ZA","unavailable","unavailable","19 - 24 years","F","","N","unavailable","unavailable",6
202209,"unavailable","SYD","AKL","P","A","GB","unavailable","unavailable","19 - 24 years","F","","N","unavailable","unavailable",6
202209,"unavailable","HNL","AKL","P","A","GB","unavailable","unavailable","25 - 34 years","M","","N","unavailable","unavailable",6
202209,"unavailable","SIN","CHC","P","A","GB","unavailable","unavailable","19 - 24 years","M","","N","unavailable","unavailable",6
202209,"unavailable","KUL","AKL","P","A","PK","unavailable","unavailable","25 - 34 years","F","","N","unavailable","unavailable",6
202209,"unavailable","SYD","AKL","P","A","GB","unavailable","unavailable","19 - 24 years","M","","N","unavailable","unavailable",6
202209,"unavailable","SIN","AKL","P","A","TH","unavailable","unavailable","19 - 24 years","F","","N","unavailable","unavailable",6
202209,"unavailable","SFO","AKL","P","A","CA","unavailable","unavailable","25 - 34 years","M","","N","unavailable","unavailable",6
202209,"unavailable","HKG","AKL","P","A","XX","unavailable","unavailable","25 - 34 years","F","","N","unavailable","unavailable",6
202209,"unavailable","MEL","AKL","P","A","PH","unavailable","unavailable","01 - 11 years","M","","N","unavailable","unavailable",6
202209,"unavailable","TPE","AKL","P","A","TW","unavailable","unavailable","55 - 64 years","F","","N","unavailable","unavailable",6
202209,"unavailable","SYD","ZQN","P","A","PH","unavailable","unavailable","01 - 11 years","F","","N","unavailable","unavailable",6
202209,"unavailable","SYD","WLG","P","A","PH","unavailable","unavailable","19 - 24 years","F","","N","unavailable","unavailable",6
202209,"unavailable","HKG","AKL","P","A","DE","unavailable","unavailable","25 - 34 years","F","","N","unavailable","unavailable",6
202209,"unavailable","SYD","WLG","P","A","AU","unavailable","unavailable","35 - 44 years","M","","N","unavailable","unavailable",6
202209,"unavailable","NRT","AKL","P","A","CA","unavailable","unavailable","25 - 34 years","F","","N","unavailable","unavailable",6
202209,"unavailable","KUL","AKL","P","A","XX","unavailable","unavailable","55 - 64 years","F","","N","unavailable","unavailable",6
202209,"unavailable","HKG","AKL","P","A","HK","unavailable","unavailable","25 - 34 years","M","","N","unavailable","unavailable",6
202209,"unavailable","HKG","AKL","P","A","HK","unavailable","unavailable","45 - 54 years","F","","N","unavailable","unavailable",6
202209,"unavailable","SIN","AKL","P","A","GB","unavailable","unavailable","45 - 54 years","F","","N","unavailable","unavailable",6
202209,"unavailable","PER","AKL","P","A","AU","unavailable","unavailable","35 - 44 years","F","","N","unavailable","unavailable",6
202209,"unavailable","SYD","WLG","P","A","PH","unavailable","unavailable","35 - 44 years","F","","N","unavailable","unavailable",6
202209,"unavailable","HNL","AKL","P","A","US","unavailable","unavailable","19 - 24 years","M","","N","unavailable","unavailable",6
202209,"unavailable","OOL","AKL","P","A","AU","unavailable","unavailable","12 - 18 years","F","","N","unavailable","unavailable",6
202209,"unavailable","SYD","AKL","P","A","AU","unavailable","unavailable","12 - 18 years","M","","N","unavailable","unavailable",6
202209,"unavailable","PER","AKL","P","A","AU","unavailable","unavailable","45 - 54 years","M","","N","unavailable","unavailable",6
202209,"unavailable","SYD","AKL","P","A","ID","unavailable","unavailable","01 - 11 years","F","","N","unavailable","unavailable",3
202209,"unavailable","SYD","CHC","P","A","AU","unavailable","unavailable","45 - 54 years","M","","N","unavailable","unavailable",3
202209,"unavailable","NRT","AKL","P","A","LB","unavailable","unavailable","19 - 24 years","M","","N","unavailable","unavailable",3
202209,"unavailable","HKG","AKL","P","A","KR","unavailable","unavailable","25 - 34 years","F","","N","unavailable","unavailable",3
202209,"unavailable","NAN","CHC","P","A","KI","unavailable","unavailable","35 - 44 years","M","","N","unavailable","unavailable",3
202209,"unavailable","SIN","AKL","P","A","ZA","unavailable","unavailable","75+","F","","N","unavailable","unavailable",3
202209,"unavailable","SYD","WLG","P","A","ID","unavailable","unavailable","35 - 44 years","M","","N","unavailable","unavailable",3
202209,"unavailable","APW","AKL","P","A","AU","unavailable","unavailable","19 - 24 years","F","","N","unavailable","unavailable",3
202209,"unavailable","KUL","AKL","P","A","NP","unavailable","unavailable","25 - 34 years","M","","N","unavailable","unavailable",3
202209,"unavailable","HKG","AKL","P","A","BE","unavailable","unavailable","25 - 34 years","M","","N","unavailable","unavailable",3
202209,"unavailable","NAN","WLG","P","A","SG","unavailable","unavailable","35 - 44 years","M","","N","unavailable","unavailable",3
202209,"unavailable","OOL","WLG","P","A","AU","unavailable","unavailable","12 - 18 years","F","","N","unavailable","unavailable",3
202209,"unavailable","NRT","AKL","P","A","DE","unavailable","unavailable","45 - 54 years","M","","N","unavailable","unavailable",3
202209,"unavailable","SYD","CHC","P","A","ZA","unavailable","unavailable","35 - 44 years","F","","N","unavailable","unavailable",3
202209,"unavailable","SIN","AKL","P","A","DE","unavailable","unavailable","01 - 11 years","F","","N","unavailable","unavailable",3
202209,"unavailable","SYD","AKL","P","A","IE","unavailable","unavailable","25 - 34 years","M","","N","unavailable","unavailable",3
202209,"unavailable","SYD","WLG","P","A","ID","unavailable","unavailable","25 - 34 years","F","","N","unavailable","unavailable",3
202209,"unavailable","SIN","AKL","P","A","XX","unavailable","unavailable","35 - 44 years","M","","N","unavailable","unavailable",3
202209,"unavailable","BNE","CHC","P","A","AU","unavailable","unavailable","35 - 44 years","F","","N","unavailable","unavailable",3
202209,"unavailable","KUL","AKL","P","A","XX","unavailable","unavailable","75+","F","","N","unavailable","unavailable",3
202209,"unavailable","SIN","AKL","P","A","DE","unavailable","unavailable","45 - 54 years","F","","N","unavailable","unavailable",3
202209,"unavailable","SIN","AKL","P","A","XX","unavailable","unavailable","12 - 18 years","M","","N","unavailable","unavailable",3
202209,"unavailable","ADL","AKL","P","A","ZA","unavailable","unavailable","35 - 44 years","F","","N","unavailable","unavailable",3
202209,"unavailable","ADL","AKL","P","A","GB","unavailable","unavailable","19 - 24 years","F","","N","unavailable","unavailable",3
202209,"unavailable","SCL","AKL","P","A","UY","unavailable","unavailable","35 - 44 years","F","","N","unavailable","unavailable",3
202209,"unavailable","ADL","AKL","P","A","SE","unavailable","unavailable","19 - 24 years","F","","N","unavailable","unavailable",3
202209,"unavailable","KUL","AKL","P","A","DE","unavailable","unavailable","12 - 18 years","F","","N","unavailable","unavailable",3
202209,"unavailable","SYD","WLG","P","A","SG","unavailable","unavailable","35 - 44 years","F","","N","unavailable","unavailable",3
202209,"unavailable","PER","AKL","P","A","AU","unavailable","unavailable","19 - 24 years","F","","N","unavailable","unavailable",3
202209,"unavailable","SIN","AKL","P","A","LV","unavailable","unavailable","25 - 34 years","F","","N","unavailable","unavailable",3
202209,"unavailable","MEL","WLG","P","A","ZA","unavailable","unavailable","01 - 11 years","F","","N","unavailable","unavailable",3
202209,"unavailable","OOL","AKL","P","A","AU","unavailable","unavailable","45 - 54 years","M","","N","unavailable","unavailable",3
202209,"unavailable","HKG","AKL","P","A","IL","unavailable","unavailable","19 - 24 years","M","","N","unavailable","unavailable",3
202209,"unavailable","LAX","AKL","P","A","US","unavailable","unavailable","65 - 74 years","F","","N","unavailable","unavailable",3
202209,"unavailable","MEL","AKL","P","A","PH","unavailable","unavailable","35 - 44 years","F","","N","unavailable","unavailable",3
202209,"unavailable","IAH","AKL","P","A","GB","unavailable","unavailable","25 - 34 years","M","","N","unavailable","unavailable",3
202209,"unavailable","SIN","AKL","P","A","PH","unavailable","unavailable","19 - 24 years","F","","N","unavailable","unavailable",3
202209,"unavailable","KUL","AKL","P","A","NL","unavailable","unavailable","25 - 34 years","F","","N","unavailable","unavailable",3
202209,"unavailable","SYD","ZQN","P","A","PH","unavailable","unavailable","25 - 34 years","F","","N","unavailable","unavailable",3
202209,"unavailable","MEL","CHC","P","A","GB","unavailable","unavailable","01 - 11 years","M","","N","unavailable","unavailable",3
202209,"unavailable","NRT","AKL","P","A","ES","unavailable","unavailable","25 - 34 years","F","","N","unavailable","unavailable",3
202209,"unavailable","NAN","CHC","P","A","FJ","unavailable","unavailable","45 - 54 years","F","","N","unavailable","unavailable",3
202209,"unavailable","SIN","AKL","P","A","SG","unavailable","unavailable","55 - 64 years","M","","N","unavailable","unavailable",3
202209,"unavailable","NAN","AKL","P","A","AU","unavailable","unavailable","01 - 11 years","M","","N","unavailable","unavailable",3
202209,"unavailable","NAN","AKL","P","A","BE","unavailable","unavailable","25 - 34 years","F","","N","unavailable","unavailable",3
202209,"unavailable","NAN","AKL","P","A","GT","unavailable","unavailable","35 - 44 years","F","","N","unavailable","unavailable",3
202209,"unavailable","NAN","AKL","P","A","VN","unavailable","unavailable","01 - 11 years","M","","N","unavailable","unavailable",3
202209,"unavailable","LAX","AKL","P","A","MX","unavailable","unavailable","25 - 34 years","F","","N","unavailable","unavailable",3
202209,"unavailable","LAX","AKL","P","A","CA","unavailable","unavailable","19 - 24 years","M","","N","unavailable","unavailable",3
202209,"unavailable","SEL","AKL","P","A","DE","unavailable","unavailable","25 - 34 years","M","","N","unavailable","unavailable",3
202209,"unavailable","SIN","AKL","P","A","NO","unavailable","unavailable","19 - 24 years","F","","N","unavailable","unavailable",3
202209,"unavailable","SIN","AKL","P","A","QA","unavailable","unavailable","45 - 54 years","M","","N","unavailable","unavailable",3
202209,"unavailable","KUL","AKL","P","A","US","unavailable","unavailable","25 - 34 years","M","","N","unavailable","unavailable",3
202209,"unavailable","HNL","AKL","P","A","TH","unavailable","unavailable","25 - 34 years","M","","N","unavailable","unavailable",3
202209,"unavailable","OOL","AKL","P","A","AU","unavailable","unavailable","25 - 34 years","M","","N","unavailable","unavailable",3
202209,"unavailable","ADL","AKL","P","A","AU","unavailable","unavailable","19 - 24 years","F","","N","unavailable","unavailable",3
202209,"unavailable","NOU","AKL","P","A","MY","unavailable","unavailable","25 - 34 years","F","","N","unavailable","unavailable",3
202209,"unavailable","SIN","AKL","P","A","VN","unavailable","unavailable","35 - 44 years","F","","N","unavailable","unavailable",3
202209,"unavailable","HKG","AKL","P","A","IT","unavailable","unavailable","35 - 44 years","M","","N","unavailable","unavailable",3
202209,"unavailable","NAN","WLG","P","A","FJ","unavailable","unavailable","75+","M","","N","unavailable","unavailable",3
202209,"unavailable","PPT","AKL","P","A","US","unavailable","unavailable","12 - 18 years","M","","N","unavailable","unavailable",3
202209,"unavailable","SYD","AKL","P","A","ES","unavailable","unavailable","25 - 34 years","M","","N","unavailable","unavailable",3
202209,"unavailable","SIN","AKL","P","A","VN","unavailable","unavailable","01 - 11 years","M","","N","unavailable","unavailable",3
202209,"unavailable","SIN","AKL","P","A","PH","unavailable","unavailable","12 - 18 years","F","","N","unavailable","unavailable",3
202209,"unavailable","SYD","AKL","P","A","XX","unavailable","unavailable","12 - 18 years","M","","N","unavailable","unavailable",3
202209,"unavailable","MEL","CHC","P","A","PH","unavailable","unavailable","12 - 18 years","M","","N","unavailable","unavailable",3
202209,"unavailable","SYD","AKL","P","A","TH","unavailable","unavailable","25 - 34 years","F","","N","unavailable","unavailable",3
202209,"unavailable","SYD","AKL","P","A","MY","unavailable","unavailable","35 - 44 years","F","","N","unavailable","unavailable",3
202209,"unavailable","KUL","AKL","P","A","JO","unavailable","unavailable","01 - 11 years","M","","N","unavailable","unavailable",3
202209,"unavailable","SIN","AKL","P","A","PH","unavailable","unavailable","45 - 54 years","F","","N","unavailable","unavailable",3
202209,"unavailable","TBU","AKL","P","A","TO","unavailable","unavailable","12 - 18 years","M","","N","unavailable","unavailable",3
202209,"unavailable","SIN","CHC","P","A","SG","unavailable","unavailable","35 - 44 years","M","","N","unavailable","unavailable",3
202209,"unavailable","SEL","AKL","P","A","CZ","unavailable","unavailable","25 - 34 years","M","","N","unavailable","unavailable",3
202209,"unavailable","SIN","CHC","P","A","US","unavailable","unavailable","19 - 24 years","M","","N","unavailable","unavailable",3
202209,"unavailable","NRT","AKL","P","A","JP","unavailable","unavailable","Less than 1 year","F","","N","unavailable","unavailable",3
202209,"unavailable","SIN","AKL","P","A","QA","unavailable","unavailable","01 - 11 years","F","","N","unavailable","unavailable",3
202209,"unavailable","SIN","AKL","P","A","BE","unavailable","unavailable","25 - 34 years","F","","N","unavailable","unavailable",3
202209,"unavailable","SYD","ZQN","P","A","PH","unavailable","unavailable","35 - 44 years","F","","N","unavailable","unavailable",3
202209,"unavailable","SYD","WLG","P","A","FR","unavailable","unavailable","25 - 34 years","F","","N","unavailable","unavailable",3
202209,"unavailable","NRT","AKL","P","A","JP","unavailable","unavailable","Less than 1 year","M","","N","unavailable","unavailable",3
202209,"unavailable","OOL","WLG","P","A","AU","unavailable","unavailable","25 - 34 years","M","","N","unavailable","unavailable",3
202209,"unavailable","KUL","AKL","P","A","BD","unavailable","unavailable","01 - 11 years","M","","N","unavailable","unavailable",3
202209,"unavailable","SIN","AKL","P","A","BN","unavailable","unavailable","55 - 64 years","F","","N","unavailable","unavailable",3
202209,"unavailable","MEL","AKL","P","A","US","unavailable","unavailable","25 - 34 years","F","","N","unavailable","unavailable",3
202209,"unavailable","SIN","AKL","P","A","IN","unavailable","unavailable","Less than 1 year","M","","N","unavailable","unavailable",3
202209,"unavailable","BNE","CHC","P","A","AU","unavailable","unavailable","55 - 64 years","F","","N","unavailable","unavailable",3
202209,"unavailable","HKG","AKL","P","A","TH","unavailable","unavailable","65 - 74 years","F","","N","unavailable","unavailable",3
202209,"unavailable","KUL","AKL","P","A","CZ","unavailable","unavailable","25 - 34 years","M","","N","unavailable","unavailable",3
202209,"unavailable","SYD","AKL","P","A","GB","unavailable","unavailable","45 - 54 years","M","","N","unavailable","unavailable",3
202209,"unavailable","SIN","CHC","P","A","BD","unavailable","unavailable","25 - 34 years","M","","N","unavailable","unavailable",3
202209,"unavailable","SIN","CHC","P","A","SG","unavailable","unavailable","01 - 11 years","M","","N","unavailable","unavailable",3
202209,"unavailable","YVR","AKL","P","A","CA","unavailable","unavailable","45 - 54 years","M","","N","unavailable","unavailable",3
202209,"unavailable","KUL","AKL","P","A","EC","unavailable","unavailable","35 - 44 years","F","","N","unavailable","unavailable",3
202209,"unavailable","MEL","AKL","P","A","IN","unavailable","unavailable","25 - 34 years","F","","N","unavailable","unavailable",3
202209,"unavailable","HKG","AKL","P","A","HK","unavailable","unavailable","75+","M","","N","unavailable","unavailable",3
202209,"unavailable","SYD","AKL","P","A","GB","unavailable","unavailable","35 - 44 years","M","","N","unavailable","unavailable",3
202209,"unavailable","HNL","AKL","P","A","US","unavailable","unavailable","12 - 18 years","M","","N","unavailable","unavailable",3
202209,"unavailable","SIN","CHC","P","A","IN","unavailable","unavailable","19 - 24 years","F","","N","unavailable","unavailable",3
202209,"unavailable","LAX","AKL","P","A","CA","unavailable","unavailable","01 - 11 years","F","","N","unavailable","unavailable",3
202209,"unavailable","SIN","CHC","P","A","MY","unavailable","unavailable","25 - 34 years","M","","N","unavailable","unavailable",3
202209,"unavailable","SYD","AKL","P","A","VN","unavailable","unavailable","25 - 34 years","F","","N","unavailable","unavailable",3
202209,"unavailable","SYD","WLG","P","A","US","unavailable","unavailable","35 - 44 years","F","","N","unavailable","unavailable",3
202209,"unavailable","PPT","AKL","P","A","US","unavailable","unavailable","25 - 34 years","M","","N","unavailable","unavailable",3
202209,"unavailable","SIN","CHC","P","A","GB","unavailable","unavailable","25 - 34 years","F","","N","unavailable","unavailable",3
202209,"unavailable","KUL","AKL","P","A","JO","unavailable","unavailable","19 - 24 years","F","","N","unavailable","unavailable",3
202209,"unavailable","SYD","AKL","P","A","TH","unavailable","unavailable","35 - 44 years","F","","N","unavailable","unavailable",3
202209,"unavailable","SYD","CHC","P","A","AU","unavailable","unavailable","25 - 34 years","F","","N","unavailable","unavailable",3
202209,"unavailable","KUL","AKL","P","A","OM","unavailable","unavailable","35 - 44 years","F","","N","unavailable","unavailable",3
202209,"unavailable","SYD","AKL","P","A","AU","unavailable","unavailable","65 - 74 years","F","","N","unavailable","unavailable",3
202209,"unavailable","SIN","CHC","P","A","IN","unavailable","unavailable","12 - 18 years","M","","N","unavailable","unavailable",3
202209,"unavailable","BNE","WLG","P","A","AU","unavailable","unavailable","45 - 54 years","F","","N","unavailable","unavailable",3
202209,"unavailable","ADL","AKL","P","A","US","unavailable","unavailable","12 - 18 years","M","","N","unavailable","unavailable",3
202209,"unavailable","KUL","AKL","P","A","JO","unavailable","unavailable","12 - 18 years","M","","N","unavailable","unavailable",3
202209,"unavailable","SIN","AKL","P","A","CN","unavailable","unavailable","25 - 34 years","M","","N","unavailable","unavailable",3
202209,"unavailable","SYD","CHC","P","A","GB","unavailable","unavailable","19 - 24 years","M","","N","unavailable","unavailable",3
202209,"unavailable","LAX","AKL","P","A","XX","unavailable","unavailable","01 - 11 years","F","","N","unavailable","unavailable",3
202209,"unavailable","NRT","AKL","P","A","KR","unavailable","unavailable","25 - 34 years","M","","N","unavailable","unavailable",3
202209,"unavailable","LAX","AKL","P","A","DE","unavailable","unavailable","12 - 18 years","M","","N","unavailable","unavailable",3
202209,"unavailable","PPT","AKL","P","A","PF","unavailable","unavailable","12 - 18 years","M","","N","unavailable","unavailable",3
202209,"unavailable","SYD","ZQN","P","A","AU","unavailable","unavailable","19 - 24 years","F","","N","unavailable","unavailable",3
202209,"unavailable","HKG","AKL","P","A","LK","unavailable","unavailable","25 - 34 years","M","","N","unavailable","unavailable",3
202209,"unavailable","IAH","AKL","P","A","US","unavailable","unavailable","45 - 54 years","M","","N","unavailable","unavailable",3
202209,"unavailable","SYD","CHC","P","A","ID","unavailable","unavailable","12 - 18 years","M","","N","unavailable","unavailable",3
202209,"unavailable","NRT","AKL","P","A","DE","unavailable","unavailable","25 - 34 years","M","","N","unavailable","unavailable",3
202209,"unavailable","KUL","AKL","P","A","IR","unavailable","unavailable","35 - 44 years","M","","N","unavailable","unavailable",3
202209,"unavailable","HKG","AKL","P","A","IL","unavailable","unavailable","25 - 34 years","F","","N","unavailable","unavailable",3
202209,"unavailable","NAN","WLG","P","A","FJ","unavailable","unavailable","35 - 44 years","F","","N","unavailable","unavailable",3
202209,"unavailable","SYD","AKL","P","A","GR","unavailable","unavailable","12 - 18 years","F","","N","unavailable","unavailable",3
202209,"unavailable","OOL","WLG","P","A","AU","unavailable","unavailable","01 - 11 years","F","","N","unavailable","unavailable",3
202209,"unavailable","SYD","AKL","P","A","NL","unavailable","unavailable","25 - 34 years","M","","N","unavailable","unavailable",3
202209,"unavailable","NRT","AKL","P","A","GB","unavailable","unavailable","19 - 24 years","F","","N","unavailable","unavailable",3
202209,"unavailable","KUL","AKL","P","A","RU","unavailable","unavailable","35 - 44 years","F","","N","unavailable","unavailable",3
202209,"unavailable","HKG","AKL","P","A","IN","unavailable","unavailable","35 - 44 years","F","","N","unavailable","unavailable",3
202209,"unavailable","NRT","AKL","P","A","BE","unavailable","unavailable","25 - 34 years","M","","N","unavailable","unavailable",3
202209,"unavailable","SIN","AKL","P","A","ES","unavailable","unavailable","19 - 24 years","F","","N","unavailable","unavailable",3
202209,"unavailable","NRT","AKL","P","A","ZA","unavailable","unavailable","35 - 44 years","M","","N","unavailable","unavailable",3
202209,"unavailable","KUL","AKL","P","A","MV","unavailable","unavailable","45 - 54 years","M","","N","unavailable","unavailable",3
202209,"unavailable","SIN","AKL","P","A","KH","unavailable","unavailable","19 - 24 years","M","","N","unavailable","unavailable",3
202209,"unavailable","KUL","AKL","P","A","MY","unavailable","unavailable","45 - 54 years","M","","N","unavailable","unavailable",3
202209,"unavailable","SIN","AKL","P","A","IN","unavailable","unavailable","19 - 24 years","F","","N","unavailable","unavailable",3
202209,"unavailable","LAX","AKL","P","A","PN","unavailable","unavailable","45 - 54 years","F","","N","unavailable","unavailable",3
202209,"unavailable","MEL","AKL","P","A","CZ","unavailable","unavailable","25 - 34 years","M","","N","unavailable","unavailable",3
202209,"unavailable","SIN","AKL","P","A","CN","unavailable","unavailable","35 - 44 years","M","","N","unavailable","unavailable",3
202209,"unavailable","SFO","AKL","P","A","GB","unavailable","unavailable","19 - 24 years","F","","N","unavailable","unavailable",3
202209,"unavailable","SYD","AKL","P","A","SG","unavailable","unavailable","25 - 34 years","M","","N","unavailable","unavailable",3
202209,"unavailable","SIN","CHC","P","A","KR","unavailable","unavailable","35 - 44 years","F","","N","unavailable","unavailable",3
202209,"unavailable","TPE","AKL","P","A","HR","unavailable","unavailable","Less than 1 year","M","","N","unavailable","unavailable",3
202209,"unavailable","KUL","AKL","P","A","NL","unavailable","unavailable","35 - 44 years","F","","N","unavailable","unavailable",3
202209,"unavailable","SYD","AKL","P","A","NL","unavailable","unavailable","25 - 34 years","F","","N","unavailable","unavailable",3
202209,"unavailable","NAN","CHC","P","A","FJ","unavailable","unavailable","01 - 11 years","M","","N","unavailable","unavailable",3
202209,"unavailable","ADL","AKL","P","A","AU","unavailable","unavailable","55 - 64 years","M","","N","unavailable","unavailable",3
202209,"unavailable","NAN","AKL","P","A","XX","unavailable","unavailable","35 - 44 years","M","","N","unavailable","unavailable",3
202209,"unavailable","MEL","CHC","P","A","AU","unavailable","unavailable","25 - 34 years","M","","N","unavailable","unavailable",3
202209,"unavailable","SFO","AKL","P","A","DK","unavailable","unavailable","25 - 34 years","M","","N","unavailable","unavailable",3
202209,"unavailable","SIN","AKL","P","A","PH","unavailable","unavailable","19 - 24 years","M","","N","unavailable","unavailable",3
202209,"unavailable","NRT","AKL","P","A","ZA","unavailable","unavailable","19 - 24 years","F","","N","unavailable","unavailable",3
202209,"unavailable","KUL","AKL","P","A","UA","unavailable","unavailable","65 - 74 years","F","","N","unavailable","unavailable",3
202209,"unavailable","KUL","AKL","P","A","PH","unavailable","unavailable","12 - 18 years","M","","N","unavailable","unavailable",3
202209,"unavailable","BNE","AKL","P","A","CA","unavailable","unavailable","35 - 44 years","F","","N","unavailable","unavailable",3
202209,"unavailable","SIN","AKL","P","A","NO","unavailable","unavailable","25 - 34 years","M","","N","unavailable","unavailable",3
202209,"unavailable","SIN","AKL","P","A","TH","unavailable","unavailable","25 - 34 years","F","","N","unavailable","unavailable",3
202209,"unavailable","MEL","AKL","P","A","PH","unavailable","unavailable","25 - 34 years","F","","N","unavailable","unavailable",3
202209,"unavailable","SIN","AKL","P","A","VN","unavailable","unavailable","19 - 24 years","M","","N","unavailable","unavailable",3
202209,"unavailable","SYD","WLG","P","A","PH","unavailable","unavailable","45 - 54 years","M","","N","unavailable","unavailable",3
202209,"unavailable","SYD","WLG","P","A","XX","unavailable","unavailable","25 - 34 years","F","","N","unavailable","unavailable",3
202209,"unavailable","PER","AKL","P","A","XX","unavailable","unavailable","25 - 34 years","M","","N","unavailable","unavailable",3
202209,"unavailable","SIN","AKL","P","A","DE","unavailable","unavailable","55 - 64 years","M","","N","unavailable","unavailable",3
202209,"unavailable","MEL","CHC","P","A","PH","unavailable","unavailable","35 - 44 years","F","","N","unavailable","unavailable",3
202209,"unavailable","OOL","AKL","P","A","IE","unavailable","unavailable","25 - 34 years","M","","N","unavailable","unavailable",3
202209,"unavailable","MEL","AKL","P","A","AT","unavailable","unavailable","35 - 44 years","M","","N","unavailable","unavailable",3
202209,"unavailable","SYD","WLG","P","A","GB","unavailable","unavailable","45 - 54 years","F","","N","unavailable","unavailable",3
202209,"unavailable","RAR","AKL","P","A","CK","unavailable","unavailable","01 - 11 years","F","","N","unavailable","unavailable",3
202209,"unavailable","SYD","AKL","P","A","XX","unavailable","unavailable","35 - 44 years","F","","N","unavailable","unavailable",3
202209,"unavailable","TPE","AKL","P","A","HR","unavailable","unavailable","35 - 44 years","M","","N","unavailable","unavailable",3
202209,"unavailable","HKG","AKL","P","A","SA","unavailable","unavailable","25 - 34 years","M","","N","unavailable","unavailable",3
202209,"unavailable","SIN","CHC","P","A","MY","unavailable","unavailable","19 - 24 years","F","","N","unavailable","unavailable",3
202209,"unavailable","YVR","AKL","P","A","CA","unavailable","unavailable","01 - 11 years","M","","N","unavailable","unavailable",3
202209,"unavailable","SYD","AKL","P","A","VN","unavailable","unavailable","12 - 18 years","M","","N","unavailable","unavailable",3
202209,"unavailable","LAX","AKL","P","A","CN","unavailable","unavailable","25 - 34 years","M","","N","unavailable","unavailable",3
202209,"unavailable","SIN","AKL","P","A","TH","unavailable","unavailable","12 - 18 years","F","","N","unavailable","unavailable",3
202209,"unavailable","SYD","AKL","P","A","TH","unavailable","unavailable","55 - 64 years","M","","N","unavailable","unavailable",3
202209,"unavailable","NAN","CHC","P","A","FJ","unavailable","unavailable","19 - 24 years","M","","N","unavailable","unavailable",3
202209,"unavailable","KUL","AKL","P","A","CZ","unavailable","unavailable","25 - 34 years","F","","N","unavailable","unavailable",3
202209,"unavailable","NAN","AKL","P","A","XX","unavailable","unavailable","01 - 11 years","M","","N","unavailable","unavailable",3
202209,"unavailable","SIN","AKL","P","A","MY","unavailable","unavailable","25 - 34 years","M","","N","unavailable","unavailable",3
202209,"unavailable","MEL","AKL","P","A","DE","unavailable","unavailable","19 - 24 years","F","","N","unavailable","unavailable",3
202209,"unavailable","LAX","AKL","P","A","CA","unavailable","unavailable","45 - 54 years","M","","N","unavailable","unavailable",3
202209,"unavailable","CNS","AKL","P","A","AU","unavailable","unavailable","19 - 24 years","M","","N","unavailable","unavailable",3
202209,"unavailable","MEL","AKL","P","A","GR","unavailable","unavailable","25 - 34 years","M","","N","unavailable","unavailable",3
202209,"unavailable","SIN","CHC","P","A","ZA","unavailable","unavailable","25 - 34 years","M","","N","unavailable","unavailable",3
202209,"unavailable","NRT","AKL","P","A","LT","unavailable","unavailable","19 - 24 years","M","","N","unavailable","unavailable",3
202209,"unavailable","NRT","AKL","P","A","JP","unavailable","unavailable","45 - 54 years","F","","N","unavailable","unavailable",3
202209,"unavailable","LAX","AKL","P","A","DE","unavailable","unavailable","25 - 34 years","M","","N","unavailable","unavailable",3
202209,"unavailable","KUL","AKL","P","A","PK","unavailable","unavailable","Less than 1 year","F","","N","unavailable","unavailable",3
202209,"unavailable","PER","AKL","P","A","XX","unavailable","unavailable","12 - 18 years","M","","N","unavailable","unavailable",3
202209,"unavailable","NAN","AKL","P","A","XX","unavailable","unavailable","01 - 11 years","F","","N","unavailable","unavailable",3
202209,"unavailable","SYD","ZQN","P","A","AU","unavailable","unavailable","25 - 34 years","F","","N","unavailable","unavailable",3
202209,"unavailable","OOL","ZQN","P","A","AU","unavailable","unavailable","Less than 1 year","F","","N","unavailable","unavailable",3
202209,"unavailable","NRT","AKL","P","A","KR","unavailable","unavailable","25 - 34 years","F","","N","unavailable","unavailable",3
202209,"unavailable","SCL","AKL","P","A","XX","unavailable","unavailable","25 - 34 years","F","","N","unavailable","unavailable",3
202209,"unavailable","SYD","WLG","P","A","AU","unavailable","unavailable","55 - 64 years","F","","N","unavailable","unavailable",3
202209,"unavailable","NRT","AKL","P","A","DE","unavailable","unavailable","12 - 18 years","M","","N","unavailable","unavailable",3
202209,"unavailable","MEL","CHC","P","A","AU","unavailable","unavailable","01 - 11 years","F","","N","unavailable","unavailable",3
202209,"unavailable","SIN","AKL","P","A","VN","unavailable","unavailable","01 - 11 years","F","","N","unavailable","unavailable",3
202209,"unavailable","SCL","AKL","P","A","BR","unavailable","unavailable","45 - 54 years","F","","N","unavailable","unavailable",3
202209,"unavailable","SIN","AKL","P","A","GB","unavailable","unavailable","55 - 64 years","F","","N","unavailable","unavailable",3
202209,"unavailable","ADL","AKL","P","A","CL","unavailable","unavailable","25 - 34 years","M","","N","unavailable","unavailable",3
202209,"unavailable","TBU","AKL","P","A","TO","unavailable","unavailable","75+","F","","N","unavailable","unavailable",3
202209,"unavailable","SYD","AKL","P","A","SA","unavailable","unavailable","35 - 44 years","F","","N","unavailable","unavailable",3
202209,"unavailable","SCL","AKL","P","A","UY","unavailable","unavailable","25 - 34 years","M","","N","unavailable","unavailable",3
202209,"unavailable","NRT","AKL","P","A","JP","unavailable","unavailable","55 - 64 years","F","","N","unavailable","unavailable",3
202209,"unavailable","SIN","AKL","P","A","TR","unavailable","unavailable","35 - 44 years","F","","N","unavailable","unavailable",3
202209,"unavailable","SYD","CHC","P","A","AU","unavailable","unavailable","65 - 74 years","M","","N","unavailable","unavailable",3
202209,"unavailable","SYD","AKL","P","A","CA","unavailable","unavailable","19 - 24 years","M","","N","unavailable","unavailable",3
202209,"unavailable","SIN","AKL","P","A","UA","unavailable","unavailable","35 - 44 years","F","","N","unavailable","unavailable",3
202209,"unavailable","NAN","CHC","P","A","GB","unavailable","unavailable","19 - 24 years","M","","N","unavailable","unavailable",3
202209,"unavailable","SYD","WLG","P","A","US","unavailable","unavailable","19 - 24 years","M","","N","unavailable","unavailable",3
202209,"unavailable","KUL","AKL","P","A","EG","unavailable","unavailable","01 - 11 years","M","","N","unavailable","unavailable",3
202209,"unavailable","NAN","AKL","P","A","XX","unavailable","unavailable","25 - 34 years","M","","N","unavailable","unavailable",3
202209,"unavailable","SIN","AKL","P","A","IT","unavailable","unavailable","25 - 34 years","F","","N","unavailable","unavailable",3
202209,"unavailable","KUL","AKL","P","A","BD","unavailable","unavailable","25 - 34 years","F","","N","unavailable","unavailable",3
202209,"unavailable","SYD","AKL","P","A","GB","unavailable","unavailable","01 - 11 years","F","","N","unavailable","unavailable",3
202209,"unavailable","KUL","AKL","P","A","IR","unavailable","unavailable","12 - 18 years","M","","N","unavailable","unavailable",3
202209,"unavailable","SIN","CHC","P","A","IE","unavailable","unavailable","19 - 24 years","M","","N","unavailable","unavailable",3
202209,"unavailable","MEL","AKL","P","A","ID","unavailable","unavailable","19 - 24 years","M","","N","unavailable","unavailable",3
202209,"unavailable","OOL","AKL","P","A","XX","unavailable","unavailable","65 - 74 years","F","","N","unavailable","unavailable",3
202209,"unavailable","SIN","AKL","P","A","IT","unavailable","unavailable","19 - 24 years","M","","N","unavailable","unavailable",3
202209,"unavailable","HNL","AKL","P","A","US","unavailable","unavailable","12 - 18 years","F","","N","unavailable","unavailable",3
202209,"unavailable","SYD","AKL","P","A","LB","unavailable","unavailable","25 - 34 years","M","","N","unavailable","unavailable",3
202209,"unavailable","SEL","AKL","P","A","DE","unavailable","unavailable","19 - 24 years","F","","N","unavailable","unavailable",3
202209,"unavailable","MEL","CHC","P","A","AU","unavailable","unavailable","12 - 18 years","F","","N","unavailable","unavailable",3
202209,"unavailable","SYD","WLG","P","A","GB","unavailable","unavailable","01 - 11 years","M","","N","unavailable","unavailable",3
202209,"unavailable","KUL","AKL","P","A","LY","unavailable","unavailable","25 - 34 years","M","","N","unavailable","unavailable",3
202209,"unavailable","NAN","AKL","P","A","FR","unavailable","unavailable","25 - 34 years","M","","N","unavailable","unavailable",3
202209,"unavailable","SYD","WLG","P","A","CA","unavailable","unavailable","55 - 64 years","M","","N","unavailable","unavailable",3
202209,"unavailable","SIN","AKL","P","A","OM","unavailable","unavailable","01 - 11 years","M","","N","unavailable","unavailable",3
202209,"unavailable","HKG","AKL","P","A","CN","unavailable","unavailable","12 - 18 years","M","","N","unavailable","unavailable",3
202209,"unavailable","SYD","ZQN","P","A","JP","unavailable","unavailable","25 - 34 years","M","","N","unavailable","unavailable",3
202209,"unavailable","SYD","WLG","P","A","IN","unavailable","unavailable","25 - 34 years","F","","N","unavailable","unavailable",3
202209,"unavailable","KUL","AKL","P","A","MY","unavailable","unavailable","55 - 64 years","M","","N","unavailable","unavailable",3
202209,"unavailable","NAN","AKL","P","A","FR","unavailable","unavailable","25 - 34 years","F","","N","unavailable","unavailable",3
202209,"unavailable","KUL","AKL","P","A","BW","unavailable","unavailable","55 - 64 years","F","","N","unavailable","unavailable",3
202209,"unavailable","LAX","AKL","P","A","AR","unavailable","unavailable","35 - 44 years","F","","N","unavailable","unavailable",3
202209,"unavailable","BNE","WLG","P","A","AU","unavailable","unavailable","19 - 24 years","M","","N","unavailable","unavailable",3
202209,"unavailable","SYD","AKL","P","A","NL","unavailable","unavailable","45 - 54 years","F","","N","unavailable","unavailable",3
202209,"unavailable","MEL","CHC","P","A","US","unavailable","unavailable","01 - 11 years","F","","N","unavailable","unavailable",3
202209,"unavailable","MEL","CHC","P","A","GB","unavailable","unavailable","35 - 44 years","F","","N","unavailable","unavailable",3
202209,"unavailable","ADL","AKL","P","A","IE","unavailable","unavailable","12 - 18 years","F","","N","unavailable","unavailable",3
202209,"unavailable","KUL","AKL","P","A","KR","unavailable","unavailable","25 - 34 years","F","","N","unavailable","unavailable",3
202209,"unavailable","SIN","AKL","P","A","AU","unavailable","unavailable","25 - 34 years","M","","N","unavailable","unavailable",3
202209,"unavailable","MEL","CHC","P","A","AU","unavailable","unavailable","19 - 24 years","F","","N","unavailable","unavailable",3
202209,"unavailable","MEL","AKL","P","A","PK","unavailable","unavailable","25 - 34 years","M","","N","unavailable","unavailable",3
202209,"unavailable","IAH","AKL","P","A","CA","unavailable","unavailable","55 - 64 years","M","","N","unavailable","unavailable",3
202209,"unavailable","NRT","AKL","P","A","AR","unavailable","unavailable","25 - 34 years","M","","N","unavailable","unavailable",3
202209,"unavailable","PPT","AKL","P","A","US","unavailable","unavailable","19 - 24 years","F","","N","unavailable","unavailable",3
202209,"unavailable","MEL","WLG","P","A","IN","unavailable","unavailable","01 - 11 years","M","","N","unavailable","unavailable",3
202209,"unavailable","SEL","AKL","P","A","DE","unavailable","unavailable","19 - 24 years","M","","N","unavailable","unavailable",3
202209,"unavailable","MEL","WLG","P","A","AU","unavailable","unavailable","55 - 64 years","M","","N","unavailable","unavailable",3
202209,"unavailable","IAH","AKL","P","A","UY","unavailable","unavailable","25 - 34 years","M","","N","unavailable","unavailable",3
202209,"unavailable","ADL","AKL","P","A","DE","unavailable","unavailable","12 - 18 years","F","","N","unavailable","unavailable",3
202209,"unavailable","SYD","CHC","P","A","CZ","unavailable","unavailable","25 - 34 years","M","","N","unavailable","unavailable",3
202209,"unavailable","OOL","WLG","P","A","FR","unavailable","unavailable","19 - 24 years","M","","N","unavailable","unavailable",3
202209,"unavailable","NAN","WLG","P","A","FJ","unavailable","unavailable","25 - 34 years","F","","N","unavailable","unavailable",3
202209,"unavailable","HKG","AKL","P","A","TR","unavailable","unavailable","25 - 34 years","F","","N","unavailable","unavailable",3
202209,"unavailable","APW","AKL","P","A","NC","unavailable","unavailable","35 - 44 years","M","","N","unavailable","unavailable",3
202209,"unavailable","MEL","WLG","P","A","ZA","unavailable","unavailable","25 - 34 years","M","","N","unavailable","unavailable",3
202209,"unavailable","SIN","CHC","P","A","SG","unavailable","unavailable","65 - 74 years","M","","N","unavailable","unavailable",3
202209,"unavailable","SIN","AKL","P","A","GB","unavailable","unavailable","55 - 64 years","M","","N","unavailable","unavailable",3
202209,"unavailable","KUL","AKL","P","A","IN","unavailable","unavailable","75+","M","","N","unavailable","unavailable",3
202209,"unavailable","KUL","AKL","P","A","LK","unavailable","unavailable","12 - 18 years","M","","N","unavailable","unavailable",3
202209,"unavailable","BNE","AKL","P","A","PG","unavailable","unavailable","45 - 54 years","M","","N","unavailable","unavailable",3
202209,"unavailable","SIN","CHC","P","A","KR","unavailable","unavailable","55 - 64 years","M","","N","unavailable","unavailable",3
202209,"unavailable","ADL","AKL","P","A","DE","unavailable","unavailable","19 - 24 years","M","","N","unavailable","unavailable",3
202209,"unavailable","SIN","AKL","P","A","ZA","unavailable","unavailable","65 - 74 years","F","","N","unavailable","unavailable",3
202209,"unavailable","SIN","CHC","P","A","VN","unavailable","unavailable","01 - 11 years","F","","N","unavailable","unavailable",3
202209,"unavailable","YVR","AKL","P","A","CA","unavailable","unavailable","75+","M","","N","unavailable","unavailable",3
202209,"unavailable","BNE","ZQN","P","A","MY","unavailable","unavailable","19 - 24 years","M","","N","unavailable","unavailable",3
202209,"unavailable","SIN","CHC","P","A","IN","unavailable","unavailable","19 - 24 years","M","","N","unavailable","unavailable",3
202209,"unavailable","KUL","AKL","P","A","LB","unavailable","unavailable","01 - 11 years","M","","N","unavailable","unavailable",3
202209,"unavailable","NRT","AKL","P","A","MX","unavailable","unavailable","25 - 34 years","M","","N","unavailable","unavailable",3
202209,"unavailable","HKG","AKL","P","A","MM","unavailable","unavailable","45 - 54 years","F","","N","unavailable","unavailable",3
202209,"unavailable","TPE","AKL","P","A","TN","unavailable","unavailable","01 - 11 years","M","","N","unavailable","unavailable",3
202209,"unavailable","NAN","AKL","P","A","US","unavailable","unavailable","35 - 44 years","F","","N","unavailable","unavailable",3
202209,"unavailable","KUL","AKL","P","A","BH","unavailable","unavailable","01 - 11 years","M","","N","unavailable","unavailable",3
202209,"unavailable","NRT","AKL","P","A","ZA","unavailable","unavailable","25 - 34 years","F","","N","unavailable","unavailable",3
202209,"unavailable","NAN","WLG","P","A","FJ","unavailable","unavailable","25 - 34 years","M","","N","unavailable","unavailable",3
202209,"unavailable","KUL","AKL","P","A","IR","unavailable","unavailable","35 - 44 years","F","","N","unavailable","unavailable",3
202209,"unavailable","BNE","AKL","P","A","MY","unavailable","unavailable","25 - 34 years","F","","N","unavailable","unavailable",3
202209,"unavailable","KUL","AKL","P","A","XX","unavailable","unavailable","65 - 74 years","M","","N","unavailable","unavailable",3
202209,"unavailable","RAR","AKL","P","A","CK","unavailable","unavailable","Less than 1 year","F","","N","unavailable","unavailable",3
202209,"unavailable","IAH","AKL","P","A","PA","unavailable","unavailable","25 - 34 years","M","","N","unavailable","unavailable",3
202209,"unavailable","SIN","AKL","P","A","ZA","unavailable","unavailable","19 - 24 years","F","","N","unavailable","unavailable",3
202209,"unavailable","YVR","AKL","P","A","CA","unavailable","unavailable","35 - 44 years","M","","N","unavailable","unavailable",3
202209,"unavailable","HNL","AKL","P","A","CL","unavailable","unavailable","25 - 34 years","F","","N","unavailable","unavailable",3
202209,"unavailable","TPE","AKL","P","A","PH","unavailable","unavailable","45 - 54 years","M","","N","unavailable","unavailable",3
202209,"unavailable","MEL","CHC","P","A","XX","unavailable","unavailable","19 - 24 years","F","","N","unavailable","unavailable",3
202209,"unavailable","NAN","AKL","P","A","CA","unavailable","unavailable","19 - 24 years","M","","N","unavailable","unavailable",3
202209,"unavailable","KUL","AKL","P","A","IN","unavailable","unavailable","19 - 24 years","M","","N","unavailable","unavailable",3
202209,"unavailable","SIN","CHC","P","A","FR","unavailable","unavailable","25 - 34 years","F","","N","unavailable","unavailable",3
202209,"unavailable","NAN","AKL","P","A","US","unavailable","unavailable","45 - 54 years","M","","N","unavailable","unavailable",3
202209,"unavailable","HKG","AKL","P","A","KR","unavailable","unavailable","19 - 24 years","M","","N","unavailable","unavailable",3
202209,"unavailable","SYD","AKL","P","A","CA","unavailable","unavailable","25 - 34 years","F","","N","unavailable","unavailable",3
202209,"unavailable","MEL","AKL","P","A","CL","unavailable","unavailable","25 - 34 years","F","","N","unavailable","unavailable",3
202209,"unavailable","HKG","AKL","P","A","HK","unavailable","unavailable","35 - 44 years","M","","N","unavailable","unavailable",3
202209,"unavailable","SCL","AKL","P","A","CO","unavailable","unavailable","01 - 11 years","F","","N","unavailable","unavailable",3
202209,"unavailable","SIN","CHC","P","A","DE","unavailable","unavailable","45 - 54 years","F","","N","unavailable","unavailable",3
202209,"unavailable","KUL","AKL","P","A","XX","unavailable","unavailable","19 - 24 years","F","","N","unavailable","unavailable",3
202209,"unavailable","KUL","AKL","P","A","JO","unavailable","unavailable","35 - 44 years","M","","N","unavailable","unavailable",3
202209,"unavailable","SIN","AKL","P","A","IN","unavailable","unavailable","75+","F","","N","unavailable","unavailable",3
202209,"unavailable","SYD","AKL","P","A","IE","unavailable","unavailable","19 - 24 years","M","","N","unavailable","unavailable",3
202209,"unavailable","SYD","WLG","P","A","AU","unavailable","unavailable","75+","M","","N","unavailable","unavailable",3
202209,"unavailable","KUL","AKL","P","A","LB","unavailable","unavailable","12 - 18 years","M","","N","unavailable","unavailable",3
202209,"unavailable","MEL","AKL","P","A","SG","unavailable","unavailable","25 - 34 years","F","","N","unavailable","unavailable",3
202209,"unavailable","SIN","AKL","P","A","SK","unavailable","unavailable","19 - 24 years","F","","N","unavailable","unavailable",3
202209,"unavailable","SUV","AKL","P","A","FJ","unavailable","unavailable","25 - 34 years","F","","N","unavailable","unavailable",3
202209,"unavailable","KUL","AKL","P","A","AE","unavailable","unavailable","25 - 34 years","M","","N","unavailable","unavailable",3
202209,"unavailable","NAN","AKL","P","A","GB","unavailable","unavailable","45 - 54 years","M","","N","unavailable","unavailable",3
202209,"unavailable","SYD","WLG","P","A","AU","unavailable","unavailable","19 - 24 years","F","","N","unavailable","unavailable",3
202209,"unavailable","SYD","WLG","P","A","PH","unavailable","unavailable","35 - 44 years","M","","N","unavailable","unavailable",3
202209,"unavailable","KUL","AKL","P","A","PK","unavailable","unavailable","01 - 11 years","F","","N","unavailable","unavailable",3
202209,"unavailable","OOL","AKL","P","A","MY","unavailable","unavailable","25 - 34 years","F","","N","unavailable","unavailable",3
202209,"unavailable","SIN","CHC","P","A","XX","unavailable","unavailable","01 - 11 years","F","","N","unavailable","unavailable",3
202209,"unavailable","ADL","AKL","P","A","AU","unavailable","unavailable","Less than 1 year","M","","N","unavailable","unavailable",3
202209,"unavailable","NRT","AKL","P","A","DE","unavailable","unavailable","25 - 34 years","F","","N","unavailable","unavailable",3
202209,"unavailable","SYD","WLG","P","A","VN","unavailable","unavailable","01 - 11 years","M","","N","unavailable","unavailable",3
202209,"unavailable","SIN","CHC","P","A","XX","unavailable","unavailable","Less than 1 year","M","","N","unavailable","unavailable",3
202209,"unavailable","SIN","AKL","P","A","XX","unavailable","unavailable","65 - 74 years","M","","N","unavailable","unavailable",3
202209,"unavailable","MEL","AKL","P","A","AU","unavailable","unavailable","12 - 18 years","M","","N","unavailable","unavailable",3
202209,"unavailable","HKG","AKL","P","A","LA","unavailable","unavailable","35 - 44 years","F","","N","unavailable","unavailable",3
202209,"unavailable","SIN","CHC","P","A","ID","unavailable","unavailable","35 - 44 years","M","","N","unavailable","unavailable",3
202209,"unavailable","PPT","AKL","P","A","FR","unavailable","unavailable","45 - 54 years","F","","N","unavailable","unavailable",3
202209,"unavailable","SYD","WLG","P","A","XX","unavailable","unavailable","35 - 44 years","M","","N","unavailable","unavailable",3
202209,"unavailable","KUL","AKL","P","A","IR","unavailable","unavailable","01 - 11 years","M","","N","unavailable","unavailable",3
202209,"unavailable","SYD","AKL","P","A","PF","unavailable","unavailable","25 - 34 years","M","","N","unavailable","unavailable",3
202209,"unavailable","MEL","WLG","P","A","GB","unavailable","unavailable","25 - 34 years","F","","N","unavailable","unavailable",3
202209,"unavailable","HKG","AKL","P","A","UA","unavailable","unavailable","35 - 44 years","M","","N","unavailable","unavailable",3
202209,"unavailable","OOL","CHC","P","A","AU","unavailable","unavailable","75+","M","","N","unavailable","unavailable",3
202209,"unavailable","SYD","WLG","P","A","QA","unavailable","unavailable","01 - 11 years","M","","N","unavailable","unavailable",3
202209,"unavailable","SEL","AKL","P","A","US","unavailable","unavailable","25 - 34 years","M","","N","unavailable","unavailable",3
202209,"unavailable","KUL","AKL","P","A","JP","unavailable","unavailable","25 - 34 years","M","","N","unavailable","unavailable",3
202209,"unavailable","NAN","AKL","P","A","SG","unavailable","unavailable","35 - 44 years","M","","N","unavailable","unavailable",3
202209,"unavailable","SIN","CHC","P","A","GB","unavailable","unavailable","55 - 64 years","F","","N","unavailable","unavailable",3
202209,"unavailable","SIN","AKL","P","A","SE","unavailable","unavailable","25 - 34 years","M","","N","unavailable","unavailable",3
202209,"unavailable","SYD","CHC","P","A","DE","unavailable","unavailable","19 - 24 years","M","","N","unavailable","unavailable",3
202209,"unavailable","SFO","AKL","P","A","XX","unavailable","unavailable","45 - 54 years","M","","N","unavailable","unavailable",3
202209,"unavailable","BNE","WLG","P","A","AU","unavailable","unavailable","75+","F","","N","unavailable","unavailable",3
202209,"unavailable","RAR","AKL","P","A","FJ","unavailable","unavailable","35 - 44 years","M","","N","unavailable","unavailable",3
202209,"unavailable","KUL","AKL","P","A","AE","unavailable","unavailable","35 - 44 years","F","","N","unavailable","unavailable",3
202209,"unavailable","SIN","CHC","P","A","SI","unavailable","unavailable","25 - 34 years","M","","N","unavailable","unavailable",3
202209,"unavailable","SYD","AKL","P","A","MY","unavailable","unavailable","55 - 64 years","F","","N","unavailable","unavailable",3
202209,"unavailable","SYD","WLG","P","A","AU","unavailable","unavailable","65 - 74 years","F","","N","unavailable","unavailable",3
202209,"unavailable","IAH","AKL","P","A","US","unavailable","unavailable","19 - 24 years","M","","N","unavailable","unavailable",3
202209,"unavailable","MEL","CHC","P","A","GB","unavailable","unavailable","55 - 64 years","M","","N","unavailable","unavailable",3
202209,"unavailable","KUL","AKL","P","A","CH","unavailable","unavailable","01 - 11 years","F","","N","unavailable","unavailable",3
202209,"unavailable","CNS","AKL","P","A","XX","unavailable","unavailable","65 - 74 years","M","","N","unavailable","unavailable",3
202209,"unavailable","KUL","AKL","P","A","US","unavailable","unavailable","Less than 1 year","F","","N","unavailable","unavailable",3
202209,"unavailable","LAX","AKL","P","A","DE","unavailable","unavailable","25 - 34 years","F","","N","unavailable","unavailable",3
202209,"unavailable","MEL","CHC","P","A","DE","unavailable","unavailable","25 - 34 years","F","","N","unavailable","unavailable",3
202209,"unavailable","SYD","AKL","P","A","ID","unavailable","unavailable","45 - 54 years","F","","N","unavailable","unavailable",3
202209,"unavailable","SYD","AKL","P","A","ID","unavailable","unavailable","19 - 24 years","M","","N","unavailable","unavailable",3
202209,"unavailable","NRT","AKL","P","A","DE","unavailable","unavailable","35 - 44 years","F","","N","unavailable","unavailable",3
202209,"unavailable","NRT","AKL","P","A","HU","unavailable","unavailable","25 - 34 years","F","","N","unavailable","unavailable",3
202209,"unavailable","BNE","AKL","P","A","XX","unavailable","unavailable","01 - 11 years","F","","N","unavailable","unavailable",3
202209,"unavailable","SIN","AKL","P","A","ZA","unavailable","unavailable","01 - 11 years","F","","N","unavailable","unavailable",3
202209,"unavailable","MEL","CHC","P","A","GB","unavailable","unavailable","12 - 18 years","M","","N","unavailable","unavailable",3
202209,"unavailable","SEL","AKL","P","A","FR","unavailable","unavailable","25 - 34 years","M","","N","unavailable","unavailable",3
202209,"unavailable","SIN","AKL","P","A","DK","unavailable","unavailable","25 - 34 years","F","","N","unavailable","unavailable",3
202209,"unavailable","NAN","AKL","P","A","WS","unavailable","unavailable","01 - 11 years","M","","N","unavailable","unavailable",3
202209,"unavailable","OOL","WLG","P","A","FR","unavailable","unavailable","25 - 34 years","F","","N","unavailable","unavailable",3
202209,"unavailable","LAX","AKL","P","A","US","unavailable","unavailable","12 - 18 years","F","","N","unavailable","unavailable",3
202209,"unavailable","SYD","CHC","P","A","AU","unavailable","unavailable","55 - 64 years","F","","N","unavailable","unavailable",3
202209,"unavailable","SYD","WLG","P","A","GB","unavailable","unavailable","01 - 11 years","F","","N","unavailable","unavailable",3
202209,"unavailable","KUL","AKL","P","A","CY","unavailable","unavailable","25 - 34 years","M","","N","unavailable","unavailable",3
202209,"unavailable","NAN","AKL","P","A","LT","unavailable","unavailable","25 - 34 years","F","","N","unavailable","unavailable",3
202209,"unavailable","BNE","AKL","P","A","AU","unavailable","unavailable","12 - 18 years","M","","N","unavailable","unavailable",3
202209,"unavailable","HKG","AKL","P","A","GB","unavailable","unavailable","19 - 24 years","M","","N","unavailable","unavailable",3
202209,"unavailable","HNL","AKL","P","A","GB","unavailable","unavailable","01 - 11 years","F","","N","unavailable","unavailable",3
202209,"unavailable","BNE","CHC","P","A","AU","unavailable","unavailable","01 - 11 years","M","","N","unavailable","unavailable",3
202209,"unavailable","RAR","AKL","P","A","CK","unavailable","unavailable","45 - 54 years","M","","N","unavailable","unavailable",3
202209,"unavailable","MEL","CHC","P","A","LV","unavailable","unavailable","25 - 34 years","M","","N","unavailable","unavailable",3
202209,"unavailable","IAH","AKL","P","A","GB","unavailable","unavailable","19 - 24 years","F","","N","unavailable","unavailable",3
202209,"unavailable","SIN","AKL","P","A","IE","unavailable","unavailable","19 - 24 years","M","","N","unavailable","unavailable",3
202209,"unavailable","NAN","AKL","P","A","XX","unavailable","unavailable","25 - 34 years","F","","N","unavailable","unavailable",3
202209,"unavailable","BNE","ZQN","P","A","AU","unavailable","unavailable","01 - 11 years","F","","N","unavailable","unavailable",3
202209,"unavailable","APW","AKL","P","A","WS","unavailable","unavailable","75+","F","","N","unavailable","unavailable",3
202209,"unavailable","SIN","AKL","P","A","AE","unavailable","unavailable","25 - 34 years","F","","N","unavailable","unavailable",3
202209,"unavailable","KUL","AKL","P","A","AE","unavailable","unavailable","25 - 34 years","F","","N","unavailable","unavailable",3
202209,"unavailable","ADL","AKL","P","A","XX","unavailable","unavailable","01 - 11 years","F","","N","unavailable","unavailable",3
202209,"unavailable","MEL","AKL","P","A","VN","unavailable","unavailable","45 - 54 years","F","","N","unavailable","unavailable",3
202209,"unavailable","NRT","AKL","P","A","AU","unavailable","unavailable","25 - 34 years","F","","N","unavailable","unavailable",3
202209,"unavailable","SYD","WLG","P","A","SG","unavailable","unavailable","25 - 34 years","M","","N","unavailable","unavailable",3
202209,"unavailable","YVR","AKL","P","A","CA","unavailable","unavailable","65 - 74 years","M","","N","unavailable","unavailable",3
202209,"unavailable","BNE","WLG","P","A","AU","unavailable","unavailable","35 - 44 years","M","","N","unavailable","unavailable",3
202209,"unavailable","HKG","AKL","P","A","TH","unavailable","unavailable","19 - 24 years","F","","N","unavailable","unavailable",3
202209,"unavailable","ADL","AKL","P","A","SE","unavailable","unavailable","01 - 11 years","M","","N","unavailable","unavailable",3
202209,"unavailable","NRT","AKL","P","A","DE","unavailable","unavailable","12 - 18 years","F","","N","unavailable","unavailable",3
202209,"unavailable","SIN","CHC","P","A","NP","unavailable","unavailable","19 - 24 years","F","","N","unavailable","unavailable",3
202209,"unavailable","SIN","CHC","P","A","KH","unavailable","unavailable","19 - 24 years","M","","N","unavailable","unavailable",3
202209,"unavailable","YVR","AKL","P","A","AE","unavailable","unavailable","25 - 34 years","F","","N","unavailable","unavailable",3
202209,"unavailable","SIN","CHC","P","A","VN","unavailable","unavailable","01 - 11 years","M","","N","unavailable","unavailable",3
202209,"unavailable","SIN","AKL","P","A","BE","unavailable","unavailable","25 - 34 years","M","","N","unavailable","unavailable",3
202209,"unavailable","MEL","WLG","P","A","AU","unavailable","unavailable","35 - 44 years","M","","N","unavailable","unavailable",3
202209,"unavailable","SYD","AKL","P","A","ZA","unavailable","unavailable","25 - 34 years","F","","N","unavailable","unavailable",3
202209,"unavailable","KUL","AKL","P","A","AU","unavailable","unavailable","25 - 34 years","M","","N","unavailable","unavailable",3
202209,"unavailable","PER","AKL","P","A","AU","unavailable","unavailable","75+","M","","N","unavailable","unavailable",3
202209,"unavailable","HKG","AKL","P","A","HK","unavailable","unavailable","55 - 64 years","M","","N","unavailable","unavailable",3
202209,"unavailable","SYD","WLG","P","A","SG","unavailable","unavailable","25 - 34 years","F","","N","unavailable","unavailable",3
202209,"unavailable","SYD","CHC","P","A","AU","unavailable","unavailable","35 - 44 years","F","","N","unavailable","unavailable",3
202209,"unavailable","MEL","WLG","P","A","LK","unavailable","unavailable","35 - 44 years","F","","N","unavailable","unavailable",3
202209,"unavailable","MEL","ZQN","P","A","SG","unavailable","unavailable","25 - 34 years","M","","N","unavailable","unavailable",3
202209,"unavailable","ADL","AKL","P","A","DE","unavailable","unavailable","35 - 44 years","F","","N","unavailable","unavailable",3
202209,"unavailable","SIN","CHC","P","A","IL","unavailable","unavailable","01 - 11 years","M","","N","unavailable","unavailable",3
202209,"unavailable","SIN","AKL","P","A","IN","unavailable","unavailable","55 - 64 years","M","","N","unavailable","unavailable",3
202209,"unavailable","NRT","AKL","P","A","ES","unavailable","unavailable","19 - 24 years","M","","N","unavailable","unavailable",3
202209,"unavailable","SIN","CHC","P","A","EG","unavailable","unavailable","35 - 44 years","M","","N","unavailable","unavailable",3
202209,"unavailable","HKG","AKL","P","A","CZ","unavailable","unavailable","01 - 11 years","F","","N","unavailable","unavailable",3
202209,"unavailable","HKG","AKL","P","A","FR","unavailable","unavailable","19 - 24 years","F","","N","unavailable","unavailable",3
202209,"unavailable","IAH","AKL","P","A","DE","unavailable","unavailable","25 - 34 years","F","","N","unavailable","unavailable",3
202209,"unavailable","KUL","AKL","P","A","CH","unavailable","unavailable","35 - 44 years","F","","N","unavailable","unavailable",3
202209,"unavailable","OOL","AKL","P","A","AU","unavailable","unavailable","35 - 44 years","M","","N","unavailable","unavailable",3
202209,"unavailable","SHA","AKL","P","A","CN","unavailable","unavailable","75+","F","","N","unavailable","unavailable",3
202209,"unavailable","LAX","AKL","P","A","HU","unavailable","unavailable","25 - 34 years","M","","N","unavailable","unavailable",3
202209,"unavailable","MEL","WLG","P","A","AU","unavailable","unavailable","65 - 74 years","F","","N","unavailable","unavailable",3
202209,"unavailable","SIN","AKL","P","A","SK","unavailable","unavailable","35 - 44 years","F","","N","unavailable","unavailable",3
202209,"unavailable","SIN","AKL","P","A","BE","unavailable","unavailable","19 - 24 years","F","","N","unavailable","unavailable",3
202209,"unavailable","YVR","AKL","P","A","CA","unavailable","unavailable","Less than 1 year","F","","N","unavailable","unavailable",3
202209,"unavailable","HKG","AKL","P","A","AE","unavailable","unavailable","35 - 44 years","M","","N","unavailable","unavailable",3
202209,"unavailable","SIN","AKL","P","A","MY","unavailable","unavailable","55 - 64 years","M","","N","unavailable","unavailable",3
202209,"unavailable","MEL","CHC","P","A","ID","unavailable","unavailable","25 - 34 years","F","","N","unavailable","unavailable",3
202209,"unavailable","SYD","WLG","P","A","ID","unavailable","unavailable","25 - 34 years","M","","N","unavailable","unavailable",3
202209,"unavailable","SEL","AKL","P","A","XX","unavailable","unavailable","25 - 34 years","M","","N","unavailable","unavailable",3
202209,"unavailable","KUL","AKL","P","A","UA","unavailable","unavailable","25 - 34 years","M","","N","unavailable","unavailable",3
202209,"unavailable","SYD","WLG","P","A","LK","unavailable","unavailable","55 - 64 years","F","","N","unavailable","unavailable",3
202209,"unavailable","SIN","AKL","P","A","SG","unavailable","unavailable","01 - 11 years","F","","N","unavailable","unavailable",3
202209,"unavailable","LAX","AKL","P","A","CA","unavailable","unavailable","19 - 24 years","F","","N","unavailable","unavailable",3
202209,"unavailable","SIN","CHC","P","A","AE","unavailable","unavailable","35 - 44 years","F","","N","unavailable","unavailable",3
202209,"unavailable","NAN","AKL","P","A","WS","unavailable","unavailable","19 - 24 years","M","","N","unavailable","unavailable",3
202209,"unavailable","HKG","AKL","P","A","HK","unavailable","unavailable","55 - 64 years","F","","N","unavailable","unavailable",3
202209,"unavailable","NRT","AKL","P","A","CZ","unavailable","unavailable","25 - 34 years","M","","N","unavailable","unavailable",3
202209,"unavailable","SIN","CHC","P","A","KR","unavailable","unavailable","25 - 34 years","F","","N","unavailable","unavailable",3
202209,"unavailable","MEL","AKL","P","A","LK","unavailable","unavailable","35 - 44 years","M","","N","unavailable","unavailable",3
202209,"unavailable","TPE","AKL","P","A","TW","unavailable","unavailable","19 - 24 years","M","","N","unavailable","unavailable",3
202209,"unavailable","SIN","AKL","P","A","IT","unavailable","unavailable","01 - 11 years","M","","N","unavailable","unavailable",3
202209,"unavailable","SYD","ZQN","P","A","JP","unavailable","unavailable","19 - 24 years","M","","N","unavailable","unavailable",3
202209,"unavailable","OOL","AKL","P","A","AU","unavailable","unavailable","19 - 24 years","M","","N","unavailable","unavailable",3
202209,"unavailable","SIN","CHC","P","A","AT","unavailable","unavailable","25 - 34 years","F","","N","unavailable","unavailable",3
202209,"unavailable","KUL","AKL","P","A","ES","unavailable","unavailable","55 - 64 years","M","","N","unavailable","unavailable",3
202209,"unavailable","KUL","AKL","P","A","HU","unavailable","unavailable","35 - 44 years","F","","N","unavailable","unavailable",3
202209,"unavailable","SIN","AKL","P","A","NP","unavailable","unavailable","19 - 24 years","F","","N","unavailable","unavailable",3
202209,"unavailable","BNE","WLG","P","A","AU","unavailable","unavailable","55 - 64 years","F","","N","unavailable","unavailable",3
202209,"unavailable","KUL","AKL","P","A","AE","unavailable","unavailable","55 - 64 years","F","","N","unavailable","unavailable",3
202209,"unavailable","KUL","AKL","P","A","ES","unavailable","unavailable","75+","M","","N","unavailable","unavailable",3
202209,"unavailable","SIN","AKL","P","A","DE","unavailable","unavailable","45 - 54 years","M","","N","unavailable","unavailable",3
202209,"unavailable","KUL","AKL","P","A","LK","unavailable","unavailable","19 - 24 years","F","","N","unavailable","unavailable",3
202209,"unavailable","KUL","AKL","P","A","PK","unavailable","unavailable","25 - 34 years","M","","N","unavailable","unavailable",3
202209,"unavailable","ADL","AKL","P","A","CL","unavailable","unavailable","25 - 34 years","F","","N","unavailable","unavailable",3
202209,"unavailable","ADL","AKL","P","A","BR","unavailable","unavailable","25 - 34 years","M","","N","unavailable","unavailable",3
202209,"unavailable","KUL","AKL","P","A","CN","unavailable","unavailable","19 - 24 years","F","","N","unavailable","unavailable",3
202209,"unavailable","YVR","AKL","P","A","US","unavailable","unavailable","01 - 11 years","F","","N","unavailable","unavailable",3
202209,"unavailable","NAN","AKL","P","A","FJ","unavailable","unavailable","12 - 18 years","M","","N","unavailable","unavailable",3
202209,"unavailable","SCL","AKL","P","A","BR","unavailable","unavailable","45 - 54 years","M","","N","unavailable","unavailable",3
202209,"unavailable","CAN","AKL","P","A","GB","unavailable","unavailable","25 - 34 years","F","","N","unavailable","unavailable",3
202209,"unavailable","ADL","AKL","P","A","IE","unavailable","unavailable","25 - 34 years","M","","N","unavailable","unavailable",3
202209,"unavailable","HKG","AKL","P","A","IL","unavailable","unavailable","25 - 34 years","M","","N","unavailable","unavailable",3
202209,"unavailable","SIN","CHC","P","A","PH","unavailable","unavailable","12 - 18 years","F","","N","unavailable","unavailable",3
202209,"unavailable","CNS","AKL","P","A","AU","unavailable","unavailable","01 - 11 years","F","","N","unavailable","unavailable",3
202209,"unavailable","SIN","AKL","P","A","LK","unavailable","unavailable","65 - 74 years","M","","N","unavailable","unavailable",3
202209,"unavailable","KUL","AKL","P","A","ES","unavailable","unavailable","25 - 34 years","M","","N","unavailable","unavailable",3
202209,"unavailable","KUL","AKL","P","A","BD","unavailable","unavailable","01 - 11 years","F","","N","unavailable","unavailable",3
202209,"unavailable","MEL","WLG","P","A","AU","unavailable","unavailable","19 - 24 years","M","","N","unavailable","unavailable",3
202209,"unavailable","ADL","AKL","P","A","AU","unavailable","unavailable","35 - 44 years","M","","N","unavailable","unavailable",3
202209,"unavailable","HKG","AKL","P","A","KE","unavailable","unavailable","19 - 24 years","M","","N","unavailable","unavailable",3
202209,"unavailable","CNS","AKL","P","A","CA","unavailable","unavailable","25 - 34 years","M","","N","unavailable","unavailable",3
202209,"unavailable","SYD","AKL","P","A","XX","unavailable","unavailable","45 - 54 years","M","","N","unavailable","unavailable",3
202209,"unavailable","IAH","AKL","P","A","FR","unavailable","unavailable","35 - 44 years","F","","N","unavailable","unavailable",3
202209,"unavailable","SYD","WLG","P","A","SG","unavailable","unavailable","35 - 44 years","M","","N","unavailable","unavailable",3
202209,"unavailable","KUL","AKL","P","A","TH","unavailable","unavailable","19 - 24 years","M","","N","unavailable","unavailable",3
202209,"unavailable","SYD","AKL","P","A","IN","unavailable","unavailable","35 - 44 years","F","","N","unavailable","unavailable",3
202209,"unavailable","IAH","AKL","P","A","AR","unavailable","unavailable","25 - 34 years","M","","N","unavailable","unavailable",3
202209,"unavailable","KUL","AKL","P","A","CL","unavailable","unavailable","25 - 34 years","M","","N","unavailable","unavailable",3
202209,"unavailable","TPE","AKL","P","A","GB","unavailable","unavailable","19 - 24 years","F","","N","unavailable","unavailable",3
202209,"unavailable","ADL","AKL","P","A","DE","unavailable","unavailable","25 - 34 years","M","","N","unavailable","unavailable",3
202209,"unavailable","LAX","AKL","P","A","LT","unavailable","unavailable","25 - 34 years","M","","N","unavailable","unavailable",3
202209,"unavailable","LAX","AKL","P","A","DK","unavailable","unavailable","25 - 34 years","M","","N","unavailable","unavailable",3
202209,"unavailable","NRT","AKL","P","A","AE","unavailable","unavailable","19 - 24 years","M","","N","unavailable","unavailable",3
202209,"unavailable","NOU","AKL","P","A","AU","unavailable","unavailable","25 - 34 years","F","","N","unavailable","unavailable",3
202209,"unavailable","TBU","AKL","P","A","XX","unavailable","unavailable","01 - 11 years","F","","N","unavailable","unavailable",3
202209,"unavailable","NAN","WLG","P","A","SG","unavailable","unavailable","01 - 11 years","M","","N","unavailable","unavailable",3
202209,"unavailable","LAX","AKL","P","A","SE","unavailable","unavailable","25 - 34 years","F","","N","unavailable","unavailable",3
202209,"unavailable","MEL","ZQN","P","A","AU","unavailable","unavailable","01 - 11 years","M","","N","unavailable","unavailable",3
202209,"unavailable","TBU","AKL","P","A","TO","unavailable","unavailable","25 - 34 years","M","","N","unavailable","unavailable",3
202209,"unavailable","SYD","AKL","P","A","CZ","unavailable","unavailable","25 - 34 years","M","","N","unavailable","unavailable",3
202209,"unavailable","LAX","AKL","P","A","GB","unavailable","unavailable","45 - 54 years","M","","N","unavailable","unavailable",3
202209,"unavailable","BNE","AKL","P","A","CA","unavailable","unavailable","35 - 44 years","M","","N","unavailable","unavailable",3
202209,"unavailable","NRT","AKL","P","A","KR","unavailable","unavailable","19 - 24 years","M","","N","unavailable","unavailable",3
202209,"unavailable","HKG","AKL","P","A","CN","unavailable","unavailable","45 - 54 years","F","","N","unavailable","unavailable",3
202209,"unavailable","NRT","AKL","P","A","ZA","unavailable","unavailable","19 - 24 years","M","","N","unavailable","unavailable",3
202209,"unavailable","SIN","CHC","P","A","MY","unavailable","unavailable","19 - 24 years","M","","N","unavailable","unavailable",3
202209,"unavailable","KUL","AKL","P","A","IE","unavailable","unavailable","55 - 64 years","F","","N","unavailable","unavailable",3
202209,"unavailable","SIN","AKL","P","A","BD","unavailable","unavailable","35 - 44 years","M","","N","unavailable","unavailable",3
202209,"unavailable","SIN","AKL","P","A","CA","unavailable","unavailable","25 - 34 years","M","","N","unavailable","unavailable",3
202209,"unavailable","SYD","ZQN","P","A","IE","unavailable","unavailable","19 - 24 years","M","","N","unavailable","unavailable",3
202209,"unavailable","KUL","AKL","P","A","MY","unavailable","unavailable","65 - 74 years","F","","N","unavailable","unavailable",3
202209,"unavailable","KUL","AKL","P","A","ES","unavailable","unavailable","55 - 64 years","F","","N","unavailable","unavailable",3
202209,"unavailable","SIN","AKL","P","A","JP","unavailable","unavailable","25 - 34 years","M","","N","unavailable","unavailable",3
202209,"unavailable","KUL","AKL","P","A","BD","unavailable","unavailable","65 - 74 years","M","","N","unavailable","unavailable",3
202209,"unavailable","NRT","AKL","P","A","IE","unavailable","unavailable","19 - 24 years","M","","N","unavailable","unavailable",3
202209,"unavailable","PER","AKL","P","A","AU","unavailable","unavailable","19 - 24 years","M","","N","unavailable","unavailable",3
202209,"unavailable","HKG","AKL","P","A","AU","unavailable","unavailable","19 - 24 years","F","","N","unavailable","unavailable",3
202209,"unavailable","MEL","CHC","P","A","XX","unavailable","unavailable","01 - 11 years","F","","N","unavailable","unavailable",3
202209,"unavailable","YVR","AKL","P","A","DE","unavailable","unavailable","25 - 34 years","M","","N","unavailable","unavailable",3
202209,"unavailable","KUL","AKL","P","A","IN","unavailable","unavailable","55 - 64 years","M","","N","unavailable","unavailable",3
202209,"unavailable","KUL","AKL","P","A","MY","unavailable","unavailable","65 - 74 years","M","","N","unavailable","unavailable",3
202209,"unavailable","KUL","AKL","P","A","JO","unavailable","unavailable","12 - 18 years","F","","N","unavailable","unavailable",3
202209,"unavailable","YVR","AKL","P","A","CA","unavailable","unavailable","19 - 24 years","F","","N","unavailable","unavailable",3
202209,"unavailable","SYD","WLG","P","A","DE","unavailable","unavailable","19 - 24 years","M","","N","unavailable","unavailable",3
202209,"unavailable","YVR","AKL","P","A","GB","unavailable","unavailable","35 - 44 years","F","","N","unavailable","unavailable",3
202209,"unavailable","MEL","WLG","P","A","ZA","unavailable","unavailable","35 - 44 years","F","","N","unavailable","unavailable",3
202209,"unavailable","MEL","AKL","P","A","RW","unavailable","unavailable","25 - 34 years","M","","N","unavailable","unavailable",3
202209,"unavailable","MEL","AKL","P","A","DE","unavailable","unavailable","25 - 34 years","M","","N","unavailable","unavailable",3
202209,"unavailable","OOL","CHC","P","A","AU","unavailable","unavailable","25 - 34 years","M","","N","unavailable","unavailable",3
202209,"unavailable","SYD","CHC","P","A","SG","unavailable","unavailable","25 - 34 years","M","","N","unavailable","unavailable",3
202209,"unavailable","NRT","AKL","P","A","BE","unavailable","unavailable","25 - 34 years","F","","N","unavailable","unavailable",3
202209,"unavailable","TPE","AKL","P","A","TW","unavailable","unavailable","25 - 34 years","M","","N","unavailable","unavailable",3
202209,"unavailable","TBU","AKL","P","A","TO","unavailable","unavailable","35 - 44 years","F","","N","unavailable","unavailable",3
202209,"unavailable","SYD","AKL","P","A","JP","unavailable","unavailable","19 - 24 years","F","","N","unavailable","unavailable",3
202209,"unavailable","ADL","AKL","P","A","GB","unavailable","unavailable","45 - 54 years","F","","N","unavailable","unavailable",3
202209,"unavailable","SEL","AKL","P","A","CZ","unavailable","unavailable","01 - 11 years","F","","N","unavailable","unavailable",3
202209,"unavailable","MEL","ZQN","P","A","AU","unavailable","unavailable","45 - 54 years","M","","N","unavailable","unavailable",3
202209,"unavailable","MEL","AKL","P","A","XX","unavailable","unavailable","19 - 24 years","F","","N","unavailable","unavailable",3
202209,"unavailable","SYD","WLG","P","A","IE","unavailable","unavailable","25 - 34 years","F","","N","unavailable","unavailable",3
202209,"unavailable","SCL","AKL","P","A","BR","unavailable","unavailable","01 - 11 years","M","","N","unavailable","unavailable",3
202209,"unavailable","SYD","AKL","P","A","DE","unavailable","unavailable","01 - 11 years","F","","N","unavailable","unavailable",3
202209,"unavailable","HKG","AKL","P","A","XX","unavailable","unavailable","45 - 54 years","M","","N","unavailable","unavailable",3
202209,"unavailable","MEL","WLG","P","A","SG","unavailable","unavailable","35 - 44 years","F","","N","unavailable","unavailable",3
202209,"unavailable","NRT","AKL","P","A","FR","unavailable","unavailable","19 - 24 years","M","","N","unavailable","unavailable",3
202209,"unavailable","NRT","AKL","P","A","PK","unavailable","unavailable","25 - 34 years","F","","N","unavailable","unavailable",3
202209,"unavailable","BNE","AKL","P","A","AU","unavailable","unavailable","19 - 24 years","F","","N","unavailable","unavailable",3
202209,"unavailable","KUL","AKL","P","A","KG","unavailable","unavailable","65 - 74 years","M","","N","unavailable","unavailable",3
202209,"unavailable","RAR","AKL","P","A","CK","unavailable","unavailable","55 - 64 years","M","","N","unavailable","unavailable",3
202209,"unavailable","KUL","AKL","P","A","QA","unavailable","unavailable","45 - 54 years","M","","N","unavailable","unavailable",3
202209,"unavailable","SFO","AKL","P","A","DE","unavailable","unavailable","25 - 34 years","F","","N","unavailable","unavailable",3
202209,"unavailable","TPE","AKL","P","A","TW","unavailable","unavailable","12 - 18 years","F","","N","unavailable","unavailable",3
202209,"unavailable","SIN","AKL","P","A","FR","unavailable","unavailable","01 - 11 years","M","","N","unavailable","unavailable",3
202209,"unavailable","SIN","CHC","P","A","PH","unavailable","unavailable","25 - 34 years","M","","N","unavailable","unavailable",3
202209,"unavailable","OOL","AKL","P","A","DE","unavailable","unavailable","19 - 24 years","M","","N","unavailable","unavailable",3
202209,"unavailable","KUL","AKL","P","A","BR","unavailable","unavailable","35 - 44 years","M","","N","unavailable","unavailable",3
202209,"unavailable","MEL","WLG","P","A","IN","unavailable","unavailable","35 - 44 years","M","","N","unavailable","unavailable",3
202209,"unavailable","SYD","CHC","P","A","ZA","unavailable","unavailable","35 - 44 years","M","","N","unavailable","unavailable",3
202209,"unavailable","SIN","AKL","P","A","LT","unavailable","unavailable","12 - 18 years","M","","N","unavailable","unavailable",3
202209,"unavailable","NAN","CHC","P","A","FJ","unavailable","unavailable","25 - 34 years","F","","N","unavailable","unavailable",3
202209,"unavailable","ADL","AKL","P","A","GB","unavailable","unavailable","35 - 44 years","F","","N","unavailable","unavailable",3
202209,"unavailable","HNL","AKL","P","A","XX","unavailable","unavailable","25 - 34 years","M","","N","unavailable","unavailable",3
202209,"unavailable","YVR","AKL","P","A","MX","unavailable","unavailable","25 - 34 years","F","","N","unavailable","unavailable",3
202209,"unavailable","HKG","AKL","P","A","AU","unavailable","unavailable","25 - 34 years","M","","N","unavailable","unavailable",3
202209,"unavailable","NAN","AKL","P","A","GB","unavailable","unavailable","12 - 18 years","M","","N","unavailable","unavailable",3
202209,"unavailable","SIN","CHC","P","A","GB","unavailable","unavailable","45 - 54 years","M","","N","unavailable","unavailable",3
202209,"unavailable","SYD","AKL","P","A","VN","unavailable","unavailable","19 - 24 years","M","","N","unavailable","unavailable",3
202209,"unavailable","SIN","CHC","P","A","ZA","unavailable","unavailable","45 - 54 years","F","","N","unavailable","unavailable",3
202209,"unavailable","SEL","AKL","P","A","NL","unavailable","unavailable","19 - 24 years","M","","N","unavailable","unavailable",3
202209,"unavailable","PER","AKL","P","A","GB","unavailable","unavailable","19 - 24 years","M","","N","unavailable","unavailable",3
202209,"unavailable","SYD","AKL","P","A","ZA","unavailable","unavailable","35 - 44 years","M","","N","unavailable","unavailable",3
202209,"unavailable","KUL","AKL","P","A","VN","unavailable","unavailable","35 - 44 years","M","","N","unavailable","unavailable",3
202209,"unavailable","KUL","AKL","P","A","HU","unavailable","unavailable","25 - 34 years","M","","N","unavailable","unavailable",3
202209,"unavailable","SIN","AKL","P","A","NP","unavailable","unavailable","45 - 54 years","M","","N","unavailable","unavailable",3
202209,"unavailable","SIN","CHC","P","A","JP","unavailable","unavailable","25 - 34 years","F","","N","unavailable","unavailable",3
202209,"unavailable","NRT","AKL","P","A","NL","unavailable","unavailable","25 - 34 years","M","","N","unavailable","unavailable",3
202209,"unavailable","NRT","AKL","P","A","NL","unavailable","unavailable","35 - 44 years","F","","N","unavailable","unavailable",3
202209,"unavailable","TBU","AKL","P","A","TO","unavailable","unavailable","55 - 64 years","M","","N","unavailable","unavailable",3
202209,"unavailable","SYD","AKL","P","A","IT","unavailable","unavailable","19 - 24 years","M","","N","unavailable","unavailable",3
202209,"unavailable","BNE","CHC","P","A","AU","unavailable","unavailable","45 - 54 years","F","","N","unavailable","unavailable",3
202209,"unavailable","MEL","ZQN","P","A","VN","unavailable","unavailable","19 - 24 years","M","","N","unavailable","unavailable",3
202209,"unavailable","SUV","AKL","P","A","FJ","unavailable","unavailable","35 - 44 years","M","","N","unavailable","unavailable",3
202209,"unavailable","SFO","AKL","P","A","GB","unavailable","unavailable","25 - 34 years","F","","N","unavailable","unavailable",3
202209,"unavailable","SIN","AKL","P","A","QA","unavailable","unavailable","35 - 44 years","M","","N","unavailable","unavailable",3
202209,"unavailable","MEL","WLG","P","A","HU","unavailable","unavailable","25 - 34 years","M","","N","unavailable","unavailable",3
202209,"unavailable","IAH","AKL","P","A","CZ","unavailable","unavailable","25 - 34 years","F","","N","unavailable","unavailable",3
202209,"unavailable","HNL","AKL","P","A","CZ","unavailable","unavailable","19 - 24 years","M","","N","unavailable","unavailable",3
202209,"unavailable","SYD","CHC","P","A","TW","unavailable","unavailable","12 - 18 years","M","","N","unavailable","unavailable",3
202209,"unavailable","NAN","AKL","P","A","US","unavailable","unavailable","25 - 34 years","F","","N","unavailable","unavailable",3
202209,"unavailable","SCL","AKL","P","A","AR","unavailable","unavailable","19 - 24 years","M","","N","unavailable","unavailable",3
202209,"unavailable","MEL","WLG","P","A","BE","unavailable","unavailable","19 - 24 years","F","","N","unavailable","unavailable",3
202209,"unavailable","KUL","AKL","P","A","ZA","unavailable","unavailable","55 - 64 years","F","","N","unavailable","unavailable",3
202209,"unavailable","MEL","CHC","P","A","PH","unavailable","unavailable","25 - 34 years","M","","N","unavailable","unavailable",3
202209,"unavailable","SEL","AKL","P","A","IE","unavailable","unavailable","19 - 24 years","F","","N","unavailable","unavailable",3
202209,"unavailable","RAR","AKL","P","A","CK","unavailable","unavailable","19 - 24 years","F","","N","unavailable","unavailable",3
202209,"unavailable","MEL","AKL","P","A","ID","unavailable","unavailable","01 - 11 years","F","","N","unavailable","unavailable",3
202209,"unavailable","CNS","AKL","P","A","MO","unavailable","unavailable","35 - 44 years","M","","N","unavailable","unavailable",3
202209,"unavailable","KUL","AKL","P","A","MY","unavailable","unavailable","35 - 44 years","F","","N","unavailable","unavailable",3
202209,"unavailable","TPE","AKL","P","A","GB","unavailable","unavailable","45 - 54 years","M","","N","unavailable","unavailable",3
202209,"unavailable","SCL","AKL","P","A","BR","unavailable","unavailable","12 - 18 years","M","","N","unavailable","unavailable",3
202209,"unavailable","KUL","AKL","P","A","GB","unavailable","unavailable","35 - 44 years","M","","N","unavailable","unavailable",3
202209,"unavailable","NAN","AKL","P","A","CN","unavailable","unavailable","25 - 34 years","F","","N","unavailable","unavailable",3
202209,"unavailable","HKG","AKL","P","A","TH","unavailable","unavailable","19 - 24 years","M","","N","unavailable","unavailable",3
202209,"unavailable","KUL","AKL","P","A","PH","unavailable","unavailable","01 - 11 years","F","","N","unavailable","unavailable",3
202209,"unavailable","NRT","AKL","P","A","JP","unavailable","unavailable","55 - 64 years","M","","N","unavailable","unavailable",3
202209,"unavailable","APW","AKL","P","A","AS","unavailable","unavailable","12 - 18 years","M","","N","unavailable","unavailable",3
202209,"unavailable","OOL","AKL","P","A","AU","unavailable","unavailable","55 - 64 years","M","","N","unavailable","unavailable",3
202209,"unavailable","KUL","AKL","P","A","IR","unavailable","unavailable","01 - 11 years","F","","N","unavailable","unavailable",3
202209,"unavailable","NAN","AKL","P","A","SG","unavailable","unavailable","45 - 54 years","M","","N","unavailable","unavailable",3
202209,"unavailable","ADL","AKL","P","A","AU","unavailable","unavailable","12 - 18 years","M","","N","unavailable","unavailable",3
202209,"unavailable","KUL","AKL","P","A","NL","unavailable","unavailable","45 - 54 years","M","","N","unavailable","unavailable",3
202209,"unavailable","SYD","WLG","P","A","TH","unavailable","unavailable","25 - 34 years","F","","N","unavailable","unavailable",3
202209,"unavailable","KUL","AKL","P","A","IT","unavailable","unavailable","65 - 74 years","M","","N","unavailable","unavailable",3
202209,"unavailable","NAN","AKL","P","A","XX","unavailable","unavailable","75+","M","","N","unavailable","unavailable",3
202209,"unavailable","SIN","AKL","P","A","ZA","unavailable","unavailable","45 - 54 years","M","","N","unavailable","unavailable",3
202209,"unavailable","KUL","AKL","P","A","MM","unavailable","unavailable","35 - 44 years","M","","N","unavailable","unavailable",3
202209,"unavailable","ADL","AKL","P","A","SA","unavailable","unavailable","35 - 44 years","F","","N","unavailable","unavailable",3
202209,"unavailable","IAH","AKL","P","A","AR","unavailable","unavailable","25 - 34 years","F","","N","unavailable","unavailable",3
202209,"unavailable","HKG","AKL","P","A","HK","unavailable","unavailable","19 - 24 years","F","","N","unavailable","unavailable",3
202209,"unavailable","SYD","WLG","P","A","US","unavailable","unavailable","55 - 64 years","F","","N","unavailable","unavailable",3
202209,"unavailable","BNE","AKL","P","A","AU","unavailable","unavailable","75+","F","","N","unavailable","unavailable",3
202209,"unavailable","SIN","AKL","P","A","PH","unavailable","unavailable","12 - 18 years","M","","N","unavailable","unavailable",3
202209,"unavailable","KUL","AKL","P","A","IN","unavailable","unavailable","Less than 1 year","M","","N","unavailable","unavailable",3
202209,"unavailable","SIN","AKL","P","A","OM","unavailable","unavailable","35 - 44 years","F","","N","unavailable","unavailable",3
202209,"unavailable","TPE","AKL","P","A","FR","unavailable","unavailable","25 - 34 years","M","","N","unavailable","unavailable",3
202209,"unavailable","TPE","AKL","P","A","PH","unavailable","unavailable","12 - 18 years","F","","N","unavailable","unavailable",3
202209,"unavailable","SIN","CHC","P","A","PH","unavailable","unavailable","19 - 24 years","F","","N","unavailable","unavailable",3
202209,"unavailable","MEL","ZQN","P","A","GB","unavailable","unavailable","55 - 64 years","F","","N","unavailable","unavailable",3
202209,"unavailable","MEL","CHC","P","A","PH","unavailable","unavailable","25 - 34 years","F","","N","unavailable","unavailable",3
202209,"unavailable","SYD","CHC","P","A","GB","unavailable","unavailable","01 - 11 years","M","","N","unavailable","unavailable",3
202209,"unavailable","LAX","AKL","P","A","GB","unavailable","unavailable","35 - 44 years","M","","N","unavailable","unavailable",3
202209,"unavailable","MEL","AKL","P","A","GB","unavailable","unavailable","35 - 44 years","M","","N","unavailable","unavailable",3
202209,"unavailable","SYD","AKL","P","A","DE","unavailable","unavailable","19 - 24 years","M","","N","unavailable","unavailable",3
202209,"unavailable","SHA","AKL","P","A","XX","unavailable","unavailable","19 - 24 years","F","","N","unavailable","unavailable",3
202209,"unavailable","HNL","AKL","P","A","US","unavailable","unavailable","01 - 11 years","M","","N","unavailable","unavailable",3
202209,"unavailable","NAN","AKL","P","A","IN","unavailable","unavailable","01 - 11 years","F","","N","unavailable","unavailable",3
202209,"unavailable","SIN","CHC","P","A","GB","unavailable","unavailable","12 - 18 years","F","","N","unavailable","unavailable",3
202209,"unavailable","SYD","AKL","P","A","SG","unavailable","unavailable","01 - 11 years","F","","N","unavailable","unavailable",3
202209,"unavailable","OOL","WLG","P","A","AU","unavailable","unavailable","35 - 44 years","M","","N","unavailable","unavailable",3
202209,"unavailable","YVR","AKL","P","A","CA","unavailable","unavailable","12 - 18 years","F","","N","unavailable","unavailable",3
202209,"unavailable","SIN","CHC","P","A","IN","unavailable","unavailable","Less than 1 year","F","","N","unavailable","unavailable",3
202209,"unavailable","SIN","AKL","P","A","AE","unavailable","unavailable","35 - 44 years","M","","N","unavailable","unavailable",3
202209,"unavailable","SYD","CHC","P","A","SA","unavailable","unavailable","25 - 34 years","F","","N","unavailable","unavailable",3
202209,"unavailable","SFO","AKL","P","A","GB","unavailable","unavailable","25 - 34 years","M","","N","unavailable","unavailable",3
202209,"unavailable","SIN","AKL","P","A","IR","unavailable","unavailable","35 - 44 years","F","","N","unavailable","unavailable",3
202209,"unavailable","SYD","AKL","P","A","KR","unavailable","unavailable","25 - 34 years","F","","N","unavailable","unavailable",3
202209,"unavailable","SYD","AKL","P","A","SG","unavailable","unavailable","35 - 44 years","F","","N","unavailable","unavailable",3
202209,"unavailable","MEL","CHC","P","A","GB","unavailable","unavailable","25 - 34 years","F","","N","unavailable","unavailable",3
202209,"unavailable","SIN","AKL","P","A","NL","unavailable","unavailable","25 - 34 years","F","","N","unavailable","unavailable",3
202209,"unavailable","MEL","ZQN","P","A","AU","unavailable","unavailable","19 - 24 years","F","","N","unavailable","unavailable",3
202209,"unavailable","KUL","AKL","P","A","CZ","unavailable","unavailable","35 - 44 years","M","","N","unavailable","unavailable",3
202209,"unavailable","OOL","CHC","P","A","AU","unavailable","unavailable","19 - 24 years","F","","N","unavailable","unavailable",3
202209,"unavailable","HKG","AKL","P","A","CN","unavailable","unavailable","19 - 24 years","F","","N","unavailable","unavailable",3
202209,"unavailable","SYD","CHC","P","A","FR","unavailable","unavailable","25 - 34 years","F","","N","unavailable","unavailable",3
202209,"unavailable","KUL","AKL","P","A","GB","unavailable","unavailable","35 - 44 years","F","","N","unavailable","unavailable",3
202209,"unavailable","IAH","AKL","P","A","CL","unavailable","unavailable","35 - 44 years","M","","N","unavailable","unavailable",3
202209,"unavailable","KUL","AKL","P","A","SO","unavailable","unavailable","55 - 64 years","M","","N","unavailable","unavailable",3
202209,"unavailable","HKG","AKL","P","A","GB","unavailable","unavailable","01 - 11 years","F","","N","unavailable","unavailable",3
202209,"unavailable","HKG","AKL","P","A","HK","unavailable","unavailable","35 - 44 years","F","","N","unavailable","unavailable",3
202209,"unavailable","TPE","AKL","P","A","TW","unavailable","unavailable","45 - 54 years","F","","N","unavailable","unavailable",3
202209,"unavailable","SIN","AKL","P","A","AE","unavailable","unavailable","01 - 11 years","F","","N","unavailable","unavailable",3
202209,"unavailable","MEL","CHC","P","A","AU","unavailable","unavailable","35 - 44 years","M","","N","unavailable","unavailable",3
202209,"unavailable","MEL","AKL","P","A","AU","unavailable","unavailable","Less than 1 year","F","","N","unavailable","unavailable",3
202209,"unavailable","MEL","CHC","P","A","AU","unavailable","unavailable","65 - 74 years","F","","N","unavailable","unavailable",3
202209,"unavailable","HKG","AKL","P","A","GB","unavailable","unavailable","35 - 44 years","F","","N","unavailable","unavailable",3
202209,"unavailable","KUL","AKL","P","A","NL","unavailable","unavailable","19 - 24 years","M","","N","unavailable","unavailable",3
202209,"unavailable","MEL","AKL","P","A","BE","unavailable","unavailable","25 - 34 years","F","","N","unavailable","unavailable",3
202209,"unavailable","MEL","WLG","P","A","GB","unavailable","unavailable","25 - 34 years","M","","N","unavailable","unavailable",3
202209,"unavailable","TPE","AKL","P","A","MK","unavailable","unavailable","45 - 54 years","F","","N","unavailable","unavailable",3
202209,"unavailable","KUL","AKL","P","A","BD","unavailable","unavailable","12 - 18 years","M","","N","unavailable","unavailable",3
202209,"unavailable","SIN","CHC","P","A","PH","unavailable","unavailable","45 - 54 years","F","","N","unavailable","unavailable",3
202209,"unavailable","SIN","AKL","P","A","JP","unavailable","unavailable","25 - 34 years","F","","N","unavailable","unavailable",3
202209,"unavailable","SHA","AKL","P","A","CN","unavailable","unavailable","75+","M","","N","unavailable","unavailable",3
202209,"unavailable","SYD","WLG","P","A","GB","unavailable","unavailable","19 - 24 years","M","","N","unavailable","unavailable",3
202209,"unavailable","TPE","AKL","P","A","GB","unavailable","unavailable","25 - 34 years","M","","N","unavailable","unavailable",3
202209,"unavailable","SYD","AKL","P","A","PH","unavailable","unavailable","55 - 64 years","M","","N","unavailable","unavailable",3
202209,"unavailable","PER","AKL","P","A","NL","unavailable","unavailable","25 - 34 years","F","","N","unavailable","unavailable",3
202209,"unavailable","MEL","AKL","P","A","IR","unavailable","unavailable","12 - 18 years","M","","N","unavailable","unavailable",3
202209,"unavailable","NRT","AKL","P","A","ES","unavailable","unavailable","35 - 44 years","F","","N","unavailable","unavailable",3
202209,"unavailable","SYD","WLG","P","A","VN","unavailable","unavailable","19 - 24 years","M","","N","unavailable","unavailable",3
202209,"unavailable","MEL","CHC","P","A","PH","unavailable","unavailable","01 - 11 years","F","","N","unavailable","unavailable",3
202209,"unavailable","SYD","CHC","P","A","MY","unavailable","unavailable","25 - 34 years","F","","N","unavailable","unavailable",3
202209,"unavailable","SIN","AKL","P","A","IE","unavailable","unavailable","25 - 34 years","M","","N","unavailable","unavailable",3
202209,"unavailable","TPE","AKL","P","A","TW","unavailable","unavailable","01 - 11 years","M","","N","unavailable","unavailable",3
202209,"unavailable","OOL","AKL","P","A","AU","unavailable","unavailable","19 - 24 years","F","","N","unavailable","unavailable",3
202209,"unavailable","SYD","AKL","P","A","AR","unavailable","unavailable","35 - 44 years","F","","N","unavailable","unavailable",3
202209,"unavailable","KUL","AKL","P","A","BH","unavailable","unavailable","35 - 44 years","F","","N","unavailable","unavailable",3
202209,"unavailable","LAX","AKL","P","A","NL","unavailable","unavailable","35 - 44 years","M","","N","unavailable","unavailable",3
202209,"unavailable","ADL","AKL","P","A","FR","unavailable","unavailable","19 - 24 years","F","","N","unavailable","unavailable",3
202209,"unavailable","KUL","AKL","P","A","BE","unavailable","unavailable","25 - 34 years","F","","N","unavailable","unavailable",3
202209,"unavailable","BNE","CHC","P","A","HU","unavailable","unavailable","25 - 34 years","M","","N","unavailable","unavailable",3
202209,"unavailable","HKG","AKL","P","A","UA","unavailable","unavailable","55 - 64 years","M","","N","unavailable","unavailable",3
202209,"unavailable","SEL","AKL","P","A","GB","unavailable","unavailable","35 - 44 years","F","","N","unavailable","unavailable",3
202209,"unavailable","PER","AKL","P","A","AU","unavailable","unavailable","65 - 74 years","F","","N","unavailable","unavailable",3
202209,"unavailable","KUL","AKL","P","A","NL","unavailable","unavailable","25 - 34 years","M","","N","unavailable","unavailable",3
202209,"unavailable","MEL","WLG","P","A","AU","unavailable","unavailable","75+","F","","N","unavailable","unavailable",3
202209,"unavailable","MEL","CHC","P","A","AU","unavailable","unavailable","35 - 44 years","F","","N","unavailable","unavailable",3
202209,"unavailable","MEL","WLG","P","A","AU","unavailable","unavailable","35 - 44 years","F","","N","unavailable","unavailable",3
202209,"unavailable","KUL","AKL","P","A","AR","unavailable","unavailable","35 - 44 years","M","","N","unavailable","unavailable",3
202209,"unavailable","KUL","AKL","P","A","SA","unavailable","unavailable","35 - 44 years","F","","N","unavailable","unavailable",3
202209,"unavailable","LAX","AKL","P","A","XX","unavailable","unavailable","55 - 64 years","F","","N","unavailable","unavailable",3
202209,"unavailable","SIN","CHC","P","A","AE","unavailable","unavailable","35 - 44 years","M","","N","unavailable","unavailable",3
202209,"unavailable","MEL","AKL","P","A","MY","unavailable","unavailable","25 - 34 years","M","","N","unavailable","unavailable",3
202209,"unavailable","BNE","CHC","P","A","PH","unavailable","unavailable","25 - 34 years","M","","N","unavailable","unavailable",3
202209,"unavailable","LAX","AKL","P","A","US","unavailable","unavailable","35 - 44 years","F","","N","unavailable","unavailable",3
202209,"unavailable","SIN","CHC","P","A","PT","unavailable","unavailable","01 - 11 years","F","","N","unavailable","unavailable",3
202209,"unavailable","NAN","AKL","P","A","IN","unavailable","unavailable","25 - 34 years","M","","N","unavailable","unavailable",3
202209,"unavailable","KUL","AKL","P","A","CZ","unavailable","unavailable","01 - 11 years","F","","N","unavailable","unavailable",3
202209,"unavailable","APW","AKL","P","A","WS","unavailable","unavailable","25 - 34 years","M","","N","unavailable","unavailable",3
202209,"unavailable","SYD","AKL","P","A","ZA","unavailable","unavailable","12 - 18 years","M","","N","unavailable","unavailable",3
202209,"unavailable","KUL","AKL","P","A","IT","unavailable","unavailable","25 - 34 years","M","","N","unavailable","unavailable",3
202209,"unavailable","KUL","AKL","P","A","US","unavailable","unavailable","35 - 44 years","F","","N","unavailable","unavailable",3
202209,"unavailable","BNE","ZQN","P","A","AU","unavailable","unavailable","25 - 34 years","M","","N","unavailable","unavailable",3
202209,"unavailable","RAR","AKL","P","A","CK","unavailable","unavailable","55 - 64 years","F","","N","unavailable","unavailable",3
202209,"unavailable","PPT","AKL","P","A","GB","unavailable","unavailable","35 - 44 years","M","","N","unavailable","unavailable",3
202209,"unavailable","KUL","AKL","P","A","CH","unavailable","unavailable","45 - 54 years","M","","N","unavailable","unavailable",3
202209,"unavailable","YVR","AKL","P","A","AU","unavailable","unavailable","25 - 34 years","M","","N","unavailable","unavailable",3
202209,"unavailable","SYD","AKL","P","A","CL","unavailable","unavailable","25 - 34 years","M","","N","unavailable","unavailable",3
202209,"unavailable","ADL","AKL","P","A","QA","unavailable","unavailable","25 - 34 years","F","","N","unavailable","unavailable",3
202209,"unavailable","CAN","AKL","P","A","CN","unavailable","unavailable","Less than 1 year","M","","N","unavailable","unavailable",3
202209,"unavailable","SIN","AKL","P","A","DE","unavailable","unavailable","01 - 11 years","M","","N","unavailable","unavailable",3
202209,"unavailable","KUL","AKL","P","A","SG","unavailable","unavailable","25 - 34 years","M","","N","unavailable","unavailable",3
202209,"unavailable","HKG","AKL","P","A","RS","unavailable","unavailable","35 - 44 years","M","","N","unavailable","unavailable",3
202209,"unavailable","MEL","WLG","P","A","ZA","unavailable","unavailable","35 - 44 years","M","","N","unavailable","unavailable",3
202209,"unavailable","SCL","AKL","P","A","CO","unavailable","unavailable","25 - 34 years","M","","N","unavailable","unavailable",3
202209,"unavailable","SIN","AKL","P","A","PH","unavailable","unavailable","25 - 34 years","F","","N","unavailable","unavailable",3
202209,"unavailable","IAH","AKL","P","A","PE","unavailable","unavailable","12 - 18 years","F","","N","unavailable","unavailable",3
202209,"unavailable","HNL","AKL","P","A","US","unavailable","unavailable","55 - 64 years","F","","N","unavailable","unavailable",3
202209,"unavailable","SEL","AKL","P","A","KR","unavailable","unavailable","55 - 64 years","M","","N","unavailable","unavailable",3
202209,"unavailable","MEL","ZQN","P","A","AU","unavailable","unavailable","55 - 64 years","M","","N","unavailable","unavailable",3
202209,"unavailable","HKG","AKL","P","A","JP","unavailable","unavailable","25 - 34 years","M","","N","unavailable","unavailable",3
202209,"unavailable","BNE","ZQN","P","A","AU","unavailable","unavailable","19 - 24 years","M","","N","unavailable","unavailable",3
202209,"unavailable","IAH","AKL","P","A","US","unavailable","unavailable","65 - 74 years","F","","N","unavailable","unavailable",3
202209,"unavailable","KUL","AKL","P","A","XX","unavailable","unavailable","19 - 24 years","M","","N","unavailable","unavailable",3
202209,"unavailable","SIN","CHC","P","A","IN","unavailable","unavailable","45 - 54 years","F","","N","unavailable","unavailable",3
202209,"unavailable","KUL","AKL","P","A","JO","unavailable","unavailable","35 - 44 years","F","","N","unavailable","unavailable",3
202209,"unavailable","SYD","AKL","P","A","XX","unavailable","unavailable","01 - 11 years","F","","N","unavailable","unavailable",3
202209,"unavailable","ADL","AKL","P","A","AU","unavailable","unavailable","45 - 54 years","M","","N","unavailable","unavailable",3
202209,"unavailable","MEL","AKL","P","A","NO","unavailable","unavailable","25 - 34 years","M","","N","unavailable","unavailable",3
202209,"unavailable","SYD","CHC","P","A","XX","unavailable","unavailable","01 - 11 years","F","","N","unavailable","unavailable",3
202209,"unavailable","KUL","AKL","P","A","IN","unavailable","unavailable","45 - 54 years","F","","N","unavailable","unavailable",3
202209,"unavailable","SIN","CHC","P","A","MY","unavailable","unavailable","65 - 74 years","M","","N","unavailable","unavailable",3
202209,"unavailable","SYD","ZQN","P","A","GB","unavailable","unavailable","19 - 24 years","M","","N","unavailable","unavailable",3
202209,"unavailable","HKG","AKL","P","A","DK","unavailable","unavailable","25 - 34 years","F","","N","unavailable","unavailable",3
202209,"unavailable","MEL","AKL","P","A","AU","unavailable","unavailable","65 - 74 years","F","","N","unavailable","unavailable",3
202209,"unavailable","SYD","WLG","P","A","ZA","unavailable","unavailable","25 - 34 years","F","","N","unavailable","unavailable",3
202209,"unavailable","IAH","AKL","P","A","FR","unavailable","unavailable","25 - 34 years","F","","N","unavailable","unavailable",3
202209,"unavailable","MEL","CHC","P","A","AU","unavailable","unavailable","25 - 34 years","F","","N","unavailable","unavailable",3
202209,"unavailable","KUL","AKL","P","A","XX","unavailable","unavailable","45 - 54 years","F","","N","unavailable","unavailable",3
202209,"unavailable","NAN","CHC","P","A","FJ","unavailable","unavailable","35 - 44 years","M","","N","unavailable","unavailable",3
202209,"unavailable","MEL","ZQN","P","A","ID","unavailable","unavailable","45 - 54 years","F","","N","unavailable","unavailable",3
202209,"unavailable","KUL","AKL","P","A","IN","unavailable","unavailable","65 - 74 years","M","","N","unavailable","unavailable",3
202209,"unavailable","SIN","AKL","P","A","CN","unavailable","unavailable","45 - 54 years","M","","N","unavailable","unavailable",3
202209,"unavailable","LAX","AKL","P","A","FR","unavailable","unavailable","35 - 44 years","M","","N","unavailable","unavailable",3
202209,"unavailable","KUL","AKL","P","A","IR","unavailable","unavailable","25 - 34 years","F","","N","unavailable","unavailable",3
202209,"unavailable","SFO","AKL","P","A","TT","unavailable","unavailable","25 - 34 years","M","","N","unavailable","unavailable",3
202209,"unavailable","SYD","AKL","P","A","IT","unavailable","unavailable","25 - 34 years","F","","N","unavailable","unavailable",3
202209,"unavailable","SIN","AKL","P","A","US","unavailable","unavailable","19 - 24 years","F","","N","unavailable","unavailable",3
202209,"unavailable","SIN","CHC","P","A","BD","unavailable","unavailable","25 - 34 years","F","","N","unavailable","unavailable",3
202209,"unavailable","MEL","AKL","P","A","DE","unavailable","unavailable","01 - 11 years","F","","N","unavailable","unavailable",3
202209,"unavailable","KUL","AKL","P","A","AR","unavailable","unavailable","19 - 24 years","M","","N","unavailable","unavailable",3
202209,"unavailable","MEL","AKL","P","A","GB","unavailable","unavailable","45 - 54 years","M","","N","unavailable","unavailable",3
202209,"unavailable","KUL","AKL","P","A","HU","unavailable","unavailable","45 - 54 years","F","","N","unavailable","unavailable",3
202209,"unavailable","KUL","AKL","P","A","ZW","unavailable","unavailable","35 - 44 years","F","","N","unavailable","unavailable",3
202209,"unavailable","MEL","AKL","P","A","ZA","unavailable","unavailable","01 - 11 years","M","","N","unavailable","unavailable",3
202209,"unavailable","ADL","AKL","P","A","GB","unavailable","unavailable","01 - 11 years","M","","N","unavailable","unavailable",3
202209,"unavailable","SIN","CHC","P","A","GB","unavailable","unavailable","19 - 24 years","F","","N","unavailable","unavailable",3
202209,"unavailable","KUL","AKL","P","A","CA","unavailable","unavailable","35 - 44 years","F","","N","unavailable","unavailable",3
202209,"unavailable","HNL","AKL","P","A","US","unavailable","unavailable","35 - 44 years","M","","N","unavailable","unavailable",3
202209,"unavailable","APW","AKL","P","A","WS","unavailable","unavailable","35 - 44 years","M","","N","unavailable","unavailable",3
202209,"unavailable","MEL","AKL","P","A","IL","unavailable","unavailable","25 - 34 years","M","","N","unavailable","unavailable",3
202209,"unavailable","MEL","WLG","P","A","AE","unavailable","unavailable","45 - 54 years","M","","N","unavailable","unavailable",3
202209,"unavailable","SIN","AKL","P","A","SG","unavailable","unavailable","19 - 24 years","F","","N","unavailable","unavailable",3
202209,"unavailable","MEL","WLG","P","A","AU","unavailable","unavailable","75+","M","","N","unavailable","unavailable",3
202209,"unavailable","SYD","ZQN","P","A","PH","unavailable","unavailable","01 - 11 years","M","","N","unavailable","unavailable",3
202209,"unavailable","KUL","AKL","P","A","RU","unavailable","unavailable","25 - 34 years","F","","N","unavailable","unavailable",3
202209,"unavailable","NRT","AKL","P","A","JP","unavailable","unavailable","12 - 18 years","M","","N","unavailable","unavailable",3
202209,"unavailable","SCL","AKL","P","A","BR","unavailable","unavailable","19 - 24 years","M","","N","unavailable","unavailable",3
202209,"unavailable","HKG","AKL","P","A","XX","unavailable","unavailable","25 - 34 years","M","","N","unavailable","unavailable",3
202209,"unavailable","SIN","AKL","P","A","BD","unavailable","unavailable","25 - 34 years","M","","N","unavailable","unavailable",3
202209,"unavailable","MEL","AKL","P","A","ID","unavailable","unavailable","01 - 11 years","M","","N","unavailable","unavailable",3
202209,"unavailable","SYD","CHC","P","A","GB","unavailable","unavailable","25 - 34 years","F","","N","unavailable","unavailable",3
202209,"unavailable","NRT","AKL","P","A","ZA","unavailable","unavailable","25 - 34 years","M","","N","unavailable","unavailable",3
202209,"unavailable","KUL","AKL","P","A","AE","unavailable","unavailable","45 - 54 years","F","","N","unavailable","unavailable",3
202209,"unavailable","NRT","AKL","P","A","KR","unavailable","unavailable","19 - 24 years","F","","N","unavailable","unavailable",3
202209,"unavailable","LAX","AKL","P","A","CO","unavailable","unavailable","25 - 34 years","M","","N","unavailable","unavailable",3
202209,"unavailable","HNL","AKL","P","A","US","unavailable","unavailable","45 - 54 years","F","","N","unavailable","unavailable",3
202209,"unavailable","KUL","AKL","P","A","LB","unavailable","unavailable","25 - 34 years","F","","N","unavailable","unavailable",3
202209,"unavailable","APW","AKL","P","A","WS","unavailable","unavailable","Less than 1 year","M","","N","unavailable","unavailable",3
202209,"unavailable","SYD","AKL","P","A","CZ","unavailable","unavailable","19 - 24 years","F","","N","unavailable","unavailable",3
202209,"unavailable","SIN","CHC","P","A","LK","unavailable","unavailable","25 - 34 years","M","","N","unavailable","unavailable",3
202209,"unavailable","PPT","AKL","P","A","CA","unavailable","unavailable","25 - 34 years","F","","N","unavailable","unavailable",3
202209,"unavailable","BNE","WLG","P","A","AU","unavailable","unavailable","45 - 54 years","M","","N","unavailable","unavailable",3
202209,"unavailable","SYD","CHC","P","A","GB","unavailable","unavailable","12 - 18 years","M","","N","unavailable","unavailable",3
202209,"unavailable","SIN","AKL","P","A","JP","unavailable","unavailable","35 - 44 years","M","","N","unavailable","unavailable",3
202209,"unavailable","NAN","AKL","P","A","CL","unavailable","unavailable","25 - 34 years","M","","N","unavailable","unavailable",3
202209,"unavailable","PPT","AKL","P","A","XX","unavailable","unavailable","25 - 34 years","M","","N","unavailable","unavailable",3
202209,"unavailable","NAN","AKL","P","A","DE","unavailable","unavailable","25 - 34 years","F","","N","unavailable","unavailable",3
202209,"unavailable","MEL","WLG","P","A","AU","unavailable","unavailable","01 - 11 years","F","","N","unavailable","unavailable",3
202209,"unavailable","NAN","AKL","P","A","FJ","unavailable","unavailable","65 - 74 years","F","","N","unavailable","unavailable",3
202209,"unavailable","LAX","AKL","P","A","US","unavailable","unavailable","55 - 64 years","F","","N","unavailable","unavailable",3
202209,"unavailable","KUL","AKL","P","A","PK","unavailable","unavailable","65 - 74 years","F","","N","unavailable","unavailable",3
202209,"unavailable","ADL","AKL","P","A","ES","unavailable","unavailable","19 - 24 years","F","","N","unavailable","unavailable",3
202209,"unavailable","HKG","AKL","P","A","HK","unavailable","unavailable","65 - 74 years","M","","N","unavailable","unavailable",3
202209,"unavailable","SYD","AKL","P","A","SI","unavailable","unavailable","25 - 34 years","M","","N","unavailable","unavailable",3
202209,"unavailable","NRT","AKL","P","A","LB","unavailable","unavailable","55 - 64 years","F","","N","unavailable","unavailable",3
202209,"unavailable","SIN","CHC","P","A","PT","unavailable","unavailable","25 - 34 years","M","","N","unavailable","unavailable",3
202209,"unavailable","SYD","WLG","P","A","AE","unavailable","unavailable","35 - 44 years","M","","N","unavailable","unavailable",3
202209,"unavailable","KUL","AKL","P","A","QA","unavailable","unavailable","35 - 44 years","M","","N","unavailable","unavailable",3
202209,"unavailable","MEL","CHC","P","A","LK","unavailable","unavailable","Less than 1 year","M","","N","unavailable","unavailable",3
202209,"unavailable","IAH","AKL","P","A","CA","unavailable","unavailable","35 - 44 years","F","","N","unavailable","unavailable",3
202209,"unavailable","KUL","AKL","P","A","JP","unavailable","unavailable","01 - 11 years","F","","N","unavailable","unavailable",3
202209,"unavailable","SIN","AKL","P","A","LT","unavailable","unavailable","35 - 44 years","F","","N","unavailable","unavailable",3
202209,"unavailable","CAN","AKL","P","A","FJ","unavailable","unavailable","01 - 11 years","M","","N","unavailable","unavailable",3
202209,"unavailable","KUL","AKL","P","A","BE","unavailable","unavailable","19 - 24 years","F","","N","unavailable","unavailable",3
202209,"unavailable","YVR","AKL","P","A","MX","unavailable","unavailable","45 - 54 years","M","","N","unavailable","unavailable",3
202209,"unavailable","KUL","AKL","P","A","LB","unavailable","unavailable","35 - 44 years","M","","N","unavailable","unavailable",3
202209,"unavailable","OOL","WLG","P","A","AU","unavailable","unavailable","19 - 24 years","M","","N","unavailable","unavailable",3
202209,"unavailable","SIN","CHC","P","A","AE","unavailable","unavailable","01 - 11 years","M","","N","unavailable","unavailable",3
202209,"unavailable","NAN","CHC","P","A","FJ","unavailable","unavailable","25 - 34 years","M","","N","unavailable","unavailable",3
202209,"unavailable","SIN","AKL","P","A","LK","unavailable","unavailable","45 - 54 years","F","","N","unavailable","unavailable",3
202209,"unavailable","SYD","WLG","P","A","ID","unavailable","unavailable","35 - 44 years","F","","N","unavailable","unavailable",3
202209,"unavailable","SIN","AKL","P","A","CH","unavailable","unavailable","19 - 24 years","M","","N","unavailable","unavailable",3
202209,"unavailable","BNE","ZQN","P","A","AU","unavailable","unavailable","25 - 34 years","F","","N","unavailable","unavailable",3
202209,"unavailable","SIN","AKL","P","A","VN","unavailable","unavailable","25 - 34 years","M","","N","unavailable","unavailable",3
202209,"unavailable","MEL","AKL","P","A","AU","unavailable","unavailable","75+","F","","N","unavailable","unavailable",3
202209,"unavailable","NAN","AKL","P","A","BE","unavailable","unavailable","25 - 34 years","M","","N","unavailable","unavailable",3
202209,"unavailable","KUL","AKL","P","A","ES","unavailable","unavailable","45 - 54 years","F","","N","unavailable","unavailable",3
202209,"unavailable","HKG","AKL","P","A","MY","unavailable","unavailable","25 - 34 years","F","","N","unavailable","unavailable",3
202209,"unavailable","APW","AKL","P","A","WS","unavailable","unavailable","65 - 74 years","F","","N","unavailable","unavailable",3
202209,"unavailable","SYD","ZQN","P","A","TH","unavailable","unavailable","25 - 34 years","F","","N","unavailable","unavailable",3
202209,"unavailable","SEL","AKL","P","A","DE","unavailable","unavailable","25 - 34 years","F","","N","unavailable","unavailable",3
202209,"unavailable","SIN","AKL","P","A","DK","unavailable","unavailable","25 - 34 years","M","","N","unavailable","unavailable",3
202209,"unavailable","SIN","AKL","P","A","KW","unavailable","unavailable","35 - 44 years","M","","N","unavailable","unavailable",3
202209,"unavailable","SEL","AKL","P","A","KR","unavailable","unavailable","65 - 74 years","M","","N","unavailable","unavailable",3
202209,"unavailable","LAX","AKL","P","A","DE","unavailable","unavailable","19 - 24 years","F","","N","unavailable","unavailable",3
202209,"unavailable","KUL","AKL","P","A","RU","unavailable","unavailable","65 - 74 years","F","","N","unavailable","unavailable",3
202209,"unavailable","KUL","AKL","P","A","BD","unavailable","unavailable","25 - 34 years","M","","N","unavailable","unavailable",3
202209,"unavailable","KUL","AKL","P","A","EC","unavailable","unavailable","12 - 18 years","M","","N","unavailable","unavailable",3
202209,"unavailable","KUL","AKL","P","A","UA","unavailable","unavailable","55 - 64 years","F","","N","unavailable","unavailable",3
202209,"unavailable","MEL","AKL","P","A","XX","unavailable","unavailable","45 - 54 years","M","","N","unavailable","unavailable",3
202209,"unavailable","KUL","AKL","P","A","UA","unavailable","unavailable","25 - 34 years","F","","N","unavailable","unavailable",3
202209,"unavailable","KUL","AKL","P","A","MY","unavailable","unavailable","01 - 11 years","M","","N","unavailable","unavailable",3
202209,"unavailable","SYD","AKL","P","A","FR","unavailable","unavailable","19 - 24 years","F","","N","unavailable","unavailable",3
202209,"unavailable","NAN","AKL","P","A","US","unavailable","unavailable","19 - 24 years","F","","N","unavailable","unavailable",3
202209,"unavailable","TBU","AKL","P","A","TO","unavailable","unavailable","45 - 54 years","M","","N","unavailable","unavailable",3
202209,"unavailable","OOL","CHC","P","A","AU","unavailable","unavailable","75+","F","","N","unavailable","unavailable",3
202209,"unavailable","SIN","CHC","P","A","MY","unavailable","unavailable","65 - 74 years","F","","N","unavailable","unavailable",3
202209,"unavailable","SIN","CHC","P","A","TH","unavailable","unavailable","25 - 34 years","F","","N","unavailable","unavailable",3
202209,"unavailable","BNE","CHC","P","A","AU","unavailable","unavailable","01 - 11 years","F","","N","unavailable","unavailable",3
202209,"unavailable","SFO","AKL","P","A","US","unavailable","unavailable","35 - 44 years","M","","N","unavailable","unavailable",3
202209,"unavailable","ADL","AKL","P","A","GR","unavailable","unavailable","45 - 54 years","F","","N","unavailable","unavailable",3
202209,"unavailable","KUL","AKL","P","A","FR","unavailable","unavailable","45 - 54 years","M","","N","unavailable","unavailable",3
202209,"unavailable","HKG","AKL","P","A","VN","unavailable","unavailable","35 - 44 years","M","","N","unavailable","unavailable",3
202209,"unavailable","SIN","AKL","P","A","VN","unavailable","unavailable","25 - 34 years","F","","N","unavailable","unavailable",3
202209,"unavailable","SIN","AKL","P","A","ES","unavailable","unavailable","01 - 11 years","F","","N","unavailable","unavailable",3
202209,"unavailable","LAX","AKL","P","A","GB","unavailable","unavailable","55 - 64 years","M","","N","unavailable","unavailable",3
202209,"unavailable","SYD","CHC","P","A","AT","unavailable","unavailable","35 - 44 years","F","","N","unavailable","unavailable",3
202209,"unavailable","MEL","CHC","P","A","US","unavailable","unavailable","01 - 11 years","M","","N","unavailable","unavailable",3
202209,"unavailable","SIN","CHC","P","A","HU","unavailable","unavailable","25 - 34 years","F","","N","unavailable","unavailable",3
202209,"unavailable","SEL","AKL","P","A","DE","unavailable","unavailable","12 - 18 years","F","","N","unavailable","unavailable",3
202209,"unavailable","HKG","AKL","P","A","TW","unavailable","unavailable","35 - 44 years","M","","N","unavailable","unavailable",3
202209,"unavailable","NAN","AKL","P","A","KI","unavailable","unavailable","35 - 44 years","M","","N","unavailable","unavailable",3
202209,"unavailable","SYD","AKL","P","A","ES","unavailable","unavailable","45 - 54 years","M","","N","unavailable","unavailable",3
202209,"unavailable","APW","AKL","P","A","XX","unavailable","unavailable","01 - 11 years","M","","N","unavailable","unavailable",3
202209,"unavailable","KUL","AKL","P","A","ZW","unavailable","unavailable","25 - 34 years","F","","N","unavailable","unavailable",3
202209,"unavailable","SIN","CHC","P","A","LK","unavailable","unavailable","35 - 44 years","M","","N","unavailable","unavailable",3
202209,"unavailable","SYD","WLG","P","A","US","unavailable","unavailable","01 - 11 years","M","","N","unavailable","unavailable",3
202209,"unavailable","NAN","AKL","P","A","FJ","unavailable","unavailable","Less than 1 year","M","","N","unavailable","unavailable",3
202209,"unavailable","KUL","AKL","P","A","AE","unavailable","unavailable","01 - 11 years","F","","N","unavailable","unavailable",3
202209,"unavailable","MEL","AKL","P","A","PH","unavailable","unavailable","01 - 11 years","F","","N","unavailable","unavailable",3
202209,"unavailable","MEL","CHC","P","A","ID","unavailable","unavailable","25 - 34 years","M","","N","unavailable","unavailable",3
202209,"unavailable","SYD","WLG","P","A","QA","unavailable","unavailable","35 - 44 years","F","","N","unavailable","unavailable",3
202209,"unavailable","HKG","AKL","P","A","CN","unavailable","unavailable","25 - 34 years","M","","N","unavailable","unavailable",3
202209,"unavailable","NAN","WLG","P","A","CA","unavailable","unavailable","25 - 34 years","F","","N","unavailable","unavailable",3
202209,"unavailable","TBU","AKL","P","A","TO","unavailable","unavailable","01 - 11 years","M","","N","unavailable","unavailable",3
202209,"unavailable","SYD","AKL","P","A","GB","unavailable","unavailable","35 - 44 years","F","","N","unavailable","unavailable",3
202209,"unavailable","SYD","AKL","P","A","AR","unavailable","unavailable","25 - 34 years","M","","N","unavailable","unavailable",3
202209,"unavailable","HKG","AKL","P","A","CN","unavailable","unavailable","12 - 18 years","F","","N","unavailable","unavailable",3
202209,"unavailable","ADL","AKL","P","A","RO","unavailable","unavailable","25 - 34 years","F","","N","unavailable","unavailable",3
202209,"unavailable","SIN","CHC","P","A","PH","unavailable","unavailable","01 - 11 years","M","","N","unavailable","unavailable",3
202209,"unavailable","SIN","CHC","P","A","SG","unavailable","unavailable","Less than 1 year","F","","N","unavailable","unavailable",3
202209,"unavailable","SYD","WLG","P","A","AU","unavailable","unavailable","35 - 44 years","F","","N","unavailable","unavailable",3
202209,"unavailable","SYD","AKL","P","A","BR","unavailable","unavailable","25 - 34 years","M","","N","unavailable","unavailable",3
202209,"unavailable","SYD","WLG","P","A","NL","unavailable","unavailable","25 - 34 years","F","","N","unavailable","unavailable",3
202209,"unavailable","SYD","WLG","P","A","AU","unavailable","unavailable","19 - 24 years","M","","N","unavailable","unavailable",3
202209,"unavailable","LAX","AKL","P","A","GB","unavailable","unavailable","35 - 44 years","F","","N","unavailable","unavailable",3
202209,"unavailable","SYD","CHC","P","A","ZA","unavailable","unavailable","12 - 18 years","F","","N","unavailable","unavailable",3
202209,"unavailable","BNE","AKL","P","A","XX","unavailable","unavailable","55 - 64 years","M","","N","unavailable","unavailable",3
202209,"unavailable","MEL","AKL","P","A","VN","unavailable","unavailable","12 - 18 years","F","","N","unavailable","unavailable",3
202209,"unavailable","SCL","AKL","P","A","AR","unavailable","unavailable","19 - 24 years","F","","N","unavailable","unavailable",3
202209,"unavailable","SIN","AKL","P","A","SG","unavailable","unavailable","65 - 74 years","M","","N","unavailable","unavailable",3
202209,"unavailable","NRT","AKL","P","A","LT","unavailable","unavailable","25 - 34 years","F","","N","unavailable","unavailable",3
202209,"unavailable","MEL","AKL","P","A","XX","unavailable","unavailable","25 - 34 years","M","","N","unavailable","unavailable",3
202209,"unavailable","ADL","AKL","P","A","CZ","unavailable","unavailable","25 - 34 years","F","","N","unavailable","unavailable",3
202209,"unavailable","SIN","AKL","P","A","XX","unavailable","unavailable","45 - 54 years","M","","N","unavailable","unavailable",3
202209,"unavailable","CNS","AKL","P","A","GB","unavailable","unavailable","65 - 74 years","M","","N","unavailable","unavailable",3
202209,"unavailable","SEL","AKL","P","A","NL","unavailable","unavailable","25 - 34 years","F","","N","unavailable","unavailable",3
202209,"unavailable","SYD","ZQN","P","A","NL","unavailable","unavailable","25 - 34 years","M","","N","unavailable","unavailable",3
202209,"unavailable","KUL","AKL","P","A","ZW","unavailable","unavailable","12 - 18 years","F","","N","unavailable","unavailable",3
202209,"unavailable","SYD","ZQN","P","A","IT","unavailable","unavailable","45 - 54 years","M","","N","unavailable","unavailable",3
202209,"unavailable","KUL","AKL","P","A","CG","unavailable","unavailable","35 - 44 years","M","","N","unavailable","unavailable",3
202209,"unavailable","SYD","AKL","P","A","XX","unavailable","unavailable","45 - 54 years","F","","N","unavailable","unavailable",3
202209,"unavailable","KUL","AKL","P","A","RU","unavailable","unavailable","45 - 54 years","M","","N","unavailable","unavailable",3
202209,"unavailable","HKG","AKL","P","A","TH","unavailable","unavailable","12 - 18 years","F","","N","unavailable","unavailable",3
202209,"unavailable","KUL","AKL","P","A","RU","unavailable","unavailable","12 - 18 years","M","","N","unavailable","unavailable",3
202209,"unavailable","SIN","CHC","P","A","KW","unavailable","unavailable","25 - 34 years","M","","N","unavailable","unavailable",3
202209,"unavailable","HNL","AKL","P","A","US","unavailable","unavailable","55 - 64 years","M","","N","unavailable","unavailable",3
202209,"unavailable","SYD","AKL","P","A","VN","unavailable","unavailable","25 - 34 years","M","","N","unavailable","unavailable",3
202209,"unavailable","MEL","CHC","P","A","SG","unavailable","unavailable","19 - 24 years","M","","N","unavailable","unavailable",3
202209,"unavailable","SYD","CHC","P","A","ZA","unavailable","unavailable","01 - 11 years","F","","N","unavailable","unavailable",3
202209,"unavailable","PPT","AKL","P","A","GB","unavailable","unavailable","25 - 34 years","F","","N","unavailable","unavailable",3
202209,"unavailable","SYD","ZQN","P","A","AU","unavailable","unavailable","25 - 34 years","M","","N","unavailable","unavailable",3
202209,"unavailable","SYD","AKL","P","A","ID","unavailable","unavailable","19 - 24 years","F","","N","unavailable","unavailable",3
202209,"unavailable","SYD","WLG","P","A","ZA","unavailable","unavailable","35 - 44 years","M","","N","unavailable","unavailable",3
202209,"unavailable","NRT","AKL","P","A","NL","unavailable","unavailable","01 - 11 years","M","","N","unavailable","unavailable",3
202209,"unavailable","SIN","AKL","P","A","SE","unavailable","unavailable","25 - 34 years","F","","N","unavailable","unavailable",3
202209,"unavailable","LAX","AKL","P","A","FR","unavailable","unavailable","19 - 24 years","F","","N","unavailable","unavailable",3
202209,"unavailable","NAN","AKL","P","A","XX","unavailable","unavailable","35 - 44 years","F","","N","unavailable","unavailable",3
202209,"unavailable","CNS","AKL","P","A","FR","unavailable","unavailable","25 - 34 years","M","","N","unavailable","unavailable",3
202209,"unavailable","HKG","AKL","P","A","VN","unavailable","unavailable","12 - 18 years","M","","N","unavailable","unavailable",3
202209,"unavailable","MEL","WLG","P","A","AU","unavailable","unavailable","55 - 64 years","F","","N","unavailable","unavailable",3
202209,"unavailable","SIN","AKL","P","A","XX","unavailable","unavailable","01 - 11 years","F","","N","unavailable","unavailable",3
202209,"unavailable","SYD","CHC","P","A","VN","unavailable","unavailable","01 - 11 years","F","","N","unavailable","unavailable",3
202209,"unavailable","KUL","AKL","P","A","HU","unavailable","unavailable","45 - 54 years","M","","N","unavailable","unavailable",3
202209,"unavailable","ADL","AKL","P","A","ZA","unavailable","unavailable","45 - 54 years","M","","N","unavailable","unavailable",3
202209,"unavailable","TPE","AKL","P","A","TW","unavailable","unavailable","55 - 64 years","M","","N","unavailable","unavailable",3
202209,"unavailable","PPT","AKL","P","A","US","unavailable","unavailable","25 - 34 years","F","","N","unavailable","unavailable",3
202209,"unavailable","NAN","AKL","P","A","TH","unavailable","unavailable","25 - 34 years","M","","N","unavailable","unavailable",3
202209,"unavailable","SIN","AKL","P","A","TR","unavailable","unavailable","01 - 11 years","M","","N","unavailable","unavailable",3
202209,"unavailable","NRT","AKL","P","A","FR","unavailable","unavailable","25 - 34 years","F","","N","unavailable","unavailable",3
202209,"unavailable","SYD","AKL","P","A","SG","unavailable","unavailable","19 - 24 years","F","","N","unavailable","unavailable",3
202209,"unavailable","SYD","ZQN","P","A","AU","unavailable","unavailable","55 - 64 years","M","","N","unavailable","unavailable",3
202209,"unavailable","SIN","CHC","P","A","PH","unavailable","unavailable","01 - 11 years","F","","N","unavailable","unavailable",3
202209,"unavailable","MEL","CHC","P","A","GB","unavailable","unavailable","19 - 24 years","M","","N","unavailable","unavailable",3
202209,"unavailable","OOL","AKL","P","A","JP","unavailable","unavailable","25 - 34 years","M","","N","unavailable","unavailable",3
202209,"unavailable","NRT","AKL","P","A","GB","unavailable","unavailable","19 - 24 years","M","","N","unavailable","unavailable",3
202209,"unavailable","SIN","AKL","P","A","HK","unavailable","unavailable","25 - 34 years","M","","N","unavailable","unavailable",3
202209,"unavailable","SYD","ZQN","P","A","GB","unavailable","unavailable","35 - 44 years","M","","N","unavailable","unavailable",3
202209,"unavailable","NAN","AKL","P","A","XX","unavailable","unavailable","19 - 24 years","F","","N","unavailable","unavailable",3
202209,"unavailable","KUL","AKL","P","A","HU","unavailable","unavailable","01 - 11 years","F","","N","unavailable","unavailable",3
202209,"unavailable","SYD","WLG","P","A","FR","unavailable","unavailable","25 - 34 years","M","","N","unavailable","unavailable",3
202209,"unavailable","SIN","AKL","P","A","KR","unavailable","unavailable","25 - 34 years","F","","N","unavailable","unavailable",3
202209,"unavailable","SIN","CHC","P","A","JP","unavailable","unavailable","01 - 11 years","M","","N","unavailable","unavailable",3
202209,"unavailable","NRT","AKL","P","A","ES","unavailable","unavailable","25 - 34 years","M","","N","unavailable","unavailable",3
202209,"unavailable","IAH","AKL","P","A","CA","unavailable","unavailable","25 - 34 years","F","","N","unavailable","unavailable",3
202209,"unavailable","ADL","AKL","P","A","HK","unavailable","unavailable","25 - 34 years","M","","N","unavailable","unavailable",3
202209,"unavailable","SYD","AKL","P","A","CA","unavailable","unavailable","19 - 24 years","F","","N","unavailable","unavailable",3
202209,"unavailable","SIN","AKL","P","A","PH","unavailable","unavailable","01 - 11 years","F","","N","unavailable","unavailable",3
202209,"unavailable","MEL","WLG","P","A","ZA","unavailable","unavailable","01 - 11 years","M","","N","unavailable","unavailable",3
202209,"unavailable","SUV","AKL","P","A","FJ","unavailable","unavailable","45 - 54 years","M","","N","unavailable","unavailable",3
202209,"unavailable","NAN","AKL","P","A","CA","unavailable","unavailable","25 - 34 years","F","","N","unavailable","unavailable",3
202209,"unavailable","ADL","AKL","P","A","GB","unavailable","unavailable","45 - 54 years","M","","N","unavailable","unavailable",3
202209,"unavailable","SIN","AKL","P","A","SE","unavailable","unavailable","19 - 24 years","F","","N","unavailable","unavailable",3
202209,"unavailable","KUL","AKL","P","A","UZ","unavailable","unavailable","25 - 34 years","F","","N","unavailable","unavailable",3
202209,"unavailable","VLI","AKL","P","A","XX","unavailable","unavailable","19 - 24 years","M","","N","unavailable","unavailable",3
202209,"unavailable","MEL","WLG","P","A","GB","unavailable","unavailable","35 - 44 years","F","","N","unavailable","unavailable",3
202209,"unavailable","LAX","AKL","P","A","AU","unavailable","unavailable","25 - 34 years","F","","N","unavailable","unavailable",3
202209,"unavailable","LAX","AKL","P","A","CL","unavailable","unavailable","25 - 34 years","F","","N","unavailable","unavailable",3
202209,"unavailable","KUL","AKL","P","A","BD","unavailable","unavailable","35 - 44 years","F","","N","unavailable","unavailable",3
202209,"unavailable","SEL","AKL","P","A","ES","unavailable","unavailable","25 - 34 years","M","","N","unavailable","unavailable",3
202209,"unavailable","NAN","CHC","P","A","FJ","unavailable","unavailable","19 - 24 years","F","","N","unavailable","unavailable",3
202209,"unavailable","SIN","CHC","P","A","SG","unavailable","unavailable","19 - 24 years","M","","N","unavailable","unavailable",3
202209,"unavailable","SIN","AKL","P","A","FR","unavailable","unavailable","75+","F","","N","unavailable","unavailable",3
202209,"unavailable","SFO","AKL","P","A","NL","unavailable","unavailable","19 - 24 years","F","","N","unavailable","unavailable",3
202209,"unavailable","HKG","AKL","P","A","VN","unavailable","unavailable","35 - 44 years","F","","N","unavailable","unavailable",3
202209,"unavailable","SIN","AKL","P","A","FR","unavailable","unavailable","01 - 11 years","F","","N","unavailable","unavailable",3
202209,"unavailable","SIN","AKL","P","A","XX","unavailable","unavailable","45 - 54 years","F","","N","unavailable","unavailable",3
202209,"unavailable","HNL","AKL","P","A","US","unavailable","unavailable","35 - 44 years","F","","N","unavailable","unavailable",3
202209,"unavailable","NAN","AKL","P","A","US","unavailable","unavailable","12 - 18 years","F","","N","unavailable","unavailable",3
202209,"unavailable","KUL","AKL","P","A","BH","unavailable","unavailable","12 - 18 years","F","","N","unavailable","unavailable",3
202209,"unavailable","SYD","AKL","P","A","ZA","unavailable","unavailable","35 - 44 years","F","","N","unavailable","unavailable",3
202209,"unavailable","KUL","AKL","P","A","SG","unavailable","unavailable","45 - 54 years","M","","N","unavailable","unavailable",3
202209,"unavailable","HKG","AKL","P","A","HK","unavailable","unavailable","19 - 24 years","M","","N","unavailable","unavailable",3
202209,"unavailable","LAX","AKL","P","A","BE","unavailable","unavailable","25 - 34 years","M","","N","unavailable","unavailable",3
202209,"unavailable","SIN","CHC","P","A","BD","unavailable","unavailable","01 - 11 years","F","","N","unavailable","unavailable",3
202209,"unavailable","SYD","AKL","P","A","PL","unavailable","unavailable","25 - 34 years","F","","N","unavailable","unavailable",3
202209,"unavailable","NAN","AKL","P","A","CA","unavailable","unavailable","45 - 54 years","M","","N","unavailable","unavailable",3
202209,"unavailable","SYD","AKL","P","A","LT","unavailable","unavailable","25 - 34 years","F","","N","unavailable","unavailable",3
202209,"unavailable","LAX","AKL","P","A","IE","unavailable","unavailable","19 - 24 years","F","","N","unavailable","unavailable",3
202209,"unavailable","KUL","AKL","P","A","KH","unavailable","unavailable","25 - 34 years","M","","N","unavailable","unavailable",3
202209,"unavailable","NAN","AKL","P","A","KI","unavailable","unavailable","12 - 18 years","M","","N","unavailable","unavailable",3
202209,"unavailable","MEL","ZQN","P","A","AU","unavailable","unavailable","35 - 44 years","M","","N","unavailable","unavailable",3
202209,"unavailable","HKG","AKL","P","A","AR","unavailable","unavailable","25 - 34 years","F","","N","unavailable","unavailable",3
202209,"unavailable","NAN","CHC","P","A","GB","unavailable","unavailable","35 - 44 years","F","","N","unavailable","unavailable",3
202209,"unavailable","RAR","AKL","P","A","CK","unavailable","unavailable","01 - 11 years","M","","N","unavailable","unavailable",3
202209,"unavailable","CNS","AKL","P","A","GB","unavailable","unavailable","25 - 34 years","F","","N","unavailable","unavailable",3
202209,"unavailable","ADL","AKL","P","A","XX","unavailable","unavailable","01 - 11 years","M","","N","unavailable","unavailable",3
202209,"unavailable","KUL","AKL","P","A","BR","unavailable","unavailable","01 - 11 years","M","","N","unavailable","unavailable",3
202209,"unavailable","LAX","AKL","P","A","CL","unavailable","unavailable","25 - 34 years","M","","N","unavailable","unavailable",3
202209,"unavailable","BNE","WLG","P","A","AU","unavailable","unavailable","01 - 11 years","F","","N","unavailable","unavailable",3
202209,"unavailable","KUL","AKL","P","A","ZW","unavailable","unavailable","01 - 11 years","M","","N","unavailable","unavailable",3
202209,"unavailable","SIN","AKL","P","A","PH","unavailable","unavailable","25 - 34 years","M","","N","unavailable","unavailable",3
202209,"unavailable","CNS","AKL","P","A","AU","unavailable","unavailable","25 - 34 years","F","","N","unavailable","unavailable",3
202209,"unavailable","OOL","AKL","P","A","AU","unavailable","unavailable","01 - 11 years","F","","N","unavailable","unavailable",3
202209,"unavailable","SIN","AKL","P","A","ZA","unavailable","unavailable","01 - 11 years","M","","N","unavailable","unavailable",3
202209,"unavailable","SCL","AKL","P","A","BR","unavailable","unavailable","19 - 24 years","F","","N","unavailable","unavailable",3
202209,"unavailable","IAH","AKL","P","A","FR","unavailable","unavailable","19 - 24 years","F","","N","unavailable","unavailable",3
202209,"unavailable","SUV","AKL","P","A","FJ","unavailable","unavailable","35 - 44 years","F","","N","unavailable","unavailable",3
202209,"unavailable","HNL","AKL","P","A","GB","unavailable","unavailable","25 - 34 years","F","","N","unavailable","unavailable",3
202209,"unavailable","SYD","AKL","P","A","ID","unavailable","unavailable","65 - 74 years","M","","N","unavailable","unavailable",3
202209,"unavailable","KUL","AKL","P","A","SG","unavailable","unavailable","35 - 44 years","M","","N","unavailable","unavailable",3
202209,"unavailable","SYD","AKL","P","A","CA","unavailable","unavailable","65 - 74 years","M","","N","unavailable","unavailable",3
202209,"unavailable","SIN","CHC","P","A","SG","unavailable","unavailable","25 - 34 years","F","","N","unavailable","unavailable",3
202209,"unavailable","OOL","CHC","P","A","AU","unavailable","unavailable","55 - 64 years","F","","N","unavailable","unavailable",3
202209,"unavailable","SYD","WLG","P","A","MY","unavailable","unavailable","25 - 34 years","F","","N","unavailable","unavailable",3
202209,"unavailable","HKG","AKL","P","A","IN","unavailable","unavailable","01 - 11 years","F","","N","unavailable","unavailable",3
202209,"unavailable","HKG","AKL","P","A","SG","unavailable","unavailable","35 - 44 years","M","","N","unavailable","unavailable",3
202209,"unavailable","SCL","AKL","P","A","MX","unavailable","unavailable","25 - 34 years","M","","N","unavailable","unavailable",3
202209,"unavailable","KUL","AKL","P","A","KR","unavailable","unavailable","25 - 34 years","M","","N","unavailable","unavailable",3
202209,"unavailable","TPE","AKL","P","A","TW","unavailable","unavailable","75+","F","","N","unavailable","unavailable",3
202209,"unavailable","BNE","AKL","P","A","FR","unavailable","unavailable","25 - 34 years","F","","N","unavailable","unavailable",3
202209,"unavailable","KUL","AKL","P","A","NL","unavailable","unavailable","01 - 11 years","F","","N","unavailable","unavailable",3
202209,"unavailable","PPT","AKL","P","A","GP","unavailable","unavailable","25 - 34 years","F","","N","unavailable","unavailable",3
202209,"unavailable","MEL","WLG","P","A","FR","unavailable","unavailable","25 - 34 years","F","","N","unavailable","unavailable",3
202209,"unavailable","SEL","AKL","P","A","KR","unavailable","unavailable","45 - 54 years","F","","N","unavailable","unavailable",3
202209,"unavailable","KUL","AKL","P","A","SE","unavailable","unavailable","45 - 54 years","F","","N","unavailable","unavailable",3
202209,"unavailable","SIN","CHC","P","A","CA","unavailable","unavailable","35 - 44 years","M","","N","unavailable","unavailable",3
202209,"unavailable","SYD","CHC","P","A","ZA","unavailable","unavailable","55 - 64 years","M","","N","unavailable","unavailable",3
202209,"unavailable","SIN","CHC","P","A","KR","unavailable","unavailable","45 - 54 years","M","","N","unavailable","unavailable",3
202209,"unavailable","SYD","AKL","P","A","GB","unavailable","unavailable","55 - 64 years","F","","N","unavailable","unavailable",3
202209,"unavailable","LAX","AKL","P","A","CA","unavailable","unavailable","65 - 74 years","F","","N","unavailable","unavailable",3
202209,"unavailable","HKG","AKL","P","A","CN","unavailable","unavailable","35 - 44 years","F","","N","unavailable","unavailable",3
202209,"unavailable","ADL","AKL","P","A","GB","unavailable","unavailable","35 - 44 years","M","","N","unavailable","unavailable",3
202209,"unavailable","SFO","AKL","P","A","US","unavailable","unavailable","19 - 24 years","F","","N","unavailable","unavailable",3
202209,"unavailable","MEL","CHC","P","A","IE","unavailable","unavailable","25 - 34 years","F","","N","unavailable","unavailable",3
202209,"unavailable","PER","AKL","P","A","AU","unavailable","unavailable","Less than 1 year","M","","N","unavailable","unavailable",3
202209,"unavailable","HKG","AKL","P","A","HK","unavailable","unavailable","65 - 74 years","F","","N","unavailable","unavailable",3
202209,"unavailable","ADL","AKL","P","A","SK","unavailable","unavailable","25 - 34 years","M","","N","unavailable","unavailable",3
202209,"unavailable","APW","AKL","P","A","XX","unavailable","unavailable","55 - 64 years","F","","N","unavailable","unavailable",3
202209,"unavailable","KUL","AKL","P","A","MM","unavailable","unavailable","25 - 34 years","M","","N","unavailable","unavailable",3
202209,"unavailable","SIN","CHC","P","A","PH","unavailable","unavailable","25 - 34 years","F","","N","unavailable","unavailable",3
202209,"unavailable","OOL","AKL","P","A","XX","unavailable","unavailable","12 - 18 years","M","","N","unavailable","unavailable",3
202209,"unavailable","HKG","AKL","P","A","XX","unavailable","unavailable","45 - 54 years","F","","N","unavailable","unavailable",3
202209,"unavailable","ADL","AKL","P","A","FR","unavailable","unavailable","25 - 34 years","F","","N","unavailable","unavailable",3
202209,"unavailable","BNE","AKL","P","A","PG","unavailable","unavailable","12 - 18 years","M","","N","unavailable","unavailable",3
202209,"unavailable","SFO","AKL","P","A","US","unavailable","unavailable","45 - 54 years","M","","N","unavailable","unavailable",3
202209,"unavailable","TPE","AKL","P","A","PH","unavailable","unavailable","25 - 34 years","M","","N","unavailable","unavailable",3
202209,"unavailable","SYD","CHC","P","A","GB","unavailable","unavailable","12 - 18 years","F","","N","unavailable","unavailable",3
202209,"unavailable","SIN","AKL","P","A","IT","unavailable","unavailable","35 - 44 years","M","","N","unavailable","unavailable",3
202209,"unavailable","TPE","AKL","P","A","XX","unavailable","unavailable","25 - 34 years","M","","N","unavailable","unavailable",3
202209,"unavailable","SIN","CHC","P","A","CN","unavailable","unavailable","25 - 34 years","F","","N","unavailable","unavailable",3
202209,"unavailable","LAX","AKL","P","A","GB","unavailable","unavailable","65 - 74 years","F","","N","unavailable","unavailable",3
202209,"unavailable","SIN","AKL","P","A","XX","unavailable","unavailable","55 - 64 years","M","","N","unavailable","unavailable",3
202209,"unavailable","SEL","AKL","P","A","CZ","unavailable","unavailable","35 - 44 years","M","","N","unavailable","unavailable",3
202209,"unavailable","SYD","WLG","P","A","ZA","unavailable","unavailable","25 - 34 years","M","","N","unavailable","unavailable",3
202209,"unavailable","SYD","WLG","P","A","IN","unavailable","unavailable","19 - 24 years","F","","N","unavailable","unavailable",3
202209,"unavailable","HKG","AKL","P","A","SE","unavailable","unavailable","25 - 34 years","M","","N","unavailable","unavailable",3
202209,"unavailable","SEL","AKL","P","A","KZ","unavailable","unavailable","01 - 11 years","M","","N","unavailable","unavailable",3
202209,"unavailable","MEL","AKL","P","A","ID","unavailable","unavailable","35 - 44 years","F","","N","unavailable","unavailable",3
202209,"unavailable","HKG","AKL","P","A","CA","unavailable","unavailable","25 - 34 years","M","","N","unavailable","unavailable",3
202209,"unavailable","SIN","CHC","P","A","IL","unavailable","unavailable","01 - 11 years","F","","N","unavailable","unavailable",3
202209,"unavailable","MEL","ZQN","P","A","GB","unavailable","unavailable","19 - 24 years","M","","N","unavailable","unavailable",3
202209,"unavailable","LAX","AKL","P","A","HU","unavailable","unavailable","35 - 44 years","F","","N","unavailable","unavailable",3
202209,"unavailable","MEL","WLG","P","A","US","unavailable","unavailable","35 - 44 years","F","","N","unavailable","unavailable",3
202209,"unavailable","SIN","AKL","P","A","XX","unavailable","unavailable","19 - 24 years","F","","N","unavailable","unavailable",3
202209,"unavailable","SIN","CHC","P","A","PT","unavailable","unavailable","35 - 44 years","F","","N","unavailable","unavailable",3
202209,"unavailable","LAX","AKL","P","A","FR","unavailable","unavailable","01 - 11 years","M","","N","unavailable","unavailable",3
202209,"unavailable","KUL","AKL","P","A","GB","unavailable","unavailable","65 - 74 years","F","","N","unavailable","unavailable",3
202209,"unavailable","SFO","AKL","P","A","CO","unavailable","unavailable","25 - 34 years","F","","N","unavailable","unavailable",3
202209,"unavailable","HKG","AKL","P","A","MO","unavailable","unavailable","19 - 24 years","F","","N","unavailable","unavailable",3
202209,"unavailable","OOL","AKL","P","A","AU","unavailable","unavailable","01 - 11 years","M","","N","unavailable","unavailable",3
202209,"unavailable","SIN","AKL","P","A","KH","unavailable","unavailable","25 - 34 years","M","","N","unavailable","unavailable",3
202209,"unavailable","ADL","AKL","P","A","TR","unavailable","unavailable","25 - 34 years","F","","N","unavailable","unavailable",3
202209,"unavailable","KUL","AKL","P","A","IN","unavailable","unavailable","75+","F","","N","unavailable","unavailable",3
202209,"unavailable","NRT","AKL","P","A","JP","unavailable","unavailable","65 - 74 years","F","","N","unavailable","unavailable",3
202209,"unavailable","NAN","AKL","P","A","AR","unavailable","unavailable","25 - 34 years","F","","N","unavailable","unavailable",3
202209,"unavailable","SIN","AKL","P","A","AE","unavailable","unavailable","12 - 18 years","F","","N","unavailable","unavailable",3
202209,"unavailable","SIN","AKL","P","A","KE","unavailable","unavailable","19 - 24 years","M","","N","unavailable","unavailable",3
202209,"unavailable","KUL","AKL","P","A","GR","unavailable","unavailable","55 - 64 years","F","","N","unavailable","unavailable",3
202209,"unavailable","SYD","WLG","P","A","IE","unavailable","unavailable","25 - 34 years","M","","N","unavailable","unavailable",3
202209,"unavailable","KUL","AKL","P","A","GB","unavailable","unavailable","55 - 64 years","M","","N","unavailable","unavailable",3
202209,"unavailable","SYD","AKL","P","A","DE","unavailable","unavailable","19 - 24 years","F","","N","unavailable","unavailable",3
202209,"unavailable","YVR","AKL","P","A","FJ","unavailable","unavailable","19 - 24 years","M","","N","unavailable","unavailable",3
202209,"unavailable","IAH","AKL","P","A","US","unavailable","unavailable","12 - 18 years","F","","N","unavailable","unavailable",3
202209,"unavailable","SYD","AKL","P","A","ES","unavailable","unavailable","25 - 34 years","F","","N","unavailable","unavailable",3
202209,"unavailable","KUL","AKL","P","A","CZ","unavailable","unavailable","35 - 44 years","F","","N","unavailable","unavailable",3
202209,"unavailable","BNE","WLG","P","A","AU","unavailable","unavailable","55 - 64 years","M","","N","unavailable","unavailable",3
202209,"unavailable","KUL","AKL","P","A","IN","unavailable","unavailable","65 - 74 years","F","","N","unavailable","unavailable",3
202209,"unavailable","BNE","CHC","P","A","AU","unavailable","unavailable","19 - 24 years","F","","N","unavailable","unavailable",3
202209,"unavailable","BNE","WLG","P","A","XX","unavailable","unavailable","55 - 64 years","F","","N","unavailable","unavailable",3
202209,"unavailable","SEL","AKL","P","A","KR","unavailable","unavailable","35 - 44 years","M","","N","unavailable","unavailable",3
202209,"unavailable","NRT","AKL","P","A","ZW","unavailable","unavailable","35 - 44 years","M","","N","unavailable","unavailable",3
202209,"unavailable","KUL","AKL","P","A","IR","unavailable","unavailable","19 - 24 years","M","","N","unavailable","unavailable",3
202209,"unavailable","IAH","AKL","P","A","GB","unavailable","unavailable","19 - 24 years","M","","N","unavailable","unavailable",3
202209,"unavailable","HKG","AKL","P","A","FR","unavailable","unavailable","19 - 24 years","M","","N","unavailable","unavailable",3
202209,"unavailable","NAN","AKL","P","A","IN","unavailable","unavailable","25 - 34 years","F","","N","unavailable","unavailable",3
202209,"unavailable","SYD","AKL","P","A","LT","unavailable","unavailable","25 - 34 years","M","","N","unavailable","unavailable",3
202209,"unavailable","SYD","AKL","P","A","PH","unavailable","unavailable","55 - 64 years","F","","N","unavailable","unavailable",3
202209,"unavailable","SYD","AKL","P","A","ID","unavailable","unavailable","01 - 11 years","M","","N","unavailable","unavailable",3
202209,"unavailable","NAN","CHC","P","A","FJ","unavailable","unavailable","35 - 44 years","F","","N","unavailable","unavailable",3
202209,"unavailable","SIN","AKL","P","A","DE","unavailable","unavailable","12 - 18 years","M","","N","unavailable","unavailable",3
202209,"unavailable","SYD","WLG","P","A","KR","unavailable","unavailable","25 - 34 years","F","","N","unavailable","unavailable",3
202209,"unavailable","SIN","AKL","P","A","SG","unavailable","unavailable","45 - 54 years","F","","N","unavailable","unavailable",3
202209,"unavailable","SCL","AKL","P","A","DK","unavailable","unavailable","25 - 34 years","M","","N","unavailable","unavailable",3
202209,"unavailable","SEL","AKL","P","A","KR","unavailable","unavailable","12 - 18 years","F","","N","unavailable","unavailable",3
202209,"unavailable","OOL","WLG","P","A","IT","unavailable","unavailable","25 - 34 years","F","","N","unavailable","unavailable",3
202209,"unavailable","HKG","AKL","P","A","FR","unavailable","unavailable","75+","M","","N","unavailable","unavailable",3
202209,"unavailable","ADL","AKL","P","A","ES","unavailable","unavailable","25 - 34 years","F","","N","unavailable","unavailable",3
202209,"unavailable","LAX","AKL","P","A","XX","unavailable","unavailable","75+","M","","N","unavailable","unavailable",3
202209,"unavailable","SHA","AKL","P","A","GB","unavailable","unavailable","19 - 24 years","M","","N","unavailable","unavailable",3
202209,"unavailable","OOL","WLG","P","A","AU","unavailable","unavailable","75+","F","","N","unavailable","unavailable",3
202209,"unavailable","KUL","AKL","P","A","PT","unavailable","unavailable","25 - 34 years","M","","N","unavailable","unavailable",3
202209,"unavailable","PPT","AKL","P","A","US","unavailable","unavailable","19 - 24 years","M","","N","unavailable","unavailable",3
202209,"unavailable","BNE","CHC","P","A","AU","unavailable","unavailable","65 - 74 years","F","","N","unavailable","unavailable",3
202209,"unavailable","SIN","CHC","P","A","PH","unavailable","unavailable","45 - 54 years","M","","N","unavailable","unavailable",3
202209,"unavailable","TPE","AKL","P","A","TW","unavailable","unavailable","45 - 54 years","M","","N","unavailable","unavailable",3
202209,"unavailable","SEL","AKL","P","A","CZ","unavailable","unavailable","25 - 34 years","F","","N","unavailable","unavailable",3
202209,"unavailable","SCL","AKL","P","A","ES","unavailable","unavailable","25 - 34 years","M","","N","unavailable","unavailable",3
202209,"unavailable","SCL","AKL","P","A","CO","unavailable","unavailable","19 - 24 years","F","","N","unavailable","unavailable",3
202209,"unavailable","SIN","CHC","P","A","IE","unavailable","unavailable","25 - 34 years","F","","N","unavailable","unavailable",3
202209,"unavailable","SIN","AKL","P","A","AE","unavailable","unavailable","01 - 11 years","M","","N","unavailable","unavailable",3
202209,"unavailable","HKG","AKL","P","A","IN","unavailable","unavailable","25 - 34 years","F","","N","unavailable","unavailable",3
202209,"unavailable","NAN","CHC","P","A","US","unavailable","unavailable","19 - 24 years","F","","N","unavailable","unavailable",3
202209,"unavailable","IAH","AKL","P","A","US","unavailable","unavailable","12 - 18 years","M","","N","unavailable","unavailable",3
202209,"unavailable","SYD","ZQN","P","A","NL","unavailable","unavailable","25 - 34 years","F","","N","unavailable","unavailable",3
202209,"unavailable","OOL","AKL","P","A","JP","unavailable","unavailable","19 - 24 years","M","","N","unavailable","unavailable",3
202209,"unavailable","TBU","AKL","P","A","TO","unavailable","unavailable","45 - 54 years","F","","N","unavailable","unavailable",3
202209,"unavailable","SYD","AKL","P","A","HK","unavailable","unavailable","25 - 34 years","F","","N","unavailable","unavailable",3
202209,"unavailable","SCL","AKL","P","A","IT","unavailable","unavailable","25 - 34 years","M","","N","unavailable","unavailable",3
202209,"unavailable","NAN","CHC","P","A","CA","unavailable","unavailable","19 - 24 years","M","","N","unavailable","unavailable",3
202209,"unavailable","ADL","AKL","P","A","AE","unavailable","unavailable","12 - 18 years","M","","N","unavailable","unavailable",3
202209,"unavailable","KUL","AKL","P","A","PK","unavailable","unavailable","35 - 44 years","M","","N","unavailable","unavailable",3
202209,"unavailable","SIN","AKL","P","A","LT","unavailable","unavailable","25 - 34 years","F","","N","unavailable","unavailable",3
202209,"unavailable","OOL","AKL","P","A","AU","unavailable","unavailable","75+","F","","N","unavailable","unavailable",3
202209,"unavailable","LAX","AKL","P","A","CA","unavailable","unavailable","75+","M","","N","unavailable","unavailable",3
202209,"unavailable","ADL","AKL","P","A","AR","unavailable","unavailable","25 - 34 years","F","","N","unavailable","unavailable",3
202209,"unavailable","SIN","CHC","P","A","MY","unavailable","unavailable","35 - 44 years","F","","N","unavailable","unavailable",3
202209,"unavailable","SIN","AKL","P","A","IE","unavailable","unavailable","25 - 34 years","F","","N","unavailable","unavailable",3
202209,"unavailable","ADL","AKL","P","A","ZA","unavailable","unavailable","45 - 54 years","F","","N","unavailable","unavailable",3
202209,"unavailable","SIN","AKL","P","A","TW","unavailable","unavailable","19 - 24 years","M","","N","unavailable","unavailable",3
202209,"unavailable","HKG","AKL","P","A","IL","unavailable","unavailable","19 - 24 years","F","","N","unavailable","unavailable",3
202209,"unavailable","HKG","AKL","P","A","IS","unavailable","unavailable","25 - 34 years","F","","N","unavailable","unavailable",3
202209,"unavailable","HKG","AKL","P","A","CN","unavailable","unavailable","19 - 24 years","M","","N","unavailable","unavailable",3
202209,"unavailable","KUL","AKL","P","A","MY","unavailable","unavailable","35 - 44 years","M","","N","unavailable","unavailable",3
202209,"unavailable","NAN","AKL","P","A","FJ","unavailable","unavailable","75+","F","","N","unavailable","unavailable",3
202209,"unavailable","NAN","CHC","P","A","FJ","unavailable","unavailable","01 - 11 years","F","","N","unavailable","unavailable",3
202209,"unavailable","LAX","AKL","P","A","US","unavailable","unavailable","45 - 54 years","F","","N","unavailable","unavailable",3
202209,"unavailable","SIN","AKL","P","A","MX","unavailable","unavailable","19 - 24 years","M","","N","unavailable","unavailable",3
202209,"unavailable","IAH","AKL","P","A","CZ","unavailable","unavailable","25 - 34 years","M","","N","unavailable","unavailable",3
202209,"unavailable","SYD","AKL","P","A","LK","unavailable","unavailable","01 - 11 years","M","","N","unavailable","unavailable",3
202209,"unavailable","KUL","AKL","P","A","IE","unavailable","unavailable","35 - 44 years","M","","N","unavailable","unavailable",3
202209,"unavailable","SYD","AKL","P","A","SI","unavailable","unavailable","25 - 34 years","F","","N","unavailable","unavailable",3
202209,"unavailable","KUL","AKL","P","A","VN","unavailable","unavailable","12 - 18 years","F","","N","unavailable","unavailable",3
202209,"unavailable","KUL","AKL","P","A","AE","unavailable","unavailable","55 - 64 years","M","","N","unavailable","unavailable",3
202209,"unavailable","NRT","AKL","P","A","NO","unavailable","unavailable","19 - 24 years","F","","N","unavailable","unavailable",3
202209,"unavailable","YVR","AKL","P","A","GB","unavailable","unavailable","25 - 34 years","F","","N","unavailable","unavailable",3
202209,"unavailable","SIN","CHC","P","A","IE","unavailable","unavailable","25 - 34 years","M","","N","unavailable","unavailable",3
202209,"unavailable","BNE","WLG","P","A","AU","unavailable","unavailable","12 - 18 years","F","","N","unavailable","unavailable",3
202209,"unavailable","RAR","AKL","P","A","CK","unavailable","unavailable","19 - 24 years","M","","N","unavailable","unavailable",3
202209,"unavailable","SIN","AKL","P","A","TR","unavailable","unavailable","25 - 34 years","M","","N","unavailable","unavailable",3
202209,"unavailable","NRT","AKL","P","A","XX","unavailable","unavailable","35 - 44 years","M","","N","unavailable","unavailable",3
202209,"unavailable","RAR","AKL","P","A","XX","unavailable","unavailable","25 - 34 years","F","","N","unavailable","unavailable",3
202209,"unavailable","BNE","AKL","P","A","AU","unavailable","unavailable","75+","M","","N","unavailable","unavailable",3
202209,"unavailable","NRT","AKL","P","A","DE","unavailable","unavailable","19 - 24 years","M","","N","unavailable","unavailable",3
202209,"unavailable","SIN","AKL","P","A","ID","unavailable","unavailable","45 - 54 years","M","","N","unavailable","unavailable",3
202209,"unavailable","SIN","AKL","P","A","NL","unavailable","unavailable","19 - 24 years","F","","N","unavailable","unavailable",3
202209,"unavailable","BNE","AKL","P","A","GB","unavailable","unavailable","25 - 34 years","M","","N","unavailable","unavailable",3
202209,"unavailable","ADL","AKL","P","A","AU","unavailable","unavailable","01 - 11 years","M","","N","unavailable","unavailable",3
202209,"unavailable","HKG","AKL","P","A","ID","unavailable","unavailable","25 - 34 years","F","","N","unavailable","unavailable",3
202209,"unavailable","HKG","AKL","P","A","GB","unavailable","unavailable","45 - 54 years","M","","N","unavailable","unavailable",3
202209,"unavailable","TPE","AKL","P","A","LB","unavailable","unavailable","12 - 18 years","M","","N","unavailable","unavailable",3
202209,"unavailable","SEL","AKL","P","A","CA","unavailable","unavailable","25 - 34 years","F","","N","unavailable","unavailable",3
202209,"unavailable","PER","AKL","P","A","AU","unavailable","unavailable","45 - 54 years","F","","N","unavailable","unavailable",3
202209,"unavailable","SCL","AKL","P","A","BR","unavailable","unavailable","01 - 11 years","F","","N","unavailable","unavailable",3
202209,"unavailable","NAN","AKL","P","A","WS","unavailable","unavailable","19 - 24 years","F","","N","unavailable","unavailable",3
202209,"unavailable","HKG","AKL","P","A","XX","unavailable","unavailable","01 - 11 years","M","","N","unavailable","unavailable",3
202209,"unavailable","SEL","AKL","P","A","FR","unavailable","unavailable","19 - 24 years","M","","N","unavailable","unavailable",3
202209,"unavailable","NAN","AKL","P","A","FJ","unavailable","unavailable","45 - 54 years","M","","N","unavailable","unavailable",3
202209,"unavailable","NAN","AKL","P","A","CZ","unavailable","unavailable","25 - 34 years","F","","N","unavailable","unavailable",3
202209,"unavailable","HKG","AKL","P","A","XX","unavailable","unavailable","19 - 24 years","M","","N","unavailable","unavailable",3
202209,"unavailable","IAH","AKL","P","A","CA","unavailable","unavailable","19 - 24 years","M","","N","unavailable","unavailable",3
202209,"unavailable","SYD","AKL","P","A","JP","unavailable","unavailable","25 - 34 years","M","","N","unavailable","unavailable",3
202209,"unavailable","TPE","AKL","P","A","VN","unavailable","unavailable","12 - 18 years","M","","N","unavailable","unavailable",3
202209,"unavailable","SIN","CHC","P","A","LK","unavailable","unavailable","25 - 34 years","F","","N","unavailable","unavailable",3
202209,"unavailable","BNE","AKL","P","A","AU","unavailable","unavailable","12 - 18 years","F","","N","unavailable","unavailable",3
202209,"unavailable","SIN","AKL","P","A","LK","unavailable","unavailable","12 - 18 years","M","","N","unavailable","unavailable",3
202209,"unavailable","HKG","AKL","P","A","UA","unavailable","unavailable","25 - 34 years","F","","N","unavailable","unavailable",3
202209,"unavailable","SIN","CHC","P","A","HK","unavailable","unavailable","25 - 34 years","M","","N","unavailable","unavailable",3
202209,"unavailable","TPE","AKL","P","A","GB","unavailable","unavailable","19 - 24 years","M","","N","unavailable","unavailable",3
202209,"unavailable","MEL","AKL","P","A","IE","unavailable","unavailable","25 - 34 years","M","","N","unavailable","unavailable",3
202209,"unavailable","MEL","ZQN","P","A","GB","unavailable","unavailable","19 - 24 years","F","","N","unavailable","unavailable",3
202209,"unavailable","NRT","AKL","P","A","FI","unavailable","unavailable","19 - 24 years","F","","N","unavailable","unavailable",3
202209,"unavailable","HKG","AKL","P","A","IE","unavailable","unavailable","25 - 34 years","F","","N","unavailable","unavailable",3
202209,"unavailable","SYD","WLG","P","A","PH","unavailable","unavailable","45 - 54 years","F","","N","unavailable","unavailable",3
202209,"unavailable","SIN","AKL","P","A","XX","unavailable","unavailable","55 - 64 years","F","","N","unavailable","unavailable",3
202209,"unavailable","HKG","AKL","P","A","TH","unavailable","unavailable","25 - 34 years","F","","N","unavailable","unavailable",3
202209,"unavailable","SYD","ZQN","P","A","IE","unavailable","unavailable","25 - 34 years","F","","N","unavailable","unavailable",3
202209,"unavailable","ADL","AKL","P","A","CZ","unavailable","unavailable","25 - 34 years","M","","N","unavailable","unavailable",3
202209,"unavailable","SIN","CHC","P","A","IN","unavailable","unavailable","35 - 44 years","F","","N","unavailable","unavailable",3
202209,"unavailable","KUL","AKL","P","A","ZW","unavailable","unavailable","75+","M","","N","unavailable","unavailable",3
202209,"unavailable","MEL","WLG","P","A","TW","unavailable","unavailable","01 - 11 years","M","","N","unavailable","unavailable",3
202209,"unavailable","NAN","AKL","P","A","KI","unavailable","unavailable","01 - 11 years","M","","N","unavailable","unavailable",3
202209,"unavailable","SIN","CHC","P","A","ZA","unavailable","unavailable","25 - 34 years","F","","N","unavailable","unavailable",3
202209,"unavailable","NAN","AKL","P","A","SG","unavailable","unavailable","25 - 34 years","M","","N","unavailable","unavailable",3
202209,"unavailable","IAH","AKL","P","A","BR","unavailable","unavailable","25 - 34 years","M","","N","unavailable","unavailable",3
202209,"unavailable","MEL","ZQN","P","A","AU","unavailable","unavailable","35 - 44 years","F","","N","unavailable","unavailable",3
202209,"unavailable","BNE","WLG","P","A","AU","unavailable","unavailable","65 - 74 years","F","","N","unavailable","unavailable",3
202209,"unavailable","NAN","AKL","P","A","US","unavailable","unavailable","01 - 11 years","F","","N","unavailable","unavailable",3
202209,"unavailable","OOL","CHC","P","A","DE","unavailable","unavailable","25 - 34 years","M","","N","unavailable","unavailable",3
202209,"unavailable","KUL","AKL","P","A","LK","unavailable","unavailable","19 - 24 years","M","","N","unavailable","unavailable",3
202209,"unavailable","SYD","AKL","P","A","XX","unavailable","unavailable","25 - 34 years","F","","N","unavailable","unavailable",3
202209,"unavailable","SYD","WLG","P","A","US","unavailable","unavailable","25 - 34 years","M","","N","unavailable","unavailable",3
202209,"unavailable","LAX","AKL","P","A","CZ","unavailable","unavailable","19 - 24 years","F","","N","unavailable","unavailable",3
202209,"unavailable","PER","AKL","P","A","AU","unavailable","unavailable","12 - 18 years","M","","N","unavailable","unavailable",3
202209,"unavailable","RAR","AKL","P","A","XX","unavailable","unavailable","12 - 18 years","M","","N","unavailable","unavailable",3
202209,"unavailable","SYD","AKL","P","A","ZA","unavailable","unavailable","Less than 1 year","M","","N","unavailable","unavailable",3
202209,"unavailable","PPT","AKL","P","A","US","unavailable","unavailable","45 - 54 years","F","","N","unavailable","unavailable",3
202209,"unavailable","SYD","AKL","P","A","CZ","unavailable","unavailable","19 - 24 years","M","","N","unavailable","unavailable",3
202209,"unavailable","MEL","AKL","P","A","LV","unavailable","unavailable","25 - 34 years","F","","N","unavailable","unavailable",3
202209,"unavailable","SYD","AKL","P","A","FR","unavailable","unavailable","19 - 24 years","M","","N","unavailable","unavailable",3
202209,"unavailable","KUL","AKL","P","A","PL","unavailable","unavailable","25 - 34 years","F","","N","unavailable","unavailable",3
202209,"unavailable","PPT","AKL","P","A","PF","unavailable","unavailable","25 - 34 years","F","","N","unavailable","unavailable",3
202209,"unavailable","NRT","AKL","P","A","PL","unavailable","unavailable","25 - 34 years","F","","N","unavailable","unavailable",3
202209,"unavailable","SIN","CHC","P","A","BE","unavailable","unavailable","25 - 34 years","M","","N","unavailable","unavailable",3
202209,"unavailable","SIN","AKL","P","A","GB","unavailable","unavailable","12 - 18 years","M","","N","unavailable","unavailable",3
202209,"unavailable","SYD","CHC","P","A","LT","unavailable","unavailable","19 - 24 years","M","","N","unavailable","unavailable",3
202209,"unavailable","HKG","AKL","P","A","QA","unavailable","unavailable","12 - 18 years","F","","N","unavailable","unavailable",3
202209,"unavailable","SYD","ZQN","P","A","CA","unavailable","unavailable","25 - 34 years","F","","N","unavailable","unavailable",3
