MonthOfTravel,DayOfTravel,OverSeasPort,customs_port_code,passenger_type_code,direction_code,clnpr_code,overseas_state_code,main_country_visited_code,AgeAtTravelRange,sex_code,losa_range,travel_purpose_code,occupation_code,ta_code,TotalPassengerMovements
202104,unavailable,SYD,AKL,V,A,AU,unavailable,unavailable,25 - 34 years,F,less than 7 days,V,unavailable,unavailable,276
202104,unavailable,MEL,AKL,V,A,AU,unavailable,unavailable,25 - 34 years,F,less than 7 days,V,unavailable,unavailable,258
202104,unavailable,MEL,AKL,V,A,AU,unavailable,unavailable,25 - 34 years,F,8 - 14 days,V,unavailable,unavailable,240
202104,unavailable,SYD,AKL,V,A,AU,unavailable,unavailable,25 - 34 years,M,less than 7 days,V,unavailable,unavailable,228
202104,unavailable,SYD,AKL,V,A,AU,unavailable,unavailable,25 - 34 years,F,8 - 14 days,V,unavailable,unavailable,213
202104,unavailable,MEL,AKL,V,A,AU,unavailable,unavailable,25 - 34 years,M,less than 7 days,V,unavailable,unavailable,213
202104,unavailable,SYD,AKL,V,A,AU,unavailable,unavailable,35 - 44 years,F,less than 7 days,V,unavailable,unavailable,195
202104,unavailable,SYD,AKL,V,A,AU,unavailable,unavailable,35 - 44 years,M,less than 7 days,V,unavailable,unavailable,189
202104,unavailable,SYD,AKL,V,A,AU,unavailable,unavailable,45 - 54 years,F,less than 7 days,V,unavailable,unavailable,180
202104,unavailable,SYD,AKL,V,A,AU,unavailable,unavailable,45 - 54 years,M,less than 7 days,V,unavailable,unavailable,177
202104,unavailable,SYD,AKL,V,A,AU,unavailable,unavailable,25 - 34 years,M,8 - 14 days,V,unavailable,unavailable,168
202104,unavailable,MEL,AKL,V,A,AU,unavailable,unavailable,35 - 44 years,M,less than 7 days,V,unavailable,unavailable,159
202104,unavailable,SYD,AKL,V,A,AU,unavailable,unavailable,55 - 64 years,F,less than 7 days,V,unavailable,unavailable,153
202104,unavailable,MEL,AKL,V,A,AU,unavailable,unavailable,25 - 34 years,M,8 - 14 days,V,unavailable,unavailable,156
202104,unavailable,SYD,AKL,V,A,AU,unavailable,unavailable,55 - 64 years,M,less than 7 days,V,unavailable,unavailable,150
202104,unavailable,SYD,AKL,V,A,AU,unavailable,unavailable,55 - 64 years,F,8 - 14 days,V,unavailable,unavailable,147
202104,unavailable,BNE,AKL,V,A,AU,unavailable,unavailable,45 - 54 years,F,less than 7 days,V,unavailable,unavailable,147
202104,unavailable,SYD,AKL,V,A,AU,unavailable,unavailable,45 - 54 years,M,less than 7 days,B,unavailable,unavailable,144
202104,unavailable,BNE,AKL,V,A,AU,unavailable,unavailable,25 - 34 years,F,less than 7 days,V,unavailable,unavailable,138
202104,unavailable,BNE,AKL,V,A,AU,unavailable,unavailable,35 - 44 years,F,less than 7 days,V,unavailable,unavailable,132
202104,unavailable,MEL,AKL,V,A,AU,unavailable,unavailable,35 - 44 years,F,less than 7 days,V,unavailable,unavailable,126
202104,unavailable,SYD,AKL,V,A,AU,unavailable,unavailable,35 - 44 years,M,8 - 14 days,V,unavailable,unavailable,129
202104,unavailable,MEL,AKL,V,A,AU,unavailable,unavailable,25 - 34 years,F,15 to 27 days,V,unavailable,unavailable,126
202104,unavailable,MEL,AKL,V,A,AU,unavailable,unavailable,45 - 54 years,M,less than 7 days,V,unavailable,unavailable,123
202104,unavailable,MEL,AKL,V,A,AU,unavailable,unavailable,35 - 44 years,F,8 - 14 days,V,unavailable,unavailable,123
202104,unavailable,SYD,AKL,V,A,AU,unavailable,unavailable,35 - 44 years,F,8 - 14 days,V,unavailable,unavailable,117
202104,unavailable,BNE,AKL,V,A,AU,unavailable,unavailable,25 - 34 years,F,8 - 14 days,V,unavailable,unavailable,117
202104,unavailable,BNE,AKL,V,A,AU,unavailable,unavailable,25 - 34 years,M,less than 7 days,V,unavailable,unavailable,117
202104,unavailable,SYD,AKL,V,A,AU,unavailable,unavailable,35 - 44 years,M,less than 7 days,B,unavailable,unavailable,114
202104,unavailable,MEL,AKL,V,A,AU,unavailable,unavailable,35 - 44 years,M,8 - 14 days,V,unavailable,unavailable,111
202104,unavailable,SYD,AKL,V,A,AU,unavailable,unavailable,25 - 34 years,F,15 to 27 days,V,unavailable,unavailable,111
202104,unavailable,SYD,AKL,V,A,AU,unavailable,unavailable,45 - 54 years,F,8 - 14 days,V,unavailable,unavailable,111
202104,unavailable,BNE,AKL,V,A,AU,unavailable,unavailable,55 - 64 years,F,8 - 14 days,V,unavailable,unavailable,108
202104,unavailable,BNE,AKL,V,A,AU,unavailable,unavailable,55 - 64 years,F,less than 7 days,V,unavailable,unavailable,105
202104,unavailable,MEL,AKL,V,A,AU,unavailable,unavailable,45 - 54 years,F,less than 7 days,V,unavailable,unavailable,105
202104,unavailable,BNE,AKL,V,A,AU,unavailable,unavailable,45 - 54 years,F,8 - 14 days,V,unavailable,unavailable,105
202104,unavailable,BNE,AKL,V,A,AU,unavailable,unavailable,35 - 44 years,M,less than 7 days,V,unavailable,unavailable,96
202104,unavailable,MEL,AKL,V,A,AU,unavailable,unavailable,55 - 64 years,F,8 - 14 days,V,unavailable,unavailable,96
202104,unavailable,MEL,AKL,V,A,AU,unavailable,unavailable,45 - 54 years,F,8 - 14 days,V,unavailable,unavailable,96
202104,unavailable,SYD,AKL,V,A,AU,unavailable,unavailable,55 - 64 years,M,8 - 14 days,V,unavailable,unavailable,96
202104,unavailable,MEL,AKL,V,A,AU,unavailable,unavailable,45 - 54 years,M,less than 7 days,B,unavailable,unavailable,93
202104,unavailable,BNE,AKL,V,A,AU,unavailable,unavailable,45 - 54 years,M,less than 7 days,V,unavailable,unavailable,90
202104,unavailable,SYD,AKL,V,A,AU,unavailable,unavailable,45 - 54 years,M,8 - 14 days,V,unavailable,unavailable,90
202104,unavailable,SYD,AKL,V,A,AU,unavailable,unavailable,55 - 64 years,F,15 to 27 days,V,unavailable,unavailable,87
202104,unavailable,MEL,AKL,V,A,AU,unavailable,unavailable,55 - 64 years,M,less than 7 days,V,unavailable,unavailable,87
202104,unavailable,MEL,AKL,V,A,AU,unavailable,unavailable,25 - 34 years,M,15 to 27 days,V,unavailable,unavailable,87
202104,unavailable,SYD,AKL,V,A,AU,unavailable,unavailable,19 - 24 years,F,less than 7 days,V,unavailable,unavailable,87
202104,unavailable,BNE,AKL,V,A,AU,unavailable,unavailable,55 - 64 years,F,15 to 27 days,V,unavailable,unavailable,84
202104,unavailable,MEL,AKL,V,A,AU,unavailable,unavailable,55 - 64 years,F,less than 7 days,V,unavailable,unavailable,84
202104,unavailable,SYD,AKL,V,A,AU,unavailable,unavailable,25 - 34 years,M,15 to 27 days,V,unavailable,unavailable,84
202104,unavailable,MEL,AKL,V,A,AU,unavailable,unavailable,25 - 34 years,F,28+ days,V,unavailable,unavailable,84
202104,unavailable,SYD,AKL,V,A,AU,unavailable,unavailable,01 - 11 years,M,less than 7 days,V,unavailable,unavailable,81
202104,unavailable,MEL,AKL,V,A,AU,unavailable,unavailable,45 - 54 years,M,8 - 14 days,V,unavailable,unavailable,81
202104,unavailable,BNE,AKL,V,A,AU,unavailable,unavailable,55 - 64 years,M,less than 7 days,V,unavailable,unavailable,78
202104,unavailable,MEL,AKL,V,A,AU,unavailable,unavailable,01 - 11 years,M,8 - 14 days,V,unavailable,unavailable,78
202104,unavailable,BNE,AKL,V,A,AU,unavailable,unavailable,25 - 34 years,M,8 - 14 days,V,unavailable,unavailable,78
202104,unavailable,BNE,AKL,V,A,AU,unavailable,unavailable,35 - 44 years,F,8 - 14 days,V,unavailable,unavailable,75
202104,unavailable,MEL,AKL,V,A,AU,unavailable,unavailable,35 - 44 years,F,15 to 27 days,V,unavailable,unavailable,75
202104,unavailable,SYD,AKL,V,A,AU,unavailable,unavailable,01 - 11 years,F,less than 7 days,V,unavailable,unavailable,72
202104,unavailable,MEL,AKL,V,A,AU,unavailable,unavailable,19 - 24 years,F,less than 7 days,V,unavailable,unavailable,72
202104,unavailable,BNE,AKL,V,A,AU,unavailable,unavailable,55 - 64 years,M,8 - 14 days,V,unavailable,unavailable,69
202104,unavailable,SYD,AKL,V,A,AU,unavailable,unavailable,55 - 64 years,M,less than 7 days,B,unavailable,unavailable,69
202104,unavailable,OOL,AKL,V,A,AU,unavailable,unavailable,35 - 44 years,F,less than 7 days,V,unavailable,unavailable,69
202104,unavailable,BNE,AKL,V,A,AU,unavailable,unavailable,55 - 64 years,F,28+ days,V,unavailable,unavailable,69
202104,unavailable,MEL,CHC,V,A,AU,unavailable,unavailable,25 - 34 years,F,less than 7 days,V,unavailable,unavailable,66
202104,unavailable,MEL,AKL,V,A,AU,unavailable,unavailable,55 - 64 years,F,15 to 27 days,V,unavailable,unavailable,69
202104,unavailable,MEL,AKL,V,A,AU,unavailable,unavailable,35 - 44 years,M,15 to 27 days,V,unavailable,unavailable,66
202104,unavailable,OOL,AKL,V,A,AU,unavailable,unavailable,25 - 34 years,F,less than 7 days,V,unavailable,unavailable,66
202104,unavailable,SYD,WLG,V,A,AU,unavailable,unavailable,45 - 54 years,F,less than 7 days,V,unavailable,unavailable,66
202104,unavailable,MEL,AKL,V,A,AU,unavailable,unavailable,01 - 11 years,F,8 - 14 days,V,unavailable,unavailable,63
202104,unavailable,MEL,WLG,V,A,AU,unavailable,unavailable,25 - 34 years,F,less than 7 days,V,unavailable,unavailable,63
202104,unavailable,SYD,AKL,V,A,AU,unavailable,unavailable,01 - 11 years,M,8 - 14 days,V,unavailable,unavailable,63
202104,unavailable,MEL,AKL,V,A,AU,unavailable,unavailable,55 - 64 years,M,8 - 14 days,V,unavailable,unavailable,63
202104,unavailable,BNE,AKL,V,A,AU,unavailable,unavailable,45 - 54 years,F,15 to 27 days,V,unavailable,unavailable,63
202104,unavailable,OOL,AKL,V,A,AU,unavailable,unavailable,45 - 54 years,F,less than 7 days,V,unavailable,unavailable,63
202104,unavailable,MEL,AKL,V,A,AU,unavailable,unavailable,01 - 11 years,F,less than 7 days,V,unavailable,unavailable,63
202104,unavailable,SYD,AKL,V,A,AU,unavailable,unavailable,35 - 44 years,F,15 to 27 days,V,unavailable,unavailable,63
202104,unavailable,SYD,AKL,V,A,AU,unavailable,unavailable,19 - 24 years,M,less than 7 days,V,unavailable,unavailable,63
202104,unavailable,SYD,ZQN,V,A,AU,unavailable,unavailable,25 - 34 years,F,less than 7 days,H,unavailable,unavailable,63
202104,unavailable,SYD,AKL,V,A,AU,unavailable,unavailable,65 - 74 years,M,8 - 14 days,V,unavailable,unavailable,60
202104,unavailable,OOL,AKL,V,A,AU,unavailable,unavailable,35 - 44 years,M,less than 7 days,V,unavailable,unavailable,60
202104,unavailable,BNE,CHC,V,A,AU,unavailable,unavailable,45 - 54 years,F,less than 7 days,V,unavailable,unavailable,60
202104,unavailable,SYD,AKL,V,A,AU,unavailable,unavailable,55 - 64 years,F,28+ days,V,unavailable,unavailable,57
202104,unavailable,SYD,ZQN,V,A,AU,unavailable,unavailable,25 - 34 years,M,less than 7 days,H,unavailable,unavailable,57
202104,unavailable,SYD,WLG,V,A,AU,unavailable,unavailable,45 - 54 years,M,less than 7 days,V,unavailable,unavailable,57
202104,unavailable,BNE,AKL,V,A,AU,unavailable,unavailable,25 - 34 years,F,15 to 27 days,V,unavailable,unavailable,57
202104,unavailable,BNE,CHC,V,A,AU,unavailable,unavailable,25 - 34 years,F,8 - 14 days,V,unavailable,unavailable,57
202104,unavailable,SYD,CHC,V,A,AU,unavailable,unavailable,45 - 54 years,F,less than 7 days,V,unavailable,unavailable,54
202104,unavailable,MEL,AKL,V,A,AU,unavailable,unavailable,35 - 44 years,M,less than 7 days,B,unavailable,unavailable,57
202104,unavailable,MEL,AKL,V,A,AU,unavailable,unavailable,01 - 11 years,M,less than 7 days,V,unavailable,unavailable,54
202104,unavailable,BNE,AKL,V,A,AU,unavailable,unavailable,01 - 11 years,F,8 - 14 days,V,unavailable,unavailable,57
202104,unavailable,SYD,AKL,V,A,AU,unavailable,unavailable,25 - 34 years,M,less than 7 days,B,unavailable,unavailable,57
202104,unavailable,MEL,WLG,V,A,AU,unavailable,unavailable,35 - 44 years,M,less than 7 days,V,unavailable,unavailable,54
202104,unavailable,SYD,AKL,V,A,AU,unavailable,unavailable,25 - 34 years,F,28+ days,V,unavailable,unavailable,54
202104,unavailable,SYD,WLG,V,A,AU,unavailable,unavailable,25 - 34 years,M,less than 7 days,V,unavailable,unavailable,57
202104,unavailable,BNE,AKL,V,A,AU,unavailable,unavailable,35 - 44 years,M,8 - 14 days,V,unavailable,unavailable,54
202104,unavailable,BNE,CHC,V,A,AU,unavailable,unavailable,25 - 34 years,F,less than 7 days,V,unavailable,unavailable,54
202104,unavailable,BNE,AKL,V,A,AU,unavailable,unavailable,01 - 11 years,M,8 - 14 days,V,unavailable,unavailable,51
202104,unavailable,BNE,AKL,V,A,AU,unavailable,unavailable,45 - 54 years,M,8 - 14 days,V,unavailable,unavailable,54
202104,unavailable,BNE,AKL,V,A,AU,unavailable,unavailable,01 - 11 years,M,less than 7 days,V,unavailable,unavailable,51
202104,unavailable,MEL,WLG,V,A,AU,unavailable,unavailable,25 - 34 years,F,8 - 14 days,V,unavailable,unavailable,51
202104,unavailable,SYD,AKL,V,A,AU,unavailable,unavailable,01 - 11 years,F,8 - 14 days,V,unavailable,unavailable,51
202104,unavailable,SYD,AKL,V,A,AU,unavailable,unavailable,19 - 24 years,F,8 - 14 days,V,unavailable,unavailable,51
202104,unavailable,BNE,AKL,V,A,AU,unavailable,unavailable,01 - 11 years,F,less than 7 days,V,unavailable,unavailable,48
202104,unavailable,MEL,AKL,V,A,AU,unavailable,unavailable,45 - 54 years,F,15 to 27 days,V,unavailable,unavailable,48
202104,unavailable,SYD,AKL,V,A,AU,unavailable,unavailable,65 - 74 years,F,less than 7 days,V,unavailable,unavailable,51
202104,unavailable,MEL,AKL,V,A,AU,unavailable,unavailable,19 - 24 years,M,less than 7 days,V,unavailable,unavailable,51
202104,unavailable,OOL,AKL,V,A,AU,unavailable,unavailable,25 - 34 years,M,less than 7 days,V,unavailable,unavailable,51
202104,unavailable,MEL,WLG,V,A,AU,unavailable,unavailable,25 - 34 years,M,less than 7 days,V,unavailable,unavailable,51
202104,unavailable,SYD,WLG,V,A,AU,unavailable,unavailable,25 - 34 years,F,less than 7 days,V,unavailable,unavailable,51
202104,unavailable,OOL,AKL,V,A,AU,unavailable,unavailable,55 - 64 years,F,8 - 14 days,V,unavailable,unavailable,51
202104,unavailable,SYD,CHC,V,A,AU,unavailable,unavailable,25 - 34 years,F,8 - 14 days,V,unavailable,unavailable,48
202104,unavailable,MEL,AKL,V,A,AU,unavailable,unavailable,55 - 64 years,M,less than 7 days,B,unavailable,unavailable,48
202104,unavailable,MEL,WLG,V,A,AU,unavailable,unavailable,35 - 44 years,F,less than 7 days,V,unavailable,unavailable,48
202104,unavailable,OOL,AKL,V,A,AU,unavailable,unavailable,35 - 44 years,F,8 - 14 days,V,unavailable,unavailable,48
202104,unavailable,BNE,AKL,V,A,AU,unavailable,unavailable,35 - 44 years,F,15 to 27 days,V,unavailable,unavailable,48
202104,unavailable,SYD,AKL,V,A,AU,unavailable,unavailable,65 - 74 years,F,8 - 14 days,V,unavailable,unavailable,48
202104,unavailable,SYD,WLG,V,A,AU,unavailable,unavailable,55 - 64 years,F,less than 7 days,V,unavailable,unavailable,48
202104,unavailable,OOL,AKL,V,A,AU,unavailable,unavailable,45 - 54 years,M,less than 7 days,V,unavailable,unavailable,48
202104,unavailable,OOL,AKL,V,A,AU,unavailable,unavailable,55 - 64 years,M,less than 7 days,V,unavailable,unavailable,48
202104,unavailable,OOL,AKL,V,A,AU,unavailable,unavailable,45 - 54 years,F,8 - 14 days,V,unavailable,unavailable,48
202104,unavailable,SYD,CHC,V,A,AU,unavailable,unavailable,25 - 34 years,F,less than 7 days,V,unavailable,unavailable,48
202104,unavailable,SYD,ZQN,V,A,AU,unavailable,unavailable,35 - 44 years,M,less than 7 days,H,unavailable,unavailable,48
202104,unavailable,OOL,AKL,V,A,AU,unavailable,unavailable,25 - 34 years,F,8 - 14 days,V,unavailable,unavailable,48
202104,unavailable,BNE,AKL,V,A,AU,unavailable,unavailable,65 - 74 years,F,8 - 14 days,V,unavailable,unavailable,45
202104,unavailable,SYD,AKL,V,A,AU,unavailable,unavailable,65 - 74 years,M,less than 7 days,V,unavailable,unavailable,45
202104,unavailable,SYD,AKL,V,A,AU,unavailable,unavailable,35 - 44 years,M,15 to 27 days,V,unavailable,unavailable,45
202104,unavailable,SYD,CHC,V,A,AU,unavailable,unavailable,55 - 64 years,F,less than 7 days,V,unavailable,unavailable,45
202104,unavailable,MEL,AKL,V,A,AU,unavailable,unavailable,01 - 11 years,M,15 to 27 days,V,unavailable,unavailable,45
202104,unavailable,BNE,AKL,V,A,AU,unavailable,unavailable,19 - 24 years,F,less than 7 days,V,unavailable,unavailable,45
202104,unavailable,SYD,AKL,V,A,AU,unavailable,unavailable,12 - 18 years,F,less than 7 days,V,unavailable,unavailable,45
202104,unavailable,MEL,CHC,V,A,AU,unavailable,unavailable,35 - 44 years,M,less than 7 days,V,unavailable,unavailable,45
202104,unavailable,MEL,AKL,V,A,AU,unavailable,unavailable,01 - 11 years,F,15 to 27 days,V,unavailable,unavailable,45
202104,unavailable,MEL,CHC,V,A,AU,unavailable,unavailable,35 - 44 years,F,8 - 14 days,V,unavailable,unavailable,45
202104,unavailable,MEL,CHC,V,A,AU,unavailable,unavailable,45 - 54 years,F,less than 7 days,V,unavailable,unavailable,42
202104,unavailable,OOL,AKL,V,A,AU,unavailable,unavailable,55 - 64 years,F,less than 7 days,V,unavailable,unavailable,42
202104,unavailable,SYD,ZQN,V,A,AU,unavailable,unavailable,35 - 44 years,F,less than 7 days,H,unavailable,unavailable,42
202104,unavailable,SYD,CHC,V,A,AU,unavailable,unavailable,35 - 44 years,F,less than 7 days,V,unavailable,unavailable,45
202104,unavailable,BNE,CHC,V,A,AU,unavailable,unavailable,45 - 54 years,M,less than 7 days,V,unavailable,unavailable,42
202104,unavailable,SYD,WLG,V,A,AU,unavailable,unavailable,35 - 44 years,F,less than 7 days,V,unavailable,unavailable,42
202104,unavailable,MEL,CHC,V,A,AU,unavailable,unavailable,25 - 34 years,F,8 - 14 days,V,unavailable,unavailable,42
202104,unavailable,SYD,AKL,V,A,AU,unavailable,unavailable,55 - 64 years,M,15 to 27 days,V,unavailable,unavailable,42
202104,unavailable,SYD,AKL,V,A,AU,unavailable,unavailable,45 - 54 years,F,15 to 27 days,V,unavailable,unavailable,42
202104,unavailable,SYD,CHC,V,A,AU,unavailable,unavailable,25 - 34 years,M,8 - 14 days,V,unavailable,unavailable,42
202104,unavailable,SYD,WLG,V,A,AU,unavailable,unavailable,35 - 44 years,M,less than 7 days,V,unavailable,unavailable,42
202104,unavailable,SYD,AKL,V,A,AU,unavailable,unavailable,25 - 34 years,M,less than 7 days,H,unavailable,unavailable,42
202104,unavailable,OOL,AKL,V,A,AU,unavailable,unavailable,01 - 11 years,F,8 - 14 days,V,unavailable,unavailable,42
202104,unavailable,BNE,CHC,V,A,AU,unavailable,unavailable,55 - 64 years,F,less than 7 days,V,unavailable,unavailable,39
202104,unavailable,MEL,WLG,V,A,AU,unavailable,unavailable,25 - 34 years,F,15 to 27 days,V,unavailable,unavailable,42
202104,unavailable,SYD,AKL,V,A,AU,unavailable,unavailable,35 - 44 years,F,28+ days,V,unavailable,unavailable,42
202104,unavailable,MEL,CHC,V,A,AU,unavailable,unavailable,55 - 64 years,F,8 - 14 days,V,unavailable,unavailable,39
202104,unavailable,MEL,CHC,V,A,AU,unavailable,unavailable,25 - 34 years,M,less than 7 days,V,unavailable,unavailable,39
202104,unavailable,SYD,ZQN,V,A,AU,unavailable,unavailable,45 - 54 years,M,less than 7 days,H,unavailable,unavailable,39
202104,unavailable,BNE,AKL,V,A,AU,unavailable,unavailable,19 - 24 years,F,8 - 14 days,V,unavailable,unavailable,39
202104,unavailable,MEL,WLG,V,A,AU,unavailable,unavailable,55 - 64 years,F,8 - 14 days,V,unavailable,unavailable,39
202104,unavailable,SYD,AKL,V,A,AU,unavailable,unavailable,12 - 18 years,M,less than 7 days,V,unavailable,unavailable,39
202104,unavailable,SYD,AKL,V,A,AU,unavailable,unavailable,35 - 44 years,F,less than 7 days,B,unavailable,unavailable,39
202104,unavailable,SYD,WLG,V,A,AU,unavailable,unavailable,55 - 64 years,M,less than 7 days,V,unavailable,unavailable,39
202104,unavailable,SYD,WLG,V,A,AU,unavailable,unavailable,25 - 34 years,M,8 - 14 days,V,unavailable,unavailable,39
202104,unavailable,BNE,AKL,V,A,AU,unavailable,unavailable,45 - 54 years,M,15 to 27 days,V,unavailable,unavailable,39
202104,unavailable,BNE,AKL,V,A,AU,unavailable,unavailable,65 - 74 years,F,15 to 27 days,V,unavailable,unavailable,39
202104,unavailable,MEL,AKL,V,A,AU,unavailable,unavailable,55 - 64 years,M,15 to 27 days,V,unavailable,unavailable,39
202104,unavailable,MEL,AKL,V,A,AU,unavailable,unavailable,35 - 44 years,F,28+ days,V,unavailable,unavailable,39
202104,unavailable,BNE,CHC,V,A,AU,unavailable,unavailable,35 - 44 years,M,less than 7 days,V,unavailable,unavailable,36
202104,unavailable,SYD,AKL,V,A,AU,unavailable,unavailable,25 - 34 years,F,less than 7 days,H,unavailable,unavailable,36
202104,unavailable,SYD,AKL,V,A,AU,unavailable,unavailable,25 - 34 years,M,28+ days,V,unavailable,unavailable,36
202104,unavailable,BNE,CHC,V,A,AU,unavailable,unavailable,45 - 54 years,F,8 - 14 days,V,unavailable,unavailable,36
202104,unavailable,BNE,AKL,V,A,AU,unavailable,unavailable,25 - 34 years,F,28+ days,V,unavailable,unavailable,39
202104,unavailable,SYD,AKL,V,A,AU,unavailable,unavailable,45 - 54 years,F,28+ days,V,unavailable,unavailable,39
202104,unavailable,MEL,AKL,V,A,AU,unavailable,unavailable,65 - 74 years,F,8 - 14 days,V,unavailable,unavailable,36
202104,unavailable,SYD,CHC,V,A,AU,unavailable,unavailable,25 - 34 years,M,less than 7 days,V,unavailable,unavailable,36
202104,unavailable,BNE,AKL,V,A,AU,unavailable,unavailable,19 - 24 years,M,less than 7 days,V,unavailable,unavailable,39
202104,unavailable,MEL,AKL,V,A,AU,unavailable,unavailable,55 - 64 years,F,28+ days,V,unavailable,unavailable,39
202104,unavailable,MEL,AKL,V,A,AU,unavailable,unavailable,19 - 24 years,F,8 - 14 days,V,unavailable,unavailable,36
202104,unavailable,OOL,AKL,V,A,AU,unavailable,unavailable,19 - 24 years,F,less than 7 days,V,unavailable,unavailable,36
202104,unavailable,BNE,CHC,V,A,AU,unavailable,unavailable,55 - 64 years,F,8 - 14 days,V,unavailable,unavailable,36
202104,unavailable,SYD,WLG,V,A,AU,unavailable,unavailable,55 - 64 years,F,8 - 14 days,V,unavailable,unavailable,36
202104,unavailable,BNE,AKL,V,A,AU,unavailable,unavailable,65 - 74 years,M,less than 7 days,V,unavailable,unavailable,39
202104,unavailable,BNE,CHC,V,A,AU,unavailable,unavailable,35 - 44 years,F,less than 7 days,V,unavailable,unavailable,36
202104,unavailable,SYD,CHC,V,A,AU,unavailable,unavailable,55 - 64 years,M,less than 7 days,V,unavailable,unavailable,39
202104,unavailable,BNE,AKL,V,A,AU,unavailable,unavailable,12 - 18 years,M,less than 7 days,V,unavailable,unavailable,36
202104,unavailable,SYD,AKL,V,A,AU,unavailable,unavailable,01 - 11 years,F,15 to 27 days,V,unavailable,unavailable,36
202104,unavailable,BNE,AKL,V,A,AU,unavailable,unavailable,55 - 64 years,M,15 to 27 days,V,unavailable,unavailable,36
202104,unavailable,MEL,AKL,V,A,AU,unavailable,unavailable,45 - 54 years,M,15 to 27 days,V,unavailable,unavailable,36
202104,unavailable,BNE,CHC,V,A,AU,unavailable,unavailable,25 - 34 years,M,less than 7 days,V,unavailable,unavailable,36
202104,unavailable,BNE,CHC,V,A,AU,unavailable,unavailable,55 - 64 years,M,less than 7 days,V,unavailable,unavailable,36
202104,unavailable,OOL,AKL,V,A,AU,unavailable,unavailable,25 - 34 years,M,8 - 14 days,V,unavailable,unavailable,36
202104,unavailable,OOL,AKL,V,A,AU,unavailable,unavailable,35 - 44 years,M,8 - 14 days,V,unavailable,unavailable,36
202104,unavailable,BNE,AKL,V,A,AU,unavailable,unavailable,65 - 74 years,F,28+ days,V,unavailable,unavailable,33
202104,unavailable,MEL,WLG,V,A,AU,unavailable,unavailable,55 - 64 years,M,less than 7 days,V,unavailable,unavailable,36
202104,unavailable,BNE,AKL,V,A,AU,unavailable,unavailable,12 - 18 years,F,less than 7 days,V,unavailable,unavailable,33
202104,unavailable,MEL,AKL,V,A,AU,unavailable,unavailable,25 - 34 years,M,28+ days,V,unavailable,unavailable,36
202104,unavailable,SYD,AKL,V,A,AU,unavailable,unavailable,55 - 64 years,M,28+ days,V,unavailable,unavailable,33
202104,unavailable,MEL,CHC,V,A,AU,unavailable,unavailable,35 - 44 years,M,8 - 14 days,V,unavailable,unavailable,36
202104,unavailable,MEL,WLG,V,A,AU,unavailable,unavailable,45 - 54 years,M,less than 7 days,V,unavailable,unavailable,33
202104,unavailable,SYD,CHC,V,A,AU,unavailable,unavailable,35 - 44 years,M,less than 7 days,V,unavailable,unavailable,33
202104,unavailable,MEL,WLG,V,A,AU,unavailable,unavailable,25 - 34 years,M,8 - 14 days,V,unavailable,unavailable,36
202104,unavailable,MEL,WLG,V,A,AU,unavailable,unavailable,35 - 44 years,M,8 - 14 days,V,unavailable,unavailable,33
202104,unavailable,MEL,WLG,V,A,AU,unavailable,unavailable,35 - 44 years,F,8 - 14 days,V,unavailable,unavailable,33
202104,unavailable,BNE,WLG,V,A,AU,unavailable,unavailable,25 - 34 years,F,8 - 14 days,V,unavailable,unavailable,33
202104,unavailable,SYD,CHC,V,A,AU,unavailable,unavailable,55 - 64 years,F,8 - 14 days,V,unavailable,unavailable,33
202104,unavailable,BNE,AKL,V,A,AU,unavailable,unavailable,01 - 11 years,F,15 to 27 days,V,unavailable,unavailable,33
202104,unavailable,SYD,WLG,V,A,AU,unavailable,unavailable,45 - 54 years,F,8 - 14 days,V,unavailable,unavailable,33
202104,unavailable,BNE,AKL,V,A,AU,unavailable,unavailable,01 - 11 years,M,15 to 27 days,V,unavailable,unavailable,33
202104,unavailable,SYD,WLG,V,A,AU,unavailable,unavailable,25 - 34 years,F,8 - 14 days,V,unavailable,unavailable,33
202104,unavailable,BNE,AKL,V,A,AU,unavailable,unavailable,45 - 54 years,F,28+ days,V,unavailable,unavailable,33
202104,unavailable,MEL,AKL,V,A,AU,unavailable,unavailable,25 - 34 years,M,less than 7 days,B,unavailable,unavailable,33
202104,unavailable,SYD,WLG,V,A,AU,unavailable,unavailable,55 - 64 years,M,8 - 14 days,V,unavailable,unavailable,33
202104,unavailable,BNE,AKL,V,A,AU,unavailable,unavailable,45 - 54 years,M,less than 7 days,B,unavailable,unavailable,33
202104,unavailable,MEL,AKL,V,A,AU,unavailable,unavailable,65 - 74 years,F,28+ days,V,unavailable,unavailable,30
202104,unavailable,BNE,AKL,V,A,AU,unavailable,unavailable,19 - 24 years,M,8 - 14 days,V,unavailable,unavailable,33
202104,unavailable,PER,AKL,V,A,AU,unavailable,unavailable,25 - 34 years,F,8 - 14 days,V,unavailable,unavailable,33
202104,unavailable,MEL,CHC,V,A,AU,unavailable,unavailable,25 - 34 years,M,8 - 14 days,V,unavailable,unavailable,30
202104,unavailable,MEL,CHC,V,A,AU,unavailable,unavailable,35 - 44 years,F,less than 7 days,V,unavailable,unavailable,33
202104,unavailable,BNE,AKL,V,A,AU,unavailable,unavailable,35 - 44 years,M,15 to 27 days,V,unavailable,unavailable,33
202104,unavailable,BNE,AKL,V,A,AU,unavailable,unavailable,65 - 74 years,F,less than 7 days,V,unavailable,unavailable,30
202104,unavailable,BNE,CHC,V,A,AU,unavailable,unavailable,55 - 64 years,F,15 to 27 days,V,unavailable,unavailable,30
202104,unavailable,MEL,WLG,V,A,AU,unavailable,unavailable,45 - 54 years,F,8 - 14 days,V,unavailable,unavailable,30
202104,unavailable,SYD,CHC,V,A,AU,unavailable,unavailable,45 - 54 years,M,less than 7 days,V,unavailable,unavailable,30
202104,unavailable,MEL,AKL,V,A,AU,unavailable,unavailable,35 - 44 years,M,less than 7 days,H,unavailable,unavailable,33
202104,unavailable,PER,AKL,V,A,AU,unavailable,unavailable,25 - 34 years,F,15 to 27 days,V,unavailable,unavailable,30
202104,unavailable,MEL,CHC,V,A,AU,unavailable,unavailable,45 - 54 years,M,less than 7 days,V,unavailable,unavailable,33
202104,unavailable,MEL,CHC,V,A,AU,unavailable,unavailable,55 - 64 years,M,less than 7 days,V,unavailable,unavailable,30
202104,unavailable,SYD,CHC,V,A,AU,unavailable,unavailable,55 - 64 years,M,8 - 14 days,V,unavailable,unavailable,30
202104,unavailable,BNE,AKL,V,A,AU,unavailable,unavailable,65 - 74 years,M,15 to 27 days,V,unavailable,unavailable,30
202104,unavailable,BNE,CHC,V,A,AU,unavailable,unavailable,35 - 44 years,M,8 - 14 days,V,unavailable,unavailable,30
202104,unavailable,SYD,WLG,V,A,AU,unavailable,unavailable,35 - 44 years,F,8 - 14 days,V,unavailable,unavailable,30
202104,unavailable,MEL,AKL,V,A,AU,unavailable,unavailable,25 - 34 years,M,less than 7 days,H,unavailable,unavailable,30
202104,unavailable,SYD,AKL,V,A,AU,unavailable,unavailable,65 - 74 years,F,15 to 27 days,V,unavailable,unavailable,30
202104,unavailable,SYD,AKL,V,A,AU,unavailable,unavailable,45 - 54 years,F,less than 7 days,B,unavailable,unavailable,30
202104,unavailable,OOL,AKL,V,A,AU,unavailable,unavailable,45 - 54 years,M,8 - 14 days,V,unavailable,unavailable,30
202104,unavailable,OOL,AKL,V,A,AU,unavailable,unavailable,01 - 11 years,F,less than 7 days,V,unavailable,unavailable,30
202104,unavailable,SYD,AKL,V,A,AU,unavailable,unavailable,65 - 74 years,M,15 to 27 days,V,unavailable,unavailable,30
202104,unavailable,SYD,AKL,V,A,AU,unavailable,unavailable,45 - 54 years,M,15 to 27 days,V,unavailable,unavailable,30
202104,unavailable,BNE,CHC,V,A,AU,unavailable,unavailable,35 - 44 years,F,8 - 14 days,V,unavailable,unavailable,30
202104,unavailable,MEL,AKL,V,A,AU,unavailable,unavailable,35 - 44 years,M,28+ days,V,unavailable,unavailable,27
202104,unavailable,SYD,AKL,V,A,AU,unavailable,unavailable,19 - 24 years,F,15 to 27 days,V,unavailable,unavailable,30
202104,unavailable,SYD,AKL,V,A,AU,unavailable,unavailable,25 - 34 years,F,less than 7 days,B,unavailable,unavailable,27
202104,unavailable,BNE,CHC,V,A,AU,unavailable,unavailable,25 - 34 years,M,8 - 14 days,V,unavailable,unavailable,30
202104,unavailable,PER,AKL,V,A,AU,unavailable,unavailable,55 - 64 years,F,15 to 27 days,V,unavailable,unavailable,30
202104,unavailable,MEL,CHC,V,A,AU,unavailable,unavailable,25 - 34 years,F,15 to 27 days,V,unavailable,unavailable,27
202104,unavailable,MEL,AKL,V,A,AU,unavailable,unavailable,19 - 24 years,M,8 - 14 days,V,unavailable,unavailable,27
202104,unavailable,MEL,AKL,V,A,AU,unavailable,unavailable,65 - 74 years,F,less than 7 days,V,unavailable,unavailable,30
202104,unavailable,SYD,AKL,V,A,AU,unavailable,unavailable,01 - 11 years,M,15 to 27 days,V,unavailable,unavailable,27
202104,unavailable,SYD,CHC,V,A,AU,unavailable,unavailable,35 - 44 years,F,15 to 27 days,V,unavailable,unavailable,27
202104,unavailable,BNE,AKL,V,A,AU,unavailable,unavailable,12 - 18 years,F,8 - 14 days,V,unavailable,unavailable,27
202104,unavailable,SYD,AKL,V,A,AU,unavailable,unavailable,65 - 74 years,F,28+ days,V,unavailable,unavailable,27
202104,unavailable,SYD,CHC,V,A,AU,unavailable,unavailable,55 - 64 years,F,15 to 27 days,V,unavailable,unavailable,30
202104,unavailable,SYD,ZQN,V,A,AU,unavailable,unavailable,45 - 54 years,F,less than 7 days,H,unavailable,unavailable,27
202104,unavailable,BNE,CHC,V,A,AU,unavailable,unavailable,45 - 54 years,M,8 - 14 days,V,unavailable,unavailable,30
202104,unavailable,MEL,CHC,V,A,AU,unavailable,unavailable,45 - 54 years,F,8 - 14 days,V,unavailable,unavailable,30
202104,unavailable,SYD,CHC,V,A,AU,unavailable,unavailable,25 - 34 years,F,15 to 27 days,V,unavailable,unavailable,30
202104,unavailable,BNE,AKL,V,A,AU,unavailable,unavailable,65 - 74 years,M,8 - 14 days,V,unavailable,unavailable,27
202104,unavailable,MEL,WLG,V,A,AU,unavailable,unavailable,45 - 54 years,F,less than 7 days,V,unavailable,unavailable,27
202104,unavailable,OOL,AKL,V,A,AU,unavailable,unavailable,55 - 64 years,F,15 to 27 days,V,unavailable,unavailable,27
202104,unavailable,SYD,AKL,V,A,AU,unavailable,unavailable,35 - 44 years,M,28+ days,V,unavailable,unavailable,27
202104,unavailable,OOL,AKL,V,A,AU,unavailable,unavailable,19 - 24 years,M,less than 7 days,V,unavailable,unavailable,27
202104,unavailable,MEL,AKL,V,A,AU,unavailable,unavailable,65 - 74 years,M,less than 7 days,V,unavailable,unavailable,27
202104,unavailable,BNE,AKL,V,A,AU,unavailable,unavailable,12 - 18 years,M,8 - 14 days,V,unavailable,unavailable,27
202104,unavailable,BNE,AKL,V,A,AU,unavailable,unavailable,55 - 64 years,M,28+ days,V,unavailable,unavailable,27
202104,unavailable,OOL,AKL,V,A,AU,unavailable,unavailable,55 - 64 years,M,8 - 14 days,V,unavailable,unavailable,27
202104,unavailable,MEL,AKL,V,A,AU,unavailable,unavailable,12 - 18 years,M,less than 7 days,V,unavailable,unavailable,27
202104,unavailable,SYD,WLG,V,A,AU,unavailable,unavailable,25 - 34 years,F,15 to 27 days,V,unavailable,unavailable,27
202104,unavailable,SYD,CHC,V,A,AU,unavailable,unavailable,35 - 44 years,F,8 - 14 days,V,unavailable,unavailable,27
202104,unavailable,SYD,WLG,V,A,AU,unavailable,unavailable,35 - 44 years,M,8 - 14 days,V,unavailable,unavailable,27
202104,unavailable,BNE,AKL,V,A,AU,unavailable,unavailable,25 - 34 years,M,15 to 27 days,V,unavailable,unavailable,27
202104,unavailable,MEL,AKL,V,A,AU,unavailable,unavailable,45 - 54 years,F,28+ days,V,unavailable,unavailable,24
202104,unavailable,OOL,AKL,V,A,AU,unavailable,unavailable,01 - 11 years,M,8 - 14 days,V,unavailable,unavailable,27
202104,unavailable,PER,AKL,V,A,AU,unavailable,unavailable,55 - 64 years,F,28+ days,V,unavailable,unavailable,27
202104,unavailable,OOL,AKL,V,A,AU,unavailable,unavailable,01 - 11 years,M,less than 7 days,V,unavailable,unavailable,24
202104,unavailable,MEL,CHC,V,A,AU,unavailable,unavailable,55 - 64 years,M,8 - 14 days,V,unavailable,unavailable,24
202104,unavailable,SYD,AKL,V,A,XX,unavailable,unavailable,25 - 34 years,M,less than 7 days,N,unavailable,unavailable,24
202104,unavailable,SYD,WLG,V,A,AU,unavailable,unavailable,01 - 11 years,F,less than 7 days,V,unavailable,unavailable,24
202104,unavailable,BNE,CHC,V,A,AU,unavailable,unavailable,25 - 34 years,F,15 to 27 days,V,unavailable,unavailable,27
202104,unavailable,SYD,AKL,V,A,XX,unavailable,unavailable,45 - 54 years,M,less than 7 days,N,unavailable,unavailable,27
202104,unavailable,BNE,WLG,V,A,AU,unavailable,unavailable,55 - 64 years,F,8 - 14 days,V,unavailable,unavailable,24
202104,unavailable,PER,AKL,V,A,AU,unavailable,unavailable,25 - 34 years,M,8 - 14 days,V,unavailable,unavailable,27
202104,unavailable,BNE,AKL,V,A,AU,unavailable,unavailable,25 - 34 years,F,less than 7 days,H,unavailable,unavailable,24
202104,unavailable,MEL,WLG,V,A,AU,unavailable,unavailable,55 - 64 years,M,8 - 14 days,V,unavailable,unavailable,24
202104,unavailable,SYD,AKL,V,A,AU,unavailable,unavailable,19 - 24 years,M,8 - 14 days,V,unavailable,unavailable,24
202104,unavailable,BNE,CHC,V,A,AU,unavailable,unavailable,01 - 11 years,M,8 - 14 days,V,unavailable,unavailable,27
202104,unavailable,SYD,AKL,V,A,XX,unavailable,unavailable,35 - 44 years,M,less than 7 days,N,unavailable,unavailable,24
202104,unavailable,SYD,CHC,V,A,AU,unavailable,unavailable,35 - 44 years,M,8 - 14 days,V,unavailable,unavailable,24
202104,unavailable,SYD,CHC,V,A,AU,unavailable,unavailable,45 - 54 years,F,8 - 14 days,V,unavailable,unavailable,27
202104,unavailable,SYD,AKL,V,A,AU,unavailable,unavailable,35 - 44 years,M,less than 7 days,H,unavailable,unavailable,24
202104,unavailable,MEL,AKL,V,A,AU,unavailable,unavailable,65 - 74 years,F,15 to 27 days,V,unavailable,unavailable,24
202104,unavailable,BNE,WLG,V,A,AU,unavailable,unavailable,25 - 34 years,F,less than 7 days,V,unavailable,unavailable,27
202104,unavailable,MEL,AKL,V,A,AU,unavailable,unavailable,12 - 18 years,F,less than 7 days,V,unavailable,unavailable,24
202104,unavailable,SYD,ZQN,V,A,AU,unavailable,unavailable,55 - 64 years,F,less than 7 days,H,unavailable,unavailable,24
202104,unavailable,SYD,ZQN,V,A,AU,unavailable,unavailable,25 - 34 years,F,less than 7 days,V,unavailable,unavailable,24
202104,unavailable,MEL,AKL,V,A,AU,unavailable,unavailable,65 - 74 years,M,8 - 14 days,V,unavailable,unavailable,24
202104,unavailable,OOL,AKL,V,A,AU,unavailable,unavailable,35 - 44 years,F,15 to 27 days,V,unavailable,unavailable,24
202104,unavailable,SYD,AKL,V,A,AU,unavailable,unavailable,01 - 11 years,F,28+ days,V,unavailable,unavailable,24
202104,unavailable,SYD,AKL,V,A,AU,unavailable,unavailable,65 - 74 years,M,28+ days,V,unavailable,unavailable,24
202104,unavailable,BNE,CHC,V,A,AU,unavailable,unavailable,01 - 11 years,F,8 - 14 days,V,unavailable,unavailable,24
202104,unavailable,BNE,AKL,V,A,AU,unavailable,unavailable,35 - 44 years,M,less than 7 days,B,unavailable,unavailable,24
202104,unavailable,SYD,ZQN,V,A,AU,unavailable,unavailable,35 - 44 years,F,less than 7 days,V,unavailable,unavailable,24
202104,unavailable,MEL,CHC,V,A,AU,unavailable,unavailable,01 - 11 years,F,8 - 14 days,V,unavailable,unavailable,21
202104,unavailable,MEL,CHC,V,A,AU,unavailable,unavailable,55 - 64 years,F,less than 7 days,V,unavailable,unavailable,24
202104,unavailable,OOL,AKL,V,A,AU,unavailable,unavailable,65 - 74 years,F,8 - 14 days,V,unavailable,unavailable,24
202104,unavailable,MEL,WLG,V,A,AU,unavailable,unavailable,55 - 64 years,F,less than 7 days,V,unavailable,unavailable,21
202104,unavailable,SYD,ZQN,V,A,AU,unavailable,unavailable,55 - 64 years,M,less than 7 days,H,unavailable,unavailable,24
202104,unavailable,OOL,AKL,V,A,AU,unavailable,unavailable,19 - 24 years,F,8 - 14 days,V,unavailable,unavailable,21
202104,unavailable,PER,AKL,V,A,AU,unavailable,unavailable,45 - 54 years,M,8 - 14 days,V,unavailable,unavailable,21
202104,unavailable,BNE,AKL,V,A,AU,unavailable,unavailable,25 - 34 years,M,28+ days,V,unavailable,unavailable,24
202104,unavailable,MEL,WLG,V,A,AU,unavailable,unavailable,25 - 34 years,F,28+ days,V,unavailable,unavailable,24
202104,unavailable,MEL,AKL,V,A,AU,unavailable,unavailable,65 - 74 years,M,28+ days,V,unavailable,unavailable,21
202104,unavailable,BNE,AKL,V,A,AU,unavailable,unavailable,65 - 74 years,M,28+ days,V,unavailable,unavailable,24
202104,unavailable,BNE,AKL,V,A,AU,unavailable,unavailable,55 - 64 years,M,less than 7 days,B,unavailable,unavailable,21
202104,unavailable,BNE,CHC,V,A,AU,unavailable,unavailable,55 - 64 years,M,8 - 14 days,V,unavailable,unavailable,21
202104,unavailable,BNE,CHC,V,A,AU,unavailable,unavailable,65 - 74 years,F,8 - 14 days,V,unavailable,unavailable,21
202104,unavailable,PER,AKL,V,A,AU,unavailable,unavailable,45 - 54 years,F,8 - 14 days,V,unavailable,unavailable,24
202104,unavailable,MEL,AKL,V,A,AU,unavailable,unavailable,01 - 11 years,M,28+ days,V,unavailable,unavailable,21
202104,unavailable,BNE,CHC,V,A,AU,unavailable,unavailable,45 - 54 years,F,15 to 27 days,V,unavailable,unavailable,21
202104,unavailable,LAX,AKL,V,A,US,unavailable,unavailable,25 - 34 years,F,28+ days,V,unavailable,unavailable,21
202104,unavailable,MEL,AKL,V,A,AU,unavailable,unavailable,01 - 11 years,F,28+ days,V,unavailable,unavailable,21
202104,unavailable,MEL,CHC,V,A,AU,unavailable,unavailable,25 - 34 years,M,15 to 27 days,V,unavailable,unavailable,21
202104,unavailable,MEL,WLG,V,A,AU,unavailable,unavailable,35 - 44 years,F,15 to 27 days,V,unavailable,unavailable,21
202104,unavailable,MEL,CHC,V,A,AU,unavailable,unavailable,45 - 54 years,M,8 - 14 days,V,unavailable,unavailable,21
202104,unavailable,MEL,AKL,V,A,AU,unavailable,unavailable,25 - 34 years,F,less than 7 days,H,unavailable,unavailable,21
202104,unavailable,SYD,WLG,V,A,AU,unavailable,unavailable,35 - 44 years,F,15 to 27 days,V,unavailable,unavailable,21
202104,unavailable,PER,AKL,V,A,AU,unavailable,unavailable,35 - 44 years,M,8 - 14 days,V,unavailable,unavailable,21
202104,unavailable,SYD,AKL,V,A,AU,unavailable,unavailable,65 - 74 years,M,less than 7 days,B,unavailable,unavailable,21
202104,unavailable,BNE,AKL,V,A,AU,unavailable,unavailable,25 - 34 years,M,less than 7 days,H,unavailable,unavailable,18
202104,unavailable,SYD,CHC,V,A,AU,unavailable,unavailable,45 - 54 years,M,8 - 14 days,V,unavailable,unavailable,18
202104,unavailable,MEL,WLG,V,A,AU,unavailable,unavailable,45 - 54 years,M,less than 7 days,B,unavailable,unavailable,21
202104,unavailable,MEL,AKL,V,A,AU,unavailable,unavailable,19 - 24 years,F,15 to 27 days,V,unavailable,unavailable,18
202104,unavailable,SYD,WLG,V,A,AU,unavailable,unavailable,55 - 64 years,F,15 to 27 days,V,unavailable,unavailable,21
202104,unavailable,SYD,AKL,V,A,AU,unavailable,unavailable,01 - 11 years,M,28+ days,V,unavailable,unavailable,21
202104,unavailable,MEL,CHC,V,A,AU,unavailable,unavailable,01 - 11 years,M,8 - 14 days,V,unavailable,unavailable,21
202104,unavailable,BNE,AKL,V,A,AU,unavailable,unavailable,01 - 11 years,F,28+ days,V,unavailable,unavailable,21
202104,unavailable,SIN,AKL,V,A,GB,unavailable,unavailable,25 - 34 years,F,28+ days,V,unavailable,unavailable,21
202104,unavailable,SYD,CHC,V,A,AU,unavailable,unavailable,65 - 74 years,F,less than 7 days,V,unavailable,unavailable,21
202104,unavailable,SYD,AKL,V,A,XX,unavailable,unavailable,25 - 34 years,F,8 - 14 days,N,unavailable,unavailable,18
202104,unavailable,BNE,AKL,V,A,AU,unavailable,unavailable,19 - 24 years,F,15 to 27 days,V,unavailable,unavailable,21
202104,unavailable,SYD,ZQN,V,A,AU,unavailable,unavailable,25 - 34 years,F,8 - 14 days,V,unavailable,unavailable,18
202104,unavailable,MEL,WLG,V,A,AU,unavailable,unavailable,55 - 64 years,F,15 to 27 days,V,unavailable,unavailable,21
202104,unavailable,SYD,ZQN,V,A,AU,unavailable,unavailable,25 - 34 years,F,8 - 14 days,H,unavailable,unavailable,21
202104,unavailable,SYD,CHC,V,A,AU,unavailable,unavailable,65 - 74 years,F,8 - 14 days,V,unavailable,unavailable,18
202104,unavailable,MEL,AKL,V,A,AU,unavailable,unavailable,35 - 44 years,F,less than 7 days,H,unavailable,unavailable,21
202104,unavailable,SYD,AKL,V,A,AU,unavailable,unavailable,19 - 24 years,F,28+ days,V,unavailable,unavailable,18
202104,unavailable,SYD,WLG,V,A,AU,unavailable,unavailable,25 - 34 years,M,15 to 27 days,V,unavailable,unavailable,18
202104,unavailable,MEL,AKL,V,A,AU,unavailable,unavailable,25 - 34 years,F,8 - 14 days,H,unavailable,unavailable,21
202104,unavailable,BNE,WLG,V,A,AU,unavailable,unavailable,55 - 64 years,M,8 - 14 days,V,unavailable,unavailable,21
202104,unavailable,BNE,CHC,V,A,AU,unavailable,unavailable,19 - 24 years,F,less than 7 days,V,unavailable,unavailable,18
202104,unavailable,PER,AKL,V,A,AU,unavailable,unavailable,25 - 34 years,F,28+ days,V,unavailable,unavailable,18
202104,unavailable,PER,AKL,V,A,AU,unavailable,unavailable,65 - 74 years,F,28+ days,V,unavailable,unavailable,18
202104,unavailable,MEL,CHC,V,A,AU,unavailable,unavailable,35 - 44 years,F,15 to 27 days,V,unavailable,unavailable,18
202104,unavailable,OOL,AKL,V,A,AU,unavailable,unavailable,25 - 34 years,F,15 to 27 days,V,unavailable,unavailable,18
202104,unavailable,OOL,AKL,V,A,AU,unavailable,unavailable,19 - 24 years,M,8 - 14 days,V,unavailable,unavailable,21
202104,unavailable,SYD,AKL,V,A,AU,unavailable,unavailable,55 - 64 years,M,less than 7 days,H,unavailable,unavailable,21
202104,unavailable,BNE,WLG,V,A,AU,unavailable,unavailable,45 - 54 years,F,less than 7 days,V,unavailable,unavailable,21
202104,unavailable,SYD,AKL,V,A,AU,unavailable,unavailable,45 - 54 years,M,less than 7 days,H,unavailable,unavailable,21
202104,unavailable,RAR,AKL,V,A,CK,unavailable,unavailable,45 - 54 years,F,8 - 14 days,V,unavailable,unavailable,21
202104,unavailable,MEL,AKL,V,A,AU,unavailable,unavailable,25 - 34 years,M,8 - 14 days,H,unavailable,unavailable,18
202104,unavailable,MEL,WLG,V,A,AU,unavailable,unavailable,45 - 54 years,M,8 - 14 days,V,unavailable,unavailable,18
202104,unavailable,SYD,AKL,V,A,XX,unavailable,unavailable,25 - 34 years,F,less than 7 days,N,unavailable,unavailable,18
202104,unavailable,PER,AKL,V,A,AU,unavailable,unavailable,55 - 64 years,M,8 - 14 days,V,unavailable,unavailable,18
202104,unavailable,SYD,AKL,V,A,AU,unavailable,unavailable,45 - 54 years,M,28+ days,V,unavailable,unavailable,18
202104,unavailable,SYD,AKL,V,A,AU,unavailable,unavailable,45 - 54 years,M,less than 7 days,N,unavailable,unavailable,18
202104,unavailable,OOL,AKL,V,A,AU,unavailable,unavailable,01 - 11 years,F,15 to 27 days,V,unavailable,unavailable,18
202104,unavailable,BNE,AKL,V,A,AU,unavailable,unavailable,45 - 54 years,M,28+ days,V,unavailable,unavailable,18
202104,unavailable,BNE,AKL,V,A,AU,unavailable,unavailable,75+,F,28+ days,V,unavailable,unavailable,18
202104,unavailable,SYD,WLG,V,A,AU,unavailable,unavailable,65 - 74 years,M,less than 7 days,V,unavailable,unavailable,18
202104,unavailable,LAX,AKL,V,A,US,unavailable,unavailable,55 - 64 years,F,28+ days,V,unavailable,unavailable,18
202104,unavailable,MEL,AKL,V,A,AU,unavailable,unavailable,65 - 74 years,M,15 to 27 days,V,unavailable,unavailable,18
202104,unavailable,LAX,AKL,V,A,US,unavailable,unavailable,25 - 34 years,M,28+ days,V,unavailable,unavailable,18
202104,unavailable,OOL,AKL,V,A,AU,unavailable,unavailable,35 - 44 years,M,15 to 27 days,V,unavailable,unavailable,18
202104,unavailable,PER,AKL,V,A,AU,unavailable,unavailable,45 - 54 years,F,28+ days,V,unavailable,unavailable,18
202104,unavailable,SYD,ZQN,V,A,AU,unavailable,unavailable,19 - 24 years,F,less than 7 days,H,unavailable,unavailable,18
202104,unavailable,BNE,AKL,V,A,AU,unavailable,unavailable,35 - 44 years,F,28+ days,V,unavailable,unavailable,18
202104,unavailable,OOL,AKL,V,A,AU,unavailable,unavailable,65 - 74 years,M,8 - 14 days,V,unavailable,unavailable,18
202104,unavailable,MEL,AKL,V,A,AU,unavailable,unavailable,25 - 34 years,F,28+ days,N,unavailable,unavailable,18
202104,unavailable,SYD,CHC,V,A,AU,unavailable,unavailable,65 - 74 years,F,15 to 27 days,V,unavailable,unavailable,18
202104,unavailable,MEL,AKL,V,A,AU,unavailable,unavailable,12 - 18 years,M,8 - 14 days,V,unavailable,unavailable,18
202104,unavailable,SYD,AKL,V,A,AU,unavailable,unavailable,25 - 34 years,M,8 - 14 days,H,unavailable,unavailable,18
202104,unavailable,BNE,CHC,V,A,AU,unavailable,unavailable,65 - 74 years,F,15 to 27 days,V,unavailable,unavailable,18
202104,unavailable,SYD,ZQN,V,A,AU,unavailable,unavailable,25 - 34 years,M,8 - 14 days,H,unavailable,unavailable,18
202104,unavailable,SYD,WLG,V,A,AU,unavailable,unavailable,55 - 64 years,F,28+ days,V,unavailable,unavailable,18
202104,unavailable,SYD,CHC,V,A,AU,unavailable,unavailable,35 - 44 years,M,15 to 27 days,V,unavailable,unavailable,18
202104,unavailable,PER,AKL,V,A,AU,unavailable,unavailable,25 - 34 years,M,15 to 27 days,V,unavailable,unavailable,18
202104,unavailable,SYD,CHC,V,A,AU,unavailable,unavailable,19 - 24 years,F,less than 7 days,V,unavailable,unavailable,18
202104,unavailable,SYD,WLG,V,A,AU,unavailable,unavailable,19 - 24 years,F,less than 7 days,V,unavailable,unavailable,15
202104,unavailable,MEL,WLG,V,A,AU,unavailable,unavailable,65 - 74 years,F,15 to 27 days,V,unavailable,unavailable,15
202104,unavailable,BNE,WLG,V,A,AU,unavailable,unavailable,45 - 54 years,F,8 - 14 days,V,unavailable,unavailable,15
202104,unavailable,BNE,WLG,V,A,AU,unavailable,unavailable,35 - 44 years,F,8 - 14 days,V,unavailable,unavailable,15
202104,unavailable,SYD,ZQN,V,A,AU,unavailable,unavailable,35 - 44 years,M,less than 7 days,V,unavailable,unavailable,18
202104,unavailable,BNE,CHC,V,A,AU,unavailable,unavailable,19 - 24 years,M,less than 7 days,V,unavailable,unavailable,18
202104,unavailable,SYD,AKL,V,A,AU,unavailable,unavailable,12 - 18 years,F,8 - 14 days,V,unavailable,unavailable,15
202104,unavailable,BNE,CHC,V,A,AU,unavailable,unavailable,55 - 64 years,F,28+ days,V,unavailable,unavailable,18
202104,unavailable,BNE,WLG,V,A,AU,unavailable,unavailable,01 - 11 years,F,8 - 14 days,V,unavailable,unavailable,18
202104,unavailable,MEL,WLG,V,A,AU,unavailable,unavailable,25 - 34 years,M,15 to 27 days,V,unavailable,unavailable,18
202104,unavailable,MEL,WLG,V,A,AU,unavailable,unavailable,01 - 11 years,F,8 - 14 days,V,unavailable,unavailable,18
202104,unavailable,SIN,AKL,V,A,PH,unavailable,unavailable,25 - 34 years,F,28+ days,E,unavailable,unavailable,15
202104,unavailable,OOL,AKL,V,A,AU,unavailable,unavailable,12 - 18 years,M,less than 7 days,V,unavailable,unavailable,18
202104,unavailable,SYD,ZQN,V,A,AU,unavailable,unavailable,45 - 54 years,F,less than 7 days,V,unavailable,unavailable,18
202104,unavailable,PER,AKL,V,A,AU,unavailable,unavailable,45 - 54 years,M,15 to 27 days,V,unavailable,unavailable,18
202104,unavailable,PER,AKL,V,A,AU,unavailable,unavailable,55 - 64 years,F,8 - 14 days,V,unavailable,unavailable,18
202104,unavailable,SYD,WLG,V,A,AU,unavailable,unavailable,45 - 54 years,M,8 - 14 days,V,unavailable,unavailable,18
202104,unavailable,MEL,WLG,V,A,AU,unavailable,unavailable,01 - 11 years,F,less than 7 days,V,unavailable,unavailable,15
202104,unavailable,MEL,AKL,V,A,AU,unavailable,unavailable,45 - 54 years,M,8 - 14 days,B,unavailable,unavailable,15
202104,unavailable,SYD,AKL,V,A,AU,unavailable,unavailable,45 - 54 years,F,less than 7 days,H,unavailable,unavailable,18
202104,unavailable,SYD,AKL,V,A,AU,unavailable,unavailable,25 - 34 years,F,8 - 14 days,H,unavailable,unavailable,18
202104,unavailable,SYD,WLG,V,A,AU,unavailable,unavailable,35 - 44 years,M,15 to 27 days,V,unavailable,unavailable,18
202104,unavailable,SYD,WLG,V,A,AU,unavailable,unavailable,45 - 54 years,F,15 to 27 days,V,unavailable,unavailable,15
202104,unavailable,SYD,AKL,V,A,XX,unavailable,unavailable,35 - 44 years,F,less than 7 days,N,unavailable,unavailable,18
202104,unavailable,OOL,AKL,V,A,AU,unavailable,unavailable,65 - 74 years,F,15 to 27 days,V,unavailable,unavailable,15
202104,unavailable,RAR,AKL,V,A,CK,unavailable,unavailable,55 - 64 years,F,28+ days,V,unavailable,unavailable,15
202104,unavailable,SYD,WLG,V,A,AU,unavailable,unavailable,01 - 11 years,M,less than 7 days,V,unavailable,unavailable,15
202104,unavailable,MEL,CHC,V,A,AU,unavailable,unavailable,35 - 44 years,M,15 to 27 days,V,unavailable,unavailable,18
202104,unavailable,SYD,CHC,V,A,AU,unavailable,unavailable,25 - 34 years,M,15 to 27 days,V,unavailable,unavailable,18
202104,unavailable,SYD,AKL,V,A,AU,unavailable,unavailable,12 - 18 years,M,8 - 14 days,V,unavailable,unavailable,15
202104,unavailable,RAR,AKL,V,A,CK,unavailable,unavailable,01 - 11 years,M,15 to 27 days,V,unavailable,unavailable,18
202104,unavailable,SYD,ZQN,V,A,AU,unavailable,unavailable,55 - 64 years,M,8 - 14 days,H,unavailable,unavailable,18
202104,unavailable,BNE,CHC,V,A,AU,unavailable,unavailable,65 - 74 years,M,8 - 14 days,V,unavailable,unavailable,18
202104,unavailable,SYD,CHC,V,A,AU,unavailable,unavailable,01 - 11 years,F,8 - 14 days,V,unavailable,unavailable,18
202104,unavailable,PER,AKL,V,A,AU,unavailable,unavailable,45 - 54 years,F,15 to 27 days,V,unavailable,unavailable,15
202104,unavailable,BNE,CHC,V,A,AU,unavailable,unavailable,19 - 24 years,F,8 - 14 days,V,unavailable,unavailable,15
202104,unavailable,OOL,AKL,V,A,AU,unavailable,unavailable,55 - 64 years,F,28+ days,V,unavailable,unavailable,15
202104,unavailable,MEL,AKL,V,A,AU,unavailable,unavailable,12 - 18 years,F,15 to 27 days,V,unavailable,unavailable,15
202104,unavailable,SYD,WLG,V,A,AU,unavailable,unavailable,45 - 54 years,M,15 to 27 days,V,unavailable,unavailable,18
202104,unavailable,MEL,CHC,V,A,AU,unavailable,unavailable,01 - 11 years,F,less than 7 days,V,unavailable,unavailable,15
202104,unavailable,BNE,WLG,V,A,AU,unavailable,unavailable,55 - 64 years,F,15 to 27 days,V,unavailable,unavailable,15
202104,unavailable,BNE,CHC,V,A,AU,unavailable,unavailable,01 - 11 years,M,less than 7 days,V,unavailable,unavailable,18
202104,unavailable,MEL,AKL,V,A,AU,unavailable,unavailable,35 - 44 years,M,less than 7 days,N,unavailable,unavailable,15
202104,unavailable,MEL,CHC,V,A,AU,unavailable,unavailable,65 - 74 years,F,8 - 14 days,V,unavailable,unavailable,15
202104,unavailable,SYD,CHC,V,A,AU,unavailable,unavailable,01 - 11 years,M,8 - 14 days,V,unavailable,unavailable,15
202104,unavailable,BNE,CHC,V,A,AU,unavailable,unavailable,12 - 18 years,F,less than 7 days,V,unavailable,unavailable,15
202104,unavailable,MEL,AKL,V,A,AU,unavailable,unavailable,12 - 18 years,F,8 - 14 days,V,unavailable,unavailable,15
202104,unavailable,SYD,ZQN,V,A,AU,unavailable,unavailable,19 - 24 years,M,less than 7 days,H,unavailable,unavailable,15
202104,unavailable,SYD,AKL,V,A,AU,unavailable,unavailable,45 - 54 years,M,8 - 14 days,B,unavailable,unavailable,15
202104,unavailable,MEL,WLG,V,A,AU,unavailable,unavailable,35 - 44 years,M,15 to 27 days,V,unavailable,unavailable,15
202104,unavailable,SYD,AKL,V,A,XX,unavailable,unavailable,55 - 64 years,M,less than 7 days,N,unavailable,unavailable,15
202104,unavailable,BNE,CHC,V,A,AU,unavailable,unavailable,35 - 44 years,M,15 to 27 days,V,unavailable,unavailable,15
202104,unavailable,OOL,AKL,V,A,AU,unavailable,unavailable,45 - 54 years,F,15 to 27 days,V,unavailable,unavailable,15
202104,unavailable,SYD,CHC,V,A,AU,unavailable,unavailable,01 - 11 years,F,less than 7 days,V,unavailable,unavailable,15
202104,unavailable,MEL,CHC,V,A,AU,unavailable,unavailable,55 - 64 years,F,28+ days,V,unavailable,unavailable,15
202104,unavailable,PER,AKL,V,A,AU,unavailable,unavailable,01 - 11 years,F,15 to 27 days,V,unavailable,unavailable,15
202104,unavailable,BNE,WLG,V,A,AU,unavailable,unavailable,01 - 11 years,M,8 - 14 days,V,unavailable,unavailable,15
202104,unavailable,BNE,WLG,V,A,AU,unavailable,unavailable,35 - 44 years,F,less than 7 days,V,unavailable,unavailable,15
202104,unavailable,MEL,WLG,V,A,AU,unavailable,unavailable,19 - 24 years,F,less than 7 days,V,unavailable,unavailable,15
202104,unavailable,MEL,WLG,V,A,AU,unavailable,unavailable,01 - 11 years,M,8 - 14 days,V,unavailable,unavailable,15
202104,unavailable,OOL,AKL,V,A,AU,unavailable,unavailable,65 - 74 years,F,less than 7 days,V,unavailable,unavailable,15
202104,unavailable,BNE,WLG,V,A,AU,unavailable,unavailable,35 - 44 years,M,less than 7 days,V,unavailable,unavailable,15
202104,unavailable,SYD,WLG,V,A,AU,unavailable,unavailable,19 - 24 years,M,less than 7 days,V,unavailable,unavailable,15
202104,unavailable,SYD,AKL,V,A,AU,unavailable,unavailable,35 - 44 years,M,8 - 14 days,N,unavailable,unavailable,15
202104,unavailable,SYD,WLG,V,A,AU,unavailable,unavailable,65 - 74 years,F,less than 7 days,V,unavailable,unavailable,15
202104,unavailable,SYD,AKL,V,A,AU,unavailable,unavailable,35 - 44 years,M,8 - 14 days,B,unavailable,unavailable,15
202104,unavailable,PER,AKL,V,A,AU,unavailable,unavailable,35 - 44 years,F,15 to 27 days,V,unavailable,unavailable,15
202104,unavailable,SYD,CHC,V,A,AU,unavailable,unavailable,65 - 74 years,M,8 - 14 days,V,unavailable,unavailable,15
202104,unavailable,PER,AKL,V,A,AU,unavailable,unavailable,55 - 64 years,M,15 to 27 days,V,unavailable,unavailable,15
202104,unavailable,SYD,AKL,V,A,AU,unavailable,unavailable,35 - 44 years,F,less than 7 days,H,unavailable,unavailable,15
202104,unavailable,MEL,AKL,V,A,AU,unavailable,unavailable,35 - 44 years,F,less than 7 days,B,unavailable,unavailable,15
202104,unavailable,MEL,AKL,V,A,AU,unavailable,unavailable,55 - 64 years,M,less than 7 days,H,unavailable,unavailable,15
202104,unavailable,LAX,AKL,V,A,US,unavailable,unavailable,25 - 34 years,M,28+ days,B,unavailable,unavailable,15
202104,unavailable,OOL,AKL,V,A,AU,unavailable,unavailable,01 - 11 years,M,15 to 27 days,V,unavailable,unavailable,15
202104,unavailable,BNE,WLG,V,A,AU,unavailable,unavailable,45 - 54 years,M,less than 7 days,V,unavailable,unavailable,12
202104,unavailable,PER,AKL,V,A,AU,unavailable,unavailable,55 - 64 years,M,28+ days,V,unavailable,unavailable,12
202104,unavailable,MEL,CHC,V,A,AU,unavailable,unavailable,01 - 11 years,M,less than 7 days,V,unavailable,unavailable,15
202104,unavailable,SYD,CHC,V,A,AU,unavailable,unavailable,45 - 54 years,M,less than 7 days,B,unavailable,unavailable,15
202104,unavailable,SYD,CHC,V,A,AU,unavailable,unavailable,35 - 44 years,M,less than 7 days,H,unavailable,unavailable,15
202104,unavailable,SYD,AKL,V,A,AU,unavailable,unavailable,19 - 24 years,F,less than 7 days,H,unavailable,unavailable,15
202104,unavailable,SYD,CHC,V,A,AU,unavailable,unavailable,65 - 74 years,M,15 to 27 days,V,unavailable,unavailable,12
202104,unavailable,BNE,CHC,V,A,AU,unavailable,unavailable,25 - 34 years,M,15 to 27 days,V,unavailable,unavailable,15
202104,unavailable,MEL,AKL,V,A,AU,unavailable,unavailable,45 - 54 years,M,less than 7 days,H,unavailable,unavailable,12
202104,unavailable,PER,AKL,V,A,AU,unavailable,unavailable,35 - 44 years,M,less than 7 days,V,unavailable,unavailable,15
202104,unavailable,SYD,ZQN,V,A,AU,unavailable,unavailable,45 - 54 years,M,less than 7 days,V,unavailable,unavailable,15
202104,unavailable,BNE,WLG,V,A,AU,unavailable,unavailable,45 - 54 years,M,8 - 14 days,V,unavailable,unavailable,12
202104,unavailable,SYD,CHC,V,A,AU,unavailable,unavailable,55 - 64 years,F,28+ days,V,unavailable,unavailable,15
202104,unavailable,SYD,WLG,V,A,AU,unavailable,unavailable,01 - 11 years,F,8 - 14 days,V,unavailable,unavailable,15
202104,unavailable,PER,AKL,V,A,AU,unavailable,unavailable,25 - 34 years,M,less than 7 days,V,unavailable,unavailable,15
202104,unavailable,MEL,CHC,V,A,AU,unavailable,unavailable,01 - 11 years,F,15 to 27 days,V,unavailable,unavailable,15
202104,unavailable,BNE,WLG,V,A,AU,unavailable,unavailable,55 - 64 years,F,less than 7 days,V,unavailable,unavailable,15
202104,unavailable,MEL,CHC,V,A,AU,unavailable,unavailable,55 - 64 years,F,15 to 27 days,V,unavailable,unavailable,15
202104,unavailable,PER,AKL,V,A,AU,unavailable,unavailable,35 - 44 years,F,8 - 14 days,V,unavailable,unavailable,15
202104,unavailable,SYD,AKL,V,A,AU,unavailable,unavailable,19 - 24 years,M,15 to 27 days,V,unavailable,unavailable,15
202104,unavailable,SYD,WLG,V,A,AU,unavailable,unavailable,65 - 74 years,F,8 - 14 days,V,unavailable,unavailable,15
202104,unavailable,SYD,CHC,V,A,AU,unavailable,unavailable,65 - 74 years,F,28+ days,V,unavailable,unavailable,12
202104,unavailable,BNE,WLG,V,A,AU,unavailable,unavailable,25 - 34 years,M,less than 7 days,V,unavailable,unavailable,15
202104,unavailable,SYD,CHC,V,A,AU,unavailable,unavailable,35 - 44 years,M,less than 7 days,B,unavailable,unavailable,12
202104,unavailable,BNE,WLG,V,A,AU,unavailable,unavailable,25 - 34 years,M,8 - 14 days,V,unavailable,unavailable,15
202104,unavailable,BNE,CHC,V,A,AU,unavailable,unavailable,35 - 44 years,F,15 to 27 days,V,unavailable,unavailable,15
202104,unavailable,SYD,ZQN,V,A,AU,unavailable,unavailable,55 - 64 years,F,8 - 14 days,V,unavailable,unavailable,12
202104,unavailable,SYD,CHC,V,A,AU,unavailable,unavailable,25 - 34 years,M,8 - 14 days,H,unavailable,unavailable,15
202104,unavailable,SYD,ZQN,V,A,AU,unavailable,unavailable,25 - 34 years,M,8 - 14 days,V,unavailable,unavailable,15
202104,unavailable,SYD,AKL,V,A,AU,unavailable,unavailable,55 - 64 years,M,less than 7 days,N,unavailable,unavailable,15
202104,unavailable,SYD,WLG,V,A,AU,unavailable,unavailable,19 - 24 years,F,8 - 14 days,V,unavailable,unavailable,12
202104,unavailable,SYD,AKL,V,A,AU,unavailable,unavailable,55 - 64 years,M,8 - 14 days,N,unavailable,unavailable,12
202104,unavailable,RAR,AKL,V,A,CK,unavailable,unavailable,55 - 64 years,M,8 - 14 days,V,unavailable,unavailable,15
202104,unavailable,MEL,AKL,V,A,AU,unavailable,unavailable,35 - 44 years,M,8 - 14 days,H,unavailable,unavailable,12
202104,unavailable,OOL,AKL,V,A,AU,unavailable,unavailable,55 - 64 years,M,15 to 27 days,V,unavailable,unavailable,15
202104,unavailable,SYD,CHC,V,A,AU,unavailable,unavailable,45 - 54 years,F,15 to 27 days,V,unavailable,unavailable,12
202104,unavailable,SYD,CHC,V,A,AU,unavailable,unavailable,19 - 24 years,M,less than 7 days,V,unavailable,unavailable,12
202104,unavailable,KUL,AKL,V,A,GB,unavailable,unavailable,25 - 34 years,F,28+ days,V,unavailable,unavailable,12
202104,unavailable,MEL,WLG,V,A,AU,unavailable,unavailable,01 - 11 years,M,less than 7 days,V,unavailable,unavailable,12
202104,unavailable,PER,AKL,V,A,AU,unavailable,unavailable,01 - 11 years,F,8 - 14 days,V,unavailable,unavailable,12
202104,unavailable,BNE,WLG,V,A,AU,unavailable,unavailable,45 - 54 years,F,15 to 27 days,V,unavailable,unavailable,12
202104,unavailable,OOL,AKL,V,A,AU,unavailable,unavailable,12 - 18 years,F,less than 7 days,V,unavailable,unavailable,12
202104,unavailable,SYD,AKL,V,A,AU,unavailable,unavailable,25 - 34 years,M,less than 7 days,N,unavailable,unavailable,12
202104,unavailable,MEL,ZQN,V,A,AU,unavailable,unavailable,35 - 44 years,M,less than 7 days,V,unavailable,unavailable,12
202104,unavailable,SYD,AKL,V,A,XX,unavailable,unavailable,45 - 54 years,F,8 - 14 days,N,unavailable,unavailable,15
202104,unavailable,LAX,AKL,V,A,US,unavailable,unavailable,45 - 54 years,M,28+ days,V,unavailable,unavailable,15
202104,unavailable,SYD,WLG,V,A,AU,unavailable,unavailable,01 - 11 years,F,15 to 27 days,V,unavailable,unavailable,12
202104,unavailable,OOL,AKL,V,A,AU,unavailable,unavailable,12 - 18 years,M,8 - 14 days,V,unavailable,unavailable,12
202104,unavailable,BNE,AKL,V,A,AU,unavailable,unavailable,35 - 44 years,M,28+ days,V,unavailable,unavailable,12
202104,unavailable,MEL,AKL,V,A,AU,unavailable,unavailable,19 - 24 years,M,15 to 27 days,V,unavailable,unavailable,12
202104,unavailable,LAX,AKL,V,A,US,unavailable,unavailable,45 - 54 years,F,28+ days,V,unavailable,unavailable,15
202104,unavailable,MEL,CHC,V,A,AU,unavailable,unavailable,19 - 24 years,F,less than 7 days,V,unavailable,unavailable,12
202104,unavailable,MEL,AKL,V,A,AU,unavailable,unavailable,19 - 24 years,M,less than 7 days,H,unavailable,unavailable,12
202104,unavailable,MEL,CHC,V,A,AU,unavailable,unavailable,45 - 54 years,M,15 to 27 days,V,unavailable,unavailable,12
202104,unavailable,LAX,AKL,V,A,US,unavailable,unavailable,35 - 44 years,F,28+ days,V,unavailable,unavailable,12
202104,unavailable,SYD,CHC,V,A,AU,unavailable,unavailable,65 - 74 years,M,less than 7 days,V,unavailable,unavailable,12
202104,unavailable,SYD,CHC,V,A,AU,unavailable,unavailable,45 - 54 years,M,15 to 27 days,V,unavailable,unavailable,12
202104,unavailable,MEL,AKL,V,A,AU,unavailable,unavailable,25 - 34 years,F,less than 7 days,B,unavailable,unavailable,12
202104,unavailable,MEL,ZQN,V,A,AU,unavailable,unavailable,45 - 54 years,F,less than 7 days,V,unavailable,unavailable,12
202104,unavailable,MEL,AKL,V,A,AU,unavailable,unavailable,25 - 34 years,M,28+ days,N,unavailable,unavailable,12
202104,unavailable,SYD,CHC,V,A,AU,unavailable,unavailable,01 - 11 years,M,less than 7 days,V,unavailable,unavailable,12
202104,unavailable,SYD,AKL,V,A,AU,unavailable,unavailable,75+,F,8 - 14 days,V,unavailable,unavailable,12
202104,unavailable,BNE,AKL,V,A,AU,unavailable,unavailable,12 - 18 years,F,28+ days,V,unavailable,unavailable,12
202104,unavailable,BNE,CHC,V,A,AU,unavailable,unavailable,65 - 74 years,F,28+ days,V,unavailable,unavailable,12
202104,unavailable,SYD,AKL,V,A,AU,unavailable,unavailable,Less than 1 year,M,8 - 14 days,V,unavailable,unavailable,12
202104,unavailable,PER,AKL,V,A,AU,unavailable,unavailable,45 - 54 years,F,less than 7 days,V,unavailable,unavailable,12
202104,unavailable,RAR,AKL,V,A,CK,unavailable,unavailable,45 - 54 years,F,15 to 27 days,V,unavailable,unavailable,12
202104,unavailable,BNE,CHC,V,A,AU,unavailable,unavailable,65 - 74 years,M,15 to 27 days,V,unavailable,unavailable,12
202104,unavailable,OOL,AKL,V,A,AU,unavailable,unavailable,65 - 74 years,M,less than 7 days,V,unavailable,unavailable,12
202104,unavailable,MEL,AKL,V,A,AU,unavailable,unavailable,45 - 54 years,F,less than 7 days,B,unavailable,unavailable,12
202104,unavailable,MEL,AKL,V,A,AU,unavailable,unavailable,55 - 64 years,M,28+ days,V,unavailable,unavailable,12
202104,unavailable,SYD,CHC,V,A,AU,unavailable,unavailable,19 - 24 years,F,8 - 14 days,V,unavailable,unavailable,12
202104,unavailable,MEL,ZQN,V,A,AU,unavailable,unavailable,55 - 64 years,M,less than 7 days,H,unavailable,unavailable,12
202104,unavailable,BNE,WLG,V,A,AU,unavailable,unavailable,25 - 34 years,F,15 to 27 days,V,unavailable,unavailable,12
202104,unavailable,PER,AKL,V,A,AU,unavailable,unavailable,35 - 44 years,M,28+ days,V,unavailable,unavailable,12
202104,unavailable,BNE,AKL,V,A,AU,unavailable,unavailable,25 - 34 years,M,less than 7 days,B,unavailable,unavailable,12
202104,unavailable,MEL,AKL,V,A,AU,unavailable,unavailable,25 - 34 years,M,less than 7 days,N,unavailable,unavailable,12
202104,unavailable,SYD,ZQN,V,A,AU,unavailable,unavailable,25 - 34 years,M,less than 7 days,V,unavailable,unavailable,12
202104,unavailable,KUL,AKL,V,A,IN,unavailable,unavailable,25 - 34 years,F,28+ days,V,unavailable,unavailable,12
202104,unavailable,MEL,ZQN,V,A,AU,unavailable,unavailable,25 - 34 years,M,less than 7 days,H,unavailable,unavailable,12
202104,unavailable,BNE,WLG,V,A,AU,unavailable,unavailable,35 - 44 years,M,8 - 14 days,V,unavailable,unavailable,12
202104,unavailable,SYD,ZQN,V,A,AU,unavailable,unavailable,55 - 64 years,M,less than 7 days,V,unavailable,unavailable,12
202104,unavailable,BNE,CHC,V,A,AU,unavailable,unavailable,12 - 18 years,M,less than 7 days,V,unavailable,unavailable,12
202104,unavailable,SYD,ZQN,V,A,AU,unavailable,unavailable,55 - 64 years,F,less than 7 days,V,unavailable,unavailable,12
202104,unavailable,BNE,AKL,V,A,AU,unavailable,unavailable,01 - 11 years,M,28+ days,V,unavailable,unavailable,12
202104,unavailable,MEL,ZQN,V,A,AU,unavailable,unavailable,25 - 34 years,M,less than 7 days,V,unavailable,unavailable,12
202104,unavailable,MEL,AKL,V,A,AU,unavailable,unavailable,25 - 34 years,F,less than 7 days,N,unavailable,unavailable,12
202104,unavailable,BNE,CHC,V,A,AU,unavailable,unavailable,45 - 54 years,M,15 to 27 days,V,unavailable,unavailable,9
202104,unavailable,SYD,WLG,V,A,AU,unavailable,unavailable,55 - 64 years,M,15 to 27 days,V,unavailable,unavailable,9
202104,unavailable,MEL,CHC,V,A,AU,unavailable,unavailable,19 - 24 years,F,8 - 14 days,V,unavailable,unavailable,12
202104,unavailable,SYD,AKL,V,A,AU,unavailable,unavailable,Less than 1 year,M,15 to 27 days,V,unavailable,unavailable,9
202104,unavailable,SYD,AKL,V,A,AU,unavailable,unavailable,75+,F,28+ days,V,unavailable,unavailable,12
202104,unavailable,SYD,AKL,V,A,XX,unavailable,unavailable,45 - 54 years,M,8 - 14 days,N,unavailable,unavailable,9
202104,unavailable,SYD,AKL,V,A,AU,unavailable,unavailable,25 - 34 years,F,15 to 27 days,H,unavailable,unavailable,12
202104,unavailable,BNE,AKL,V,A,GB,unavailable,unavailable,25 - 34 years,F,28+ days,V,unavailable,unavailable,12
202104,unavailable,BNE,AKL,V,A,AU,unavailable,unavailable,75+,M,15 to 27 days,V,unavailable,unavailable,9
202104,unavailable,RAR,AKL,V,A,CK,unavailable,unavailable,55 - 64 years,M,15 to 27 days,V,unavailable,unavailable,12
202104,unavailable,RAR,AKL,V,A,CK,unavailable,unavailable,01 - 11 years,M,8 - 14 days,V,unavailable,unavailable,9
202104,unavailable,MEL,WLG,V,A,AU,unavailable,unavailable,55 - 64 years,M,less than 7 days,B,unavailable,unavailable,12
202104,unavailable,MEL,CHC,V,A,AU,unavailable,unavailable,01 - 11 years,M,15 to 27 days,V,unavailable,unavailable,9
202104,unavailable,SYD,AKL,V,A,AU,unavailable,unavailable,25 - 34 years,F,less than 7 days,N,unavailable,unavailable,12
202104,unavailable,SYD,AKL,V,A,AU,unavailable,unavailable,45 - 54 years,M,8 - 14 days,H,unavailable,unavailable,9
202104,unavailable,SYD,AKL,V,A,AU,unavailable,unavailable,25 - 34 years,M,8 - 14 days,B,unavailable,unavailable,12
202104,unavailable,MEL,AKL,V,A,AU,unavailable,unavailable,45 - 54 years,F,less than 7 days,H,unavailable,unavailable,9
202104,unavailable,MEL,AKL,V,A,AU,unavailable,unavailable,Less than 1 year,F,28+ days,V,unavailable,unavailable,12
202104,unavailable,MEL,WLG,V,A,AU,unavailable,unavailable,65 - 74 years,M,15 to 27 days,V,unavailable,unavailable,12
202104,unavailable,LAX,AKL,V,A,US,unavailable,unavailable,55 - 64 years,M,28+ days,V,unavailable,unavailable,9
202104,unavailable,MEL,CHC,V,A,AU,unavailable,unavailable,25 - 34 years,F,8 - 14 days,H,unavailable,unavailable,9
202104,unavailable,SYD,AKL,V,A,AU,unavailable,unavailable,65 - 74 years,M,less than 7 days,N,unavailable,unavailable,12
202104,unavailable,SYD,AKL,V,A,XX,unavailable,unavailable,45 - 54 years,F,less than 7 days,N,unavailable,unavailable,12
202104,unavailable,MEL,AKL,V,A,AU,unavailable,unavailable,55 - 64 years,M,8 - 14 days,B,unavailable,unavailable,12
202104,unavailable,BNE,AKL,V,A,AU,unavailable,unavailable,45 - 54 years,M,8 - 14 days,B,unavailable,unavailable,12
202104,unavailable,MEL,WLG,V,A,AU,unavailable,unavailable,55 - 64 years,M,15 to 27 days,V,unavailable,unavailable,12
202104,unavailable,SYD,ZQN,V,A,AU,unavailable,unavailable,65 - 74 years,F,8 - 14 days,V,unavailable,unavailable,12
202104,unavailable,MEL,AKL,V,A,AU,unavailable,unavailable,35 - 44 years,M,8 - 14 days,B,unavailable,unavailable,12
202104,unavailable,PER,AKL,V,A,AU,unavailable,unavailable,65 - 74 years,M,28+ days,V,unavailable,unavailable,12
202104,unavailable,SYD,AKL,V,A,AU,unavailable,unavailable,45 - 54 years,M,15 to 27 days,B,unavailable,unavailable,12
202104,unavailable,SYD,AKL,V,A,XX,unavailable,unavailable,35 - 44 years,M,8 - 14 days,N,unavailable,unavailable,9
202104,unavailable,SYD,ZQN,V,A,AU,unavailable,unavailable,35 - 44 years,M,8 - 14 days,H,unavailable,unavailable,9
202104,unavailable,MEL,ZQN,V,A,AU,unavailable,unavailable,45 - 54 years,M,less than 7 days,V,unavailable,unavailable,12
202104,unavailable,RAR,AKL,V,A,CK,unavailable,unavailable,25 - 34 years,F,8 - 14 days,V,unavailable,unavailable,9
202104,unavailable,SYD,AKL,V,A,AU,unavailable,unavailable,55 - 64 years,M,8 - 14 days,B,unavailable,unavailable,9
202104,unavailable,SYD,ZQN,V,A,AU,unavailable,unavailable,45 - 54 years,F,8 - 14 days,V,unavailable,unavailable,9
202104,unavailable,MEL,AKL,V,A,AU,unavailable,unavailable,19 - 24 years,M,28+ days,V,unavailable,unavailable,9
202104,unavailable,SYD,CHC,V,A,AU,unavailable,unavailable,12 - 18 years,F,less than 7 days,V,unavailable,unavailable,12
202104,unavailable,PER,AKL,V,A,AU,unavailable,unavailable,01 - 11 years,M,28+ days,V,unavailable,unavailable,9
202104,unavailable,OOL,AKL,V,A,AU,unavailable,unavailable,12 - 18 years,F,8 - 14 days,V,unavailable,unavailable,9
202104,unavailable,OOL,AKL,V,A,AU,unavailable,unavailable,01 - 11 years,M,28+ days,V,unavailable,unavailable,12
202104,unavailable,SYD,ZQN,V,A,AU,unavailable,unavailable,35 - 44 years,F,8 - 14 days,V,unavailable,unavailable,9
202104,unavailable,MEL,AKL,V,A,AU,unavailable,unavailable,19 - 24 years,M,8 - 14 days,H,unavailable,unavailable,12
202104,unavailable,OOL,AKL,V,A,AU,unavailable,unavailable,25 - 34 years,M,less than 7 days,H,unavailable,unavailable,9
202104,unavailable,BNE,CHC,V,A,AU,unavailable,unavailable,45 - 54 years,M,less than 7 days,B,unavailable,unavailable,9
202104,unavailable,MEL,AKL,V,A,AU,unavailable,unavailable,19 - 24 years,F,28+ days,V,unavailable,unavailable,12
202104,unavailable,MEL,CHC,V,A,AU,unavailable,unavailable,65 - 74 years,M,8 - 14 days,V,unavailable,unavailable,9
202104,unavailable,SYD,WLG,V,A,AU,unavailable,unavailable,01 - 11 years,M,8 - 14 days,V,unavailable,unavailable,9
202104,unavailable,MEL,WLG,V,A,AU,unavailable,unavailable,65 - 74 years,F,8 - 14 days,V,unavailable,unavailable,9
202104,unavailable,BNE,AKL,V,A,AU,unavailable,unavailable,55 - 64 years,M,less than 7 days,H,unavailable,unavailable,9
202104,unavailable,SYD,WLG,V,A,AU,unavailable,unavailable,25 - 34 years,F,28+ days,V,unavailable,unavailable,9
202104,unavailable,MEL,CHC,V,A,AU,unavailable,unavailable,65 - 74 years,F,less than 7 days,V,unavailable,unavailable,9
202104,unavailable,MEL,ZQN,V,A,AU,unavailable,unavailable,25 - 34 years,F,15 to 27 days,V,unavailable,unavailable,9
202104,unavailable,BNE,AKL,V,A,AU,unavailable,unavailable,35 - 44 years,M,less than 7 days,H,unavailable,unavailable,9
202104,unavailable,SYD,ZQN,V,A,AU,unavailable,unavailable,45 - 54 years,M,8 - 14 days,H,unavailable,unavailable,9
202104,unavailable,SYD,ZQN,V,A,AU,unavailable,unavailable,35 - 44 years,F,8 - 14 days,H,unavailable,unavailable,12
202104,unavailable,SYD,WLG,V,A,AU,unavailable,unavailable,45 - 54 years,M,less than 7 days,B,unavailable,unavailable,9
202104,unavailable,PPT,OPX,V,A,XX,unavailable,unavailable,35 - 44 years,M,28+ days,N,unavailable,unavailable,12
202104,unavailable,SYD,ZQN,V,A,AU,unavailable,unavailable,01 - 11 years,F,less than 7 days,H,unavailable,unavailable,9
202104,unavailable,PER,AKL,V,A,AU,unavailable,unavailable,01 - 11 years,F,28+ days,V,unavailable,unavailable,12
202104,unavailable,BNE,CHC,V,A,AU,unavailable,unavailable,01 - 11 years,F,15 to 27 days,V,unavailable,unavailable,9
202104,unavailable,BNE,WLG,V,A,AU,unavailable,unavailable,55 - 64 years,M,less than 7 days,V,unavailable,unavailable,12
202104,unavailable,BNE,AKL,V,A,AU,unavailable,unavailable,19 - 24 years,M,15 to 27 days,V,unavailable,unavailable,9
202104,unavailable,MEL,CHC,V,A,AU,unavailable,unavailable,65 - 74 years,F,15 to 27 days,V,unavailable,unavailable,12
202104,unavailable,SIN,AKL,V,A,GB,unavailable,unavailable,45 - 54 years,F,28+ days,V,unavailable,unavailable,9
202104,unavailable,MEL,AKL,V,A,AU,unavailable,unavailable,Less than 1 year,F,15 to 27 days,V,unavailable,unavailable,9
202104,unavailable,MEL,ZQN,V,A,AU,unavailable,unavailable,25 - 34 years,F,less than 7 days,V,unavailable,unavailable,12
202104,unavailable,MEL,WLG,V,A,AU,unavailable,unavailable,65 - 74 years,F,less than 7 days,V,unavailable,unavailable,12
202104,unavailable,MEL,CHC,V,A,AU,unavailable,unavailable,25 - 34 years,M,8 - 14 days,H,unavailable,unavailable,9
202104,unavailable,BNE,AKL,V,A,AU,unavailable,unavailable,12 - 18 years,M,15 to 27 days,V,unavailable,unavailable,12
202104,unavailable,SYD,AKL,V,A,AU,unavailable,unavailable,55 - 64 years,M,15 to 27 days,B,unavailable,unavailable,12
202104,unavailable,SYD,AKL,V,A,AU,unavailable,unavailable,25 - 34 years,M,15 to 27 days,H,unavailable,unavailable,9
202104,unavailable,SYD,AKL,V,A,AU,unavailable,unavailable,45 - 54 years,F,less than 7 days,N,unavailable,unavailable,9
202104,unavailable,BNE,CHC,V,A,AU,unavailable,unavailable,55 - 64 years,M,15 to 27 days,V,unavailable,unavailable,12
202104,unavailable,RAR,AKL,V,A,CK,unavailable,unavailable,55 - 64 years,F,8 - 14 days,V,unavailable,unavailable,12
202104,unavailable,MEL,AKL,V,A,AU,unavailable,unavailable,Less than 1 year,M,15 to 27 days,V,unavailable,unavailable,12
202104,unavailable,RAR,AKL,V,A,CK,unavailable,unavailable,55 - 64 years,M,less than 7 days,V,unavailable,unavailable,9
202104,unavailable,SYD,AKL,V,A,AU,unavailable,unavailable,Less than 1 year,F,8 - 14 days,V,unavailable,unavailable,9
202104,unavailable,PER,AKL,V,A,AU,unavailable,unavailable,01 - 11 years,M,15 to 27 days,V,unavailable,unavailable,9
202104,unavailable,SYD,CHC,V,A,AU,unavailable,unavailable,01 - 11 years,M,15 to 27 days,V,unavailable,unavailable,12
202104,unavailable,SYD,WLG,V,A,AU,unavailable,unavailable,45 - 54 years,F,28+ days,V,unavailable,unavailable,12
202104,unavailable,SYD,ZQN,V,A,AU,unavailable,unavailable,45 - 54 years,M,8 - 14 days,V,unavailable,unavailable,9
202104,unavailable,RAR,AKL,V,A,CK,unavailable,unavailable,01 - 11 years,F,15 to 27 days,V,unavailable,unavailable,9
202104,unavailable,BNE,CHC,V,A,AU,unavailable,unavailable,25 - 34 years,F,28+ days,V,unavailable,unavailable,12
202104,unavailable,SYD,AKL,V,A,AU,unavailable,unavailable,19 - 24 years,M,15 to 27 days,B,unavailable,unavailable,9
202104,unavailable,SIN,AKL,V,A,PH,unavailable,unavailable,25 - 34 years,M,28+ days,E,unavailable,unavailable,9
202104,unavailable,MEL,AKL,V,A,AU,unavailable,unavailable,19 - 24 years,F,less than 7 days,H,unavailable,unavailable,9
202104,unavailable,SYD,ZQN,V,A,AU,unavailable,unavailable,65 - 74 years,M,8 - 14 days,V,unavailable,unavailable,12
202104,unavailable,BNE,AKL,V,A,AU,unavailable,unavailable,55 - 64 years,M,8 - 14 days,H,unavailable,unavailable,9
202104,unavailable,MEL,AKL,V,A,AU,unavailable,unavailable,45 - 54 years,M,28+ days,B,unavailable,unavailable,9
202104,unavailable,BNE,WLG,V,A,AU,unavailable,unavailable,65 - 74 years,F,8 - 14 days,V,unavailable,unavailable,12
202104,unavailable,SYD,AKL,V,A,AU,unavailable,unavailable,65 - 74 years,M,8 - 14 days,H,unavailable,unavailable,9
202104,unavailable,SYD,AKL,V,A,AU,unavailable,unavailable,25 - 34 years,M,15 to 27 days,B,unavailable,unavailable,9
202104,unavailable,SYD,AKL,V,A,AU,unavailable,unavailable,35 - 44 years,M,28+ days,N,unavailable,unavailable,12
202104,unavailable,SYD,CHC,V,A,AU,unavailable,unavailable,55 - 64 years,M,15 to 27 days,V,unavailable,unavailable,12
202104,unavailable,SYD,CHC,V,A,AU,unavailable,unavailable,12 - 18 years,M,less than 7 days,V,unavailable,unavailable,9
202104,unavailable,RAR,AKL,V,A,CK,unavailable,unavailable,45 - 54 years,M,15 to 27 days,V,unavailable,unavailable,12
202104,unavailable,BNE,CHC,V,A,AU,unavailable,unavailable,65 - 74 years,M,less than 7 days,V,unavailable,unavailable,12
202104,unavailable,MEL,WLG,V,A,AU,unavailable,unavailable,45 - 54 years,F,15 to 27 days,V,unavailable,unavailable,9
202104,unavailable,MEL,ZQN,V,A,AU,unavailable,unavailable,35 - 44 years,F,less than 7 days,H,unavailable,unavailable,9
202104,unavailable,MEL,AKL,V,A,AU,unavailable,unavailable,45 - 54 years,M,28+ days,V,unavailable,unavailable,9
202104,unavailable,BNE,CHC,V,A,AU,unavailable,unavailable,35 - 44 years,F,8 - 14 days,H,unavailable,unavailable,9
202104,unavailable,SYD,AKL,V,A,XX,unavailable,unavailable,25 - 34 years,M,8 - 14 days,N,unavailable,unavailable,9
202104,unavailable,PER,AKL,V,A,AU,unavailable,unavailable,65 - 74 years,M,15 to 27 days,V,unavailable,unavailable,9
202104,unavailable,BNE,CHC,V,A,AU,unavailable,unavailable,01 - 11 years,M,15 to 27 days,V,unavailable,unavailable,9
202104,unavailable,KUL,AKL,V,A,GB,unavailable,unavailable,25 - 34 years,M,28+ days,V,unavailable,unavailable,9
202104,unavailable,SYD,AKL,V,A,AU,unavailable,unavailable,35 - 44 years,M,less than 7 days,N,unavailable,unavailable,9
202104,unavailable,MEL,AKL,V,A,AU,unavailable,unavailable,55 - 64 years,F,less than 7 days,H,unavailable,unavailable,9
202104,unavailable,BNE,AKL,V,A,AU,unavailable,unavailable,45 - 54 years,M,less than 7 days,H,unavailable,unavailable,9
202104,unavailable,BNE,AKL,V,A,AU,unavailable,unavailable,45 - 54 years,M,less than 7 days,N,unavailable,unavailable,9
202104,unavailable,BNE,AKL,V,A,AU,unavailable,unavailable,19 - 24 years,M,28+ days,V,unavailable,unavailable,9
202104,unavailable,SYD,AKL,V,A,AU,unavailable,unavailable,Less than 1 year,F,15 to 27 days,V,unavailable,unavailable,9
202104,unavailable,SYD,WLG,V,A,AU,unavailable,unavailable,01 - 11 years,M,15 to 27 days,V,unavailable,unavailable,9
202104,unavailable,SYD,AKL,V,A,AU,unavailable,unavailable,19 - 24 years,M,less than 7 days,H,unavailable,unavailable,9
202104,unavailable,BNE,WLG,V,A,AU,unavailable,unavailable,19 - 24 years,F,less than 7 days,V,unavailable,unavailable,9
202104,unavailable,RAR,AKL,V,A,CK,unavailable,unavailable,25 - 34 years,F,15 to 27 days,V,unavailable,unavailable,9
202104,unavailable,SYD,AKL,V,A,AU,unavailable,unavailable,55 - 64 years,M,8 - 14 days,H,unavailable,unavailable,9
202104,unavailable,SYD,WLG,V,A,AU,unavailable,unavailable,55 - 64 years,M,less than 7 days,B,unavailable,unavailable,9
202104,unavailable,MEL,ZQN,V,A,AU,unavailable,unavailable,55 - 64 years,F,8 - 14 days,V,unavailable,unavailable,9
202104,unavailable,SYD,AKL,V,A,AU,unavailable,unavailable,55 - 64 years,F,8 - 14 days,H,unavailable,unavailable,9
202104,unavailable,MEL,CHC,V,A,AU,unavailable,unavailable,45 - 54 years,M,less than 7 days,B,unavailable,unavailable,9
202104,unavailable,BNE,AKL,V,A,AU,unavailable,unavailable,Less than 1 year,M,8 - 14 days,V,unavailable,unavailable,9
202104,unavailable,BNE,WLG,V,A,AU,unavailable,unavailable,55 - 64 years,M,15 to 27 days,V,unavailable,unavailable,9
202104,unavailable,BNE,CHC,V,A,AU,unavailable,unavailable,25 - 34 years,F,8 - 14 days,H,unavailable,unavailable,9
202104,unavailable,OOL,AKL,V,A,AU,unavailable,unavailable,65 - 74 years,F,28+ days,V,unavailable,unavailable,9
202104,unavailable,SYD,ZQN,V,A,AU,unavailable,unavailable,55 - 64 years,M,8 - 14 days,V,unavailable,unavailable,9
202104,unavailable,SYD,AKL,V,A,AU,unavailable,unavailable,01 - 11 years,F,less than 7 days,H,unavailable,unavailable,9
202104,unavailable,MEL,ZQN,V,A,AU,unavailable,unavailable,25 - 34 years,M,15 to 27 days,V,unavailable,unavailable,9
202104,unavailable,PER,AKL,V,A,AU,unavailable,unavailable,25 - 34 years,F,less than 7 days,V,unavailable,unavailable,9
202104,unavailable,MEL,AKL,V,A,AU,unavailable,unavailable,55 - 64 years,F,less than 7 days,B,unavailable,unavailable,9
202104,unavailable,SYD,AKL,V,A,XX,unavailable,unavailable,25 - 34 years,F,28+ days,N,unavailable,unavailable,9
202104,unavailable,MEL,CHC,V,A,AU,unavailable,unavailable,25 - 34 years,M,28+ days,V,unavailable,unavailable,9
202104,unavailable,MEL,WLG,V,A,AU,unavailable,unavailable,12 - 18 years,F,less than 7 days,V,unavailable,unavailable,9
202104,unavailable,RAR,AKL,V,A,CK,unavailable,unavailable,12 - 18 years,F,15 to 27 days,V,unavailable,unavailable,9
202104,unavailable,SYD,CHC,V,A,AU,unavailable,unavailable,19 - 24 years,M,8 - 14 days,V,unavailable,unavailable,9
202104,unavailable,MEL,CHC,V,A,AU,unavailable,unavailable,25 - 34 years,F,28+ days,V,unavailable,unavailable,9
202104,unavailable,BNE,AKL,V,A,XX,unavailable,unavailable,45 - 54 years,F,8 - 14 days,N,unavailable,unavailable,9
202104,unavailable,BNE,AKL,V,A,XX,unavailable,unavailable,45 - 54 years,M,8 - 14 days,N,unavailable,unavailable,9
202104,unavailable,SYD,AKL,V,A,AU,unavailable,unavailable,65 - 74 years,F,less than 7 days,H,unavailable,unavailable,9
202104,unavailable,MEL,AKL,V,A,AU,unavailable,unavailable,Less than 1 year,M,8 - 14 days,V,unavailable,unavailable,9
202104,unavailable,OOL,AKL,V,A,AU,unavailable,unavailable,65 - 74 years,M,15 to 27 days,V,unavailable,unavailable,9
202104,unavailable,BNE,CHC,V,A,AU,unavailable,unavailable,65 - 74 years,M,28+ days,V,unavailable,unavailable,9
202104,unavailable,BNE,AKL,V,A,AU,unavailable,unavailable,Less than 1 year,F,8 - 14 days,V,unavailable,unavailable,9
202104,unavailable,SYD,AKL,V,A,AU,unavailable,unavailable,12 - 18 years,M,15 to 27 days,V,unavailable,unavailable,9
202104,unavailable,SYD,WLG,V,A,AU,unavailable,unavailable,65 - 74 years,F,15 to 27 days,V,unavailable,unavailable,9
202104,unavailable,SIN,AKL,V,A,GB,unavailable,unavailable,35 - 44 years,F,28+ days,V,unavailable,unavailable,9
202104,unavailable,BNE,AKL,V,A,AU,unavailable,unavailable,75+,F,15 to 27 days,V,unavailable,unavailable,9
202104,unavailable,MEL,ZQN,V,A,AU,unavailable,unavailable,45 - 54 years,M,less than 7 days,H,unavailable,unavailable,9
202104,unavailable,MEL,CHC,V,A,AU,unavailable,unavailable,12 - 18 years,F,less than 7 days,V,unavailable,unavailable,9
202104,unavailable,BNE,CHC,V,A,AU,unavailable,unavailable,01 - 11 years,F,less than 7 days,V,unavailable,unavailable,9
202104,unavailable,MEL,WLG,V,A,AU,unavailable,unavailable,01 - 11 years,F,15 to 27 days,V,unavailable,unavailable,9
202104,unavailable,MEL,AKL,V,A,AU,unavailable,unavailable,55 - 64 years,M,less than 7 days,N,unavailable,unavailable,9
202104,unavailable,BNE,AKL,V,A,AU,unavailable,unavailable,12 - 18 years,F,15 to 27 days,V,unavailable,unavailable,9
202104,unavailable,SYD,ZQN,V,A,AU,unavailable,unavailable,65 - 74 years,M,less than 7 days,H,unavailable,unavailable,9
202104,unavailable,SYD,AKL,V,A,AU,unavailable,unavailable,55 - 64 years,F,less than 7 days,H,unavailable,unavailable,9
202104,unavailable,SYD,WLG,V,A,AU,unavailable,unavailable,12 - 18 years,M,less than 7 days,V,unavailable,unavailable,9
202104,unavailable,MEL,ZQN,V,A,AU,unavailable,unavailable,35 - 44 years,F,less than 7 days,V,unavailable,unavailable,9
202104,unavailable,OOL,AKL,V,A,AU,unavailable,unavailable,25 - 34 years,F,28+ days,V,unavailable,unavailable,9
202104,unavailable,PER,AKL,V,A,AU,unavailable,unavailable,55 - 64 years,F,less than 7 days,V,unavailable,unavailable,9
202104,unavailable,OOL,AKL,V,A,AU,unavailable,unavailable,45 - 54 years,M,15 to 27 days,V,unavailable,unavailable,9
202104,unavailable,MEL,WLG,V,A,AU,unavailable,unavailable,19 - 24 years,F,15 to 27 days,V,unavailable,unavailable,9
202104,unavailable,BNE,ZQN,V,A,AU,unavailable,unavailable,45 - 54 years,M,less than 7 days,H,unavailable,unavailable,9
202104,unavailable,SYD,AKL,V,A,AU,unavailable,unavailable,19 - 24 years,M,28+ days,V,unavailable,unavailable,9
202104,unavailable,BNE,AKL,V,A,GB,unavailable,unavailable,25 - 34 years,M,28+ days,V,unavailable,unavailable,9
202104,unavailable,SYD,WLG,V,A,AU,unavailable,unavailable,12 - 18 years,F,less than 7 days,V,unavailable,unavailable,9
202104,unavailable,RAR,AKL,V,A,CK,unavailable,unavailable,35 - 44 years,F,less than 7 days,V,unavailable,unavailable,9
202104,unavailable,MEL,CHC,V,A,AU,unavailable,unavailable,55 - 64 years,M,15 to 27 days,V,unavailable,unavailable,9
202104,unavailable,SYD,AKL,V,A,XX,unavailable,unavailable,25 - 34 years,F,15 to 27 days,N,unavailable,unavailable,9
202104,unavailable,SYD,AKL,V,A,XX,unavailable,unavailable,19 - 24 years,F,less than 7 days,N,unavailable,unavailable,9
202104,unavailable,SYD,CHC,V,A,AU,unavailable,unavailable,55 - 64 years,M,28+ days,V,unavailable,unavailable,9
202104,unavailable,SYD,AKL,V,A,AU,unavailable,unavailable,55 - 64 years,M,28+ days,B,unavailable,unavailable,9
202104,unavailable,BNE,ZQN,V,A,AU,unavailable,unavailable,45 - 54 years,F,less than 7 days,H,unavailable,unavailable,9
202104,unavailable,KUL,AKL,V,A,GB,unavailable,unavailable,55 - 64 years,F,28+ days,V,unavailable,unavailable,9
202104,unavailable,MEL,AKL,V,A,AU,unavailable,unavailable,25 - 34 years,M,8 - 14 days,N,unavailable,unavailable,9
202104,unavailable,SYD,ZQN,V,A,AU,unavailable,unavailable,01 - 11 years,F,less than 7 days,V,unavailable,unavailable,9
202104,unavailable,MEL,CHC,V,A,AU,unavailable,unavailable,55 - 64 years,M,28+ days,V,unavailable,unavailable,9
202104,unavailable,SYD,AKL,V,A,AU,unavailable,unavailable,35 - 44 years,F,8 - 14 days,H,unavailable,unavailable,9
202104,unavailable,OOL,AKL,V,A,AU,unavailable,unavailable,19 - 24 years,F,15 to 27 days,V,unavailable,unavailable,9
202104,unavailable,SYD,WLG,V,A,AU,unavailable,unavailable,75+,F,8 - 14 days,V,unavailable,unavailable,9
202104,unavailable,SYD,CHC,V,A,AU,unavailable,unavailable,25 - 34 years,M,28+ days,V,unavailable,unavailable,6
202104,unavailable,OOL,AKL,V,A,AU,unavailable,unavailable,25 - 34 years,M,28+ days,V,unavailable,unavailable,6
202104,unavailable,MEL,CHC,V,A,AU,unavailable,unavailable,25 - 34 years,M,less than 7 days,H,unavailable,unavailable,6
202104,unavailable,SYD,AKL,V,A,AU,unavailable,unavailable,35 - 44 years,F,8 - 14 days,B,unavailable,unavailable,9
202104,unavailable,BNE,AKL,V,A,AU,unavailable,unavailable,Less than 1 year,F,less than 7 days,V,unavailable,unavailable,6
202104,unavailable,LAX,AKL,V,A,US,unavailable,unavailable,35 - 44 years,M,28+ days,V,unavailable,unavailable,9
202104,unavailable,SYD,ZQN,V,A,AU,unavailable,unavailable,35 - 44 years,M,8 - 14 days,V,unavailable,unavailable,9
202104,unavailable,MEL,WLG,V,A,AU,unavailable,unavailable,19 - 24 years,F,8 - 14 days,V,unavailable,unavailable,9
202104,unavailable,SYD,ZQN,V,A,AU,unavailable,unavailable,55 - 64 years,F,8 - 14 days,H,unavailable,unavailable,6
202104,unavailable,PER,AKL,V,A,AU,unavailable,unavailable,25 - 34 years,M,28+ days,V,unavailable,unavailable,6
202104,unavailable,MEL,AKL,V,A,AU,unavailable,unavailable,75+,M,28+ days,V,unavailable,unavailable,6
202104,unavailable,MEL,CHC,V,A,AU,unavailable,unavailable,19 - 24 years,M,less than 7 days,V,unavailable,unavailable,6
202104,unavailable,BNE,AKL,V,A,AU,unavailable,unavailable,75+,M,28+ days,V,unavailable,unavailable,9
202104,unavailable,MEL,WLG,V,A,AU,unavailable,unavailable,45 - 54 years,M,28+ days,V,unavailable,unavailable,6
202104,unavailable,SYD,CHC,V,A,AU,unavailable,unavailable,45 - 54 years,F,28+ days,V,unavailable,unavailable,9
202104,unavailable,MEL,ZQN,V,A,AU,unavailable,unavailable,25 - 34 years,F,less than 7 days,H,unavailable,unavailable,9
202104,unavailable,SYD,CHC,V,A,AU,unavailable,unavailable,55 - 64 years,M,less than 7 days,B,unavailable,unavailable,9
202104,unavailable,MEL,AKL,V,A,AU,unavailable,unavailable,65 - 74 years,M,less than 7 days,B,unavailable,unavailable,6
202104,unavailable,BNE,WLG,V,A,AU,unavailable,unavailable,01 - 11 years,F,less than 7 days,V,unavailable,unavailable,6
202104,unavailable,BNE,AKL,V,A,AU,unavailable,unavailable,25 - 34 years,M,8 - 14 days,H,unavailable,unavailable,9
202104,unavailable,RAR,AKL,V,A,CK,unavailable,unavailable,45 - 54 years,F,28+ days,V,unavailable,unavailable,9
202104,unavailable,SYD,AKL,V,A,AU,unavailable,unavailable,35 - 44 years,M,15 to 27 days,B,unavailable,unavailable,9
202104,unavailable,SYD,AKL,V,A,AU,unavailable,unavailable,45 - 54 years,M,28+ days,B,unavailable,unavailable,9
202104,unavailable,MEL,ZQN,V,A,AU,unavailable,unavailable,35 - 44 years,M,less than 7 days,H,unavailable,unavailable,9
202104,unavailable,BNE,AKL,V,A,AU,unavailable,unavailable,35 - 44 years,M,8 - 14 days,B,unavailable,unavailable,9
202104,unavailable,MEL,AKL,V,A,AU,unavailable,unavailable,Less than 1 year,F,less than 7 days,V,unavailable,unavailable,9
202104,unavailable,MEL,AKL,V,A,AU,unavailable,unavailable,75+,F,28+ days,V,unavailable,unavailable,6
202104,unavailable,MEL,WLG,V,A,AU,unavailable,unavailable,01 - 11 years,M,15 to 27 days,V,unavailable,unavailable,6
202104,unavailable,MEL,WLG,V,A,AU,unavailable,unavailable,12 - 18 years,F,8 - 14 days,V,unavailable,unavailable,6
202104,unavailable,PER,AKL,V,A,AU,unavailable,unavailable,65 - 74 years,M,8 - 14 days,V,unavailable,unavailable,9
202104,unavailable,BNE,AKL,V,A,XX,unavailable,unavailable,25 - 34 years,F,8 - 14 days,N,unavailable,unavailable,6
202104,unavailable,SYD,AKL,V,A,AU,unavailable,unavailable,Less than 1 year,F,28+ days,V,unavailable,unavailable,6
202104,unavailable,PER,AKL,V,A,AU,unavailable,unavailable,35 - 44 years,F,28+ days,V,unavailable,unavailable,9
202104,unavailable,RAR,AKL,V,A,CK,unavailable,unavailable,01 - 11 years,M,28+ days,V,unavailable,unavailable,9
202104,unavailable,PER,AKL,V,A,AU,unavailable,unavailable,01 - 11 years,M,8 - 14 days,V,unavailable,unavailable,9
202104,unavailable,SYD,AKL,V,A,AU,unavailable,unavailable,55 - 64 years,F,less than 7 days,B,unavailable,unavailable,9
202104,unavailable,MEL,CHC,V,A,AU,unavailable,unavailable,65 - 74 years,M,less than 7 days,V,unavailable,unavailable,9
202104,unavailable,BNE,AKL,V,A,AU,unavailable,unavailable,19 - 24 years,F,28+ days,V,unavailable,unavailable,6
202104,unavailable,BNE,CHC,V,A,AU,unavailable,unavailable,55 - 64 years,M,28+ days,V,unavailable,unavailable,9
202104,unavailable,SYD,ZQN,V,A,AU,unavailable,unavailable,01 - 11 years,M,less than 7 days,H,unavailable,unavailable,6
202104,unavailable,MEL,CHC,V,A,AU,unavailable,unavailable,35 - 44 years,F,28+ days,V,unavailable,unavailable,9
202104,unavailable,SYD,AKL,V,A,AU,unavailable,unavailable,35 - 44 years,F,8 - 14 days,N,unavailable,unavailable,9
202104,unavailable,BNE,ZQN,V,A,AU,unavailable,unavailable,25 - 34 years,M,less than 7 days,H,unavailable,unavailable,9
202104,unavailable,BNE,AKL,V,A,AU,unavailable,unavailable,55 - 64 years,F,less than 7 days,H,unavailable,unavailable,9
202104,unavailable,BNE,WLG,V,A,AU,unavailable,unavailable,35 - 44 years,F,15 to 27 days,V,unavailable,unavailable,6
202104,unavailable,SYD,WLG,V,A,AU,unavailable,unavailable,35 - 44 years,F,28+ days,V,unavailable,unavailable,6
202104,unavailable,MEL,WLG,V,A,AU,unavailable,unavailable,19 - 24 years,M,8 - 14 days,V,unavailable,unavailable,6
202104,unavailable,SYD,AKL,V,A,AU,unavailable,unavailable,55 - 64 years,M,28+ days,N,unavailable,unavailable,9
202104,unavailable,MEL,CHC,V,A,AU,unavailable,unavailable,65 - 74 years,F,28+ days,V,unavailable,unavailable,6
202104,unavailable,MEL,CHC,V,A,AU,unavailable,unavailable,35 - 44 years,M,less than 7 days,B,unavailable,unavailable,9
202104,unavailable,LAX,AKL,V,A,US,unavailable,unavailable,01 - 11 years,F,28+ days,V,unavailable,unavailable,6
202104,unavailable,SYD,AKL,V,A,AU,unavailable,unavailable,35 - 44 years,M,8 - 14 days,H,unavailable,unavailable,9
202104,unavailable,SYD,CHC,V,A,AU,unavailable,unavailable,25 - 34 years,M,less than 7 days,H,unavailable,unavailable,6
202104,unavailable,MEL,CHC,V,A,AU,unavailable,unavailable,19 - 24 years,M,8 - 14 days,V,unavailable,unavailable,9
202104,unavailable,BNE,AKL,V,A,XX,unavailable,unavailable,55 - 64 years,M,8 - 14 days,N,unavailable,unavailable,9
202104,unavailable,BNE,CHC,V,A,AU,unavailable,unavailable,12 - 18 years,M,8 - 14 days,V,unavailable,unavailable,9
202104,unavailable,MEL,CHC,V,A,AU,unavailable,unavailable,45 - 54 years,F,15 to 27 days,V,unavailable,unavailable,6
202104,unavailable,BNE,AKL,V,A,AU,unavailable,unavailable,55 - 64 years,M,8 - 14 days,B,unavailable,unavailable,9
202104,unavailable,MEL,WLG,V,A,AU,unavailable,unavailable,35 - 44 years,F,28+ days,V,unavailable,unavailable,6
202104,unavailable,MEL,AKL,V,A,AU,unavailable,unavailable,25 - 34 years,M,8 - 14 days,B,unavailable,unavailable,9
202104,unavailable,SYD,WLG,V,A,AU,unavailable,unavailable,12 - 18 years,M,8 - 14 days,V,unavailable,unavailable,9
202104,unavailable,SYD,WLG,V,A,AU,unavailable,unavailable,35 - 44 years,M,less than 7 days,B,unavailable,unavailable,9
202104,unavailable,LAX,AKL,V,A,US,unavailable,unavailable,65 - 74 years,F,28+ days,V,unavailable,unavailable,6
202104,unavailable,SYD,AKL,V,A,AU,unavailable,unavailable,35 - 44 years,M,28+ days,B,unavailable,unavailable,9
202104,unavailable,MEL,ZQN,V,A,AU,unavailable,unavailable,55 - 64 years,F,less than 7 days,V,unavailable,unavailable,9
202104,unavailable,SYD,AKL,V,A,AU,unavailable,unavailable,25 - 34 years,M,28+ days,H,unavailable,unavailable,9
202104,unavailable,BNE,CHC,V,A,AU,unavailable,unavailable,65 - 74 years,F,less than 7 days,V,unavailable,unavailable,9
202104,unavailable,BNE,AKL,V,A,AU,unavailable,unavailable,65 - 74 years,M,less than 7 days,B,unavailable,unavailable,6
202104,unavailable,LAX,AKL,V,A,CA,unavailable,unavailable,25 - 34 years,F,28+ days,V,unavailable,unavailable,9
202104,unavailable,KUL,AKL,V,A,IN,unavailable,unavailable,25 - 34 years,F,28+ days,O,unavailable,unavailable,6
202104,unavailable,SYD,CHC,V,A,AU,unavailable,unavailable,01 - 11 years,F,15 to 27 days,V,unavailable,unavailable,9
202104,unavailable,SYD,AKL,V,A,AU,unavailable,unavailable,75+,M,8 - 14 days,V,unavailable,unavailable,6
202104,unavailable,PER,AKL,V,A,AU,unavailable,unavailable,65 - 74 years,F,15 to 27 days,V,unavailable,unavailable,6
202104,unavailable,SYD,CHC,V,A,AU,unavailable,unavailable,25 - 34 years,M,less than 7 days,B,unavailable,unavailable,6
202104,unavailable,OOL,AKL,V,A,AU,unavailable,unavailable,35 - 44 years,F,28+ days,V,unavailable,unavailable,9
202104,unavailable,BNE,AKL,V,A,XX,unavailable,unavailable,35 - 44 years,M,8 - 14 days,N,unavailable,unavailable,6
202104,unavailable,BNE,AKL,V,A,AU,unavailable,unavailable,25 - 34 years,F,8 - 14 days,H,unavailable,unavailable,6
202104,unavailable,PER,AKL,V,A,AU,unavailable,unavailable,55 - 64 years,M,15 to 27 days,H,unavailable,unavailable,6
202104,unavailable,SYD,AKL,V,A,XX,unavailable,unavailable,35 - 44 years,F,8 - 14 days,N,unavailable,unavailable,6
202104,unavailable,MEL,AKL,V,A,AU,unavailable,unavailable,Less than 1 year,F,8 - 14 days,V,unavailable,unavailable,6
202104,unavailable,BNE,ZQN,V,A,AU,unavailable,unavailable,25 - 34 years,F,less than 7 days,H,unavailable,unavailable,6
202104,unavailable,BNE,AKL,V,A,AU,unavailable,unavailable,Less than 1 year,M,less than 7 days,V,unavailable,unavailable,6
202104,unavailable,LAX,AKL,V,A,CA,unavailable,unavailable,25 - 34 years,M,28+ days,V,unavailable,unavailable,9
202104,unavailable,BNE,AKL,V,A,XX,unavailable,unavailable,35 - 44 years,F,less than 7 days,N,unavailable,unavailable,6
202104,unavailable,SYD,ZQN,V,A,AU,unavailable,unavailable,35 - 44 years,M,15 to 27 days,V,unavailable,unavailable,6
202104,unavailable,OOL,AKL,V,A,AU,unavailable,unavailable,Less than 1 year,M,8 - 14 days,V,unavailable,unavailable,6
202104,unavailable,RAR,AKL,V,A,CK,unavailable,unavailable,25 - 34 years,M,28+ days,O,unavailable,unavailable,9
202104,unavailable,SYD,AKL,V,A,AU,unavailable,unavailable,25 - 34 years,M,15 to 27 days,N,unavailable,unavailable,6
202104,unavailable,SYD,AKL,V,A,AU,unavailable,unavailable,19 - 24 years,M,less than 7 days,B,unavailable,unavailable,6
202104,unavailable,SYD,AKL,V,A,AU,unavailable,unavailable,25 - 34 years,F,28+ days,N,unavailable,unavailable,6
202104,unavailable,BNE,AKL,V,A,AU,unavailable,unavailable,Less than 1 year,M,15 to 27 days,V,unavailable,unavailable,6
202104,unavailable,BNE,CHC,V,A,AU,unavailable,unavailable,35 - 44 years,M,8 - 14 days,H,unavailable,unavailable,9
202104,unavailable,SYD,AKL,V,A,AU,unavailable,unavailable,25 - 34 years,M,8 - 14 days,N,unavailable,unavailable,6
202104,unavailable,SYD,AKL,V,A,AU,unavailable,unavailable,55 - 64 years,F,28+ days,H,unavailable,unavailable,9
202104,unavailable,KUL,AKL,V,A,GB,unavailable,unavailable,45 - 54 years,M,28+ days,V,unavailable,unavailable,6
202104,unavailable,SYD,ZQN,V,A,AU,unavailable,unavailable,12 - 18 years,F,less than 7 days,V,unavailable,unavailable,9
202104,unavailable,BNE,AKL,V,A,AU,unavailable,unavailable,55 - 64 years,M,less than 7 days,N,unavailable,unavailable,9
202104,unavailable,SYD,ZQN,V,A,AU,unavailable,unavailable,25 - 34 years,F,15 to 27 days,V,unavailable,unavailable,6
202104,unavailable,BNE,AKL,V,A,AU,unavailable,unavailable,25 - 34 years,M,15 to 27 days,H,unavailable,unavailable,9
202104,unavailable,KUL,AKL,V,A,GB,unavailable,unavailable,55 - 64 years,M,28+ days,B,unavailable,unavailable,9
202104,unavailable,SYD,AKL,V,A,AU,unavailable,unavailable,45 - 54 years,F,8 - 14 days,H,unavailable,unavailable,6
202104,unavailable,PER,AKL,V,A,AU,unavailable,unavailable,45 - 54 years,M,less than 7 days,V,unavailable,unavailable,6
202104,unavailable,MEL,CHC,V,A,AU,unavailable,unavailable,12 - 18 years,M,8 - 14 days,V,unavailable,unavailable,6
202104,unavailable,SYD,WLG,V,A,AU,unavailable,unavailable,65 - 74 years,M,15 to 27 days,V,unavailable,unavailable,6
202104,unavailable,SYD,AKL,V,A,XX,unavailable,unavailable,01 - 11 years,M,less than 7 days,N,unavailable,unavailable,6
202104,unavailable,SYD,AKL,V,A,AU,unavailable,unavailable,35 - 44 years,F,less than 7 days,N,unavailable,unavailable,9
202104,unavailable,BNE,AKL,V,A,GB,unavailable,unavailable,35 - 44 years,M,28+ days,V,unavailable,unavailable,6
202104,unavailable,SYD,AKL,V,A,AU,unavailable,unavailable,12 - 18 years,F,15 to 27 days,V,unavailable,unavailable,6
202104,unavailable,MEL,CHC,V,A,AU,unavailable,unavailable,55 - 64 years,M,less than 7 days,B,unavailable,unavailable,9
202104,unavailable,SYD,AKL,V,A,AU,unavailable,unavailable,65 - 74 years,M,28+ days,N,unavailable,unavailable,9
202104,unavailable,BNE,CHC,V,A,AU,unavailable,unavailable,25 - 34 years,M,8 - 14 days,H,unavailable,unavailable,6
202104,unavailable,SYD,WLG,V,A,AU,unavailable,unavailable,35 - 44 years,M,less than 7 days,H,unavailable,unavailable,6
202104,unavailable,KUL,AKL,V,A,GB,unavailable,unavailable,45 - 54 years,F,28+ days,V,unavailable,unavailable,6
202104,unavailable,SYD,AKL,V,A,AU,unavailable,unavailable,55 - 64 years,F,less than 7 days,N,unavailable,unavailable,6
202104,unavailable,OOL,AKL,V,A,AU,unavailable,unavailable,25 - 34 years,F,less than 7 days,H,unavailable,unavailable,6
202104,unavailable,OOL,AKL,V,A,AU,unavailable,unavailable,25 - 34 years,F,8 - 14 days,H,unavailable,unavailable,6
202104,unavailable,MEL,ZQN,V,A,AU,unavailable,unavailable,25 - 34 years,M,8 - 14 days,H,unavailable,unavailable,6
202104,unavailable,SYD,AKL,V,A,AU,unavailable,unavailable,75+,M,15 to 27 days,V,unavailable,unavailable,6
202104,unavailable,SYD,AKL,V,A,AU,unavailable,unavailable,25 - 34 years,F,28+ days,H,unavailable,unavailable,6
202104,unavailable,MEL,AKL,V,A,AU,unavailable,unavailable,12 - 18 years,M,28+ days,V,unavailable,unavailable,6
202104,unavailable,SIN,AKL,V,A,GB,unavailable,unavailable,55 - 64 years,F,28+ days,V,unavailable,unavailable,6
202104,unavailable,SYD,AKL,V,A,AU,unavailable,unavailable,75+,F,15 to 27 days,V,unavailable,unavailable,6
202104,unavailable,MEL,AKL,V,A,AU,unavailable,unavailable,55 - 64 years,M,8 - 14 days,H,unavailable,unavailable,6
202104,unavailable,PER,AKL,V,A,AU,unavailable,unavailable,12 - 18 years,F,15 to 27 days,V,unavailable,unavailable,6
202104,unavailable,SYD,WLG,V,A,AU,unavailable,unavailable,25 - 34 years,M,less than 7 days,B,unavailable,unavailable,6
202104,unavailable,BNE,AKL,V,A,AU,unavailable,unavailable,45 - 54 years,F,less than 7 days,B,unavailable,unavailable,9
202104,unavailable,SYD,AKL,V,A,AU,unavailable,unavailable,19 - 24 years,F,8 - 14 days,B,unavailable,unavailable,6
202104,unavailable,MEL,AKL,V,A,AU,unavailable,unavailable,Less than 1 year,M,less than 7 days,V,unavailable,unavailable,6
202104,unavailable,SYD,AKL,V,A,AU,unavailable,unavailable,55 - 64 years,F,15 to 27 days,H,unavailable,unavailable,9
202104,unavailable,SYD,ZQN,V,A,AU,unavailable,unavailable,65 - 74 years,M,8 - 14 days,H,unavailable,unavailable,9
202104,unavailable,OOL,AKL,V,A,AU,unavailable,unavailable,19 - 24 years,M,15 to 27 days,V,unavailable,unavailable,6
202104,unavailable,MEL,WLG,V,A,AU,unavailable,unavailable,Less than 1 year,F,15 to 27 days,V,unavailable,unavailable,6
202104,unavailable,BNE,AKL,V,A,AU,unavailable,unavailable,35 - 44 years,F,less than 7 days,H,unavailable,unavailable,6
202104,unavailable,MEL,ZQN,V,A,AU,unavailable,unavailable,35 - 44 years,M,8 - 14 days,H,unavailable,unavailable,6
202104,unavailable,SYD,AKL,V,A,AU,unavailable,unavailable,55 - 64 years,F,8 - 14 days,B,unavailable,unavailable,6
202104,unavailable,MEL,WLG,V,A,AU,unavailable,unavailable,Less than 1 year,M,15 to 27 days,V,unavailable,unavailable,9
202104,unavailable,MEL,AKL,V,A,AU,unavailable,unavailable,25 - 34 years,F,28+ days,H,unavailable,unavailable,6
202104,unavailable,SYD,WLG,V,A,AU,unavailable,unavailable,65 - 74 years,M,8 - 14 days,V,unavailable,unavailable,6
202104,unavailable,RAR,AKL,V,A,CK,unavailable,unavailable,55 - 64 years,F,15 to 27 days,V,unavailable,unavailable,6
202104,unavailable,SYD,WLG,V,A,AU,unavailable,unavailable,35 - 44 years,F,less than 7 days,B,unavailable,unavailable,6
202104,unavailable,OOL,AKL,V,A,AU,unavailable,unavailable,35 - 44 years,F,8 - 14 days,H,unavailable,unavailable,6
202104,unavailable,SYD,AKL,V,A,AU,unavailable,unavailable,25 - 34 years,F,less than 7 days,O,unavailable,unavailable,9
202104,unavailable,MEL,CHC,V,A,AU,unavailable,unavailable,45 - 54 years,F,28+ days,V,unavailable,unavailable,9
202104,unavailable,MEL,WLG,V,A,AU,unavailable,unavailable,35 - 44 years,M,28+ days,V,unavailable,unavailable,9
202104,unavailable,SYD,AKL,V,A,AU,unavailable,unavailable,45 - 54 years,F,less than 7 days,O,unavailable,unavailable,9
202104,unavailable,SYD,ZQN,V,A,AU,unavailable,unavailable,65 - 74 years,M,less than 7 days,V,unavailable,unavailable,6
202104,unavailable,MEL,AKL,V,A,AU,unavailable,unavailable,55 - 64 years,M,28+ days,N,unavailable,unavailable,6
202104,unavailable,OOL,AKL,V,A,AU,unavailable,unavailable,25 - 34 years,F,28+ days,H,unavailable,unavailable,6
202104,unavailable,MEL,WLG,V,A,AU,unavailable,unavailable,25 - 34 years,M,less than 7 days,B,unavailable,unavailable,9
202104,unavailable,MEL,ZQN,V,A,AU,unavailable,unavailable,19 - 24 years,M,less than 7 days,H,unavailable,unavailable,6
202104,unavailable,SIN,AKL,V,A,GB,unavailable,unavailable,45 - 54 years,M,28+ days,V,unavailable,unavailable,9
202104,unavailable,SYD,ZQN,V,A,AU,unavailable,unavailable,65 - 74 years,F,less than 7 days,V,unavailable,unavailable,6
202104,unavailable,BNE,WLG,V,A,AU,unavailable,unavailable,01 - 11 years,M,less than 7 days,V,unavailable,unavailable,6
202104,unavailable,MEL,ZQN,V,A,AU,unavailable,unavailable,45 - 54 years,F,less than 7 days,H,unavailable,unavailable,6
202104,unavailable,RAR,AKL,V,A,CK,unavailable,unavailable,35 - 44 years,F,15 to 27 days,V,unavailable,unavailable,9
202104,unavailable,SYD,CHC,V,A,AU,unavailable,unavailable,55 - 64 years,F,8 - 14 days,H,unavailable,unavailable,6
202104,unavailable,MEL,AKL,V,A,AU,unavailable,unavailable,45 - 54 years,M,15 to 27 days,H,unavailable,unavailable,6
202104,unavailable,BNE,AKL,V,A,XX,unavailable,unavailable,55 - 64 years,F,28+ days,N,unavailable,unavailable,6
202104,unavailable,SYD,AKL,V,A,AU,unavailable,unavailable,75+,M,less than 7 days,V,unavailable,unavailable,9
202104,unavailable,SYD,AKL,V,A,AU,unavailable,unavailable,25 - 34 years,F,8 - 14 days,E,unavailable,unavailable,6
202104,unavailable,BNE,WLG,V,A,AU,unavailable,unavailable,55 - 64 years,F,28+ days,V,unavailable,unavailable,6
202104,unavailable,OOL,AKL,V,A,AU,unavailable,unavailable,45 - 54 years,M,less than 7 days,B,unavailable,unavailable,6
202104,unavailable,BNE,CHC,V,A,AU,unavailable,unavailable,19 - 24 years,M,8 - 14 days,V,unavailable,unavailable,6
202104,unavailable,MEL,ZQN,V,A,AU,unavailable,unavailable,35 - 44 years,M,8 - 14 days,V,unavailable,unavailable,6
202104,unavailable,MEL,AKL,V,A,AU,unavailable,unavailable,35 - 44 years,F,8 - 14 days,H,unavailable,unavailable,6
202104,unavailable,SYD,ZQN,V,A,AU,unavailable,unavailable,35 - 44 years,M,less than 7 days,B,unavailable,unavailable,6
202104,unavailable,SYD,WLG,V,A,AU,unavailable,unavailable,55 - 64 years,M,28+ days,V,unavailable,unavailable,6
202104,unavailable,SYD,AKL,V,A,XX,unavailable,unavailable,12 - 18 years,F,less than 7 days,N,unavailable,unavailable,6
202104,unavailable,MEL,WLG,V,A,AU,unavailable,unavailable,01 - 11 years,M,28+ days,V,unavailable,unavailable,6
202104,unavailable,KUL,AKL,V,A,GB,unavailable,unavailable,25 - 34 years,F,28+ days,B,unavailable,unavailable,6
202104,unavailable,MEL,AKL,V,A,AU,unavailable,unavailable,25 - 34 years,M,15 to 27 days,B,unavailable,unavailable,6
202104,unavailable,SYD,ZQN,V,A,AU,unavailable,unavailable,45 - 54 years,M,15 to 27 days,V,unavailable,unavailable,6
202104,unavailable,BNE,AKL,V,A,XX,unavailable,unavailable,35 - 44 years,M,28+ days,N,unavailable,unavailable,6
202104,unavailable,SYD,WLG,V,A,AU,unavailable,unavailable,45 - 54 years,M,less than 7 days,H,unavailable,unavailable,6
202104,unavailable,BNE,AKL,V,A,AU,unavailable,unavailable,45 - 54 years,M,8 - 14 days,H,unavailable,unavailable,6
202104,unavailable,BNE,AKL,V,A,AU,unavailable,unavailable,19 - 24 years,F,less than 7 days,H,unavailable,unavailable,6
202104,unavailable,SYD,AKL,V,A,AU,unavailable,unavailable,55 - 64 years,F,28+ days,N,unavailable,unavailable,6
202104,unavailable,RAR,AKL,V,A,CK,unavailable,unavailable,35 - 44 years,M,less than 7 days,V,unavailable,unavailable,6
202104,unavailable,RAR,AKL,V,A,CK,unavailable,unavailable,25 - 34 years,F,less than 7 days,V,unavailable,unavailable,6
202104,unavailable,MEL,AKL,V,A,AU,unavailable,unavailable,25 - 34 years,F,8 - 14 days,B,unavailable,unavailable,6
202104,unavailable,RAR,AKL,V,A,CK,unavailable,unavailable,45 - 54 years,M,8 - 14 days,V,unavailable,unavailable,6
202104,unavailable,SYD,CHC,V,A,AU,unavailable,unavailable,75+,M,8 - 14 days,V,unavailable,unavailable,6
202104,unavailable,LAX,AKL,V,A,US,unavailable,unavailable,45 - 54 years,M,28+ days,B,unavailable,unavailable,6
202104,unavailable,MEL,ZQN,V,A,AU,unavailable,unavailable,35 - 44 years,F,15 to 27 days,V,unavailable,unavailable,6
202104,unavailable,MEL,ZQN,V,A,AU,unavailable,unavailable,35 - 44 years,F,8 - 14 days,V,unavailable,unavailable,6
202104,unavailable,OOL,AKL,V,A,AU,unavailable,unavailable,45 - 54 years,M,less than 7 days,N,unavailable,unavailable,6
202104,unavailable,SYD,AKL,V,A,AU,unavailable,unavailable,65 - 74 years,M,less than 7 days,H,unavailable,unavailable,6
202104,unavailable,OOL,AKL,V,A,AU,unavailable,unavailable,45 - 54 years,F,less than 7 days,H,unavailable,unavailable,6
202104,unavailable,BNE,ZQN,V,A,AU,unavailable,unavailable,35 - 44 years,F,less than 7 days,H,unavailable,unavailable,6
202104,unavailable,SYD,AKL,V,A,XX,unavailable,unavailable,55 - 64 years,M,8 - 14 days,N,unavailable,unavailable,6
202104,unavailable,MEL,ZQN,V,A,AU,unavailable,unavailable,01 - 11 years,F,less than 7 days,V,unavailable,unavailable,6
202104,unavailable,MEL,AKL,V,A,AU,unavailable,unavailable,01 - 11 years,M,8 - 14 days,N,unavailable,unavailable,6
202104,unavailable,LAX,AKL,V,A,US,unavailable,unavailable,55 - 64 years,M,28+ days,B,unavailable,unavailable,6
202104,unavailable,MEL,WLG,V,A,AU,unavailable,unavailable,35 - 44 years,M,less than 7 days,H,unavailable,unavailable,6
202104,unavailable,LAX,AKL,V,A,US,unavailable,unavailable,19 - 24 years,F,28+ days,V,unavailable,unavailable,6
202104,unavailable,MEL,AKL,V,A,AU,unavailable,unavailable,35 - 44 years,F,28+ days,N,unavailable,unavailable,6
202104,unavailable,KUL,AKL,V,A,AE,unavailable,unavailable,45 - 54 years,M,28+ days,V,unavailable,unavailable,6
202104,unavailable,BNE,AKL,V,A,AU,unavailable,unavailable,45 - 54 years,M,15 to 27 days,B,unavailable,unavailable,6
202104,unavailable,MEL,AKL,V,A,AU,unavailable,unavailable,45 - 54 years,F,15 to 27 days,H,unavailable,unavailable,6
202104,unavailable,MEL,AKL,V,A,AU,unavailable,unavailable,45 - 54 years,F,less than 7 days,N,unavailable,unavailable,6
202104,unavailable,SYD,WLG,V,A,AU,unavailable,unavailable,19 - 24 years,M,8 - 14 days,V,unavailable,unavailable,6
202104,unavailable,RAR,AKL,V,A,CK,unavailable,unavailable,12 - 18 years,F,28+ days,V,unavailable,unavailable,6
202104,unavailable,OOL,AKL,V,A,AU,unavailable,unavailable,35 - 44 years,M,8 - 14 days,H,unavailable,unavailable,6
202104,unavailable,MEL,AKL,V,A,AU,unavailable,unavailable,55 - 64 years,F,28+ days,N,unavailable,unavailable,6
202104,unavailable,BNE,AKL,V,A,AU,unavailable,unavailable,25 - 34 years,F,less than 7 days,O,unavailable,unavailable,6
202104,unavailable,PER,AKL,V,A,AU,unavailable,unavailable,19 - 24 years,F,15 to 27 days,V,unavailable,unavailable,6
202104,unavailable,MEL,ZQN,V,A,AU,unavailable,unavailable,45 - 54 years,M,8 - 14 days,V,unavailable,unavailable,6
202104,unavailable,SIN,AKL,V,A,GB,unavailable,unavailable,35 - 44 years,M,28+ days,V,unavailable,unavailable,6
202104,unavailable,BNE,AKL,V,A,AU,unavailable,unavailable,55 - 64 years,M,8 - 14 days,N,unavailable,unavailable,6
202104,unavailable,BNE,WLG,V,A,AU,unavailable,unavailable,01 - 11 years,F,28+ days,V,unavailable,unavailable,6
202104,unavailable,OOL,AKL,V,A,AU,unavailable,unavailable,01 - 11 years,M,8 - 14 days,H,unavailable,unavailable,6
202104,unavailable,MEL,WLG,V,A,AU,unavailable,unavailable,45 - 54 years,F,28+ days,V,unavailable,unavailable,6
202104,unavailable,LAX,AKL,V,A,US,unavailable,unavailable,25 - 34 years,M,28+ days,N,unavailable,unavailable,6
202104,unavailable,RAR,AKL,V,A,CK,unavailable,unavailable,65 - 74 years,M,8 - 14 days,V,unavailable,unavailable,6
202104,unavailable,MEL,AKL,V,A,AU,unavailable,unavailable,45 - 54 years,F,15 to 27 days,B,unavailable,unavailable,6
202104,unavailable,SYD,AKL,V,A,XX,unavailable,unavailable,65 - 74 years,M,less than 7 days,N,unavailable,unavailable,6
202104,unavailable,MEL,ZQN,V,A,AU,unavailable,unavailable,55 - 64 years,M,8 - 14 days,V,unavailable,unavailable,6
202104,unavailable,SYD,AKL,V,A,AU,unavailable,unavailable,45 - 54 years,F,28+ days,N,unavailable,unavailable,6
202104,unavailable,BNE,AKL,V,A,AU,unavailable,unavailable,45 - 54 years,F,8 - 14 days,H,unavailable,unavailable,6
202104,unavailable,BNE,WLG,V,A,AU,unavailable,unavailable,65 - 74 years,F,15 to 27 days,V,unavailable,unavailable,6
202104,unavailable,BNE,AKL,V,A,AU,unavailable,unavailable,35 - 44 years,M,28+ days,B,unavailable,unavailable,6
202104,unavailable,SYD,AKL,V,A,AU,unavailable,unavailable,25 - 34 years,F,15 to 27 days,B,unavailable,unavailable,6
202104,unavailable,MEL,WLG,V,A,AU,unavailable,unavailable,65 - 74 years,M,less than 7 days,V,unavailable,unavailable,6
202104,unavailable,MEL,ZQN,V,A,AU,unavailable,unavailable,25 - 34 years,F,8 - 14 days,H,unavailable,unavailable,6
202104,unavailable,SYD,AKL,V,A,XX,unavailable,unavailable,55 - 64 years,M,15 to 27 days,N,unavailable,unavailable,6
202104,unavailable,OOL,AKL,V,A,AU,unavailable,unavailable,35 - 44 years,M,less than 7 days,H,unavailable,unavailable,6
202104,unavailable,OOL,CHC,V,A,AU,unavailable,unavailable,45 - 54 years,F,less than 7 days,V,unavailable,unavailable,6
202104,unavailable,MEL,AKL,V,A,AU,unavailable,unavailable,55 - 64 years,F,less than 7 days,N,unavailable,unavailable,6
202104,unavailable,OOL,AKL,V,A,AU,unavailable,unavailable,19 - 24 years,M,less than 7 days,H,unavailable,unavailable,6
202104,unavailable,RAR,AKL,V,A,CK,unavailable,unavailable,12 - 18 years,F,8 - 14 days,V,unavailable,unavailable,6
202104,unavailable,MEL,AKL,V,A,AU,unavailable,unavailable,12 - 18 years,F,28+ days,V,unavailable,unavailable,6
202104,unavailable,MEL,AKL,V,A,AU,unavailable,unavailable,Less than 1 year,M,28+ days,V,unavailable,unavailable,6
202104,unavailable,SYD,ZQN,V,A,AU,unavailable,unavailable,01 - 11 years,F,8 - 14 days,V,unavailable,unavailable,6
202104,unavailable,SYD,AKL,V,A,AU,unavailable,unavailable,45 - 54 years,M,15 to 27 days,H,unavailable,unavailable,6
202104,unavailable,SYD,CHC,V,A,AU,unavailable,unavailable,45 - 54 years,M,28+ days,V,unavailable,unavailable,6
202104,unavailable,SYD,AKL,V,A,AU,unavailable,unavailable,55 - 64 years,M,15 to 27 days,H,unavailable,unavailable,6
202104,unavailable,BNE,WLG,V,A,AU,unavailable,unavailable,01 - 11 years,M,15 to 27 days,V,unavailable,unavailable,6
202104,unavailable,BNE,AKL,V,A,AU,unavailable,unavailable,65 - 74 years,M,8 - 14 days,H,unavailable,unavailable,6
202104,unavailable,OOL,AKL,V,A,AU,unavailable,unavailable,45 - 54 years,F,8 - 14 days,H,unavailable,unavailable,6
202104,unavailable,SYD,ZQN,V,A,AU,unavailable,unavailable,55 - 64 years,M,less than 7 days,B,unavailable,unavailable,6
202104,unavailable,BNE,AKL,V,A,XX,unavailable,unavailable,25 - 34 years,F,28+ days,N,unavailable,unavailable,6
202104,unavailable,KUL,AKL,V,A,PL,unavailable,unavailable,45 - 54 years,M,28+ days,N,unavailable,unavailable,6
202104,unavailable,SYD,AKL,V,A,AU,unavailable,unavailable,45 - 54 years,F,less than 7 days,E,unavailable,unavailable,6
202104,unavailable,SYD,AKL,V,A,XX,unavailable,unavailable,01 - 11 years,F,less than 7 days,N,unavailable,unavailable,6
202104,unavailable,BNE,AKL,V,A,AU,unavailable,unavailable,35 - 44 years,F,8 - 14 days,H,unavailable,unavailable,6
202104,unavailable,BNE,WLG,V,A,AU,unavailable,unavailable,45 - 54 years,M,28+ days,V,unavailable,unavailable,6
202104,unavailable,RAR,AKL,V,A,CK,unavailable,unavailable,55 - 64 years,M,28+ days,V,unavailable,unavailable,6
202104,unavailable,LAX,AKL,V,A,US,unavailable,unavailable,01 - 11 years,F,28+ days,O,unavailable,unavailable,6
202104,unavailable,SYD,WLG,V,A,AU,unavailable,unavailable,25 - 34 years,F,less than 7 days,B,unavailable,unavailable,6
202104,unavailable,PER,AKL,V,A,AU,unavailable,unavailable,35 - 44 years,M,15 to 27 days,V,unavailable,unavailable,6
202104,unavailable,MEL,WLG,V,A,AU,unavailable,unavailable,65 - 74 years,F,28+ days,V,unavailable,unavailable,6
202104,unavailable,MEL,AKL,V,A,AU,unavailable,unavailable,75+,F,8 - 14 days,V,unavailable,unavailable,6
202104,unavailable,OOL,AKL,V,A,AU,unavailable,unavailable,25 - 34 years,M,15 to 27 days,V,unavailable,unavailable,6
202104,unavailable,PER,AKL,V,A,AU,unavailable,unavailable,35 - 44 years,F,less than 7 days,V,unavailable,unavailable,6
202104,unavailable,MEL,ZQN,V,A,AU,unavailable,unavailable,45 - 54 years,M,8 - 14 days,H,unavailable,unavailable,6
202104,unavailable,BNE,AKL,V,A,AU,unavailable,unavailable,55 - 64 years,F,28+ days,N,unavailable,unavailable,6
202104,unavailable,MEL,ZQN,V,A,AU,unavailable,unavailable,55 - 64 years,M,less than 7 days,V,unavailable,unavailable,6
202104,unavailable,OOL,AKL,V,A,AU,unavailable,unavailable,12 - 18 years,F,15 to 27 days,V,unavailable,unavailable,6
202104,unavailable,MEL,CHC,V,A,AU,unavailable,unavailable,45 - 54 years,M,8 - 14 days,H,unavailable,unavailable,6
202104,unavailable,SYD,AKL,V,A,AU,unavailable,unavailable,19 - 24 years,F,8 - 14 days,H,unavailable,unavailable,6
202104,unavailable,MEL,ZQN,V,A,AU,unavailable,unavailable,55 - 64 years,F,less than 7 days,H,unavailable,unavailable,6
202104,unavailable,SYD,AKL,V,A,AU,unavailable,unavailable,25 - 34 years,M,28+ days,B,unavailable,unavailable,6
202104,unavailable,SYD,AKL,V,A,AU,unavailable,unavailable,12 - 18 years,F,28+ days,V,unavailable,unavailable,6
202104,unavailable,RAR,AKL,V,A,CK,unavailable,unavailable,65 - 74 years,F,15 to 27 days,V,unavailable,unavailable,6
202104,unavailable,SYD,ZQN,V,A,AU,unavailable,unavailable,65 - 74 years,F,less than 7 days,H,unavailable,unavailable,6
202104,unavailable,SYD,AKL,V,A,AU,unavailable,unavailable,45 - 54 years,M,28+ days,N,unavailable,unavailable,6
202104,unavailable,PER,AKL,V,A,AU,unavailable,unavailable,55 - 64 years,M,less than 7 days,V,unavailable,unavailable,6
202104,unavailable,BNE,ZQN,V,A,AU,unavailable,unavailable,35 - 44 years,M,less than 7 days,H,unavailable,unavailable,6
202104,unavailable,BNE,WLG,V,A,AU,unavailable,unavailable,25 - 34 years,F,28+ days,V,unavailable,unavailable,6
202104,unavailable,MEL,AKL,V,A,AU,unavailable,unavailable,35 - 44 years,M,28+ days,B,unavailable,unavailable,6
202104,unavailable,OOL,AKL,V,A,AU,unavailable,unavailable,12 - 18 years,M,15 to 27 days,V,unavailable,unavailable,6
202104,unavailable,SYD,ZQN,V,A,AU,unavailable,unavailable,35 - 44 years,F,15 to 27 days,V,unavailable,unavailable,6
202104,unavailable,CAN,AKL,V,A,CN,unavailable,unavailable,55 - 64 years,F,28+ days,V,unavailable,unavailable,6
202104,unavailable,SYD,AKL,V,A,AU,unavailable,unavailable,Less than 1 year,M,28+ days,V,unavailable,unavailable,6
202104,unavailable,BNE,CHC,V,A,AU,unavailable,unavailable,55 - 64 years,M,8 - 14 days,H,unavailable,unavailable,6
202104,unavailable,SYD,ZQN,V,A,AU,unavailable,unavailable,19 - 24 years,M,8 - 14 days,H,unavailable,unavailable,6
202104,unavailable,SYD,CHC,V,A,AU,unavailable,unavailable,45 - 54 years,F,8 - 14 days,H,unavailable,unavailable,6
202104,unavailable,OOL,AKL,V,A,AU,unavailable,unavailable,65 - 74 years,M,28+ days,V,unavailable,unavailable,3
202104,unavailable,SYD,AKL,V,A,AU,unavailable,unavailable,12 - 18 years,M,28+ days,B,unavailable,unavailable,6
202104,unavailable,SYD,CHC,V,A,AU,unavailable,unavailable,75+,F,15 to 27 days,V,unavailable,unavailable,6
202104,unavailable,BNE,ZQN,V,A,AU,unavailable,unavailable,35 - 44 years,M,8 - 14 days,V,unavailable,unavailable,6
202104,unavailable,SYD,AKL,V,A,AU,unavailable,unavailable,Less than 1 year,F,less than 7 days,V,unavailable,unavailable,3
202104,unavailable,LAX,AKL,V,A,US,unavailable,unavailable,35 - 44 years,M,28+ days,N,unavailable,unavailable,6
202104,unavailable,RAR,AKL,V,A,CK,unavailable,unavailable,25 - 34 years,M,28+ days,B,unavailable,unavailable,6
202104,unavailable,SYD,AKL,V,A,XX,unavailable,unavailable,55 - 64 years,F,less than 7 days,N,unavailable,unavailable,6
202104,unavailable,MEL,AKL,V,A,AU,unavailable,unavailable,25 - 34 years,F,less than 7 days,O,unavailable,unavailable,6
202104,unavailable,RAR,AKL,V,A,CK,unavailable,unavailable,75+,M,15 to 27 days,V,unavailable,unavailable,6
202104,unavailable,OOL,CHC,V,A,AU,unavailable,unavailable,55 - 64 years,F,8 - 14 days,V,unavailable,unavailable,6
202104,unavailable,OOL,AKL,V,A,AU,unavailable,unavailable,55 - 64 years,M,less than 7 days,H,unavailable,unavailable,6
202104,unavailable,MEL,ZQN,V,A,AU,unavailable,unavailable,01 - 11 years,M,8 - 14 days,V,unavailable,unavailable,6
202104,unavailable,BNE,WLG,V,A,AU,unavailable,unavailable,45 - 54 years,M,15 to 27 days,V,unavailable,unavailable,3
202104,unavailable,IUE,AKL,V,A,NU,unavailable,unavailable,01 - 11 years,F,28+ days,V,unavailable,unavailable,3
202104,unavailable,BNE,AKL,V,A,AU,unavailable,unavailable,12 - 18 years,M,28+ days,V,unavailable,unavailable,6
202104,unavailable,MEL,AKL,V,A,AU,unavailable,unavailable,35 - 44 years,M,28+ days,N,unavailable,unavailable,6
202104,unavailable,KUL,AKL,V,A,GB,unavailable,unavailable,35 - 44 years,M,28+ days,B,unavailable,unavailable,3
202104,unavailable,KUL,AKL,V,A,IN,unavailable,unavailable,25 - 34 years,F,28+ days,N,unavailable,unavailable,6
202104,unavailable,SYD,WLG,V,A,AU,unavailable,unavailable,25 - 34 years,M,less than 7 days,H,unavailable,unavailable,6
202104,unavailable,MEL,WLG,V,A,AU,unavailable,unavailable,35 - 44 years,M,less than 7 days,B,unavailable,unavailable,6
202104,unavailable,BNE,CHC,V,A,AU,unavailable,unavailable,45 - 54 years,F,28+ days,V,unavailable,unavailable,3
202104,unavailable,SEL,AKL,V,A,PH,unavailable,unavailable,25 - 34 years,F,28+ days,E,unavailable,unavailable,6
202104,unavailable,SYD,ZQN,V,A,AU,unavailable,unavailable,45 - 54 years,M,less than 7 days,B,unavailable,unavailable,6
202104,unavailable,BNE,WLG,V,A,AU,unavailable,unavailable,75+,M,8 - 14 days,V,unavailable,unavailable,3
202104,unavailable,SYD,AKL,V,A,XX,unavailable,unavailable,19 - 24 years,F,8 - 14 days,N,unavailable,unavailable,3
202104,unavailable,MEL,ZQN,V,A,AU,unavailable,unavailable,01 - 11 years,F,8 - 14 days,V,unavailable,unavailable,6
202104,unavailable,SYD,AKL,V,A,AU,unavailable,unavailable,65 - 74 years,M,15 to 27 days,H,unavailable,unavailable,6
202104,unavailable,HBA,AKL,V,A,AU,unavailable,unavailable,45 - 54 years,M,less than 7 days,V,unavailable,unavailable,6
202104,unavailable,BNE,AKL,V,A,XX,unavailable,unavailable,35 - 44 years,F,28+ days,N,unavailable,unavailable,6
202104,unavailable,SYD,ZQN,V,A,AU,unavailable,unavailable,25 - 34 years,M,15 to 27 days,V,unavailable,unavailable,6
202104,unavailable,SYD,CHC,V,A,AU,unavailable,unavailable,45 - 54 years,M,8 - 14 days,H,unavailable,unavailable,3
202104,unavailable,SYD,AKL,V,A,AU,unavailable,unavailable,25 - 34 years,F,less than 7 days,E,unavailable,unavailable,6
202104,unavailable,MEL,AKL,V,A,AU,unavailable,unavailable,45 - 54 years,M,15 to 27 days,B,unavailable,unavailable,6
202104,unavailable,LAX,AKL,V,A,CA,unavailable,unavailable,45 - 54 years,F,28+ days,V,unavailable,unavailable,3
202104,unavailable,SYD,CHC,V,A,AU,unavailable,unavailable,25 - 34 years,F,28+ days,V,unavailable,unavailable,6
202104,unavailable,PER,AKL,V,A,AU,unavailable,unavailable,45 - 54 years,M,28+ days,V,unavailable,unavailable,3
202104,unavailable,SYD,ZQN,V,A,AU,unavailable,unavailable,65 - 74 years,M,15 to 27 days,H,unavailable,unavailable,6
202104,unavailable,OOL,CHC,V,A,AU,unavailable,unavailable,45 - 54 years,F,8 - 14 days,V,unavailable,unavailable,3
202104,unavailable,MEL,WLG,V,A,AU,unavailable,unavailable,55 - 64 years,F,28+ days,V,unavailable,unavailable,3
202104,unavailable,MEL,AKL,V,A,AU,unavailable,unavailable,75+,F,15 to 27 days,V,unavailable,unavailable,3
202104,unavailable,BNE,ZQN,V,A,AU,unavailable,unavailable,01 - 11 years,M,less than 7 days,H,unavailable,unavailable,6
202104,unavailable,SYD,CHC,V,A,AU,unavailable,unavailable,Less than 1 year,F,15 to 27 days,V,unavailable,unavailable,6
202104,unavailable,SYD,WLG,V,A,AU,unavailable,unavailable,Less than 1 year,M,15 to 27 days,V,unavailable,unavailable,6
202104,unavailable,BNE,AKL,V,A,XX,unavailable,unavailable,35 - 44 years,M,15 to 27 days,N,unavailable,unavailable,6
202104,unavailable,MEL,AKL,V,A,AU,unavailable,unavailable,75+,M,15 to 27 days,V,unavailable,unavailable,6
202104,unavailable,SYD,CHC,V,A,AU,unavailable,unavailable,35 - 44 years,M,28+ days,V,unavailable,unavailable,6
202104,unavailable,KUL,AKL,V,A,PL,unavailable,unavailable,25 - 34 years,M,28+ days,B,unavailable,unavailable,6
202104,unavailable,BNE,AKL,V,A,AU,unavailable,unavailable,65 - 74 years,M,8 - 14 days,B,unavailable,unavailable,6
202104,unavailable,MEL,AKL,V,A,AU,unavailable,unavailable,19 - 24 years,M,28+ days,H,unavailable,unavailable,6
202104,unavailable,SYD,ZQN,V,A,AU,unavailable,unavailable,55 - 64 years,F,15 to 27 days,V,unavailable,unavailable,3
202104,unavailable,BNE,AKL,V,A,AU,unavailable,unavailable,25 - 34 years,F,less than 7 days,N,unavailable,unavailable,6
202104,unavailable,KUL,AKL,V,A,AE,unavailable,unavailable,35 - 44 years,M,28+ days,V,unavailable,unavailable,3
202104,unavailable,KUL,AKL,V,A,IN,unavailable,unavailable,25 - 34 years,M,28+ days,V,unavailable,unavailable,3
202104,unavailable,SYD,ZQN,V,A,AU,unavailable,unavailable,55 - 64 years,F,28+ days,V,unavailable,unavailable,3
202104,unavailable,SYD,AKL,V,A,AU,unavailable,unavailable,55 - 64 years,M,28+ days,H,unavailable,unavailable,6
202104,unavailable,SYD,WLG,V,A,AU,unavailable,unavailable,19 - 24 years,F,15 to 27 days,V,unavailable,unavailable,6
202104,unavailable,KUL,AKL,V,A,GB,unavailable,unavailable,25 - 34 years,F,28+ days,N,unavailable,unavailable,6
202104,unavailable,MEL,AKL,V,A,AU,unavailable,unavailable,45 - 54 years,M,28+ days,N,unavailable,unavailable,3
202104,unavailable,OOL,AKL,V,A,AU,unavailable,unavailable,Less than 1 year,M,less than 7 days,V,unavailable,unavailable,6
202104,unavailable,SYD,CHC,V,A,AU,unavailable,unavailable,65 - 74 years,M,28+ days,V,unavailable,unavailable,6
202104,unavailable,RAR,AKL,V,A,CK,unavailable,unavailable,01 - 11 years,F,8 - 14 days,V,unavailable,unavailable,3
202104,unavailable,OOL,AKL,V,A,AU,unavailable,unavailable,75+,F,28+ days,V,unavailable,unavailable,6
202104,unavailable,SYD,AKL,V,A,XX,unavailable,unavailable,55 - 64 years,F,8 - 14 days,N,unavailable,unavailable,6
202104,unavailable,RAR,AKL,V,A,CK,unavailable,unavailable,75+,F,28+ days,O,unavailable,unavailable,6
202104,unavailable,MEL,WLG,V,A,AU,unavailable,unavailable,45 - 54 years,M,8 - 14 days,B,unavailable,unavailable,6
202104,unavailable,CAN,AKL,V,A,CN,unavailable,unavailable,55 - 64 years,M,28+ days,V,unavailable,unavailable,3
202104,unavailable,MEL,CHC,V,A,AU,unavailable,unavailable,Less than 1 year,M,8 - 14 days,V,unavailable,unavailable,6
202104,unavailable,RAR,AKL,V,A,CK,unavailable,unavailable,45 - 54 years,F,less than 7 days,V,unavailable,unavailable,6
202104,unavailable,MEL,WLG,V,A,AU,unavailable,unavailable,65 - 74 years,M,28+ days,V,unavailable,unavailable,6
202104,unavailable,PER,AKL,V,A,AU,unavailable,unavailable,25 - 34 years,M,28+ days,H,unavailable,unavailable,3
202104,unavailable,MEL,ZQN,V,A,AU,unavailable,unavailable,45 - 54 years,F,8 - 14 days,V,unavailable,unavailable,6
202104,unavailable,SYD,ZQN,V,A,AU,unavailable,unavailable,55 - 64 years,M,28+ days,V,unavailable,unavailable,3
202104,unavailable,MEL,CHC,V,A,AU,unavailable,unavailable,25 - 34 years,M,15 to 27 days,H,unavailable,unavailable,6
202104,unavailable,BNE,AKL,V,A,AU,unavailable,unavailable,65 - 74 years,F,28+ days,N,unavailable,unavailable,6
202104,unavailable,OOL,AKL,V,A,AU,unavailable,unavailable,55 - 64 years,M,8 - 14 days,H,unavailable,unavailable,6
202104,unavailable,OOL,AKL,V,A,AU,unavailable,unavailable,75+,F,8 - 14 days,V,unavailable,unavailable,6
202104,unavailable,RAR,AKL,V,A,CK,unavailable,unavailable,12 - 18 years,M,8 - 14 days,O,unavailable,unavailable,6
202104,unavailable,BNE,ZQN,V,A,AU,unavailable,unavailable,55 - 64 years,F,less than 7 days,H,unavailable,unavailable,6
202104,unavailable,BNE,CHC,V,A,AU,unavailable,unavailable,35 - 44 years,M,less than 7 days,B,unavailable,unavailable,6
202104,unavailable,BNE,AKL,V,A,AU,unavailable,unavailable,65 - 74 years,M,less than 7 days,N,unavailable,unavailable,6
202104,unavailable,BNE,AKL,V,A,XX,unavailable,unavailable,55 - 64 years,F,8 - 14 days,N,unavailable,unavailable,3
202104,unavailable,BNE,AKL,V,A,AU,unavailable,unavailable,Less than 1 year,M,28+ days,V,unavailable,unavailable,6
202104,unavailable,BNE,WLG,V,A,AU,unavailable,unavailable,65 - 74 years,M,15 to 27 days,V,unavailable,unavailable,6
202104,unavailable,SYD,ZQN,V,A,AU,unavailable,unavailable,65 - 74 years,M,28+ days,V,unavailable,unavailable,6
202104,unavailable,SYD,WLG,V,A,AU,unavailable,unavailable,25 - 34 years,M,less than 7 days,N,unavailable,unavailable,6
202104,unavailable,OOL,AKL,V,A,AU,unavailable,unavailable,55 - 64 years,M,less than 7 days,N,unavailable,unavailable,6
202104,unavailable,SYD,WLG,V,A,AU,unavailable,unavailable,45 - 54 years,M,28+ days,V,unavailable,unavailable,6
202104,unavailable,BNE,ZQN,V,A,AU,unavailable,unavailable,55 - 64 years,M,less than 7 days,H,unavailable,unavailable,6
202104,unavailable,MEL,CHC,V,A,AU,unavailable,unavailable,65 - 74 years,M,28+ days,V,unavailable,unavailable,6
202104,unavailable,MEL,AKL,V,A,AU,unavailable,unavailable,25 - 34 years,F,15 to 27 days,H,unavailable,unavailable,6
202104,unavailable,SYD,AKL,V,A,AU,unavailable,unavailable,25 - 34 years,F,8 - 14 days,B,unavailable,unavailable,3
202104,unavailable,SYD,AKL,V,A,AU,unavailable,unavailable,65 - 74 years,F,8 - 14 days,N,unavailable,unavailable,3
202104,unavailable,SYD,WLG,V,A,XX,unavailable,unavailable,35 - 44 years,M,less than 7 days,N,unavailable,unavailable,3
202104,unavailable,BNE,AKL,V,A,AU,unavailable,unavailable,55 - 64 years,F,less than 7 days,N,unavailable,unavailable,3
202104,unavailable,SYD,CHC,V,A,AU,unavailable,unavailable,01 - 11 years,M,28+ days,V,unavailable,unavailable,6
202104,unavailable,SYD,AKL,V,A,XX,unavailable,unavailable,01 - 11 years,F,8 - 14 days,N,unavailable,unavailable,6
202104,unavailable,BNE,AKL,V,A,AU,unavailable,unavailable,19 - 24 years,M,less than 7 days,H,unavailable,unavailable,6
202104,unavailable,OOL,AKL,V,A,AU,unavailable,unavailable,75+,M,28+ days,V,unavailable,unavailable,6
202104,unavailable,BNE,ZQN,V,A,AU,unavailable,unavailable,55 - 64 years,M,8 - 14 days,H,unavailable,unavailable,3
202104,unavailable,SYD,ZQN,V,A,AU,unavailable,unavailable,65 - 74 years,M,28+ days,H,unavailable,unavailable,6
202104,unavailable,PPT,OPX,V,A,XX,unavailable,unavailable,25 - 34 years,M,28+ days,N,unavailable,unavailable,3
202104,unavailable,BNE,AKL,V,A,AU,unavailable,unavailable,75+,F,8 - 14 days,V,unavailable,unavailable,6
202104,unavailable,PPT,OPX,V,A,XX,unavailable,unavailable,25 - 34 years,F,28+ days,N,unavailable,unavailable,6
202104,unavailable,SYD,AKL,V,A,AU,unavailable,unavailable,45 - 54 years,M,28+ days,O,unavailable,unavailable,6
202104,unavailable,KUL,AKL,V,A,PL,unavailable,unavailable,35 - 44 years,M,28+ days,B,unavailable,unavailable,6
202104,unavailable,RAR,AKL,V,A,CK,unavailable,unavailable,65 - 74 years,M,28+ days,V,unavailable,unavailable,6
202104,unavailable,RAR,AKL,V,A,CK,unavailable,unavailable,35 - 44 years,F,28+ days,V,unavailable,unavailable,6
202104,unavailable,MEL,CHC,V,A,AU,unavailable,unavailable,12 - 18 years,M,less than 7 days,V,unavailable,unavailable,6
202104,unavailable,BNE,WLG,V,A,AU,unavailable,unavailable,01 - 11 years,F,15 to 27 days,V,unavailable,unavailable,6
202104,unavailable,BNE,AKL,V,A,AU,unavailable,unavailable,25 - 34 years,F,15 to 27 days,N,unavailable,unavailable,6
202104,unavailable,SYD,AKL,V,A,XX,unavailable,unavailable,55 - 64 years,M,28+ days,N,unavailable,unavailable,3
202104,unavailable,BNE,AKL,V,A,AU,unavailable,unavailable,35 - 44 years,F,less than 7 days,B,unavailable,unavailable,3
202104,unavailable,SYD,ZQN,V,A,AU,unavailable,unavailable,45 - 54 years,F,8 - 14 days,H,unavailable,unavailable,3
202104,unavailable,MEL,AKL,V,A,AU,unavailable,unavailable,19 - 24 years,F,28+ days,N,unavailable,unavailable,6
202104,unavailable,BNE,AKL,V,A,XX,unavailable,unavailable,01 - 11 years,F,8 - 14 days,N,unavailable,unavailable,6
202104,unavailable,BNE,WLG,V,A,AU,unavailable,unavailable,19 - 24 years,F,8 - 14 days,V,unavailable,unavailable,6
202104,unavailable,MEL,AKL,V,A,AU,unavailable,unavailable,12 - 18 years,M,15 to 27 days,V,unavailable,unavailable,6
202104,unavailable,LAX,AKL,V,A,CA,unavailable,unavailable,25 - 34 years,M,28+ days,B,unavailable,unavailable,3
202104,unavailable,SYD,AKL,V,A,AU,unavailable,unavailable,65 - 74 years,M,8 - 14 days,B,unavailable,unavailable,6
202104,unavailable,BNE,AKL,V,A,AU,unavailable,unavailable,45 - 54 years,M,28+ days,N,unavailable,unavailable,6
202104,unavailable,SYD,CHC,V,A,AU,unavailable,unavailable,55 - 64 years,M,8 - 14 days,N,unavailable,unavailable,6
202104,unavailable,BNE,AKL,V,A,AU,unavailable,unavailable,55 - 64 years,F,8 - 14 days,N,unavailable,unavailable,3
202104,unavailable,LAX,AKL,V,A,US,unavailable,unavailable,65 - 74 years,M,28+ days,V,unavailable,unavailable,6
202104,unavailable,BNE,AKL,V,A,AU,unavailable,unavailable,45 - 54 years,M,8 - 14 days,N,unavailable,unavailable,3
202104,unavailable,SYD,AKL,V,A,AU,unavailable,unavailable,35 - 44 years,M,15 to 27 days,O,unavailable,unavailable,3
202104,unavailable,SYD,AKL,V,A,XX,unavailable,unavailable,25 - 34 years,M,15 to 27 days,N,unavailable,unavailable,3
202104,unavailable,BNE,AKL,V,A,XX,unavailable,unavailable,45 - 54 years,M,less than 7 days,N,unavailable,unavailable,6
202104,unavailable,SYD,AKL,V,A,AU,unavailable,unavailable,65 - 74 years,F,8 - 14 days,H,unavailable,unavailable,6
202104,unavailable,SYD,CHC,V,A,AU,unavailable,unavailable,35 - 44 years,M,8 - 14 days,H,unavailable,unavailable,6
202104,unavailable,RAR,AKL,V,A,CK,unavailable,unavailable,35 - 44 years,M,15 to 27 days,V,unavailable,unavailable,3
202104,unavailable,BNE,AKL,V,A,AU,unavailable,unavailable,45 - 54 years,M,28+ days,B,unavailable,unavailable,3
202104,unavailable,MEL,AKL,V,A,AU,unavailable,unavailable,45 - 54 years,M,less than 7 days,N,unavailable,unavailable,6
202104,unavailable,SYD,CHC,V,A,AU,unavailable,unavailable,55 - 64 years,M,8 - 14 days,H,unavailable,unavailable,6
202104,unavailable,LAX,AKL,V,A,CA,unavailable,unavailable,35 - 44 years,M,28+ days,V,unavailable,unavailable,6
202104,unavailable,KUL,AKL,V,A,GB,unavailable,unavailable,25 - 34 years,M,28+ days,B,unavailable,unavailable,6
202104,unavailable,SYD,AKL,V,A,AU,unavailable,unavailable,65 - 74 years,F,28+ days,H,unavailable,unavailable,6
202104,unavailable,SYD,AKL,V,A,XX,unavailable,unavailable,25 - 34 years,M,28+ days,N,unavailable,unavailable,6
202104,unavailable,LAX,AKL,V,A,US,unavailable,unavailable,35 - 44 years,M,28+ days,B,unavailable,unavailable,6
202104,unavailable,APW,AKL,V,A,WS,unavailable,unavailable,55 - 64 years,F,28+ days,O,unavailable,unavailable,6
202104,unavailable,BNE,AKL,V,A,XX,unavailable,unavailable,55 - 64 years,F,less than 7 days,N,unavailable,unavailable,6
202104,unavailable,SYD,WLG,V,A,AU,unavailable,unavailable,25 - 34 years,M,28+ days,V,unavailable,unavailable,3
202104,unavailable,MEL,WLG,V,A,AU,unavailable,unavailable,19 - 24 years,M,less than 7 days,V,unavailable,unavailable,3
202104,unavailable,SYD,WLG,V,A,AU,unavailable,unavailable,19 - 24 years,M,28+ days,V,unavailable,unavailable,6
202104,unavailable,MEL,WLG,V,A,AU,unavailable,unavailable,19 - 24 years,F,28+ days,V,unavailable,unavailable,3
202104,unavailable,MEL,AKL,V,A,AU,unavailable,unavailable,19 - 24 years,F,8 - 14 days,N,unavailable,unavailable,3
202104,unavailable,PER,AKL,V,A,AU,unavailable,unavailable,19 - 24 years,F,28+ days,V,unavailable,unavailable,6
202104,unavailable,SYD,AKL,V,A,AU,unavailable,unavailable,35 - 44 years,F,28+ days,N,unavailable,unavailable,3
202104,unavailable,IUE,AKL,V,A,NU,unavailable,unavailable,65 - 74 years,F,28+ days,V,unavailable,unavailable,6
202104,unavailable,SYD,AKL,V,A,AU,unavailable,unavailable,25 - 34 years,M,28+ days,N,unavailable,unavailable,6
202104,unavailable,SYD,ZQN,V,A,AU,unavailable,unavailable,45 - 54 years,F,less than 7 days,N,unavailable,unavailable,6
202104,unavailable,SYD,AKL,V,A,AU,unavailable,unavailable,65 - 74 years,F,28+ days,N,unavailable,unavailable,6
202104,unavailable,RAR,AKL,V,A,CK,unavailable,unavailable,65 - 74 years,F,28+ days,V,unavailable,unavailable,6
202104,unavailable,BNE,AKL,V,A,AU,unavailable,unavailable,45 - 54 years,M,15 to 27 days,N,unavailable,unavailable,6
202104,unavailable,MEL,ZQN,V,A,AU,unavailable,unavailable,65 - 74 years,F,15 to 27 days,V,unavailable,unavailable,3
202104,unavailable,SYD,AKL,V,A,AU,unavailable,unavailable,35 - 44 years,F,15 to 27 days,N,unavailable,unavailable,6
202104,unavailable,BNE,AKL,V,A,AU,unavailable,unavailable,55 - 64 years,M,28+ days,N,unavailable,unavailable,6
202104,unavailable,MEL,WLG,V,A,AU,unavailable,unavailable,25 - 34 years,M,28+ days,V,unavailable,unavailable,6
202104,unavailable,SYD,AKL,V,A,AU,unavailable,unavailable,65 - 74 years,M,15 to 27 days,O,unavailable,unavailable,3
202104,unavailable,MEL,CHC,V,A,AU,unavailable,unavailable,35 - 44 years,M,8 - 14 days,H,unavailable,unavailable,6
202104,unavailable,SYD,ZQN,V,A,AU,unavailable,unavailable,45 - 54 years,F,less than 7 days,B,unavailable,unavailable,3
202104,unavailable,SIN,AKL,V,A,GB,unavailable,unavailable,35 - 44 years,M,28+ days,B,unavailable,unavailable,3
202104,unavailable,BNE,WLG,V,A,AU,unavailable,unavailable,65 - 74 years,F,28+ days,V,unavailable,unavailable,6
202104,unavailable,SYD,AKL,V,A,AU,unavailable,unavailable,75+,F,less than 7 days,V,unavailable,unavailable,3
202104,unavailable,OOL,AKL,V,A,AU,unavailable,unavailable,55 - 64 years,M,less than 7 days,B,unavailable,unavailable,6
202104,unavailable,MEL,AKL,V,A,AU,unavailable,unavailable,25 - 34 years,M,less than 7 days,C,unavailable,unavailable,3
202104,unavailable,BNE,CHC,V,A,AU,unavailable,unavailable,65 - 74 years,M,15 to 27 days,H,unavailable,unavailable,3
202104,unavailable,BNE,AKL,V,A,AU,unavailable,unavailable,25 - 34 years,M,28+ days,H,unavailable,unavailable,3
202104,unavailable,SYD,AKL,V,A,XX,unavailable,unavailable,12 - 18 years,M,8 - 14 days,N,unavailable,unavailable,3
202104,unavailable,SYD,AKL,V,A,AU,unavailable,unavailable,55 - 64 years,M,28+ days,O,unavailable,unavailable,3
202104,unavailable,SYD,CHC,V,A,AU,unavailable,unavailable,Less than 1 year,M,15 to 27 days,V,unavailable,unavailable,3
202104,unavailable,MEL,AKL,V,A,AU,unavailable,unavailable,12 - 18 years,F,less than 7 days,H,unavailable,unavailable,6
202104,unavailable,SIN,AKL,V,A,GB,unavailable,unavailable,25 - 34 years,M,28+ days,V,unavailable,unavailable,6
202104,unavailable,SYD,CHC,V,A,AU,unavailable,unavailable,55 - 64 years,F,less than 7 days,H,unavailable,unavailable,3
202104,unavailable,SYD,WLG,V,A,AU,unavailable,unavailable,25 - 34 years,F,less than 7 days,H,unavailable,unavailable,3
202104,unavailable,MEL,ZQN,V,A,AU,unavailable,unavailable,35 - 44 years,M,15 to 27 days,V,unavailable,unavailable,3
202104,unavailable,OOL,CHC,V,A,AU,unavailable,unavailable,35 - 44 years,F,less than 7 days,V,unavailable,unavailable,3
202104,unavailable,APW,AKL,V,A,WS,unavailable,unavailable,01 - 11 years,F,28+ days,N,unavailable,unavailable,3
202104,unavailable,HBA,AKL,V,A,AU,unavailable,unavailable,35 - 44 years,M,8 - 14 days,V,unavailable,unavailable,6
202104,unavailable,MEL,CHC,V,A,AU,unavailable,unavailable,Less than 1 year,F,15 to 27 days,V,unavailable,unavailable,6
202104,unavailable,BNE,AKL,V,A,XX,unavailable,unavailable,19 - 24 years,M,8 - 14 days,N,unavailable,unavailable,3
202104,unavailable,MEL,AKL,V,A,AU,unavailable,unavailable,25 - 34 years,F,15 to 27 days,N,unavailable,unavailable,3
202104,unavailable,SYD,WLG,V,A,AU,unavailable,unavailable,65 - 74 years,M,28+ days,V,unavailable,unavailable,3
202104,unavailable,MEL,WLG,V,A,AU,unavailable,unavailable,45 - 54 years,M,less than 7 days,H,unavailable,unavailable,3
202104,unavailable,PER,AKL,V,A,AU,unavailable,unavailable,25 - 34 years,F,28+ days,N,unavailable,unavailable,3
202104,unavailable,SYD,AKL,V,A,AU,unavailable,unavailable,75+,M,less than 7 days,H,unavailable,unavailable,6
202104,unavailable,SYD,WLG,V,A,AU,unavailable,unavailable,75+,M,less than 7 days,V,unavailable,unavailable,3
202104,unavailable,MEL,CHC,V,A,AU,unavailable,unavailable,45 - 54 years,M,8 - 14 days,B,unavailable,unavailable,6
202104,unavailable,BNE,CHC,V,A,AU,unavailable,unavailable,45 - 54 years,F,less than 7 days,H,unavailable,unavailable,3
202104,unavailable,SYD,AKL,V,A,AU,unavailable,unavailable,55 - 64 years,F,8 - 14 days,N,unavailable,unavailable,6
202104,unavailable,BNE,CHC,V,A,AU,unavailable,unavailable,45 - 54 years,M,less than 7 days,N,unavailable,unavailable,3
202104,unavailable,HKG,AKL,V,A,HK,unavailable,unavailable,55 - 64 years,M,28+ days,V,unavailable,unavailable,6
202104,unavailable,SYD,CHC,V,A,AU,unavailable,unavailable,75+,M,less than 7 days,V,unavailable,unavailable,3
202104,unavailable,OOL,AKL,V,A,AU,unavailable,unavailable,01 - 11 years,F,28+ days,V,unavailable,unavailable,3
202104,unavailable,BNE,AKL,V,A,XX,unavailable,unavailable,12 - 18 years,M,28+ days,N,unavailable,unavailable,3
202104,unavailable,KUL,AKL,V,A,NL,unavailable,unavailable,25 - 34 years,F,28+ days,V,unavailable,unavailable,6
202104,unavailable,PER,AKL,V,A,AU,unavailable,unavailable,25 - 34 years,F,28+ days,H,unavailable,unavailable,3
202104,unavailable,MEL,CHC,V,A,AU,unavailable,unavailable,Less than 1 year,F,less than 7 days,V,unavailable,unavailable,6
202104,unavailable,LAX,AKL,V,A,US,unavailable,unavailable,55 - 64 years,F,15 to 27 days,V,unavailable,unavailable,3
202104,unavailable,SIN,AKL,V,A,GB,unavailable,unavailable,45 - 54 years,M,28+ days,N,unavailable,unavailable,3
202104,unavailable,BNE,AKL,V,A,AU,unavailable,unavailable,25 - 34 years,M,8 - 14 days,N,unavailable,unavailable,6
202104,unavailable,APW,AKL,V,A,WS,unavailable,unavailable,45 - 54 years,F,28+ days,O,unavailable,unavailable,6
202104,unavailable,MEL,AKL,V,A,AU,unavailable,unavailable,19 - 24 years,M,less than 7 days,B,unavailable,unavailable,3
202104,unavailable,SYD,CHC,V,A,AU,unavailable,unavailable,19 - 24 years,F,8 - 14 days,H,unavailable,unavailable,6
202104,unavailable,SIN,AKL,V,A,SG,unavailable,unavailable,25 - 34 years,F,28+ days,V,unavailable,unavailable,3
202104,unavailable,LAX,AKL,V,A,US,unavailable,unavailable,25 - 34 years,F,28+ days,B,unavailable,unavailable,3
202104,unavailable,MEL,AKL,V,A,AU,unavailable,unavailable,45 - 54 years,M,less than 7 days,O,unavailable,unavailable,3
202104,unavailable,SYD,ZQN,V,A,AU,unavailable,unavailable,12 - 18 years,F,less than 7 days,H,unavailable,unavailable,3
202104,unavailable,HBA,AKL,V,A,AU,unavailable,unavailable,35 - 44 years,F,less than 7 days,H,unavailable,unavailable,3
202104,unavailable,BNE,AKL,V,A,GB,unavailable,unavailable,01 - 11 years,M,15 to 27 days,V,unavailable,unavailable,3
202104,unavailable,MEL,AKL,V,A,AU,unavailable,unavailable,25 - 34 years,F,15 to 27 days,B,unavailable,unavailable,3
202104,unavailable,MEL,AKL,V,A,AU,unavailable,unavailable,19 - 24 years,F,15 to 27 days,H,unavailable,unavailable,6
202104,unavailable,SYD,AKL,V,A,XX,unavailable,unavailable,12 - 18 years,M,less than 7 days,N,unavailable,unavailable,6
202104,unavailable,SYD,ZQN,V,A,AU,unavailable,unavailable,55 - 64 years,M,less than 7 days,N,unavailable,unavailable,6
202104,unavailable,BNE,CHC,V,A,AU,unavailable,unavailable,01 - 11 years,F,8 - 14 days,H,unavailable,unavailable,3
202104,unavailable,BNE,CHC,V,A,AU,unavailable,unavailable,45 - 54 years,M,8 - 14 days,H,unavailable,unavailable,3
202104,unavailable,LAX,AKL,V,A,US,unavailable,unavailable,45 - 54 years,M,15 to 27 days,V,unavailable,unavailable,3
202104,unavailable,PER,AKL,V,A,AU,unavailable,unavailable,12 - 18 years,F,8 - 14 days,V,unavailable,unavailable,3
202104,unavailable,SYD,AKL,V,A,AU,unavailable,unavailable,35 - 44 years,M,15 to 27 days,H,unavailable,unavailable,3
202104,unavailable,BNE,AKL,V,A,AU,unavailable,unavailable,65 - 74 years,M,less than 7 days,H,unavailable,unavailable,6
202104,unavailable,SYD,AKL,V,A,AU,unavailable,unavailable,35 - 44 years,M,less than 7 days,E,unavailable,unavailable,3
202104,unavailable,SYD,AKL,V,A,AU,unavailable,unavailable,19 - 24 years,M,15 to 27 days,H,unavailable,unavailable,3
202104,unavailable,OOL,AKL,V,A,AU,unavailable,unavailable,35 - 44 years,M,less than 7 days,B,unavailable,unavailable,3
202104,unavailable,OOL,AKL,V,A,AU,unavailable,unavailable,75+,M,8 - 14 days,V,unavailable,unavailable,3
202104,unavailable,BNE,AKL,V,A,AU,unavailable,unavailable,Less than 1 year,F,28+ days,V,unavailable,unavailable,3
202104,unavailable,SYD,ZQN,V,A,AU,unavailable,unavailable,65 - 74 years,F,15 to 27 days,H,unavailable,unavailable,3
202104,unavailable,ZZS,NSN,V,A,SB,unavailable,unavailable,35 - 44 years,M,28+ days,B,unavailable,unavailable,6
202104,unavailable,BNE,AKL,V,A,AU,unavailable,unavailable,55 - 64 years,F,8 - 14 days,H,unavailable,unavailable,3
202104,unavailable,SYD,WLG,V,A,AU,unavailable,unavailable,45 - 54 years,M,less than 7 days,N,unavailable,unavailable,3
202104,unavailable,BNE,CHC,V,A,AU,unavailable,unavailable,45 - 54 years,M,15 to 27 days,B,unavailable,unavailable,6
202104,unavailable,RAR,AKL,V,A,CK,unavailable,unavailable,45 - 54 years,M,8 - 14 days,O,unavailable,unavailable,3
202104,unavailable,SYD,ZQN,V,A,AU,unavailable,unavailable,01 - 11 years,M,8 - 14 days,H,unavailable,unavailable,6
202104,unavailable,BNE,AKL,V,A,AU,unavailable,unavailable,55 - 64 years,F,less than 7 days,B,unavailable,unavailable,3
202104,unavailable,OOL,CHC,V,A,AU,unavailable,unavailable,35 - 44 years,M,15 to 27 days,V,unavailable,unavailable,6
202104,unavailable,SYD,AKL,V,A,XX,unavailable,unavailable,45 - 54 years,M,28+ days,N,unavailable,unavailable,3
202104,unavailable,BNE,CHC,V,A,AU,unavailable,unavailable,55 - 64 years,F,8 - 14 days,H,unavailable,unavailable,3
202104,unavailable,BNE,AKL,V,A,AU,unavailable,unavailable,25 - 34 years,F,8 - 14 days,N,unavailable,unavailable,3
202104,unavailable,MEL,WLG,V,A,AU,unavailable,unavailable,35 - 44 years,M,8 - 14 days,H,unavailable,unavailable,3
202104,unavailable,BNE,WLG,V,A,AU,unavailable,unavailable,19 - 24 years,F,15 to 27 days,V,unavailable,unavailable,3
202104,unavailable,BNE,WLG,V,A,AU,unavailable,unavailable,01 - 11 years,M,28+ days,V,unavailable,unavailable,6
202104,unavailable,SYD,CHC,V,A,AU,unavailable,unavailable,65 - 74 years,M,less than 7 days,N,unavailable,unavailable,3
202104,unavailable,BNE,CHC,V,A,AU,unavailable,unavailable,19 - 24 years,F,15 to 27 days,V,unavailable,unavailable,6
202104,unavailable,RAR,AKL,V,A,CK,unavailable,unavailable,35 - 44 years,M,28+ days,V,unavailable,unavailable,6
202104,unavailable,KUL,AKL,V,A,IN,unavailable,unavailable,01 - 11 years,F,28+ days,N,unavailable,unavailable,6
202104,unavailable,OOL,AKL,V,A,AU,unavailable,unavailable,19 - 24 years,M,28+ days,V,unavailable,unavailable,3
202104,unavailable,MEL,AKL,V,A,AU,unavailable,unavailable,55 - 64 years,M,15 to 27 days,H,unavailable,unavailable,6
202104,unavailable,MEL,AKL,V,A,AU,unavailable,unavailable,65 - 74 years,M,15 to 27 days,H,unavailable,unavailable,6
202104,unavailable,RAR,AKL,V,A,CK,unavailable,unavailable,25 - 34 years,F,28+ days,V,unavailable,unavailable,3
202104,unavailable,MEL,AKL,V,A,AU,unavailable,unavailable,55 - 64 years,M,15 to 27 days,O,unavailable,unavailable,6
202104,unavailable,BNE,CHC,V,A,AU,unavailable,unavailable,25 - 34 years,M,15 to 27 days,H,unavailable,unavailable,6
202104,unavailable,RAR,AKL,V,A,CK,unavailable,unavailable,65 - 74 years,M,15 to 27 days,V,unavailable,unavailable,3
202104,unavailable,LAX,AKL,V,A,US,unavailable,unavailable,19 - 24 years,M,28+ days,B,unavailable,unavailable,3
202104,unavailable,MEL,CHC,V,A,AU,unavailable,unavailable,35 - 44 years,M,28+ days,V,unavailable,unavailable,3
202104,unavailable,SYD,CHC,V,A,AU,unavailable,unavailable,35 - 44 years,F,28+ days,V,unavailable,unavailable,6
202104,unavailable,BNE,CHC,V,A,AU,unavailable,unavailable,35 - 44 years,F,less than 7 days,H,unavailable,unavailable,3
202104,unavailable,MEL,WLG,V,A,AU,unavailable,unavailable,25 - 34 years,M,less than 7 days,H,unavailable,unavailable,6
202104,unavailable,BNE,AKL,V,A,GB,unavailable,unavailable,35 - 44 years,F,28+ days,V,unavailable,unavailable,3
202104,unavailable,SYD,CHC,V,A,AU,unavailable,unavailable,45 - 54 years,F,less than 7 days,H,unavailable,unavailable,6
202104,unavailable,SYD,ZQN,V,A,AU,unavailable,unavailable,25 - 34 years,M,28+ days,H,unavailable,unavailable,3
202104,unavailable,BNE,AKL,V,A,AU,unavailable,unavailable,25 - 34 years,M,less than 7 days,N,unavailable,unavailable,6
202104,unavailable,BNE,AKL,V,A,AU,unavailable,unavailable,55 - 64 years,M,15 to 27 days,N,unavailable,unavailable,3
202104,unavailable,SYD,ZQN,V,A,AU,unavailable,unavailable,12 - 18 years,M,less than 7 days,V,unavailable,unavailable,6
202104,unavailable,BNE,ZQN,V,A,AU,unavailable,unavailable,35 - 44 years,M,less than 7 days,B,unavailable,unavailable,6
202104,unavailable,KUL,AKL,V,A,IN,unavailable,unavailable,35 - 44 years,M,28+ days,O,unavailable,unavailable,3
202104,unavailable,MEL,CHC,V,A,AU,unavailable,unavailable,01 - 11 years,F,28+ days,V,unavailable,unavailable,3
202104,unavailable,MEL,AKL,V,A,AU,unavailable,unavailable,55 - 64 years,F,15 to 27 days,N,unavailable,unavailable,6
202104,unavailable,OOL,AKL,V,A,AU,unavailable,unavailable,45 - 54 years,M,less than 7 days,H,unavailable,unavailable,3
202104,unavailable,RAR,AKL,V,A,CK,unavailable,unavailable,25 - 34 years,M,8 - 14 days,H,unavailable,unavailable,3
202104,unavailable,KUL,AKL,V,A,GB,unavailable,unavailable,35 - 44 years,F,28+ days,V,unavailable,unavailable,6
202104,unavailable,MEL,ZQN,V,A,AU,unavailable,unavailable,65 - 74 years,M,less than 7 days,H,unavailable,unavailable,3
202104,unavailable,SYD,AKL,V,A,AU,unavailable,unavailable,12 - 18 years,M,8 - 14 days,H,unavailable,unavailable,3
202104,unavailable,SYD,ZQN,V,A,AU,unavailable,unavailable,19 - 24 years,F,8 - 14 days,H,unavailable,unavailable,3
202104,unavailable,SYD,CHC,V,A,AU,unavailable,unavailable,35 - 44 years,F,less than 7 days,H,unavailable,unavailable,3
202104,unavailable,SYD,AKL,V,A,AU,unavailable,unavailable,25 - 34 years,F,8 - 14 days,N,unavailable,unavailable,6
202104,unavailable,BNE,CHC,V,A,AU,unavailable,unavailable,35 - 44 years,F,28+ days,V,unavailable,unavailable,3
202104,unavailable,KUL,AKL,V,A,DE,unavailable,unavailable,25 - 34 years,M,28+ days,V,unavailable,unavailable,6
202104,unavailable,BNE,AKL,V,A,XX,unavailable,unavailable,55 - 64 years,M,less than 7 days,N,unavailable,unavailable,3
202104,unavailable,OOL,CHC,V,A,AU,unavailable,unavailable,55 - 64 years,M,less than 7 days,V,unavailable,unavailable,3
202104,unavailable,MEL,ZQN,V,A,AU,unavailable,unavailable,45 - 54 years,F,15 to 27 days,V,unavailable,unavailable,3
202104,unavailable,BNE,AKL,V,A,XX,unavailable,unavailable,45 - 54 years,M,28+ days,N,unavailable,unavailable,3
202104,unavailable,APW,AKL,V,A,WS,unavailable,unavailable,55 - 64 years,M,28+ days,O,unavailable,unavailable,3
202104,unavailable,BNE,CHC,V,A,AU,unavailable,unavailable,Less than 1 year,F,8 - 14 days,V,unavailable,unavailable,3
202104,unavailable,SYD,CHC,V,A,AU,unavailable,unavailable,19 - 24 years,M,8 - 14 days,H,unavailable,unavailable,3
202104,unavailable,APW,AKL,V,A,WS,unavailable,unavailable,12 - 18 years,M,28+ days,N,unavailable,unavailable,3
202104,unavailable,BNE,WLG,V,A,AU,unavailable,unavailable,65 - 74 years,F,less than 7 days,V,unavailable,unavailable,6
202104,unavailable,RAR,AKL,V,A,CK,unavailable,unavailable,55 - 64 years,F,28+ days,O,unavailable,unavailable,6
202104,unavailable,HKG,AKL,V,A,HK,unavailable,unavailable,35 - 44 years,M,28+ days,V,unavailable,unavailable,3
202104,unavailable,BNE,AKL,V,A,AU,unavailable,unavailable,35 - 44 years,M,15 to 27 days,B,unavailable,unavailable,3
202104,unavailable,NRT,AKL,V,A,JP,unavailable,unavailable,25 - 34 years,F,28+ days,V,unavailable,unavailable,6
202104,unavailable,SYD,ZQN,V,A,AU,unavailable,unavailable,25 - 34 years,F,28+ days,H,unavailable,unavailable,3
202104,unavailable,BNE,AKL,V,A,XX,unavailable,unavailable,45 - 54 years,F,less than 7 days,N,unavailable,unavailable,6
202104,unavailable,RAR,AKL,V,A,CK,unavailable,unavailable,19 - 24 years,F,15 to 27 days,V,unavailable,unavailable,3
202104,unavailable,SYD,AKL,V,A,AU,unavailable,unavailable,19 - 24 years,M,28+ days,H,unavailable,unavailable,3
202104,unavailable,MEL,WLG,V,A,AU,unavailable,unavailable,45 - 54 years,F,less than 7 days,B,unavailable,unavailable,6
202104,unavailable,OOL,AKL,V,A,AU,unavailable,unavailable,19 - 24 years,F,28+ days,V,unavailable,unavailable,3
202104,unavailable,SIN,AKL,V,A,SG,unavailable,unavailable,35 - 44 years,M,28+ days,O,unavailable,unavailable,6
202104,unavailable,SYD,AKL,V,A,AU,unavailable,unavailable,19 - 24 years,M,8 - 14 days,H,unavailable,unavailable,3
202104,unavailable,KUL,AKL,V,A,AE,unavailable,unavailable,01 - 11 years,M,28+ days,V,unavailable,unavailable,3
202104,unavailable,SYD,AKL,V,A,AU,unavailable,unavailable,Less than 1 year,M,less than 7 days,V,unavailable,unavailable,3
202104,unavailable,SYD,AKL,V,A,AU,unavailable,unavailable,75+,M,28+ days,V,unavailable,unavailable,3
202104,unavailable,SYD,CHC,V,A,AU,unavailable,unavailable,25 - 34 years,F,less than 7 days,H,unavailable,unavailable,3
202104,unavailable,BNE,AKL,V,A,XX,unavailable,unavailable,35 - 44 years,F,8 - 14 days,N,unavailable,unavailable,6
202104,unavailable,MEL,AKL,V,A,AU,unavailable,unavailable,25 - 34 years,M,15 to 27 days,H,unavailable,unavailable,3
202104,unavailable,BNE,CHC,V,A,AU,unavailable,unavailable,12 - 18 years,F,15 to 27 days,V,unavailable,unavailable,3
202104,unavailable,SYD,ZQN,V,A,AU,unavailable,unavailable,65 - 74 years,F,8 - 14 days,H,unavailable,unavailable,3
202104,unavailable,BNE,AKL,V,A,AU,unavailable,unavailable,25 - 34 years,F,15 to 27 days,H,unavailable,unavailable,6
202104,unavailable,MEL,AKL,V,A,AU,unavailable,unavailable,45 - 54 years,F,28+ days,N,unavailable,unavailable,3
202104,unavailable,LAX,AKL,V,A,US,unavailable,unavailable,65 - 74 years,M,28+ days,N,unavailable,unavailable,6
202104,unavailable,LAX,AKL,V,A,US,unavailable,unavailable,65 - 74 years,M,28+ days,B,unavailable,unavailable,3
202104,unavailable,BNE,AKL,V,A,AU,unavailable,unavailable,45 - 54 years,F,15 to 27 days,N,unavailable,unavailable,6
202104,unavailable,PER,AKL,V,A,AU,unavailable,unavailable,Less than 1 year,M,8 - 14 days,V,unavailable,unavailable,6
202104,unavailable,BNE,AKL,V,A,AU,unavailable,unavailable,25 - 34 years,F,28+ days,B,unavailable,unavailable,3
202104,unavailable,RAR,AKL,V,A,CK,unavailable,unavailable,35 - 44 years,M,28+ days,O,unavailable,unavailable,3
202104,unavailable,BNE,AKL,V,A,AU,unavailable,unavailable,25 - 34 years,F,less than 7 days,E,unavailable,unavailable,6
202104,unavailable,BNE,AKL,V,A,AU,unavailable,unavailable,45 - 54 years,M,8 - 14 days,E,unavailable,unavailable,6
202104,unavailable,MEL,CHC,V,A,AU,unavailable,unavailable,35 - 44 years,F,8 - 14 days,H,unavailable,unavailable,3
202104,unavailable,MEL,AKL,V,A,AU,unavailable,unavailable,55 - 64 years,M,15 to 27 days,B,unavailable,unavailable,3
202104,unavailable,MEL,AKL,V,A,AU,unavailable,unavailable,25 - 34 years,F,28+ days,E,unavailable,unavailable,3
202104,unavailable,SYD,ZQN,V,A,AU,unavailable,unavailable,75+,M,8 - 14 days,V,unavailable,unavailable,3
202104,unavailable,BNE,AKL,V,A,XX,unavailable,unavailable,01 - 11 years,M,28+ days,N,unavailable,unavailable,3
202104,unavailable,NAN,AKL,V,A,FJ,unavailable,unavailable,75+,M,28+ days,N,unavailable,unavailable,3
202104,unavailable,SYD,AKL,V,A,AU,unavailable,unavailable,25 - 34 years,M,8 - 14 days,O,unavailable,unavailable,3
202104,unavailable,MEL,AKL,V,A,AU,unavailable,unavailable,65 - 74 years,M,8 - 14 days,N,unavailable,unavailable,6
202104,unavailable,MEL,CHC,V,A,AU,unavailable,unavailable,55 - 64 years,M,8 - 14 days,B,unavailable,unavailable,3
202104,unavailable,SYD,AKL,V,A,AU,unavailable,unavailable,01 - 11 years,M,28+ days,N,unavailable,unavailable,6
202104,unavailable,MEL,CHC,V,A,AU,unavailable,unavailable,45 - 54 years,M,28+ days,V,unavailable,unavailable,3
202104,unavailable,BNE,CHC,V,A,AU,unavailable,unavailable,35 - 44 years,M,less than 7 days,H,unavailable,unavailable,3
202104,unavailable,OOL,AKL,V,A,AU,unavailable,unavailable,01 - 11 years,M,less than 7 days,H,unavailable,unavailable,3
202104,unavailable,BNE,AKL,V,A,XX,unavailable,unavailable,45 - 54 years,F,15 to 27 days,N,unavailable,unavailable,3
202104,unavailable,MEL,AKL,V,A,AU,unavailable,unavailable,01 - 11 years,F,15 to 27 days,H,unavailable,unavailable,3
202104,unavailable,MEL,WLG,V,A,AU,unavailable,unavailable,Less than 1 year,M,28+ days,V,unavailable,unavailable,3
202104,unavailable,SYD,ZQN,V,A,AU,unavailable,unavailable,25 - 34 years,M,15 to 27 days,H,unavailable,unavailable,6
202104,unavailable,MEL,ZQN,V,A,AU,unavailable,unavailable,25 - 34 years,F,8 - 14 days,V,unavailable,unavailable,6
202104,unavailable,BNE,CHC,V,A,AU,unavailable,unavailable,Less than 1 year,M,15 to 27 days,V,unavailable,unavailable,3
202104,unavailable,RAR,AKL,V,A,CK,unavailable,unavailable,01 - 11 years,F,less than 7 days,V,unavailable,unavailable,3
202104,unavailable,BNE,AKL,V,A,AU,unavailable,unavailable,Less than 1 year,F,15 to 27 days,V,unavailable,unavailable,6
202104,unavailable,BNE,ZQN,V,A,AU,unavailable,unavailable,45 - 54 years,F,less than 7 days,V,unavailable,unavailable,6
202104,unavailable,SYD,ZQN,V,A,AU,unavailable,unavailable,55 - 64 years,M,15 to 27 days,H,unavailable,unavailable,3
202104,unavailable,MEL,ZQN,V,A,AU,unavailable,unavailable,25 - 34 years,M,8 - 14 days,V,unavailable,unavailable,3
202104,unavailable,BNE,AKL,V,A,XX,unavailable,unavailable,19 - 24 years,F,8 - 14 days,N,unavailable,unavailable,6
202104,unavailable,MEL,AKL,V,A,AU,unavailable,unavailable,65 - 74 years,F,8 - 14 days,N,unavailable,unavailable,3
202104,unavailable,MEL,AKL,V,A,AU,unavailable,unavailable,65 - 74 years,M,less than 7 days,O,unavailable,unavailable,6
202104,unavailable,MEL,WLG,V,A,AU,unavailable,unavailable,12 - 18 years,M,28+ days,V,unavailable,unavailable,3
202104,unavailable,SIN,AKL,V,A,GB,unavailable,unavailable,01 - 11 years,M,28+ days,V,unavailable,unavailable,3
202104,unavailable,MEL,AKL,V,A,AU,unavailable,unavailable,55 - 64 years,M,less than 7 days,O,unavailable,unavailable,3
202104,unavailable,BNE,AKL,V,A,AU,unavailable,unavailable,35 - 44 years,M,less than 7 days,E,unavailable,unavailable,3
202104,unavailable,BNE,AKL,V,A,GB,unavailable,unavailable,45 - 54 years,F,28+ days,V,unavailable,unavailable,6
202104,unavailable,BNE,CHC,V,A,AU,unavailable,unavailable,45 - 54 years,M,less than 7 days,O,unavailable,unavailable,3
202104,unavailable,SYD,AKL,V,A,AU,unavailable,unavailable,12 - 18 years,M,8 - 14 days,N,unavailable,unavailable,3
202104,unavailable,MEL,ZQN,V,A,AU,unavailable,unavailable,55 - 64 years,F,28+ days,V,unavailable,unavailable,3
202104,unavailable,BNE,AKL,V,A,AU,unavailable,unavailable,19 - 24 years,M,less than 7 days,N,unavailable,unavailable,6
202104,unavailable,OOL,CHC,V,A,AU,unavailable,unavailable,35 - 44 years,M,less than 7 days,V,unavailable,unavailable,3
202104,unavailable,OOL,AKL,V,A,AU,unavailable,unavailable,25 - 34 years,M,8 - 14 days,H,unavailable,unavailable,3
202104,unavailable,MEL,ZQN,V,A,AU,unavailable,unavailable,19 - 24 years,F,15 to 27 days,V,unavailable,unavailable,3
202104,unavailable,ZZS,NSN,V,A,SB,unavailable,unavailable,45 - 54 years,M,28+ days,B,unavailable,unavailable,3
202104,unavailable,BNE,AKL,V,A,AU,unavailable,unavailable,45 - 54 years,M,less than 7 days,O,unavailable,unavailable,3
202104,unavailable,ZZS,NPL,V,A,XX,unavailable,unavailable,45 - 54 years,M,less than 7 days,N,unavailable,unavailable,6
202104,unavailable,SYD,CHC,V,A,AU,unavailable,unavailable,35 - 44 years,M,less than 7 days,N,unavailable,unavailable,3
202104,unavailable,SYD,CHC,V,A,AU,unavailable,unavailable,55 - 64 years,M,8 - 14 days,B,unavailable,unavailable,6
202104,unavailable,BNE,AKL,V,A,XX,unavailable,unavailable,01 - 11 years,M,8 - 14 days,N,unavailable,unavailable,3
202104,unavailable,SYD,WLG,V,A,AU,unavailable,unavailable,55 - 64 years,M,8 - 14 days,B,unavailable,unavailable,3
202104,unavailable,MEL,CHC,V,A,AU,unavailable,unavailable,12 - 18 years,F,8 - 14 days,V,unavailable,unavailable,6
202104,unavailable,SYD,CHC,V,A,AU,unavailable,unavailable,19 - 24 years,F,less than 7 days,H,unavailable,unavailable,6
202104,unavailable,MEL,CHC,V,A,AU,unavailable,unavailable,25 - 34 years,F,less than 7 days,H,unavailable,unavailable,6
202104,unavailable,PER,AKL,V,A,AU,unavailable,unavailable,55 - 64 years,F,15 to 27 days,H,unavailable,unavailable,3
202104,unavailable,SYD,AKL,V,A,AU,unavailable,unavailable,55 - 64 years,M,15 to 27 days,O,unavailable,unavailable,6
202104,unavailable,MEL,AKL,V,A,AU,unavailable,unavailable,45 - 54 years,F,8 - 14 days,B,unavailable,unavailable,6
202104,unavailable,BNE,AKL,V,A,AU,unavailable,unavailable,55 - 64 years,F,15 to 27 days,N,unavailable,unavailable,3
202104,unavailable,BNE,CHC,V,A,AU,unavailable,unavailable,25 - 34 years,M,28+ days,N,unavailable,unavailable,3
202104,unavailable,BNE,AKL,V,A,AU,unavailable,unavailable,35 - 44 years,M,8 - 14 days,E,unavailable,unavailable,6
202104,unavailable,SYD,AKL,V,A,AU,unavailable,unavailable,19 - 24 years,F,28+ days,H,unavailable,unavailable,3
202104,unavailable,BNE,CHC,V,A,AU,unavailable,unavailable,01 - 11 years,F,28+ days,V,unavailable,unavailable,3
202104,unavailable,MEL,AKL,V,A,AU,unavailable,unavailable,01 - 11 years,F,8 - 14 days,N,unavailable,unavailable,3
202104,unavailable,LAX,AKL,V,A,CA,unavailable,unavailable,35 - 44 years,F,28+ days,V,unavailable,unavailable,6
202104,unavailable,BNE,AKL,V,A,AU,unavailable,unavailable,45 - 54 years,F,less than 7 days,H,unavailable,unavailable,3
202104,unavailable,IUE,AKL,V,A,NU,unavailable,unavailable,65 - 74 years,F,28+ days,O,unavailable,unavailable,3
202104,unavailable,RAR,AKL,V,A,CK,unavailable,unavailable,55 - 64 years,F,15 to 27 days,O,unavailable,unavailable,3
202104,unavailable,BNE,AKL,V,A,AU,unavailable,unavailable,45 - 54 years,F,28+ days,B,unavailable,unavailable,3
202104,unavailable,MEL,AKL,V,A,AU,unavailable,unavailable,35 - 44 years,F,less than 7 days,O,unavailable,unavailable,3
202104,unavailable,BNE,ZQN,V,A,AU,unavailable,unavailable,65 - 74 years,M,8 - 14 days,V,unavailable,unavailable,3
202104,unavailable,BNE,AKL,V,A,AU,unavailable,unavailable,65 - 74 years,M,28+ days,H,unavailable,unavailable,6
202104,unavailable,BNE,AKL,V,A,XX,unavailable,unavailable,01 - 11 years,F,28+ days,N,unavailable,unavailable,6
202104,unavailable,MEL,CHC,V,A,AU,unavailable,unavailable,35 - 44 years,M,less than 7 days,E,unavailable,unavailable,3
202104,unavailable,BNE,ZQN,V,A,AU,unavailable,unavailable,55 - 64 years,M,8 - 14 days,V,unavailable,unavailable,3
202104,unavailable,BNE,CHC,V,A,AU,unavailable,unavailable,35 - 44 years,M,28+ days,V,unavailable,unavailable,3
202104,unavailable,BNE,AKL,V,A,AU,unavailable,unavailable,25 - 34 years,M,28+ days,B,unavailable,unavailable,3
202104,unavailable,MEL,CHC,V,A,AU,unavailable,unavailable,75+,M,8 - 14 days,V,unavailable,unavailable,3
202104,unavailable,OOL,AKL,V,A,AU,unavailable,unavailable,75+,M,less than 7 days,V,unavailable,unavailable,3
202104,unavailable,APW,AKL,V,A,WS,unavailable,unavailable,19 - 24 years,M,28+ days,N,unavailable,unavailable,6
202104,unavailable,MEL,AKL,V,A,AU,unavailable,unavailable,35 - 44 years,M,15 to 27 days,B,unavailable,unavailable,3
202104,unavailable,SYD,AKL,V,A,XX,unavailable,unavailable,19 - 24 years,F,15 to 27 days,N,unavailable,unavailable,3
202104,unavailable,SYD,AKL,V,A,AU,unavailable,unavailable,25 - 34 years,M,less than 7 days,E,unavailable,unavailable,6
202104,unavailable,SYD,ZQN,V,A,AU,unavailable,unavailable,65 - 74 years,F,15 to 27 days,V,unavailable,unavailable,6
202104,unavailable,SYD,CHC,V,A,AU,unavailable,unavailable,Less than 1 year,F,8 - 14 days,V,unavailable,unavailable,3
202104,unavailable,MEL,WLG,V,A,AU,unavailable,unavailable,12 - 18 years,F,28+ days,V,unavailable,unavailable,3
202104,unavailable,MEL,AKL,V,A,AU,unavailable,unavailable,35 - 44 years,F,8 - 14 days,B,unavailable,unavailable,6
202104,unavailable,OOL,AKL,V,A,AU,unavailable,unavailable,35 - 44 years,M,28+ days,B,unavailable,unavailable,3
202104,unavailable,MEL,AKL,V,A,AU,unavailable,unavailable,25 - 34 years,F,28+ days,B,unavailable,unavailable,3
202104,unavailable,KUL,AKL,V,A,IN,unavailable,unavailable,25 - 34 years,M,15 to 27 days,O,unavailable,unavailable,3
202104,unavailable,SYD,CHC,V,A,AU,unavailable,unavailable,45 - 54 years,M,15 to 27 days,H,unavailable,unavailable,6
202104,unavailable,MEL,CHC,V,A,AU,unavailable,unavailable,75+,F,28+ days,V,unavailable,unavailable,6
202104,unavailable,IUE,AKL,V,A,NU,unavailable,unavailable,75+,F,28+ days,O,unavailable,unavailable,6
202104,unavailable,BNE,AKL,V,A,AU,unavailable,unavailable,55 - 64 years,M,28+ days,H,unavailable,unavailable,3
202104,unavailable,MEL,ZQN,V,A,AU,unavailable,unavailable,25 - 34 years,F,28+ days,V,unavailable,unavailable,6
202104,unavailable,SYD,CHC,V,A,AU,unavailable,unavailable,25 - 34 years,F,8 - 14 days,H,unavailable,unavailable,3
202104,unavailable,MEL,ZQN,V,A,AU,unavailable,unavailable,65 - 74 years,F,8 - 14 days,V,unavailable,unavailable,3
202104,unavailable,BNE,AKL,V,A,AU,unavailable,unavailable,01 - 11 years,F,28+ days,H,unavailable,unavailable,6
202104,unavailable,SYD,AKL,V,A,AU,unavailable,unavailable,45 - 54 years,F,28+ days,O,unavailable,unavailable,3
202104,unavailable,MEL,AKL,V,A,AU,unavailable,unavailable,25 - 34 years,F,28+ days,O,unavailable,unavailable,3
202104,unavailable,SYD,AKL,V,A,AU,unavailable,unavailable,19 - 24 years,F,8 - 14 days,N,unavailable,unavailable,3
202104,unavailable,SYD,AKL,V,A,AU,unavailable,unavailable,65 - 74 years,F,15 to 27 days,H,unavailable,unavailable,6
202104,unavailable,SYD,CHC,V,A,AU,unavailable,unavailable,75+,F,less than 7 days,V,unavailable,unavailable,3
202104,unavailable,BNE,AKL,V,A,AU,unavailable,unavailable,01 - 11 years,F,8 - 14 days,H,unavailable,unavailable,6
202104,unavailable,BNE,AKL,V,A,AU,unavailable,unavailable,45 - 54 years,F,8 - 14 days,N,unavailable,unavailable,3
202104,unavailable,MEL,WLG,V,A,AU,unavailable,unavailable,65 - 74 years,M,8 - 14 days,V,unavailable,unavailable,6
202104,unavailable,RAR,AKL,V,A,CK,unavailable,unavailable,55 - 64 years,F,less than 7 days,O,unavailable,unavailable,3
202104,unavailable,MEL,AKL,V,A,AU,unavailable,unavailable,25 - 34 years,M,28+ days,H,unavailable,unavailable,6
202104,unavailable,OOL,AKL,V,A,AU,unavailable,unavailable,45 - 54 years,F,28+ days,V,unavailable,unavailable,3
202104,unavailable,OOL,AKL,V,A,AU,unavailable,unavailable,45 - 54 years,M,28+ days,V,unavailable,unavailable,3
202104,unavailable,SYD,AKL,V,A,AU,unavailable,unavailable,35 - 44 years,F,less than 7 days,O,unavailable,unavailable,6
202104,unavailable,OOL,AKL,V,A,AU,unavailable,unavailable,35 - 44 years,M,less than 7 days,N,unavailable,unavailable,3
202104,unavailable,MEL,ZQN,V,A,AU,unavailable,unavailable,55 - 64 years,F,15 to 27 days,V,unavailable,unavailable,3
202104,unavailable,MEL,ZQN,V,A,AU,unavailable,unavailable,55 - 64 years,M,15 to 27 days,V,unavailable,unavailable,3
202104,unavailable,MEL,AKL,V,A,AU,unavailable,unavailable,55 - 64 years,M,8 - 14 days,N,unavailable,unavailable,3
202104,unavailable,SYD,AKL,V,A,AU,unavailable,unavailable,45 - 54 years,F,8 - 14 days,B,unavailable,unavailable,3
202104,unavailable,KUL,AKL,V,A,AE,unavailable,unavailable,01 - 11 years,F,28+ days,V,unavailable,unavailable,6
202104,unavailable,SYD,CHC,V,A,AU,unavailable,unavailable,Less than 1 year,M,8 - 14 days,V,unavailable,unavailable,6
202104,unavailable,BNE,AKL,V,A,AU,unavailable,unavailable,35 - 44 years,M,8 - 14 days,H,unavailable,unavailable,3
202104,unavailable,SYD,AKL,V,A,AU,unavailable,unavailable,35 - 44 years,M,less than 7 days,O,unavailable,unavailable,3
202104,unavailable,MEL,AKL,V,A,AU,unavailable,unavailable,01 - 11 years,M,8 - 14 days,O,unavailable,unavailable,3
202104,unavailable,LAX,AKL,V,A,US,unavailable,unavailable,45 - 54 years,F,28+ days,O,unavailable,unavailable,3
202104,unavailable,BNE,AKL,V,A,AU,unavailable,unavailable,65 - 74 years,F,8 - 14 days,H,unavailable,unavailable,3
202104,unavailable,BNE,CHC,V,A,AU,unavailable,unavailable,25 - 34 years,F,15 to 27 days,H,unavailable,unavailable,3
202104,unavailable,SIN,AKL,V,A,GB,unavailable,unavailable,55 - 64 years,M,28+ days,V,unavailable,unavailable,3
202104,unavailable,MEL,AKL,V,A,AU,unavailable,unavailable,75+,M,less than 7 days,V,unavailable,unavailable,3
202104,unavailable,OOL,AKL,V,A,AU,unavailable,unavailable,Less than 1 year,M,15 to 27 days,V,unavailable,unavailable,6
202104,unavailable,SYD,AKL,V,A,AU,unavailable,unavailable,01 - 11 years,F,15 to 27 days,H,unavailable,unavailable,6
202104,unavailable,OOL,AKL,V,A,AU,unavailable,unavailable,35 - 44 years,F,less than 7 days,H,unavailable,unavailable,6
202104,unavailable,HBA,AKL,V,A,AU,unavailable,unavailable,25 - 34 years,M,less than 7 days,H,unavailable,unavailable,3
202104,unavailable,SYD,WLG,V,A,AU,unavailable,unavailable,45 - 54 years,M,15 to 27 days,N,unavailable,unavailable,3
202104,unavailable,SIN,AKL,V,A,GB,unavailable,unavailable,45 - 54 years,M,15 to 27 days,V,unavailable,unavailable,3
202104,unavailable,SIN,AKL,V,A,CH,unavailable,unavailable,45 - 54 years,M,28+ days,B,unavailable,unavailable,3
202104,unavailable,SYD,AKL,V,A,AU,unavailable,unavailable,19 - 24 years,M,28+ days,N,unavailable,unavailable,3
202104,unavailable,SIN,AKL,V,A,ID,unavailable,unavailable,01 - 11 years,F,28+ days,V,unavailable,unavailable,3
202104,unavailable,BNE,AKL,V,A,GB,unavailable,unavailable,25 - 34 years,M,28+ days,N,unavailable,unavailable,3
202104,unavailable,APW,AKL,V,A,WS,unavailable,unavailable,45 - 54 years,F,28+ days,V,unavailable,unavailable,3
202104,unavailable,KUL,AKL,V,A,GB,unavailable,unavailable,55 - 64 years,M,28+ days,V,unavailable,unavailable,3
202104,unavailable,MEL,WLG,V,A,AU,unavailable,unavailable,12 - 18 years,M,15 to 27 days,V,unavailable,unavailable,3
202104,unavailable,PER,AKL,V,A,AU,unavailable,unavailable,65 - 74 years,M,15 to 27 days,H,unavailable,unavailable,3
202104,unavailable,BNE,WLG,V,A,AU,unavailable,unavailable,35 - 44 years,M,15 to 27 days,V,unavailable,unavailable,3
202104,unavailable,MEL,AKL,V,A,AU,unavailable,unavailable,25 - 34 years,M,8 - 14 days,E,unavailable,unavailable,3
202104,unavailable,BNE,AKL,V,A,ZA,unavailable,unavailable,55 - 64 years,F,28+ days,V,unavailable,unavailable,3
202104,unavailable,IUE,AKL,V,A,NU,unavailable,unavailable,55 - 64 years,F,28+ days,O,unavailable,unavailable,3
202104,unavailable,BNE,AKL,V,A,AU,unavailable,unavailable,55 - 64 years,F,8 - 14 days,E,unavailable,unavailable,3
202104,unavailable,MEL,AKL,V,A,AU,unavailable,unavailable,35 - 44 years,F,15 to 27 days,N,unavailable,unavailable,3
202104,unavailable,KUL,AKL,V,A,IN,unavailable,unavailable,25 - 34 years,M,28+ days,N,unavailable,unavailable,3
202104,unavailable,SYD,CHC,V,A,AU,unavailable,unavailable,65 - 74 years,M,less than 7 days,H,unavailable,unavailable,3
202104,unavailable,BNE,CHC,V,A,AU,unavailable,unavailable,55 - 64 years,M,8 - 14 days,B,unavailable,unavailable,3
202104,unavailable,SYD,AKL,V,A,XX,unavailable,unavailable,65 - 74 years,M,15 to 27 days,N,unavailable,unavailable,3
202104,unavailable,SYD,CHC,V,A,AU,unavailable,unavailable,45 - 54 years,F,less than 7 days,N,unavailable,unavailable,3
202104,unavailable,KUL,AKL,V,A,US,unavailable,unavailable,19 - 24 years,F,28+ days,V,unavailable,unavailable,3
202104,unavailable,MEL,WLG,V,A,AU,unavailable,unavailable,19 - 24 years,M,15 to 27 days,V,unavailable,unavailable,3
202104,unavailable,NRT,AKL,V,A,CA,unavailable,unavailable,25 - 34 years,M,28+ days,B,unavailable,unavailable,3
202104,unavailable,KUL,AKL,V,A,IN,unavailable,unavailable,01 - 11 years,M,28+ days,N,unavailable,unavailable,3
202104,unavailable,BNE,CHC,V,A,AU,unavailable,unavailable,Less than 1 year,M,28+ days,V,unavailable,unavailable,3
202104,unavailable,PER,AKL,V,A,AU,unavailable,unavailable,55 - 64 years,F,28+ days,H,unavailable,unavailable,3
202104,unavailable,RAR,AKL,V,A,CK,unavailable,unavailable,65 - 74 years,M,28+ days,N,unavailable,unavailable,3
202104,unavailable,MEL,CHC,V,A,AU,unavailable,unavailable,55 - 64 years,F,15 to 27 days,N,unavailable,unavailable,3
202104,unavailable,PER,AKL,V,A,AU,unavailable,unavailable,55 - 64 years,M,8 - 14 days,H,unavailable,unavailable,3
202104,unavailable,APW,AKL,V,A,WS,unavailable,unavailable,55 - 64 years,F,28+ days,N,unavailable,unavailable,3
202104,unavailable,SYD,WLG,V,A,AU,unavailable,unavailable,55 - 64 years,F,less than 7 days,H,unavailable,unavailable,3
202104,unavailable,MEL,WLG,V,A,AU,unavailable,unavailable,12 - 18 years,M,less than 7 days,V,unavailable,unavailable,3
202104,unavailable,BNE,AKL,V,A,AU,unavailable,unavailable,45 - 54 years,F,less than 7 days,E,unavailable,unavailable,3
202104,unavailable,MEL,ZQN,V,A,AU,unavailable,unavailable,19 - 24 years,F,8 - 14 days,V,unavailable,unavailable,3
202104,unavailable,MEL,AKL,V,A,AU,unavailable,unavailable,35 - 44 years,F,less than 7 days,N,unavailable,unavailable,3
202104,unavailable,MEL,ZQN,V,A,AU,unavailable,unavailable,25 - 34 years,M,28+ days,V,unavailable,unavailable,3
202104,unavailable,BNE,AKL,V,A,XX,unavailable,unavailable,55 - 64 years,M,28+ days,N,unavailable,unavailable,3
202104,unavailable,MEL,ZQN,V,A,AU,unavailable,unavailable,45 - 54 years,M,less than 7 days,N,unavailable,unavailable,3
202104,unavailable,OOL,CHC,V,A,AU,unavailable,unavailable,45 - 54 years,M,less than 7 days,V,unavailable,unavailable,3
202104,unavailable,KUL,AKL,V,A,IN,unavailable,unavailable,01 - 11 years,F,28+ days,V,unavailable,unavailable,3
202104,unavailable,MEL,AKL,V,A,AU,unavailable,unavailable,12 - 18 years,F,15 to 27 days,O,unavailable,unavailable,3
202104,unavailable,SYD,AKL,V,A,AU,unavailable,unavailable,01 - 11 years,F,less than 7 days,O,unavailable,unavailable,3
202104,unavailable,LAX,AKL,V,A,US,unavailable,unavailable,19 - 24 years,M,28+ days,V,unavailable,unavailable,3
202104,unavailable,BNE,WLG,V,A,AU,unavailable,unavailable,35 - 44 years,F,28+ days,V,unavailable,unavailable,3
202104,unavailable,SYD,CHC,V,A,AU,unavailable,unavailable,35 - 44 years,M,15 to 27 days,H,unavailable,unavailable,3
202104,unavailable,RAR,AKL,V,A,CK,unavailable,unavailable,55 - 64 years,F,less than 7 days,V,unavailable,unavailable,3
202104,unavailable,SYD,AKL,V,A,AU,unavailable,unavailable,25 - 34 years,F,15 to 27 days,N,unavailable,unavailable,3
202104,unavailable,OOL,AKL,V,A,AU,unavailable,unavailable,55 - 64 years,F,8 - 14 days,H,unavailable,unavailable,3
202104,unavailable,MEL,WLG,V,A,AU,unavailable,unavailable,45 - 54 years,M,15 to 27 days,B,unavailable,unavailable,3
202104,unavailable,SYD,AKL,V,A,AU,unavailable,unavailable,35 - 44 years,F,28+ days,O,unavailable,unavailable,3
202104,unavailable,KUL,AKL,V,A,IN,unavailable,unavailable,35 - 44 years,M,28+ days,V,unavailable,unavailable,3
202104,unavailable,KUL,AKL,V,A,DE,unavailable,unavailable,35 - 44 years,M,28+ days,V,unavailable,unavailable,3
202104,unavailable,SYD,AKL,V,A,XX,unavailable,unavailable,35 - 44 years,F,15 to 27 days,N,unavailable,unavailable,3
202104,unavailable,OOL,AKL,V,A,AU,unavailable,unavailable,Less than 1 year,F,8 - 14 days,V,unavailable,unavailable,3
202104,unavailable,KUL,AKL,V,A,AE,unavailable,unavailable,25 - 34 years,M,28+ days,E,unavailable,unavailable,3
202104,unavailable,CAN,AKL,V,A,CN,unavailable,unavailable,65 - 74 years,F,28+ days,V,unavailable,unavailable,3
202104,unavailable,MEL,CHC,V,A,AU,unavailable,unavailable,19 - 24 years,F,15 to 27 days,V,unavailable,unavailable,3
202104,unavailable,SYD,AKL,V,A,AU,unavailable,unavailable,55 - 64 years,F,15 to 27 days,O,unavailable,unavailable,3
202104,unavailable,RAR,AKL,V,A,CK,unavailable,unavailable,45 - 54 years,M,less than 7 days,B,unavailable,unavailable,3
202104,unavailable,BNE,AKL,V,A,AU,unavailable,unavailable,35 - 44 years,M,less than 7 days,O,unavailable,unavailable,3
202104,unavailable,LAX,AKL,V,A,US,unavailable,unavailable,25 - 34 years,F,28+ days,O,unavailable,unavailable,3
202104,unavailable,MEL,AKL,V,A,AU,unavailable,unavailable,45 - 54 years,F,28+ days,H,unavailable,unavailable,3
202104,unavailable,LAX,AKL,V,A,US,unavailable,unavailable,19 - 24 years,M,28+ days,N,unavailable,unavailable,3
202104,unavailable,SYD,CHC,V,A,AU,unavailable,unavailable,35 - 44 years,F,15 to 27 days,H,unavailable,unavailable,3
202104,unavailable,MEL,CHC,V,A,AU,unavailable,unavailable,35 - 44 years,M,less than 7 days,H,unavailable,unavailable,3
202104,unavailable,SYD,WLG,V,A,AU,unavailable,unavailable,25 - 34 years,M,28+ days,H,unavailable,unavailable,3
202104,unavailable,SYD,CHC,V,A,AU,unavailable,unavailable,25 - 34 years,F,less than 7 days,N,unavailable,unavailable,3
202104,unavailable,SYD,AKL,V,A,AU,unavailable,unavailable,75+,M,less than 7 days,N,unavailable,unavailable,3
202104,unavailable,SIN,AKL,V,A,GB,unavailable,unavailable,65 - 74 years,F,28+ days,V,unavailable,unavailable,3
202104,unavailable,MEL,AKL,V,A,AU,unavailable,unavailable,55 - 64 years,M,28+ days,B,unavailable,unavailable,3
202104,unavailable,BNE,AKL,V,A,PG,unavailable,unavailable,55 - 64 years,M,28+ days,N,unavailable,unavailable,3
202104,unavailable,SYD,WLG,V,A,AU,unavailable,unavailable,35 - 44 years,F,less than 7 days,H,unavailable,unavailable,3
202104,unavailable,SYD,WLG,V,A,AU,unavailable,unavailable,45 - 54 years,F,less than 7 days,N,unavailable,unavailable,3
202104,unavailable,BNE,AKL,V,A,XX,unavailable,unavailable,65 - 74 years,M,28+ days,N,unavailable,unavailable,3
202104,unavailable,BNE,CHC,V,A,AU,unavailable,unavailable,25 - 34 years,M,less than 7 days,B,unavailable,unavailable,3
202104,unavailable,RAR,AKL,V,A,CK,unavailable,unavailable,55 - 64 years,M,28+ days,O,unavailable,unavailable,3
202104,unavailable,RAR,AKL,V,A,CK,unavailable,unavailable,19 - 24 years,F,8 - 14 days,V,unavailable,unavailable,3
202104,unavailable,BNE,AKL,V,A,ZA,unavailable,unavailable,65 - 74 years,F,28+ days,V,unavailable,unavailable,3
202104,unavailable,BNE,WLG,V,A,AU,unavailable,unavailable,45 - 54 years,F,28+ days,V,unavailable,unavailable,3
202104,unavailable,RAR,AKL,V,A,CK,unavailable,unavailable,65 - 74 years,M,less than 7 days,H,unavailable,unavailable,3
202104,unavailable,SYD,ZQN,V,A,AU,unavailable,unavailable,19 - 24 years,F,28+ days,V,unavailable,unavailable,3
202104,unavailable,MEL,AKL,V,A,AU,unavailable,unavailable,12 - 18 years,F,28+ days,N,unavailable,unavailable,3
202104,unavailable,MEL,CHC,V,A,AU,unavailable,unavailable,65 - 74 years,M,less than 7 days,H,unavailable,unavailable,3
202104,unavailable,SYD,AKL,V,A,AU,unavailable,unavailable,55 - 64 years,F,15 to 27 days,B,unavailable,unavailable,3
202104,unavailable,ZZS,GIS,V,A,XX,unavailable,unavailable,25 - 34 years,M,less than 7 days,N,unavailable,unavailable,3
202104,unavailable,KUL,AKL,V,A,AE,unavailable,unavailable,25 - 34 years,F,28+ days,E,unavailable,unavailable,3
202104,unavailable,BNE,AKL,V,A,AU,unavailable,unavailable,35 - 44 years,F,8 - 14 days,O,unavailable,unavailable,3
202104,unavailable,SYD,ZQN,V,A,AU,unavailable,unavailable,Less than 1 year,F,less than 7 days,H,unavailable,unavailable,3
202104,unavailable,NLK,NPE,V,A,XX,unavailable,unavailable,35 - 44 years,M,28+ days,N,unavailable,unavailable,3
202104,unavailable,OOL,AKL,V,A,AU,unavailable,unavailable,19 - 24 years,F,15 to 27 days,H,unavailable,unavailable,3
202104,unavailable,MEL,AKL,V,A,AU,unavailable,unavailable,45 - 54 years,M,15 to 27 days,N,unavailable,unavailable,3
202104,unavailable,SYD,ZQN,V,A,AU,unavailable,unavailable,25 - 34 years,F,15 to 27 days,H,unavailable,unavailable,3
202104,unavailable,HBA,AKL,V,A,AU,unavailable,unavailable,65 - 74 years,F,less than 7 days,V,unavailable,unavailable,3
202104,unavailable,MEL,CHC,V,A,AU,unavailable,unavailable,19 - 24 years,M,15 to 27 days,V,unavailable,unavailable,3
202104,unavailable,RAR,AKL,V,A,CK,unavailable,unavailable,25 - 34 years,F,15 to 27 days,O,unavailable,unavailable,3
202104,unavailable,BNE,ZQN,V,A,AU,unavailable,unavailable,55 - 64 years,F,8 - 14 days,H,unavailable,unavailable,3
202104,unavailable,KUL,AKL,V,A,IN,unavailable,unavailable,01 - 11 years,M,28+ days,V,unavailable,unavailable,3
202104,unavailable,SYD,AKL,V,A,AU,unavailable,unavailable,55 - 64 years,F,28+ days,O,unavailable,unavailable,3
202104,unavailable,KUL,AKL,V,A,NL,unavailable,unavailable,25 - 34 years,M,28+ days,V,unavailable,unavailable,3
202104,unavailable,SYD,ZQN,V,A,AU,unavailable,unavailable,25 - 34 years,F,less than 7 days,N,unavailable,unavailable,3
202104,unavailable,MEL,ZQN,V,A,AU,unavailable,unavailable,25 - 34 years,M,8 - 14 days,N,unavailable,unavailable,3
202104,unavailable,SYD,AKL,V,A,AU,unavailable,unavailable,45 - 54 years,M,8 - 14 days,E,unavailable,unavailable,3
202104,unavailable,BNE,AKL,V,A,XX,unavailable,unavailable,25 - 34 years,M,28+ days,N,unavailable,unavailable,3
202104,unavailable,MEL,CHC,V,A,AU,unavailable,unavailable,55 - 64 years,F,less than 7 days,N,unavailable,unavailable,3
202104,unavailable,SYD,AKL,V,A,AU,unavailable,unavailable,45 - 54 years,F,15 to 27 days,H,unavailable,unavailable,3
202104,unavailable,OOL,AKL,V,A,AU,unavailable,unavailable,35 - 44 years,F,15 to 27 days,N,unavailable,unavailable,3
202104,unavailable,SIN,AKL,V,A,CH,unavailable,unavailable,55 - 64 years,F,28+ days,V,unavailable,unavailable,3
202104,unavailable,MEL,ZQN,V,A,AU,unavailable,unavailable,55 - 64 years,M,28+ days,V,unavailable,unavailable,3
202104,unavailable,LAX,AKL,V,A,US,unavailable,unavailable,19 - 24 years,F,28+ days,N,unavailable,unavailable,3
202104,unavailable,KUL,AKL,V,A,IN,unavailable,unavailable,19 - 24 years,F,28+ days,O,unavailable,unavailable,3
202104,unavailable,RAR,AKL,V,A,CK,unavailable,unavailable,01 - 11 years,F,less than 7 days,H,unavailable,unavailable,3
202104,unavailable,ZZS,NPL,V,A,XX,unavailable,unavailable,25 - 34 years,M,less than 7 days,N,unavailable,unavailable,3
202104,unavailable,SYD,WLG,V,A,AU,unavailable,unavailable,55 - 64 years,M,28+ days,B,unavailable,unavailable,3
202104,unavailable,BNE,WLG,V,A,AU,unavailable,unavailable,12 - 18 years,M,less than 7 days,V,unavailable,unavailable,3
202104,unavailable,TBU,AKL,V,A,TO,unavailable,unavailable,01 - 11 years,F,28+ days,V,unavailable,unavailable,3
202104,unavailable,BNE,AKL,V,A,AU,unavailable,unavailable,65 - 74 years,F,less than 7 days,H,unavailable,unavailable,3
202104,unavailable,SHA,AKL,V,A,CN,unavailable,unavailable,25 - 34 years,M,15 to 27 days,O,unavailable,unavailable,3
202104,unavailable,SYD,AKL,V,A,AU,unavailable,unavailable,45 - 54 years,F,8 - 14 days,N,unavailable,unavailable,3
202104,unavailable,MEL,ZQN,V,A,AU,unavailable,unavailable,65 - 74 years,F,8 - 14 days,H,unavailable,unavailable,3
202104,unavailable,BNE,WLG,V,A,AU,unavailable,unavailable,19 - 24 years,M,less than 7 days,V,unavailable,unavailable,3
202104,unavailable,APW,AKL,V,A,WS,unavailable,unavailable,25 - 34 years,M,28+ days,V,unavailable,unavailable,3
202104,unavailable,BNE,AKL,V,A,AU,unavailable,unavailable,25 - 34 years,F,28+ days,N,unavailable,unavailable,3
202104,unavailable,SYD,AKL,V,A,AU,unavailable,unavailable,19 - 24 years,M,8 - 14 days,N,unavailable,unavailable,3
202104,unavailable,SYD,AKL,V,A,AU,unavailable,unavailable,45 - 54 years,F,28+ days,B,unavailable,unavailable,3
202104,unavailable,MEL,ZQN,V,A,AU,unavailable,unavailable,25 - 34 years,M,less than 7 days,B,unavailable,unavailable,3
202104,unavailable,KUL,AKL,V,A,XX,unavailable,unavailable,45 - 54 years,M,28+ days,B,unavailable,unavailable,3
202104,unavailable,SYD,ZQN,V,A,AU,unavailable,unavailable,19 - 24 years,F,8 - 14 days,V,unavailable,unavailable,3
202104,unavailable,SYD,CHC,V,A,AU,unavailable,unavailable,65 - 74 years,F,15 to 27 days,H,unavailable,unavailable,3
202104,unavailable,KUL,AKL,V,A,GB,unavailable,unavailable,01 - 11 years,F,28+ days,V,unavailable,unavailable,3
202104,unavailable,BNE,CHC,V,A,AU,unavailable,unavailable,55 - 64 years,M,8 - 14 days,E,unavailable,unavailable,3
202104,unavailable,SYD,WLG,V,A,AU,unavailable,unavailable,01 - 11 years,F,28+ days,V,unavailable,unavailable,3
202104,unavailable,BNE,CHC,V,A,AU,unavailable,unavailable,35 - 44 years,M,15 to 27 days,H,unavailable,unavailable,3
202104,unavailable,PER,AKL,V,A,AU,unavailable,unavailable,Less than 1 year,F,28+ days,V,unavailable,unavailable,3
202104,unavailable,KUL,AKL,V,A,IN,unavailable,unavailable,25 - 34 years,M,28+ days,O,unavailable,unavailable,3
202104,unavailable,LAX,AKL,V,A,US,unavailable,unavailable,01 - 11 years,M,28+ days,V,unavailable,unavailable,3
202104,unavailable,MEL,AKL,V,A,AU,unavailable,unavailable,45 - 54 years,M,8 - 14 days,N,unavailable,unavailable,3
202104,unavailable,LAX,AKL,V,A,US,unavailable,unavailable,35 - 44 years,M,28+ days,O,unavailable,unavailable,3
202104,unavailable,BNE,CHC,V,A,AU,unavailable,unavailable,55 - 64 years,M,less than 7 days,H,unavailable,unavailable,3
202104,unavailable,SYD,AKL,V,A,XX,unavailable,unavailable,19 - 24 years,M,8 - 14 days,N,unavailable,unavailable,3
202104,unavailable,BNE,WLG,V,A,AU,unavailable,unavailable,55 - 64 years,M,28+ days,V,unavailable,unavailable,3
202104,unavailable,OOL,CHC,V,A,AU,unavailable,unavailable,25 - 34 years,M,15 to 27 days,V,unavailable,unavailable,3
202104,unavailable,BNE,AKL,V,A,AU,unavailable,unavailable,25 - 34 years,M,8 - 14 days,B,unavailable,unavailable,3
202104,unavailable,SYD,AKL,V,A,XX,unavailable,unavailable,65 - 74 years,F,less than 7 days,N,unavailable,unavailable,3
202104,unavailable,MEL,ZQN,V,A,AU,unavailable,unavailable,01 - 11 years,F,15 to 27 days,V,unavailable,unavailable,3
202104,unavailable,BNE,WLG,V,A,AU,unavailable,unavailable,19 - 24 years,M,8 - 14 days,V,unavailable,unavailable,3
202104,unavailable,LAX,AKL,V,A,US,unavailable,unavailable,25 - 34 years,M,28+ days,H,unavailable,unavailable,3
202104,unavailable,BNE,AKL,V,A,AU,unavailable,unavailable,55 - 64 years,M,28+ days,B,unavailable,unavailable,3
202104,unavailable,SYD,AKL,V,A,XX,unavailable,unavailable,65 - 74 years,M,28+ days,N,unavailable,unavailable,3
202104,unavailable,BNE,AKL,V,A,XX,unavailable,unavailable,75+,M,28+ days,N,unavailable,unavailable,3
202104,unavailable,SYD,CHC,V,A,AU,unavailable,unavailable,19 - 24 years,M,28+ days,V,unavailable,unavailable,3
202104,unavailable,SYD,AKL,V,A,XX,unavailable,unavailable,01 - 11 years,M,8 - 14 days,N,unavailable,unavailable,3
202104,unavailable,BNE,AKL,V,A,AU,unavailable,unavailable,65 - 74 years,M,28+ days,B,unavailable,unavailable,3
202104,unavailable,BNE,AKL,V,A,AU,unavailable,unavailable,45 - 54 years,F,8 - 14 days,E,unavailable,unavailable,3
202104,unavailable,SYD,CHC,V,A,AU,unavailable,unavailable,65 - 74 years,M,15 to 27 days,H,unavailable,unavailable,3
202104,unavailable,NRT,AKL,V,A,JP,unavailable,unavailable,25 - 34 years,F,28+ days,N,unavailable,unavailable,3
202104,unavailable,SIN,AKL,V,A,GB,unavailable,unavailable,25 - 34 years,F,28+ days,N,unavailable,unavailable,3
202104,unavailable,OOL,AKL,V,A,AU,unavailable,unavailable,01 - 11 years,M,8 - 14 days,N,unavailable,unavailable,3
202104,unavailable,PER,AKL,V,A,AU,unavailable,unavailable,75+,F,8 - 14 days,V,unavailable,unavailable,3
202104,unavailable,SYD,AKL,V,A,AU,unavailable,unavailable,65 - 74 years,M,15 to 27 days,B,unavailable,unavailable,3
202104,unavailable,PPT,OPX,V,A,XX,unavailable,unavailable,45 - 54 years,M,28+ days,N,unavailable,unavailable,3
202104,unavailable,SYD,ZQN,V,A,AU,unavailable,unavailable,55 - 64 years,F,less than 7 days,B,unavailable,unavailable,3
202104,unavailable,BNE,AKL,V,A,AU,unavailable,unavailable,45 - 54 years,F,28+ days,O,unavailable,unavailable,3
202104,unavailable,MEL,AKL,V,A,AU,unavailable,unavailable,19 - 24 years,F,less than 7 days,O,unavailable,unavailable,3
202104,unavailable,MEL,WLG,V,A,AU,unavailable,unavailable,25 - 34 years,F,8 - 14 days,H,unavailable,unavailable,3
202104,unavailable,OOL,AKL,V,A,AU,unavailable,unavailable,35 - 44 years,F,less than 7 days,N,unavailable,unavailable,3
202104,unavailable,OOL,AKL,V,A,AU,unavailable,unavailable,25 - 34 years,M,less than 7 days,N,unavailable,unavailable,3
202104,unavailable,PER,AKL,V,A,AU,unavailable,unavailable,65 - 74 years,F,less than 7 days,V,unavailable,unavailable,3
202104,unavailable,KUL,AKL,V,A,DE,unavailable,unavailable,25 - 34 years,F,28+ days,V,unavailable,unavailable,3
202104,unavailable,SYD,AKL,V,A,AU,unavailable,unavailable,25 - 34 years,F,15 to 27 days,E,unavailable,unavailable,3
202104,unavailable,BNE,CHC,V,A,AU,unavailable,unavailable,19 - 24 years,F,less than 7 days,O,unavailable,unavailable,3
202104,unavailable,LAX,AKL,V,A,MX,unavailable,unavailable,35 - 44 years,M,28+ days,B,unavailable,unavailable,3
202104,unavailable,NAN,AKL,V,A,FJ,unavailable,unavailable,01 - 11 years,M,15 to 27 days,O,unavailable,unavailable,3
202104,unavailable,SYD,AKL,V,A,AU,unavailable,unavailable,01 - 11 years,F,15 to 27 days,N,unavailable,unavailable,3
202104,unavailable,MEL,ZQN,V,A,AU,unavailable,unavailable,55 - 64 years,F,28+ days,H,unavailable,unavailable,3
202104,unavailable,BNE,WLG,V,A,AU,unavailable,unavailable,Less than 1 year,F,15 to 27 days,V,unavailable,unavailable,3
202104,unavailable,SYD,CHC,V,A,AU,unavailable,unavailable,25 - 34 years,M,15 to 27 days,H,unavailable,unavailable,3
202104,unavailable,PER,AKL,V,A,AU,unavailable,unavailable,Less than 1 year,M,15 to 27 days,V,unavailable,unavailable,3
202104,unavailable,MEL,WLG,V,A,AU,unavailable,unavailable,55 - 64 years,M,28+ days,V,unavailable,unavailable,3
202104,unavailable,BNE,AKL,V,A,AU,unavailable,unavailable,65 - 74 years,F,15 to 27 days,N,unavailable,unavailable,3
202104,unavailable,BNE,AKL,V,A,AU,unavailable,unavailable,65 - 74 years,F,8 - 14 days,N,unavailable,unavailable,3
202104,unavailable,SYD,ZQN,V,A,GB,unavailable,unavailable,01 - 11 years,M,8 - 14 days,V,unavailable,unavailable,3
202104,unavailable,LAX,AKL,V,A,CA,unavailable,unavailable,45 - 54 years,M,28+ days,B,unavailable,unavailable,3
202104,unavailable,BNE,AKL,V,A,AU,unavailable,unavailable,45 - 54 years,F,less than 7 days,O,unavailable,unavailable,3
202104,unavailable,MEL,ZQN,V,A,AU,unavailable,unavailable,65 - 74 years,F,less than 7 days,V,unavailable,unavailable,3
202104,unavailable,OOL,AKL,V,A,AU,unavailable,unavailable,19 - 24 years,F,less than 7 days,N,unavailable,unavailable,3
202104,unavailable,RAR,AKL,V,A,CK,unavailable,unavailable,19 - 24 years,M,28+ days,N,unavailable,unavailable,3
202104,unavailable,SYD,CHC,V,A,AU,unavailable,unavailable,65 - 74 years,F,less than 7 days,H,unavailable,unavailable,3
202104,unavailable,BNE,ZQN,V,A,AU,unavailable,unavailable,65 - 74 years,M,8 - 14 days,H,unavailable,unavailable,3
202104,unavailable,HBA,AKL,V,A,AU,unavailable,unavailable,25 - 34 years,F,28+ days,V,unavailable,unavailable,3
202104,unavailable,MEL,AKL,V,A,XX,unavailable,unavailable,25 - 34 years,M,28+ days,N,unavailable,unavailable,3
202104,unavailable,SYD,ZQN,V,A,AU,unavailable,unavailable,75+,M,8 - 14 days,H,unavailable,unavailable,3
202104,unavailable,MEL,WLG,V,A,AU,unavailable,unavailable,45 - 54 years,M,15 to 27 days,V,unavailable,unavailable,3
202104,unavailable,BNE,AKL,V,A,XX,unavailable,unavailable,65 - 74 years,F,8 - 14 days,N,unavailable,unavailable,3
202104,unavailable,RAR,AKL,V,A,CK,unavailable,unavailable,75+,F,8 - 14 days,V,unavailable,unavailable,3
202104,unavailable,HKG,AKL,V,A,HK,unavailable,unavailable,45 - 54 years,F,28+ days,V,unavailable,unavailable,3
202104,unavailable,BNE,ZQN,V,A,AU,unavailable,unavailable,19 - 24 years,M,less than 7 days,H,unavailable,unavailable,3
202104,unavailable,MEL,WLG,V,A,AU,unavailable,unavailable,25 - 34 years,M,8 - 14 days,H,unavailable,unavailable,3
202104,unavailable,MEL,ZQN,V,A,AU,unavailable,unavailable,65 - 74 years,M,15 to 27 days,V,unavailable,unavailable,3
202104,unavailable,MEL,CHC,V,A,AU,unavailable,unavailable,55 - 64 years,F,less than 7 days,B,unavailable,unavailable,3
202104,unavailable,SYD,ZQN,V,A,AU,unavailable,unavailable,75+,M,less than 7 days,H,unavailable,unavailable,3
202104,unavailable,HBA,AKL,V,A,AU,unavailable,unavailable,65 - 74 years,M,8 - 14 days,V,unavailable,unavailable,3
202104,unavailable,SYD,AKL,V,A,XX,unavailable,unavailable,65 - 74 years,F,15 to 27 days,N,unavailable,unavailable,3
202104,unavailable,RAR,AKL,V,A,CK,unavailable,unavailable,19 - 24 years,F,28+ days,O,unavailable,unavailable,3
202104,unavailable,SUV,AKL,V,A,XX,unavailable,unavailable,25 - 34 years,M,less than 7 days,N,unavailable,unavailable,3
202104,unavailable,SYD,WLG,V,A,AU,unavailable,unavailable,45 - 54 years,F,8 - 14 days,N,unavailable,unavailable,3
202104,unavailable,APW,AKL,V,A,WS,unavailable,unavailable,45 - 54 years,M,28+ days,O,unavailable,unavailable,3
202104,unavailable,SYD,AKL,V,A,AU,unavailable,unavailable,55 - 64 years,M,15 to 27 days,N,unavailable,unavailable,3
202104,unavailable,SYD,AKL,V,A,XX,unavailable,unavailable,55 - 64 years,F,15 to 27 days,N,unavailable,unavailable,3
202104,unavailable,MEL,CHC,V,A,AU,unavailable,unavailable,35 - 44 years,F,less than 7 days,B,unavailable,unavailable,3
202104,unavailable,LAX,AKL,V,A,CA,unavailable,unavailable,55 - 64 years,M,28+ days,V,unavailable,unavailable,3
202104,unavailable,SYD,AKL,V,A,AU,unavailable,unavailable,55 - 64 years,M,less than 7 days,O,unavailable,unavailable,3
202104,unavailable,SHA,AKL,V,A,CN,unavailable,unavailable,45 - 54 years,M,28+ days,V,unavailable,unavailable,3
202104,unavailable,BNE,CHC,V,A,AU,unavailable,unavailable,45 - 54 years,F,less than 7 days,O,unavailable,unavailable,3
202104,unavailable,MEL,AKL,V,A,AU,unavailable,unavailable,65 - 74 years,M,15 to 27 days,B,unavailable,unavailable,3
202104,unavailable,SYD,WLG,V,A,AU,unavailable,unavailable,01 - 11 years,M,less than 7 days,H,unavailable,unavailable,3
202104,unavailable,KUL,AKL,V,A,GB,unavailable,unavailable,19 - 24 years,M,28+ days,B,unavailable,unavailable,3
202104,unavailable,MEL,AKL,V,A,AU,unavailable,unavailable,65 - 74 years,M,8 - 14 days,B,unavailable,unavailable,3
202104,unavailable,SYD,AKL,V,A,AU,unavailable,unavailable,45 - 54 years,M,less than 7 days,O,unavailable,unavailable,3
202104,unavailable,KUL,AKL,V,A,GB,unavailable,unavailable,45 - 54 years,M,28+ days,B,unavailable,unavailable,3
202104,unavailable,MEL,AKL,V,A,AU,unavailable,unavailable,75+,F,28+ days,N,unavailable,unavailable,3
202104,unavailable,SYD,ZQN,V,A,AU,unavailable,unavailable,65 - 74 years,M,8 - 14 days,N,unavailable,unavailable,3
202104,unavailable,SYD,AKL,V,A,AU,unavailable,unavailable,12 - 18 years,F,28+ days,O,unavailable,unavailable,3
202104,unavailable,SIN,AKL,V,A,SG,unavailable,unavailable,35 - 44 years,M,28+ days,V,unavailable,unavailable,3
202104,unavailable,NAN,AKL,V,A,FJ,unavailable,unavailable,55 - 64 years,F,28+ days,V,unavailable,unavailable,3
202104,unavailable,SYD,AKL,V,A,AU,unavailable,unavailable,55 - 64 years,F,8 - 14 days,O,unavailable,unavailable,3
202104,unavailable,BNE,AKL,V,A,AU,unavailable,unavailable,35 - 44 years,M,28+ days,N,unavailable,unavailable,3
202104,unavailable,KUL,AKL,V,A,PL,unavailable,unavailable,35 - 44 years,M,28+ days,N,unavailable,unavailable,3
202104,unavailable,SYD,WLG,V,A,AU,unavailable,unavailable,65 - 74 years,M,8 - 14 days,B,unavailable,unavailable,3
202104,unavailable,MEL,CHC,V,A,AU,unavailable,unavailable,25 - 34 years,M,8 - 14 days,N,unavailable,unavailable,3
202104,unavailable,BNE,ZQN,V,A,AU,unavailable,unavailable,65 - 74 years,F,15 to 27 days,V,unavailable,unavailable,3
202104,unavailable,SIN,AKL,V,A,NL,unavailable,unavailable,25 - 34 years,M,28+ days,V,unavailable,unavailable,3
202104,unavailable,MEL,ZQN,V,A,AU,unavailable,unavailable,01 - 11 years,M,less than 7 days,V,unavailable,unavailable,3
202104,unavailable,BNE,CHC,V,A,AU,unavailable,unavailable,01 - 11 years,M,28+ days,N,unavailable,unavailable,3
202104,unavailable,SYD,WLG,V,A,AU,unavailable,unavailable,01 - 11 years,F,15 to 27 days,N,unavailable,unavailable,3
202104,unavailable,BNE,ZQN,V,A,AU,unavailable,unavailable,65 - 74 years,F,8 - 14 days,H,unavailable,unavailable,3
202104,unavailable,SYD,AKL,V,A,AU,unavailable,unavailable,35 - 44 years,F,28+ days,B,unavailable,unavailable,3
202104,unavailable,SYD,AKL,V,A,AU,unavailable,unavailable,25 - 34 years,F,less than 7 days,C,unavailable,unavailable,3
202104,unavailable,SYD,AKL,V,A,AU,unavailable,unavailable,19 - 24 years,M,less than 7 days,N,unavailable,unavailable,3
202104,unavailable,SIN,AKL,V,A,DE,unavailable,unavailable,19 - 24 years,M,28+ days,V,unavailable,unavailable,3
202104,unavailable,SYD,WLG,V,A,AU,unavailable,unavailable,01 - 11 years,M,28+ days,V,unavailable,unavailable,3
202104,unavailable,SYD,AKL,V,A,AU,unavailable,unavailable,55 - 64 years,F,less than 7 days,O,unavailable,unavailable,3
202104,unavailable,MEL,AKL,V,A,XX,unavailable,unavailable,25 - 34 years,M,15 to 27 days,N,unavailable,unavailable,3
202104,unavailable,MEL,AKL,V,A,AU,unavailable,unavailable,65 - 74 years,M,8 - 14 days,H,unavailable,unavailable,3
202104,unavailable,BNE,WLG,V,A,AU,unavailable,unavailable,75+,M,15 to 27 days,V,unavailable,unavailable,3
202104,unavailable,BNE,AKL,V,A,AU,unavailable,unavailable,35 - 44 years,M,8 - 14 days,N,unavailable,unavailable,3
202104,unavailable,RAR,AKL,V,A,CK,unavailable,unavailable,25 - 34 years,M,28+ days,N,unavailable,unavailable,3
202104,unavailable,PER,AKL,V,A,AU,unavailable,unavailable,55 - 64 years,M,28+ days,N,unavailable,unavailable,3
202104,unavailable,NRT,AKL,V,A,JP,unavailable,unavailable,35 - 44 years,M,28+ days,V,unavailable,unavailable,3
202104,unavailable,MEL,ZQN,V,A,AU,unavailable,unavailable,55 - 64 years,M,8 - 14 days,H,unavailable,unavailable,3
202104,unavailable,MEL,AKL,V,A,AU,unavailable,unavailable,01 - 11 years,M,less than 7 days,H,unavailable,unavailable,3
202104,unavailable,BNE,AKL,V,A,AU,unavailable,unavailable,45 - 54 years,F,28+ days,N,unavailable,unavailable,3
202104,unavailable,MEL,AKL,V,A,AU,unavailable,unavailable,55 - 64 years,F,8 - 14 days,B,unavailable,unavailable,3
202104,unavailable,MEL,AKL,V,A,XX,unavailable,unavailable,35 - 44 years,M,less than 7 days,N,unavailable,unavailable,3
202104,unavailable,LAX,AKL,V,A,US,unavailable,unavailable,35 - 44 years,F,28+ days,N,unavailable,unavailable,3
202104,unavailable,SIN,AKL,V,A,GB,unavailable,unavailable,Less than 1 year,F,28+ days,V,unavailable,unavailable,3
202104,unavailable,MEL,CHC,V,A,AU,unavailable,unavailable,25 - 34 years,M,less than 7 days,E,unavailable,unavailable,3
202104,unavailable,BNE,AKL,V,A,XX,unavailable,unavailable,35 - 44 years,F,15 to 27 days,N,unavailable,unavailable,3
202104,unavailable,ZZS,AKL,V,A,XX,unavailable,unavailable,35 - 44 years,M,15 to 27 days,N,unavailable,unavailable,3
202104,unavailable,CAN,AKL,V,A,CN,unavailable,unavailable,55 - 64 years,M,28+ days,N,unavailable,unavailable,3
202104,unavailable,MEL,CHC,V,A,AU,unavailable,unavailable,25 - 34 years,M,28+ days,H,unavailable,unavailable,3
202104,unavailable,PER,AKL,V,A,AU,unavailable,unavailable,65 - 74 years,M,less than 7 days,V,unavailable,unavailable,3
202104,unavailable,BNE,CHC,V,A,AU,unavailable,unavailable,75+,F,28+ days,V,unavailable,unavailable,3
202104,unavailable,BNE,AKL,V,A,AU,unavailable,unavailable,25 - 34 years,M,15 to 27 days,B,unavailable,unavailable,3
202104,unavailable,BNE,ZQN,V,A,AU,unavailable,unavailable,35 - 44 years,F,8 - 14 days,V,unavailable,unavailable,3
202104,unavailable,PER,AKL,V,A,AU,unavailable,unavailable,19 - 24 years,M,15 to 27 days,V,unavailable,unavailable,3
202104,unavailable,MEL,CHC,V,A,AU,unavailable,unavailable,45 - 54 years,F,8 - 14 days,N,unavailable,unavailable,3
202104,unavailable,KUL,AKL,V,A,IN,unavailable,unavailable,65 - 74 years,F,28+ days,N,unavailable,unavailable,3
202104,unavailable,MEL,AKL,V,A,AU,unavailable,unavailable,65 - 74 years,F,less than 7 days,H,unavailable,unavailable,3
202104,unavailable,BNE,AKL,V,A,AU,unavailable,unavailable,75+,M,8 - 14 days,V,unavailable,unavailable,3
202104,unavailable,HBA,AKL,V,A,AU,unavailable,unavailable,01 - 11 years,F,8 - 14 days,V,unavailable,unavailable,3
202104,unavailable,OOL,CHC,V,A,AU,unavailable,unavailable,25 - 34 years,F,15 to 27 days,V,unavailable,unavailable,3
202104,unavailable,RAR,AKL,V,A,CK,unavailable,unavailable,25 - 34 years,M,8 - 14 days,V,unavailable,unavailable,3
202104,unavailable,RAR,AKL,V,A,CK,unavailable,unavailable,12 - 18 years,F,8 - 14 days,O,unavailable,unavailable,3
202104,unavailable,BNE,AKL,V,A,ZA,unavailable,unavailable,25 - 34 years,F,28+ days,V,unavailable,unavailable,3
202104,unavailable,MEL,WLG,V,A,AU,unavailable,unavailable,65 - 74 years,M,15 to 27 days,B,unavailable,unavailable,3
202104,unavailable,BNE,ZQN,V,A,AU,unavailable,unavailable,45 - 54 years,F,8 - 14 days,V,unavailable,unavailable,3
202104,unavailable,BNE,CHC,V,A,AU,unavailable,unavailable,55 - 64 years,F,15 to 27 days,H,unavailable,unavailable,3
202104,unavailable,MEL,AKL,V,A,AU,unavailable,unavailable,25 - 34 years,M,less than 7 days,O,unavailable,unavailable,3
202104,unavailable,OOL,AKL,V,A,AU,unavailable,unavailable,19 - 24 years,F,8 - 14 days,H,unavailable,unavailable,3
202104,unavailable,MEL,AKL,V,A,AU,unavailable,unavailable,12 - 18 years,M,less than 7 days,H,unavailable,unavailable,3
202104,unavailable,SYD,CHC,V,A,AU,unavailable,unavailable,75+,M,28+ days,V,unavailable,unavailable,3
202104,unavailable,ZZS,NPL,V,A,XX,unavailable,unavailable,55 - 64 years,M,less than 7 days,N,unavailable,unavailable,3
202104,unavailable,LAX,AKL,V,A,US,unavailable,unavailable,45 - 54 years,F,28+ days,N,unavailable,unavailable,3
202104,unavailable,SYD,AKL,V,A,XX,unavailable,unavailable,45 - 54 years,F,28+ days,N,unavailable,unavailable,3
202104,unavailable,BNE,AKL,V,A,AU,unavailable,unavailable,35 - 44 years,F,28+ days,N,unavailable,unavailable,3
202104,unavailable,BNE,AKL,V,A,XX,unavailable,unavailable,75+,F,8 - 14 days,N,unavailable,unavailable,3
202104,unavailable,BNE,AKL,V,A,AU,unavailable,unavailable,25 - 34 years,M,28+ days,N,unavailable,unavailable,3
202104,unavailable,SYD,AKL,V,A,AU,unavailable,unavailable,65 - 74 years,M,15 to 27 days,N,unavailable,unavailable,3
202104,unavailable,MEL,AKL,V,A,AU,unavailable,unavailable,35 - 44 years,M,15 to 27 days,N,unavailable,unavailable,3
202104,unavailable,PER,AKL,V,A,AU,unavailable,unavailable,Less than 1 year,F,15 to 27 days,V,unavailable,unavailable,3
202104,unavailable,BNE,AKL,V,A,AU,unavailable,unavailable,25 - 34 years,F,15 to 27 days,E,unavailable,unavailable,3
202104,unavailable,SYD,AKL,V,A,AU,unavailable,unavailable,65 - 74 years,M,28+ days,H,unavailable,unavailable,3
202104,unavailable,SYD,AKL,V,A,AU,unavailable,unavailable,19 - 24 years,M,less than 7 days,O,unavailable,unavailable,3
202104,unavailable,PER,AKL,V,A,AU,unavailable,unavailable,19 - 24 years,M,less than 7 days,V,unavailable,unavailable,3
202104,unavailable,BNE,CHC,V,A,AU,unavailable,unavailable,Less than 1 year,M,8 - 14 days,V,unavailable,unavailable,3
202104,unavailable,SYD,WLG,V,A,AU,unavailable,unavailable,55 - 64 years,F,less than 7 days,B,unavailable,unavailable,3
202104,unavailable,BNE,CHC,V,A,AU,unavailable,unavailable,45 - 54 years,M,8 - 14 days,B,unavailable,unavailable,3
202104,unavailable,SYD,WLG,V,A,AU,unavailable,unavailable,25 - 34 years,M,less than 7 days,O,unavailable,unavailable,3
202104,unavailable,RAR,AKL,V,A,CK,unavailable,unavailable,25 - 34 years,M,15 to 27 days,V,unavailable,unavailable,3
202104,unavailable,OOL,AKL,V,A,AU,unavailable,unavailable,19 - 24 years,M,less than 7 days,N,unavailable,unavailable,3
202104,unavailable,SYD,CHC,V,A,AU,unavailable,unavailable,19 - 24 years,F,28+ days,H,unavailable,unavailable,3
202104,unavailable,MEL,AKL,V,A,AU,unavailable,unavailable,35 - 44 years,M,8 - 14 days,N,unavailable,unavailable,3
202104,unavailable,SYD,AKL,V,A,AU,unavailable,unavailable,45 - 54 years,M,15 to 27 days,N,unavailable,unavailable,3
202104,unavailable,BNE,ZQN,V,A,AU,unavailable,unavailable,01 - 11 years,F,less than 7 days,H,unavailable,unavailable,3
202104,unavailable,SYD,AKL,V,A,XX,unavailable,unavailable,35 - 44 years,M,28+ days,N,unavailable,unavailable,3
202104,unavailable,SYD,AKL,V,A,XX,unavailable,unavailable,19 - 24 years,M,28+ days,N,unavailable,unavailable,3
202104,unavailable,KUL,AKL,V,A,AE,unavailable,unavailable,35 - 44 years,F,28+ days,V,unavailable,unavailable,3
202104,unavailable,SYD,AKL,V,A,AU,unavailable,unavailable,55 - 64 years,M,less than 7 days,C,unavailable,unavailable,3
202104,unavailable,HBA,AKL,V,A,AU,unavailable,unavailable,35 - 44 years,M,less than 7 days,V,unavailable,unavailable,3
202104,unavailable,APW,AKL,V,A,WS,unavailable,unavailable,35 - 44 years,M,28+ days,V,unavailable,unavailable,3
202104,unavailable,KUL,AKL,V,A,GB,unavailable,unavailable,25 - 34 years,M,28+ days,O,unavailable,unavailable,3
202104,unavailable,SYD,WLG,V,A,AU,unavailable,unavailable,75+,M,8 - 14 days,V,unavailable,unavailable,3
202104,unavailable,SYD,AKL,V,A,AU,unavailable,unavailable,65 - 74 years,F,less than 7 days,N,unavailable,unavailable,3
202104,unavailable,SYD,WLG,V,A,AU,unavailable,unavailable,45 - 54 years,F,less than 7 days,B,unavailable,unavailable,3
202104,unavailable,NAN,AKL,V,A,FJ,unavailable,unavailable,45 - 54 years,M,28+ days,O,unavailable,unavailable,3
202104,unavailable,MEL,AKL,V,A,AU,unavailable,unavailable,35 - 44 years,F,28+ days,B,unavailable,unavailable,3
202104,unavailable,MEL,CHC,V,A,AU,unavailable,unavailable,65 - 74 years,M,15 to 27 days,V,unavailable,unavailable,3
202104,unavailable,SYD,CHC,V,A,AU,unavailable,unavailable,35 - 44 years,F,8 - 14 days,N,unavailable,unavailable,3
202104,unavailable,SYD,ZQN,V,A,AU,unavailable,unavailable,25 - 34 years,F,28+ days,V,unavailable,unavailable,3
202104,unavailable,SYD,AKL,V,A,AU,unavailable,unavailable,75+,M,15 to 27 days,B,unavailable,unavailable,3
202104,unavailable,SYD,AKL,V,A,AU,unavailable,unavailable,12 - 18 years,M,28+ days,V,unavailable,unavailable,3
202104,unavailable,BNE,CHC,V,A,AU,unavailable,unavailable,75+,M,15 to 27 days,V,unavailable,unavailable,3
202104,unavailable,SYD,ZQN,V,A,AU,unavailable,unavailable,01 - 11 years,F,8 - 14 days,H,unavailable,unavailable,3
202104,unavailable,MEL,AKL,V,A,AU,unavailable,unavailable,35 - 44 years,M,less than 7 days,O,unavailable,unavailable,3
202104,unavailable,SYD,WLG,V,A,XX,unavailable,unavailable,45 - 54 years,F,less than 7 days,N,unavailable,unavailable,3
202104,unavailable,SYD,AKL,V,A,AU,unavailable,unavailable,19 - 24 years,F,less than 7 days,B,unavailable,unavailable,3
202104,unavailable,RAR,AKL,V,A,CK,unavailable,unavailable,55 - 64 years,M,28+ days,N,unavailable,unavailable,3
202104,unavailable,SYD,WLG,V,A,AU,unavailable,unavailable,35 - 44 years,F,less than 7 days,N,unavailable,unavailable,3
202104,unavailable,KUL,AKL,V,A,GB,unavailable,unavailable,25 - 34 years,F,28+ days,O,unavailable,unavailable,3
202104,unavailable,MEL,WLG,V,A,AU,unavailable,unavailable,01 - 11 years,F,28+ days,V,unavailable,unavailable,3
202104,unavailable,OOL,AKL,V,A,AU,unavailable,unavailable,55 - 64 years,M,28+ days,V,unavailable,unavailable,3
202104,unavailable,LAX,AKL,V,A,US,unavailable,unavailable,45 - 54 years,F,15 to 27 days,V,unavailable,unavailable,3
202104,unavailable,BNE,ZQN,V,A,AU,unavailable,unavailable,65 - 74 years,F,8 - 14 days,V,unavailable,unavailable,3
202104,unavailable,MEL,AKL,V,A,AU,unavailable,unavailable,01 - 11 years,M,28+ days,N,unavailable,unavailable,3
202104,unavailable,RAR,AKL,V,A,CK,unavailable,unavailable,12 - 18 years,M,15 to 27 days,V,unavailable,unavailable,3
202104,unavailable,BNE,AKL,V,A,AU,unavailable,unavailable,12 - 18 years,F,less than 7 days,H,unavailable,unavailable,3
202104,unavailable,BNE,CHC,V,A,AU,unavailable,unavailable,45 - 54 years,F,less than 7 days,N,unavailable,unavailable,3
202104,unavailable,BNE,AKL,V,A,AU,unavailable,unavailable,19 - 24 years,F,15 to 27 days,N,unavailable,unavailable,3
202104,unavailable,MEL,AKL,V,A,AU,unavailable,unavailable,01 - 11 years,F,8 - 14 days,O,unavailable,unavailable,3
202104,unavailable,CAN,AKL,V,A,CN,unavailable,unavailable,55 - 64 years,M,28+ days,O,unavailable,unavailable,3
202104,unavailable,RAR,AKL,V,A,CK,unavailable,unavailable,55 - 64 years,F,15 to 27 days,H,unavailable,unavailable,3
202104,unavailable,KUL,AKL,V,A,AE,unavailable,unavailable,25 - 34 years,F,28+ days,V,unavailable,unavailable,3
202104,unavailable,RAR,AKL,V,A,CK,unavailable,unavailable,65 - 74 years,F,8 - 14 days,V,unavailable,unavailable,3
202104,unavailable,BNE,AKL,V,A,AU,unavailable,unavailable,25 - 34 years,M,less than 7 days,O,unavailable,unavailable,3
202104,unavailable,SYD,AKL,V,A,XX,unavailable,unavailable,19 - 24 years,F,28+ days,N,unavailable,unavailable,3
202104,unavailable,SYD,WLG,V,A,AU,unavailable,unavailable,45 - 54 years,M,8 - 14 days,H,unavailable,unavailable,3
202104,unavailable,SYD,ZQN,V,A,AU,unavailable,unavailable,01 - 11 years,M,less than 7 days,V,unavailable,unavailable,3
202104,unavailable,APW,AKL,V,A,WS,unavailable,unavailable,35 - 44 years,F,28+ days,O,unavailable,unavailable,3
202104,unavailable,PER,AKL,V,A,AU,unavailable,unavailable,65 - 74 years,F,8 - 14 days,V,unavailable,unavailable,3
202104,unavailable,BNE,WLG,V,A,AU,unavailable,unavailable,65 - 74 years,M,less than 7 days,V,unavailable,unavailable,3
202104,unavailable,SYD,AKL,V,A,AU,unavailable,unavailable,35 - 44 years,M,15 to 27 days,N,unavailable,unavailable,3
202104,unavailable,MEL,CHC,V,A,AU,unavailable,unavailable,65 - 74 years,M,8 - 14 days,H,unavailable,unavailable,3
202104,unavailable,PER,AKL,V,A,AU,unavailable,unavailable,19 - 24 years,F,8 - 14 days,V,unavailable,unavailable,3
202104,unavailable,BNE,WLG,V,A,AU,unavailable,unavailable,25 - 34 years,M,15 to 27 days,V,unavailable,unavailable,3
202104,unavailable,BNE,CHC,V,A,AU,unavailable,unavailable,65 - 74 years,M,less than 7 days,N,unavailable,unavailable,3
202104,unavailable,BNE,AKL,V,A,AU,unavailable,unavailable,01 - 11 years,F,28+ days,N,unavailable,unavailable,3
202104,unavailable,LAX,AKL,V,A,US,unavailable,unavailable,45 - 54 years,M,15 to 27 days,B,unavailable,unavailable,3
202104,unavailable,HKG,AKL,V,A,HK,unavailable,unavailable,25 - 34 years,M,28+ days,V,unavailable,unavailable,3
202104,unavailable,SYD,AKL,V,A,XX,unavailable,unavailable,01 - 11 years,M,28+ days,N,unavailable,unavailable,3
202104,unavailable,APW,AKL,V,A,XX,unavailable,unavailable,55 - 64 years,M,less than 7 days,N,unavailable,unavailable,3
202104,unavailable,BNE,CHC,V,A,AU,unavailable,unavailable,45 - 54 years,F,8 - 14 days,N,unavailable,unavailable,3
202104,unavailable,SIN,AKL,V,A,SG,unavailable,unavailable,25 - 34 years,M,28+ days,V,unavailable,unavailable,3
202104,unavailable,KUL,AKL,V,A,IN,unavailable,unavailable,45 - 54 years,F,28+ days,V,unavailable,unavailable,3
202104,unavailable,SYD,ZQN,V,A,AU,unavailable,unavailable,25 - 34 years,M,less than 7 days,N,unavailable,unavailable,3
202104,unavailable,RAR,AKL,V,A,CK,unavailable,unavailable,75+,F,28+ days,V,unavailable,unavailable,3
202104,unavailable,SYD,WLG,V,A,AU,unavailable,unavailable,35 - 44 years,M,8 - 14 days,H,unavailable,unavailable,3
202104,unavailable,BNE,AKL,V,A,AU,unavailable,unavailable,01 - 11 years,M,less than 7 days,H,unavailable,unavailable,3
202104,unavailable,PER,AKL,V,A,AU,unavailable,unavailable,12 - 18 years,F,less than 7 days,V,unavailable,unavailable,3
202104,unavailable,MEL,ZQN,V,A,AU,unavailable,unavailable,25 - 34 years,M,15 to 27 days,H,unavailable,unavailable,3
202104,unavailable,SYD,WLG,V,A,AU,unavailable,unavailable,35 - 44 years,M,28+ days,N,unavailable,unavailable,3
202104,unavailable,OOL,AKL,V,A,AU,unavailable,unavailable,25 - 34 years,M,less than 7 days,E,unavailable,unavailable,3
202104,unavailable,BNE,AKL,V,A,AU,unavailable,unavailable,55 - 64 years,F,less than 7 days,E,unavailable,unavailable,3
202104,unavailable,RAR,AKL,V,A,CK,unavailable,unavailable,45 - 54 years,F,28+ days,H,unavailable,unavailable,3
202104,unavailable,OOL,AKL,V,A,AU,unavailable,unavailable,12 - 18 years,F,28+ days,V,unavailable,unavailable,3
202104,unavailable,BNE,ZQN,V,A,AU,unavailable,unavailable,55 - 64 years,F,8 - 14 days,V,unavailable,unavailable,3
202104,unavailable,MEL,AKL,V,A,AU,unavailable,unavailable,35 - 44 years,F,less than 7 days,C,unavailable,unavailable,3
202104,unavailable,SYD,CHC,V,A,AU,unavailable,unavailable,75+,F,8 - 14 days,V,unavailable,unavailable,3
202104,unavailable,OOL,AKL,V,A,AU,unavailable,unavailable,75+,F,15 to 27 days,V,unavailable,unavailable,3
202104,unavailable,BNE,CHC,V,A,AU,unavailable,unavailable,25 - 34 years,M,less than 7 days,H,unavailable,unavailable,3
202104,unavailable,MEL,AKL,V,A,AU,unavailable,unavailable,45 - 54 years,M,8 - 14 days,H,unavailable,unavailable,3
202104,unavailable,BNE,AKL,V,A,AU,unavailable,unavailable,01 - 11 years,F,15 to 27 days,N,unavailable,unavailable,3
202104,unavailable,BNE,AKL,V,A,AU,unavailable,unavailable,65 - 74 years,M,15 to 27 days,H,unavailable,unavailable,3
202104,unavailable,HBA,AKL,V,A,AU,unavailable,unavailable,55 - 64 years,F,28+ days,V,unavailable,unavailable,3
202104,unavailable,BNE,CHC,V,A,AU,unavailable,unavailable,55 - 64 years,M,15 to 27 days,N,unavailable,unavailable,3
202104,unavailable,LAX,AKL,V,A,US,unavailable,unavailable,Less than 1 year,F,28+ days,V,unavailable,unavailable,3
202104,unavailable,SYD,AKL,V,A,AU,unavailable,unavailable,19 - 24 years,M,28+ days,O,unavailable,unavailable,3
202104,unavailable,SYD,CHC,V,A,AU,unavailable,unavailable,65 - 74 years,F,15 to 27 days,N,unavailable,unavailable,3
202104,unavailable,KUL,AKL,V,A,SC,unavailable,unavailable,25 - 34 years,F,28+ days,N,unavailable,unavailable,3
202104,unavailable,SYD,AKL,V,A,AU,unavailable,unavailable,19 - 24 years,F,less than 7 days,N,unavailable,unavailable,3
202104,unavailable,SYD,AKL,V,A,XX,unavailable,unavailable,45 - 54 years,F,15 to 27 days,N,unavailable,unavailable,3
202104,unavailable,HBA,AKL,V,A,AU,unavailable,unavailable,35 - 44 years,F,8 - 14 days,V,unavailable,unavailable,3
202104,unavailable,SIN,NPL,V,A,XX,unavailable,unavailable,35 - 44 years,M,28+ days,N,unavailable,unavailable,3
202104,unavailable,SYD,AKL,V,A,AU,unavailable,unavailable,45 - 54 years,M,less than 7 days,E,unavailable,unavailable,3
202104,unavailable,MEL,AKL,V,A,AU,unavailable,unavailable,65 - 74 years,F,28+ days,H,unavailable,unavailable,3
202104,unavailable,MEL,AKL,V,A,AU,unavailable,unavailable,35 - 44 years,M,15 to 27 days,H,unavailable,unavailable,3
202104,unavailable,SYD,AKL,V,A,AU,unavailable,unavailable,25 - 34 years,M,less than 7 days,O,unavailable,unavailable,3
202104,unavailable,MEL,AKL,V,A,AU,unavailable,unavailable,25 - 34 years,F,8 - 14 days,N,unavailable,unavailable,3
202104,unavailable,OOL,AKL,V,A,AU,unavailable,unavailable,01 - 11 years,F,8 - 14 days,H,unavailable,unavailable,3
202104,unavailable,MEL,AKL,V,A,AU,unavailable,unavailable,19 - 24 years,F,8 - 14 days,H,unavailable,unavailable,3
202104,unavailable,BNE,AKL,V,A,AU,unavailable,unavailable,35 - 44 years,M,less than 7 days,N,unavailable,unavailable,3
202104,unavailable,CAN,AKL,V,A,CN,unavailable,unavailable,45 - 54 years,M,28+ days,N,unavailable,unavailable,3
202104,unavailable,RAR,AKL,V,A,CK,unavailable,unavailable,19 - 24 years,M,28+ days,O,unavailable,unavailable,3
202104,unavailable,PER,AKL,V,A,AU,unavailable,unavailable,01 - 11 years,F,28+ days,O,unavailable,unavailable,3
202104,unavailable,PER,AKL,V,A,AU,unavailable,unavailable,35 - 44 years,M,8 - 14 days,N,unavailable,unavailable,3
202104,unavailable,LAX,AKL,V,A,CA,unavailable,unavailable,55 - 64 years,F,28+ days,V,unavailable,unavailable,3
202104,unavailable,BNE,AKL,V,A,AU,unavailable,unavailable,45 - 54 years,F,less than 7 days,N,unavailable,unavailable,3
202104,unavailable,PER,AKL,V,A,AU,unavailable,unavailable,25 - 34 years,F,28+ days,O,unavailable,unavailable,3
202104,unavailable,SYD,ZQN,V,A,AU,unavailable,unavailable,75+,M,28+ days,H,unavailable,unavailable,3
202104,unavailable,SYD,AKL,V,A,AU,unavailable,unavailable,45 - 54 years,F,8 - 14 days,O,unavailable,unavailable,3
202104,unavailable,BNE,WLG,V,A,AU,unavailable,unavailable,65 - 74 years,M,8 - 14 days,V,unavailable,unavailable,3
202104,unavailable,SYD,CHC,V,A,AU,unavailable,unavailable,65 - 74 years,M,8 - 14 days,H,unavailable,unavailable,3
202104,unavailable,RAR,AKL,V,A,CK,unavailable,unavailable,45 - 54 years,F,8 - 14 days,O,unavailable,unavailable,3
202104,unavailable,MEL,AKL,V,A,XX,unavailable,unavailable,01 - 11 years,M,8 - 14 days,N,unavailable,unavailable,3
202104,unavailable,BNE,CHC,V,A,AU,unavailable,unavailable,65 - 74 years,M,28+ days,H,unavailable,unavailable,3
202104,unavailable,SYD,ZQN,V,A,AU,unavailable,unavailable,55 - 64 years,M,15 to 27 days,V,unavailable,unavailable,3
202104,unavailable,BNE,AKL,V,A,AU,unavailable,unavailable,35 - 44 years,M,8 - 14 days,O,unavailable,unavailable,3
202104,unavailable,KUL,AKL,V,A,AU,unavailable,unavailable,35 - 44 years,M,28+ days,V,unavailable,unavailable,3
202104,unavailable,PER,AKL,V,A,AU,unavailable,unavailable,55 - 64 years,F,28+ days,N,unavailable,unavailable,3
202104,unavailable,OOL,AKL,V,A,AU,unavailable,unavailable,35 - 44 years,F,8 - 14 days,N,unavailable,unavailable,3
202104,unavailable,BNE,AKL,V,A,AU,unavailable,unavailable,35 - 44 years,F,28+ days,H,unavailable,unavailable,3
202104,unavailable,SYD,WLG,V,A,AU,unavailable,unavailable,75+,F,15 to 27 days,V,unavailable,unavailable,3
202104,unavailable,MEL,CHC,V,A,AU,unavailable,unavailable,25 - 34 years,M,28+ days,N,unavailable,unavailable,3
202104,unavailable,HKG,AKL,V,A,HK,unavailable,unavailable,45 - 54 years,M,28+ days,V,unavailable,unavailable,3
202104,unavailable,IUE,AKL,V,A,NU,unavailable,unavailable,01 - 11 years,M,15 to 27 days,H,unavailable,unavailable,3
202104,unavailable,KUL,AKL,V,A,SA,unavailable,unavailable,35 - 44 years,M,28+ days,V,unavailable,unavailable,3
202104,unavailable,KUL,AKL,V,A,FR,unavailable,unavailable,25 - 34 years,F,28+ days,V,unavailable,unavailable,3
202104,unavailable,OOL,AKL,V,A,AU,unavailable,unavailable,55 - 64 years,F,8 - 14 days,B,unavailable,unavailable,3
202104,unavailable,SYD,AKL,V,A,AU,unavailable,unavailable,12 - 18 years,F,less than 7 days,O,unavailable,unavailable,3
202104,unavailable,SYD,AKL,V,A,AU,unavailable,unavailable,12 - 18 years,M,15 to 27 days,H,unavailable,unavailable,3
202104,unavailable,SYD,AKL,V,A,AU,unavailable,unavailable,55 - 64 years,F,15 to 27 days,N,unavailable,unavailable,3
202104,unavailable,BNE,WLG,V,A,AU,unavailable,unavailable,01 - 11 years,M,15 to 27 days,H,unavailable,unavailable,3
202104,unavailable,SIN,AKL,V,A,ID,unavailable,unavailable,35 - 44 years,F,28+ days,V,unavailable,unavailable,3
202104,unavailable,BNE,AKL,V,A,GB,unavailable,unavailable,25 - 34 years,M,28+ days,B,unavailable,unavailable,3
202104,unavailable,BNE,ZQN,V,A,AU,unavailable,unavailable,55 - 64 years,M,less than 7 days,N,unavailable,unavailable,3
202104,unavailable,PER,AKL,V,A,AU,unavailable,unavailable,55 - 64 years,M,8 - 14 days,N,unavailable,unavailable,3
202104,unavailable,NAN,AKL,V,A,FJ,unavailable,unavailable,25 - 34 years,M,28+ days,V,unavailable,unavailable,3
202104,unavailable,MEL,ZQN,V,A,AU,unavailable,unavailable,65 - 74 years,M,15 to 27 days,H,unavailable,unavailable,3
202104,unavailable,MEL,CHC,V,A,AU,unavailable,unavailable,55 - 64 years,M,8 - 14 days,H,unavailable,unavailable,3
202104,unavailable,MEL,WLG,V,A,AU,unavailable,unavailable,19 - 24 years,M,28+ days,V,unavailable,unavailable,3
202104,unavailable,OOL,AKL,V,A,AU,unavailable,unavailable,01 - 11 years,M,less than 7 days,O,unavailable,unavailable,3
202104,unavailable,SYD,CHC,V,A,AU,unavailable,unavailable,25 - 34 years,F,8 - 14 days,N,unavailable,unavailable,3
202104,unavailable,MEL,WLG,V,A,AU,unavailable,unavailable,55 - 64 years,F,less than 7 days,O,unavailable,unavailable,3
202104,unavailable,SYD,CHC,V,A,XX,unavailable,unavailable,65 - 74 years,F,28+ days,N,unavailable,unavailable,3
202104,unavailable,SYD,CHC,V,A,AU,unavailable,unavailable,45 - 54 years,M,less than 7 days,H,unavailable,unavailable,3
202104,unavailable,KUL,AKL,V,A,KW,unavailable,unavailable,35 - 44 years,M,28+ days,N,unavailable,unavailable,3
202104,unavailable,BNE,AKL,V,A,AU,unavailable,unavailable,55 - 64 years,F,less than 7 days,O,unavailable,unavailable,3
202104,unavailable,MEL,CHC,V,A,AU,unavailable,unavailable,25 - 34 years,F,28+ days,N,unavailable,unavailable,3
202104,unavailable,OOL,AKL,V,A,AU,unavailable,unavailable,01 - 11 years,F,less than 7 days,H,unavailable,unavailable,3
202104,unavailable,MEL,ZQN,V,A,AU,unavailable,unavailable,75+,M,less than 7 days,V,unavailable,unavailable,3
202104,unavailable,LAX,AKL,V,A,CA,unavailable,unavailable,55 - 64 years,M,15 to 27 days,V,unavailable,unavailable,3
202104,unavailable,RAR,AKL,V,A,CK,unavailable,unavailable,01 - 11 years,M,less than 7 days,V,unavailable,unavailable,3
202104,unavailable,BNE,AKL,V,A,XX,unavailable,unavailable,35 - 44 years,M,less than 7 days,N,unavailable,unavailable,3
202104,unavailable,BNE,AKL,V,A,AU,unavailable,unavailable,35 - 44 years,F,less than 7 days,O,unavailable,unavailable,3
202104,unavailable,SYD,CHC,V,A,AU,unavailable,unavailable,75+,M,less than 7 days,B,unavailable,unavailable,3
202104,unavailable,BNE,AKL,V,A,GB,unavailable,unavailable,25 - 34 years,M,8 - 14 days,H,unavailable,unavailable,3
202104,unavailable,SYD,CHC,V,A,AU,unavailable,unavailable,65 - 74 years,M,less than 7 days,E,unavailable,unavailable,3
202104,unavailable,OOL,AKL,V,A,AU,unavailable,unavailable,35 - 44 years,M,28+ days,H,unavailable,unavailable,3
202104,unavailable,BNE,CHC,V,A,AU,unavailable,unavailable,65 - 74 years,M,less than 7 days,H,unavailable,unavailable,3
202104,unavailable,BNE,WLG,V,A,AU,unavailable,unavailable,35 - 44 years,M,less than 7 days,H,unavailable,unavailable,3
202104,unavailable,RAR,AKL,V,A,CK,unavailable,unavailable,19 - 24 years,F,28+ days,N,unavailable,unavailable,3
202104,unavailable,RAR,AKL,V,A,CK,unavailable,unavailable,75+,M,8 - 14 days,V,unavailable,unavailable,3
202104,unavailable,SYD,ZQN,V,A,AU,unavailable,unavailable,55 - 64 years,M,15 to 27 days,N,unavailable,unavailable,3
202104,unavailable,LAX,AKL,V,A,US,unavailable,unavailable,25 - 34 years,M,15 to 27 days,V,unavailable,unavailable,3
202104,unavailable,BNE,AKL,V,A,AU,unavailable,unavailable,75+,F,28+ days,B,unavailable,unavailable,3
202104,unavailable,OOL,CHC,V,A,AU,unavailable,unavailable,55 - 64 years,F,15 to 27 days,V,unavailable,unavailable,3
202104,unavailable,BNE,AKL,V,A,AU,unavailable,unavailable,75+,M,less than 7 days,N,unavailable,unavailable,3
202104,unavailable,MEL,AKL,V,A,AU,unavailable,unavailable,55 - 64 years,F,8 - 14 days,H,unavailable,unavailable,3
202104,unavailable,SIN,AKL,V,A,NZ,unavailable,unavailable,35 - 44 years,M,28+ days,V,unavailable,unavailable,3
202104,unavailable,BNE,WLG,V,A,AU,unavailable,unavailable,45 - 54 years,M,8 - 14 days,B,unavailable,unavailable,3
202104,unavailable,SIN,AKL,V,A,TH,unavailable,unavailable,25 - 34 years,M,28+ days,N,unavailable,unavailable,3
202104,unavailable,BNE,AKL,V,A,GB,unavailable,unavailable,35 - 44 years,M,28+ days,O,unavailable,unavailable,3
202104,unavailable,OOL,AKL,V,A,XX,unavailable,unavailable,01 - 11 years,F,28+ days,N,unavailable,unavailable,3
202104,unavailable,KUL,AKL,V,A,FR,unavailable,unavailable,45 - 54 years,F,28+ days,V,unavailable,unavailable,3
202104,unavailable,SIN,AKL,V,A,SG,unavailable,unavailable,35 - 44 years,M,28+ days,B,unavailable,unavailable,3
202104,unavailable,SYD,ZQN,V,A,AU,unavailable,unavailable,25 - 34 years,F,8 - 14 days,N,unavailable,unavailable,3
202104,unavailable,LAX,AKL,V,A,CA,unavailable,unavailable,19 - 24 years,M,28+ days,N,unavailable,unavailable,3
202104,unavailable,BNE,ZQN,V,A,AU,unavailable,unavailable,65 - 74 years,M,less than 7 days,H,unavailable,unavailable,3
202104,unavailable,PER,AKL,V,A,AU,unavailable,unavailable,12 - 18 years,M,15 to 27 days,V,unavailable,unavailable,3
202104,unavailable,MEL,AKL,V,A,AU,unavailable,unavailable,25 - 34 years,M,15 to 27 days,E,unavailable,unavailable,3
202104,unavailable,SYD,WLG,V,A,AU,unavailable,unavailable,19 - 24 years,M,28+ days,N,unavailable,unavailable,3
202104,unavailable,SYD,AKL,V,A,AU,unavailable,unavailable,01 - 11 years,M,less than 7 days,N,unavailable,unavailable,3
202104,unavailable,SYD,AKL,V,A,AU,unavailable,unavailable,12 - 18 years,M,15 to 27 days,O,unavailable,unavailable,3
202104,unavailable,BNE,AKL,V,A,AU,unavailable,unavailable,19 - 24 years,F,28+ days,E,unavailable,unavailable,3
202104,unavailable,KUL,AKL,V,A,IE,unavailable,unavailable,01 - 11 years,M,28+ days,E,unavailable,unavailable,3
202104,unavailable,SYD,ZQN,V,A,AU,unavailable,unavailable,65 - 74 years,F,28+ days,H,unavailable,unavailable,3
202104,unavailable,CAN,AKL,V,A,CN,unavailable,unavailable,55 - 64 years,F,28+ days,N,unavailable,unavailable,3
202104,unavailable,NAN,AKL,V,A,FJ,unavailable,unavailable,25 - 34 years,M,28+ days,N,unavailable,unavailable,3
202104,unavailable,MEL,ZQN,V,A,AU,unavailable,unavailable,19 - 24 years,M,less than 7 days,V,unavailable,unavailable,3
202104,unavailable,RAR,AKL,V,A,CK,unavailable,unavailable,25 - 34 years,M,less than 7 days,H,unavailable,unavailable,3
202104,unavailable,PER,AKL,V,A,AU,unavailable,unavailable,55 - 64 years,F,28+ days,O,unavailable,unavailable,3
202104,unavailable,OOL,AKL,V,A,AU,unavailable,unavailable,25 - 34 years,M,8 - 14 days,B,unavailable,unavailable,3
202104,unavailable,LAX,AKL,V,A,US,unavailable,unavailable,65 - 74 years,F,28+ days,O,unavailable,unavailable,3
202104,unavailable,SEL,AKL,V,A,KR,unavailable,unavailable,35 - 44 years,M,28+ days,V,unavailable,unavailable,3
202104,unavailable,SYD,WLG,V,A,AU,unavailable,unavailable,65 - 74 years,F,28+ days,V,unavailable,unavailable,3
202104,unavailable,BNE,AKL,V,A,ZA,unavailable,unavailable,25 - 34 years,M,28+ days,V,unavailable,unavailable,3
202104,unavailable,RAR,AKL,V,A,CK,unavailable,unavailable,19 - 24 years,M,15 to 27 days,O,unavailable,unavailable,3
202104,unavailable,RAR,AKL,V,A,CK,unavailable,unavailable,35 - 44 years,M,less than 7 days,H,unavailable,unavailable,3
202104,unavailable,KUL,AKL,V,A,PK,unavailable,unavailable,35 - 44 years,F,28+ days,V,unavailable,unavailable,3
202104,unavailable,MEL,AKL,V,A,AU,unavailable,unavailable,12 - 18 years,F,less than 7 days,O,unavailable,unavailable,3
202104,unavailable,SIN,AKL,V,A,GB,unavailable,unavailable,75+,M,28+ days,N,unavailable,unavailable,3
202104,unavailable,RAR,AKL,V,A,CK,unavailable,unavailable,35 - 44 years,F,8 - 14 days,V,unavailable,unavailable,3
202104,unavailable,BNE,ZQN,V,A,AU,unavailable,unavailable,55 - 64 years,M,less than 7 days,V,unavailable,unavailable,3
202104,unavailable,MEL,AKL,V,A,NZ,unavailable,unavailable,19 - 24 years,F,28+ days,O,unavailable,unavailable,3
202104,unavailable,KUL,AKL,V,A,US,unavailable,unavailable,25 - 34 years,M,28+ days,N,unavailable,unavailable,3
202104,unavailable,SYD,ZQN,V,A,AU,unavailable,unavailable,75+,F,less than 7 days,H,unavailable,unavailable,3
202104,unavailable,BNE,CHC,V,A,AU,unavailable,unavailable,25 - 34 years,M,8 - 14 days,B,unavailable,unavailable,3
202104,unavailable,SIN,AKL,V,A,GB,unavailable,unavailable,35 - 44 years,M,28+ days,N,unavailable,unavailable,3
202104,unavailable,SYD,ZQN,V,A,AU,unavailable,unavailable,45 - 54 years,M,15 to 27 days,H,unavailable,unavailable,3
202104,unavailable,MEL,AKL,V,A,AU,unavailable,unavailable,25 - 34 years,M,28+ days,B,unavailable,unavailable,3
202104,unavailable,MEL,WLG,V,A,AU,unavailable,unavailable,Less than 1 year,F,28+ days,V,unavailable,unavailable,3
202104,unavailable,HBA,AKL,V,A,AU,unavailable,unavailable,35 - 44 years,F,less than 7 days,N,unavailable,unavailable,3
202104,unavailable,SIN,NPL,V,A,PH,unavailable,unavailable,25 - 34 years,M,28+ days,N,unavailable,unavailable,3
202104,unavailable,MEL,AKL,V,A,XX,unavailable,unavailable,25 - 34 years,F,less than 7 days,N,unavailable,unavailable,3
202104,unavailable,MEL,WLG,V,A,AU,unavailable,unavailable,55 - 64 years,M,less than 7 days,H,unavailable,unavailable,3
202104,unavailable,OOL,CHC,V,A,AU,unavailable,unavailable,19 - 24 years,F,15 to 27 days,V,unavailable,unavailable,3
202104,unavailable,BNE,AKL,V,A,AU,unavailable,unavailable,55 - 64 years,M,less than 7 days,E,unavailable,unavailable,3
202104,unavailable,OOL,AKL,V,A,AU,unavailable,unavailable,35 - 44 years,F,less than 7 days,O,unavailable,unavailable,3
202104,unavailable,BNE,ZQN,V,A,AU,unavailable,unavailable,45 - 54 years,M,8 - 14 days,H,unavailable,unavailable,3
202104,unavailable,SYD,WLG,V,A,AU,unavailable,unavailable,25 - 34 years,F,8 - 14 days,B,unavailable,unavailable,3
202104,unavailable,SIN,CHC,V,A,MY,unavailable,unavailable,55 - 64 years,M,28+ days,V,unavailable,unavailable,3
202104,unavailable,OOL,CHC,V,A,AU,unavailable,unavailable,65 - 74 years,M,8 - 14 days,V,unavailable,unavailable,3
202104,unavailable,NRT,AKL,V,A,JP,unavailable,unavailable,25 - 34 years,M,28+ days,V,unavailable,unavailable,3
202104,unavailable,BNE,AKL,V,A,AU,unavailable,unavailable,55 - 64 years,M,15 to 27 days,H,unavailable,unavailable,3
202104,unavailable,BNE,AKL,V,A,XX,unavailable,unavailable,75+,F,28+ days,N,unavailable,unavailable,3
202104,unavailable,OOL,AKL,V,A,AU,unavailable,unavailable,45 - 54 years,F,less than 7 days,O,unavailable,unavailable,3
202104,unavailable,RAR,AKL,V,A,CK,unavailable,unavailable,12 - 18 years,F,28+ days,N,unavailable,unavailable,3
202104,unavailable,MEL,CHC,V,A,AU,unavailable,unavailable,25 - 34 years,M,15 to 27 days,N,unavailable,unavailable,3
202104,unavailable,OOL,AKL,V,A,AU,unavailable,unavailable,65 - 74 years,M,15 to 27 days,H,unavailable,unavailable,3
202104,unavailable,HBA,AKL,V,A,AU,unavailable,unavailable,25 - 34 years,F,less than 7 days,H,unavailable,unavailable,3
202104,unavailable,SIN,AKL,V,A,SG,unavailable,unavailable,45 - 54 years,M,28+ days,B,unavailable,unavailable,3
202104,unavailable,MEL,ZQN,V,A,AU,unavailable,unavailable,01 - 11 years,F,28+ days,V,unavailable,unavailable,3
202104,unavailable,TBU,AKL,V,A,TO,unavailable,unavailable,01 - 11 years,M,28+ days,V,unavailable,unavailable,3
202104,unavailable,MEL,CHC,V,A,AU,unavailable,unavailable,12 - 18 years,M,15 to 27 days,V,unavailable,unavailable,3
202104,unavailable,MEL,WLG,V,A,AU,unavailable,unavailable,75+,M,less than 7 days,V,unavailable,unavailable,3
202104,unavailable,BNE,CHC,V,A,AU,unavailable,unavailable,Less than 1 year,F,15 to 27 days,V,unavailable,unavailable,3
202104,unavailable,SYD,WLG,V,A,AU,unavailable,unavailable,12 - 18 years,F,8 - 14 days,V,unavailable,unavailable,3
202104,unavailable,IUE,AKL,V,A,NU,unavailable,unavailable,35 - 44 years,F,28+ days,O,unavailable,unavailable,3
202104,unavailable,SYD,AKL,V,A,XX,unavailable,unavailable,55 - 64 years,F,28+ days,N,unavailable,unavailable,3
202104,unavailable,CAN,AKL,V,A,CN,unavailable,unavailable,65 - 74 years,M,28+ days,V,unavailable,unavailable,3
202104,unavailable,SEL,AKL,V,A,KR,unavailable,unavailable,35 - 44 years,M,28+ days,B,unavailable,unavailable,3
202104,unavailable,MEL,WLG,V,A,AU,unavailable,unavailable,55 - 64 years,F,8 - 14 days,H,unavailable,unavailable,3
202104,unavailable,HBA,AKL,V,A,AU,unavailable,unavailable,45 - 54 years,M,8 - 14 days,V,unavailable,unavailable,3
202104,unavailable,BNE,CHC,V,A,AU,unavailable,unavailable,55 - 64 years,F,15 to 27 days,E,unavailable,unavailable,3
202104,unavailable,MEL,CHC,V,A,AU,unavailable,unavailable,35 - 44 years,M,8 - 14 days,B,unavailable,unavailable,3
202104,unavailable,SYD,ZQN,V,A,AU,unavailable,unavailable,01 - 11 years,M,15 to 27 days,V,unavailable,unavailable,3
202104,unavailable,SYD,WLG,V,A,AU,unavailable,unavailable,65 - 74 years,M,less than 7 days,B,unavailable,unavailable,3
202104,unavailable,OOL,AKL,V,A,AU,unavailable,unavailable,25 - 34 years,F,less than 7 days,O,unavailable,unavailable,3
202104,unavailable,PER,AKL,V,A,XX,unavailable,unavailable,25 - 34 years,F,15 to 27 days,N,unavailable,unavailable,3
202104,unavailable,NRT,AKL,V,A,JP,unavailable,unavailable,25 - 34 years,F,28+ days,O,unavailable,unavailable,3
202104,unavailable,ZZS,GIS,V,A,XX,unavailable,unavailable,45 - 54 years,M,less than 7 days,N,unavailable,unavailable,3
202104,unavailable,MEL,AKL,V,A,AU,unavailable,unavailable,55 - 64 years,F,28+ days,O,unavailable,unavailable,3
202104,unavailable,RAR,AKL,V,A,CK,unavailable,unavailable,65 - 74 years,M,28+ days,O,unavailable,unavailable,3
202104,unavailable,RAR,AKL,V,A,CK,unavailable,unavailable,45 - 54 years,M,less than 7 days,V,unavailable,unavailable,3
202104,unavailable,BNE,WLG,V,A,AU,unavailable,unavailable,12 - 18 years,F,15 to 27 days,V,unavailable,unavailable,3
202104,unavailable,OOL,CHC,V,A,AU,unavailable,unavailable,19 - 24 years,F,less than 7 days,V,unavailable,unavailable,3
202104,unavailable,LAX,AKL,V,A,AU,unavailable,unavailable,25 - 34 years,F,28+ days,V,unavailable,unavailable,3
202104,unavailable,SYD,AKL,V,A,AU,unavailable,unavailable,35 - 44 years,F,28+ days,H,unavailable,unavailable,3
202104,unavailable,MEL,AKL,V,A,AU,unavailable,unavailable,25 - 34 years,F,less than 7 days,C,unavailable,unavailable,3
202104,unavailable,KUL,AKL,V,A,AE,unavailable,unavailable,35 - 44 years,M,28+ days,N,unavailable,unavailable,3
202104,unavailable,OOL,AKL,V,A,AU,unavailable,unavailable,25 - 34 years,M,15 to 27 days,N,unavailable,unavailable,3
202104,unavailable,BNE,AKL,V,A,AU,unavailable,unavailable,19 - 24 years,F,15 to 27 days,H,unavailable,unavailable,3
202104,unavailable,BNE,AKL,V,A,XX,unavailable,unavailable,19 - 24 years,F,28+ days,N,unavailable,unavailable,3
202104,unavailable,MEL,AKL,V,A,AU,unavailable,unavailable,45 - 54 years,M,8 - 14 days,O,unavailable,unavailable,3
202104,unavailable,BNE,ZQN,V,A,AU,unavailable,unavailable,55 - 64 years,M,15 to 27 days,V,unavailable,unavailable,3
202104,unavailable,SYD,ZQN,V,A,AU,unavailable,unavailable,Less than 1 year,M,8 - 14 days,H,unavailable,unavailable,3
202104,unavailable,RAR,AKL,V,A,CK,unavailable,unavailable,55 - 64 years,M,less than 7 days,H,unavailable,unavailable,3
202104,unavailable,OOL,CHC,V,A,AU,unavailable,unavailable,12 - 18 years,M,less than 7 days,E,unavailable,unavailable,3
202104,unavailable,BNE,AKL,V,A,AU,unavailable,unavailable,12 - 18 years,F,28+ days,O,unavailable,unavailable,3
202104,unavailable,SYD,CHC,V,A,AU,unavailable,unavailable,55 - 64 years,M,less than 7 days,H,unavailable,unavailable,3
202104,unavailable,SYD,AKL,V,A,AU,unavailable,unavailable,75+,F,8 - 14 days,H,unavailable,unavailable,3
202104,unavailable,BNE,AKL,V,A,AU,unavailable,unavailable,01 - 11 years,M,15 to 27 days,E,unavailable,unavailable,3
202104,unavailable,OOL,AKL,V,A,AU,unavailable,unavailable,65 - 74 years,F,28+ days,H,unavailable,unavailable,3
202104,unavailable,BNE,AKL,V,A,FR,unavailable,unavailable,45 - 54 years,M,28+ days,V,unavailable,unavailable,3
202104,unavailable,BNE,CHC,V,A,AU,unavailable,unavailable,25 - 34 years,F,8 - 14 days,E,unavailable,unavailable,3
202104,unavailable,APW,AKL,V,A,WS,unavailable,unavailable,55 - 64 years,F,28+ days,V,unavailable,unavailable,3
202104,unavailable,SYD,CHC,V,A,AU,unavailable,unavailable,55 - 64 years,M,less than 7 days,O,unavailable,unavailable,3
202104,unavailable,RAR,AKL,V,A,CK,unavailable,unavailable,01 - 11 years,F,28+ days,H,unavailable,unavailable,3
202104,unavailable,SYD,CHC,V,A,AU,unavailable,unavailable,75+,M,28+ days,N,unavailable,unavailable,3
202104,unavailable,BNE,AKL,V,A,IE,unavailable,unavailable,45 - 54 years,M,28+ days,V,unavailable,unavailable,3
202104,unavailable,SYD,AKL,V,A,AU,unavailable,unavailable,45 - 54 years,F,15 to 27 days,N,unavailable,unavailable,3
202104,unavailable,RAR,AKL,V,A,CK,unavailable,unavailable,55 - 64 years,F,8 - 14 days,O,unavailable,unavailable,3
202104,unavailable,BNE,AKL,V,A,AU,unavailable,unavailable,45 - 54 years,F,15 to 27 days,B,unavailable,unavailable,3
202104,unavailable,BNE,AKL,V,A,AU,unavailable,unavailable,01 - 11 years,M,less than 7 days,N,unavailable,unavailable,3
202104,unavailable,MEL,AKL,V,A,AU,unavailable,unavailable,35 - 44 years,M,28+ days,H,unavailable,unavailable,3
202104,unavailable,SYD,AKL,V,A,AU,unavailable,unavailable,01 - 11 years,M,15 to 27 days,O,unavailable,unavailable,3
202104,unavailable,MEL,AKL,V,A,AU,unavailable,unavailable,55 - 64 years,F,8 - 14 days,O,unavailable,unavailable,3
202104,unavailable,RAR,AKL,V,A,CK,unavailable,unavailable,35 - 44 years,F,8 - 14 days,O,unavailable,unavailable,3
202104,unavailable,BNE,AKL,V,A,XX,unavailable,unavailable,55 - 64 years,F,15 to 27 days,N,unavailable,unavailable,3
202104,unavailable,SYD,AKL,V,A,AU,unavailable,unavailable,35 - 44 years,F,15 to 27 days,H,unavailable,unavailable,3
202104,unavailable,BNE,AKL,V,A,AU,unavailable,unavailable,25 - 34 years,M,less than 7 days,E,unavailable,unavailable,3
202104,unavailable,ZZS,AKL,V,A,XX,unavailable,unavailable,35 - 44 years,M,less than 7 days,N,unavailable,unavailable,3
202104,unavailable,SYD,WLG,V,A,XX,unavailable,unavailable,35 - 44 years,F,less than 7 days,N,unavailable,unavailable,3
202104,unavailable,BNE,AKL,V,A,AU,unavailable,unavailable,65 - 74 years,F,8 - 14 days,O,unavailable,unavailable,3
202104,unavailable,OOL,AKL,V,A,XX,unavailable,unavailable,25 - 34 years,F,8 - 14 days,N,unavailable,unavailable,3
202104,unavailable,SYD,WLG,V,A,PT,unavailable,unavailable,55 - 64 years,M,15 to 27 days,V,unavailable,unavailable,3
202104,unavailable,SIN,AKL,V,A,GB,unavailable,unavailable,25 - 34 years,M,28+ days,B,unavailable,unavailable,3
202104,unavailable,RAR,AKL,V,A,CK,unavailable,unavailable,55 - 64 years,M,8 - 14 days,H,unavailable,unavailable,3
202104,unavailable,SIN,AKL,V,A,FR,unavailable,unavailable,35 - 44 years,F,28+ days,V,unavailable,unavailable,3
202104,unavailable,SYD,AKL,V,A,AU,unavailable,unavailable,Less than 1 year,F,8 - 14 days,H,unavailable,unavailable,3
202104,unavailable,BNE,AKL,V,A,AU,unavailable,unavailable,12 - 18 years,M,28+ days,N,unavailable,unavailable,3
202104,unavailable,PER,AKL,V,A,AU,unavailable,unavailable,45 - 54 years,F,8 - 14 days,H,unavailable,unavailable,3
202104,unavailable,RAR,AKL,V,A,CK,unavailable,unavailable,45 - 54 years,M,15 to 27 days,O,unavailable,unavailable,3
202104,unavailable,BNE,AKL,V,A,ZA,unavailable,unavailable,45 - 54 years,M,28+ days,B,unavailable,unavailable,3
202104,unavailable,HBA,AKL,V,A,AU,unavailable,unavailable,55 - 64 years,M,less than 7 days,H,unavailable,unavailable,3
202104,unavailable,KUL,AKL,V,A,AE,unavailable,unavailable,45 - 54 years,M,28+ days,N,unavailable,unavailable,3
202104,unavailable,OOL,AKL,V,A,AU,unavailable,unavailable,55 - 64 years,F,28+ days,N,unavailable,unavailable,3
202104,unavailable,SIN,CHC,V,A,PH,unavailable,unavailable,25 - 34 years,M,28+ days,V,unavailable,unavailable,3
202104,unavailable,SYD,CHC,V,A,AU,unavailable,unavailable,45 - 54 years,M,less than 7 days,N,unavailable,unavailable,3
202104,unavailable,SIN,AKL,V,A,TH,unavailable,unavailable,55 - 64 years,M,28+ days,V,unavailable,unavailable,3
202104,unavailable,OOL,AKL,V,A,AU,unavailable,unavailable,45 - 54 years,M,less than 7 days,O,unavailable,unavailable,3
202104,unavailable,OOL,AKL,V,A,AU,unavailable,unavailable,55 - 64 years,F,15 to 27 days,O,unavailable,unavailable,3
202104,unavailable,BNE,AKL,V,A,AU,unavailable,unavailable,65 - 74 years,M,8 - 14 days,N,unavailable,unavailable,3
202104,unavailable,SYD,AKL,V,A,AU,unavailable,unavailable,19 - 24 years,F,28+ days,N,unavailable,unavailable,3
202104,unavailable,RAR,AKL,V,A,CK,unavailable,unavailable,45 - 54 years,F,28+ days,N,unavailable,unavailable,3
202104,unavailable,OOL,AKL,V,A,AU,unavailable,unavailable,19 - 24 years,M,8 - 14 days,H,unavailable,unavailable,3
202104,unavailable,BNE,CHC,V,A,AU,unavailable,unavailable,45 - 54 years,M,less than 7 days,H,unavailable,unavailable,3
202104,unavailable,BNE,AKL,V,A,ZA,unavailable,unavailable,45 - 54 years,M,28+ days,O,unavailable,unavailable,3
202104,unavailable,KUL,AKL,V,A,CH,unavailable,unavailable,35 - 44 years,F,28+ days,N,unavailable,unavailable,3
202104,unavailable,OOL,CHC,V,A,AU,unavailable,unavailable,45 - 54 years,M,8 - 14 days,V,unavailable,unavailable,3
202104,unavailable,OOL,CHC,V,A,AU,unavailable,unavailable,35 - 44 years,M,8 - 14 days,V,unavailable,unavailable,3
202104,unavailable,HBA,AKL,V,A,AU,unavailable,unavailable,65 - 74 years,F,8 - 14 days,V,unavailable,unavailable,3
202104,unavailable,SYD,CHC,V,A,AU,unavailable,unavailable,55 - 64 years,M,15 to 27 days,N,unavailable,unavailable,3
202104,unavailable,BNE,CHC,V,A,AU,unavailable,unavailable,75+,M,less than 7 days,V,unavailable,unavailable,3
202104,unavailable,BNE,CHC,V,A,AU,unavailable,unavailable,25 - 34 years,M,less than 7 days,E,unavailable,unavailable,3
202104,unavailable,KUL,AKL,V,A,AE,unavailable,unavailable,45 - 54 years,M,28+ days,O,unavailable,unavailable,3
202104,unavailable,SYD,AKL,V,A,AU,unavailable,unavailable,12 - 18 years,M,28+ days,H,unavailable,unavailable,3
202104,unavailable,BNE,AKL,V,A,AU,unavailable,unavailable,55 - 64 years,M,15 to 27 days,B,unavailable,unavailable,3
202104,unavailable,MEL,AKL,V,A,AU,unavailable,unavailable,35 - 44 years,F,15 to 27 days,E,unavailable,unavailable,3
202104,unavailable,MEL,AKL,V,A,AU,unavailable,unavailable,01 - 11 years,F,less than 7 days,H,unavailable,unavailable,3
202104,unavailable,KUL,AKL,V,A,IN,unavailable,unavailable,45 - 54 years,F,28+ days,N,unavailable,unavailable,3
202104,unavailable,SIN,AKL,V,A,NL,unavailable,unavailable,35 - 44 years,F,28+ days,V,unavailable,unavailable,3
202104,unavailable,BNE,AKL,V,A,AU,unavailable,unavailable,12 - 18 years,F,15 to 27 days,H,unavailable,unavailable,3
202104,unavailable,MEL,AKL,V,A,NZ,unavailable,unavailable,35 - 44 years,F,28+ days,V,unavailable,unavailable,3
202104,unavailable,MEL,ZQN,V,A,AU,unavailable,unavailable,19 - 24 years,F,less than 7 days,H,unavailable,unavailable,3
202104,unavailable,BNE,AKL,V,A,ZA,unavailable,unavailable,55 - 64 years,M,28+ days,N,unavailable,unavailable,3
202104,unavailable,SYD,WLG,V,A,XX,unavailable,unavailable,01 - 11 years,F,less than 7 days,N,unavailable,unavailable,3
202104,unavailable,MEL,AKL,V,A,NZ,unavailable,unavailable,25 - 34 years,M,8 - 14 days,V,unavailable,unavailable,3
202104,unavailable,RAR,AKL,V,A,CK,unavailable,unavailable,01 - 11 years,F,28+ days,N,unavailable,unavailable,3
202104,unavailable,SIN,AKL,V,A,ID,unavailable,unavailable,35 - 44 years,M,less than 7 days,B,unavailable,unavailable,3
202104,unavailable,RAR,AKL,V,A,CK,unavailable,unavailable,12 - 18 years,F,less than 7 days,V,unavailable,unavailable,3
202104,unavailable,KUL,AKL,V,A,AT,unavailable,unavailable,55 - 64 years,M,28+ days,V,unavailable,unavailable,3
202104,unavailable,SIN,AKL,V,A,TR,unavailable,unavailable,01 - 11 years,F,28+ days,N,unavailable,unavailable,3
202104,unavailable,BNE,AKL,V,A,US,unavailable,unavailable,25 - 34 years,M,28+ days,V,unavailable,unavailable,3
202104,unavailable,SYD,WLG,V,A,AU,unavailable,unavailable,Less than 1 year,F,28+ days,V,unavailable,unavailable,3
202104,unavailable,MEL,AKL,V,A,AU,unavailable,unavailable,01 - 11 years,M,15 to 27 days,H,unavailable,unavailable,3
202104,unavailable,SYD,ZQN,V,A,AU,unavailable,unavailable,01 - 11 years,F,15 to 27 days,V,unavailable,unavailable,3
202104,unavailable,KUL,AKL,V,A,SA,unavailable,unavailable,55 - 64 years,F,28+ days,V,unavailable,unavailable,3
202104,unavailable,MEL,CHC,V,A,AU,unavailable,unavailable,75+,M,15 to 27 days,V,unavailable,unavailable,3
202104,unavailable,BNE,AKL,V,A,AU,unavailable,unavailable,19 - 24 years,F,28+ days,B,unavailable,unavailable,3
202104,unavailable,LAX,AKL,V,A,US,unavailable,unavailable,12 - 18 years,M,28+ days,H,unavailable,unavailable,3
202104,unavailable,KUL,AKL,V,A,AE,unavailable,unavailable,25 - 34 years,M,28+ days,N,unavailable,unavailable,3
202104,unavailable,BNE,CHC,V,A,AU,unavailable,unavailable,19 - 24 years,F,28+ days,V,unavailable,unavailable,3
202104,unavailable,RAR,AKL,V,A,CK,unavailable,unavailable,25 - 34 years,M,28+ days,V,unavailable,unavailable,3
202104,unavailable,PER,AKL,V,A,AU,unavailable,unavailable,45 - 54 years,M,15 to 27 days,B,unavailable,unavailable,3
202104,unavailable,OOL,AKL,V,A,AU,unavailable,unavailable,35 - 44 years,M,8 - 14 days,N,unavailable,unavailable,3
202104,unavailable,MEL,AKL,V,A,XX,unavailable,unavailable,25 - 34 years,M,less than 7 days,N,unavailable,unavailable,3
202104,unavailable,MEL,AKL,V,A,AU,unavailable,unavailable,19 - 24 years,M,8 - 14 days,O,unavailable,unavailable,3
202104,unavailable,BNE,AKL,V,A,AU,unavailable,unavailable,35 - 44 years,M,less than 7 days,C,unavailable,unavailable,3
202104,unavailable,NAN,AKL,V,A,FJ,unavailable,unavailable,35 - 44 years,F,28+ days,V,unavailable,unavailable,3
202104,unavailable,SIN,AKL,V,A,IE,unavailable,unavailable,19 - 24 years,F,28+ days,V,unavailable,unavailable,3
202104,unavailable,SIN,AKL,V,A,SG,unavailable,unavailable,35 - 44 years,F,28+ days,O,unavailable,unavailable,3
202104,unavailable,SIN,AKL,V,A,PH,unavailable,unavailable,35 - 44 years,F,28+ days,E,unavailable,unavailable,3
202104,unavailable,OOL,CHC,V,A,AU,unavailable,unavailable,01 - 11 years,M,15 to 27 days,V,unavailable,unavailable,3
202104,unavailable,SYD,AKL,V,A,GB,unavailable,unavailable,35 - 44 years,M,less than 7 days,V,unavailable,unavailable,3
202104,unavailable,MEL,ZQN,V,A,AU,unavailable,unavailable,25 - 34 years,M,28+ days,H,unavailable,unavailable,3
202104,unavailable,MEL,ZQN,V,A,AU,unavailable,unavailable,01 - 11 years,M,less than 7 days,H,unavailable,unavailable,3
202104,unavailable,PER,AKL,V,A,AU,unavailable,unavailable,55 - 64 years,F,28+ days,B,unavailable,unavailable,3
202104,unavailable,SIN,CHC,V,A,KH,unavailable,unavailable,01 - 11 years,M,28+ days,V,unavailable,unavailable,3
202104,unavailable,SIN,AKL,V,A,GB,unavailable,unavailable,25 - 34 years,F,28+ days,E,unavailable,unavailable,3
202104,unavailable,ZZS,AKL,V,A,XX,unavailable,unavailable,25 - 34 years,M,15 to 27 days,N,unavailable,unavailable,3
202104,unavailable,BNE,CHC,V,A,AU,unavailable,unavailable,45 - 54 years,F,less than 7 days,E,unavailable,unavailable,3
202104,unavailable,LAX,AKL,V,A,CA,unavailable,unavailable,19 - 24 years,M,28+ days,V,unavailable,unavailable,3
202104,unavailable,MEL,AKL,V,A,XX,unavailable,unavailable,55 - 64 years,F,less than 7 days,N,unavailable,unavailable,3
202104,unavailable,BNE,AKL,V,A,AU,unavailable,unavailable,35 - 44 years,F,15 to 27 days,O,unavailable,unavailable,3
202104,unavailable,SIN,AKL,V,A,PH,unavailable,unavailable,01 - 11 years,M,28+ days,V,unavailable,unavailable,3
202104,unavailable,BNE,AKL,V,A,AU,unavailable,unavailable,25 - 34 years,F,28+ days,O,unavailable,unavailable,3
202104,unavailable,APW,AKL,V,A,WS,unavailable,unavailable,65 - 74 years,F,28+ days,O,unavailable,unavailable,3
202104,unavailable,RAR,AKL,V,A,CK,unavailable,unavailable,25 - 34 years,F,8 - 14 days,H,unavailable,unavailable,3
202104,unavailable,RAR,AKL,V,A,CK,unavailable,unavailable,12 - 18 years,M,8 - 14 days,V,unavailable,unavailable,3
202104,unavailable,MEL,ZQN,V,A,AU,unavailable,unavailable,65 - 74 years,M,28+ days,B,unavailable,unavailable,3
202104,unavailable,BNE,AKL,V,A,GB,unavailable,unavailable,Less than 1 year,F,28+ days,V,unavailable,unavailable,3
202104,unavailable,MEL,AKL,V,A,AU,unavailable,unavailable,35 - 44 years,F,8 - 14 days,N,unavailable,unavailable,3
202104,unavailable,HKG,AKL,V,A,HK,unavailable,unavailable,65 - 74 years,M,28+ days,V,unavailable,unavailable,3
202104,unavailable,SEL,AKL,V,A,KR,unavailable,unavailable,45 - 54 years,M,28+ days,V,unavailable,unavailable,3
202104,unavailable,BNE,CHC,V,A,AU,unavailable,unavailable,01 - 11 years,F,15 to 27 days,H,unavailable,unavailable,3
202104,unavailable,OOL,AKL,V,A,AU,unavailable,unavailable,25 - 34 years,M,less than 7 days,B,unavailable,unavailable,3
202104,unavailable,BNE,CHC,V,A,AU,unavailable,unavailable,55 - 64 years,M,less than 7 days,B,unavailable,unavailable,3
202104,unavailable,BNE,ZQN,V,A,AU,unavailable,unavailable,35 - 44 years,M,less than 7 days,V,unavailable,unavailable,3
202104,unavailable,BNE,WLG,V,A,AU,unavailable,unavailable,55 - 64 years,M,28+ days,B,unavailable,unavailable,3
202104,unavailable,NRT,AKL,V,A,JP,unavailable,unavailable,45 - 54 years,M,28+ days,V,unavailable,unavailable,3
202104,unavailable,SIN,AKL,V,A,GB,unavailable,unavailable,45 - 54 years,M,28+ days,B,unavailable,unavailable,3
202104,unavailable,PER,AKL,V,A,AU,unavailable,unavailable,35 - 44 years,M,28+ days,O,unavailable,unavailable,3
202104,unavailable,SYD,CHC,V,A,AU,unavailable,unavailable,35 - 44 years,M,less than 7 days,E,unavailable,unavailable,3
202104,unavailable,APW,AKL,V,A,WS,unavailable,unavailable,12 - 18 years,F,28+ days,N,unavailable,unavailable,3
202104,unavailable,HBA,AKL,V,A,AU,unavailable,unavailable,12 - 18 years,F,less than 7 days,H,unavailable,unavailable,3
202104,unavailable,MEL,AKL,V,A,AU,unavailable,unavailable,19 - 24 years,M,15 to 27 days,H,unavailable,unavailable,3
202104,unavailable,APW,AKL,V,A,WS,unavailable,unavailable,65 - 74 years,M,28+ days,N,unavailable,unavailable,3
202104,unavailable,MEL,ZQN,V,A,AU,unavailable,unavailable,55 - 64 years,F,8 - 14 days,H,unavailable,unavailable,3
202104,unavailable,OOL,CHC,V,A,AU,unavailable,unavailable,01 - 11 years,M,8 - 14 days,V,unavailable,unavailable,3
202104,unavailable,MEL,CHC,V,A,AU,unavailable,unavailable,25 - 34 years,F,15 to 27 days,H,unavailable,unavailable,3
202104,unavailable,MEL,WLG,V,A,AU,unavailable,unavailable,55 - 64 years,F,8 - 14 days,O,unavailable,unavailable,3
202104,unavailable,RAR,AKL,V,A,CK,unavailable,unavailable,65 - 74 years,F,28+ days,O,unavailable,unavailable,3
202104,unavailable,HBA,AKL,V,A,AU,unavailable,unavailable,01 - 11 years,M,8 - 14 days,V,unavailable,unavailable,3
202104,unavailable,BNE,ZQN,V,A,AU,unavailable,unavailable,01 - 11 years,F,28+ days,V,unavailable,unavailable,3
202104,unavailable,SYD,CHC,V,A,AU,unavailable,unavailable,55 - 64 years,F,less than 7 days,N,unavailable,unavailable,3
202104,unavailable,BNE,CHC,V,A,AU,unavailable,unavailable,19 - 24 years,M,less than 7 days,H,unavailable,unavailable,3
202104,unavailable,MEL,CHC,V,A,AU,unavailable,unavailable,75+,F,8 - 14 days,V,unavailable,unavailable,3
202104,unavailable,SIN,AKL,V,A,AU,unavailable,unavailable,12 - 18 years,F,15 to 27 days,O,unavailable,unavailable,3
202104,unavailable,BNE,CHC,V,A,AU,unavailable,unavailable,35 - 44 years,M,15 to 27 days,B,unavailable,unavailable,3
202104,unavailable,SIN,AKL,V,A,AU,unavailable,unavailable,25 - 34 years,M,28+ days,V,unavailable,unavailable,3
202104,unavailable,MEL,AKL,V,A,AU,unavailable,unavailable,35 - 44 years,M,8 - 14 days,E,unavailable,unavailable,3
202104,unavailable,KUL,AKL,V,A,GB,unavailable,unavailable,55 - 64 years,F,28+ days,B,unavailable,unavailable,3
202104,unavailable,BNE,CHC,V,A,AU,unavailable,unavailable,65 - 74 years,F,28+ days,H,unavailable,unavailable,3
202104,unavailable,SYD,AKL,V,A,XX,unavailable,unavailable,01 - 11 years,M,15 to 27 days,N,unavailable,unavailable,3
202104,unavailable,OOL,AKL,V,A,AU,unavailable,unavailable,12 - 18 years,M,8 - 14 days,H,unavailable,unavailable,3
202104,unavailable,SYD,CHC,V,A,AU,unavailable,unavailable,45 - 54 years,M,8 - 14 days,B,unavailable,unavailable,3
202104,unavailable,KUL,AKL,V,A,IE,unavailable,unavailable,25 - 34 years,F,28+ days,V,unavailable,unavailable,3
202104,unavailable,BNE,AKL,V,A,GB,unavailable,unavailable,55 - 64 years,M,28+ days,V,unavailable,unavailable,3
202104,unavailable,BNE,AKL,V,A,BR,unavailable,unavailable,01 - 11 years,F,28+ days,O,unavailable,unavailable,3
202104,unavailable,SYD,CHC,V,A,AU,unavailable,unavailable,12 - 18 years,F,less than 7 days,H,unavailable,unavailable,3
202104,unavailable,PER,AKL,V,A,AU,unavailable,unavailable,25 - 34 years,M,15 to 27 days,N,unavailable,unavailable,3
202104,unavailable,RAR,AKL,V,A,CK,unavailable,unavailable,55 - 64 years,F,8 - 14 days,N,unavailable,unavailable,3
202104,unavailable,HBA,AKL,V,A,AU,unavailable,unavailable,25 - 34 years,M,15 to 27 days,V,unavailable,unavailable,3
202104,unavailable,APW,AKL,V,A,WS,unavailable,unavailable,35 - 44 years,M,28+ days,O,unavailable,unavailable,3
202104,unavailable,SYD,WLG,V,A,AU,unavailable,unavailable,12 - 18 years,F,15 to 27 days,V,unavailable,unavailable,3
202104,unavailable,OOL,AKL,V,A,AU,unavailable,unavailable,65 - 74 years,M,less than 7 days,B,unavailable,unavailable,3
202104,unavailable,LAX,AKL,V,A,US,unavailable,unavailable,35 - 44 years,F,15 to 27 days,B,unavailable,unavailable,3
202104,unavailable,IUE,AKL,V,A,NU,unavailable,unavailable,45 - 54 years,F,28+ days,V,unavailable,unavailable,3
202104,unavailable,MEL,ZQN,V,A,AU,unavailable,unavailable,65 - 74 years,F,28+ days,V,unavailable,unavailable,3
202104,unavailable,BNE,CHC,V,A,AU,unavailable,unavailable,55 - 64 years,F,less than 7 days,N,unavailable,unavailable,3
202104,unavailable,MEL,CHC,V,A,AU,unavailable,unavailable,55 - 64 years,M,15 to 27 days,H,unavailable,unavailable,3
202104,unavailable,MEL,AKL,V,A,GB,unavailable,unavailable,45 - 54 years,M,less than 7 days,B,unavailable,unavailable,3
202104,unavailable,KUL,AKL,V,A,DE,unavailable,unavailable,35 - 44 years,F,28+ days,V,unavailable,unavailable,3
202104,unavailable,MEL,ZQN,V,A,AU,unavailable,unavailable,19 - 24 years,M,8 - 14 days,V,unavailable,unavailable,3
202104,unavailable,PER,AKL,V,A,AU,unavailable,unavailable,35 - 44 years,M,15 to 27 days,N,unavailable,unavailable,3
202104,unavailable,BNE,CHC,V,A,AU,unavailable,unavailable,65 - 74 years,M,8 - 14 days,H,unavailable,unavailable,3
202104,unavailable,BNE,AKL,V,A,AU,unavailable,unavailable,45 - 54 years,F,8 - 14 days,B,unavailable,unavailable,3
202104,unavailable,MEL,ZQN,V,A,AU,unavailable,unavailable,65 - 74 years,M,8 - 14 days,V,unavailable,unavailable,3
202104,unavailable,BNE,WLG,V,A,AU,unavailable,unavailable,19 - 24 years,M,15 to 27 days,V,unavailable,unavailable,3
202104,unavailable,MEL,CHC,V,A,AU,unavailable,unavailable,45 - 54 years,F,15 to 27 days,H,unavailable,unavailable,3
202104,unavailable,MEL,WLG,V,A,AU,unavailable,unavailable,19 - 24 years,F,less than 7 days,H,unavailable,unavailable,3
202104,unavailable,SYD,AKL,V,A,XX,unavailable,unavailable,45 - 54 years,M,15 to 27 days,N,unavailable,unavailable,3
202104,unavailable,BNE,ZQN,V,A,AU,unavailable,unavailable,35 - 44 years,F,less than 7 days,V,unavailable,unavailable,3
202104,unavailable,LAX,AKL,V,A,CA,unavailable,unavailable,19 - 24 years,F,28+ days,V,unavailable,unavailable,3
202104,unavailable,SYD,ZQN,V,A,AU,unavailable,unavailable,55 - 64 years,F,8 - 14 days,N,unavailable,unavailable,3
202104,unavailable,BNE,WLG,V,A,AU,unavailable,unavailable,25 - 34 years,F,15 to 27 days,H,unavailable,unavailable,3
202104,unavailable,SYD,AKL,V,A,AU,unavailable,unavailable,35 - 44 years,F,15 to 27 days,B,unavailable,unavailable,3
202104,unavailable,BNE,CHC,V,A,AU,unavailable,unavailable,35 - 44 years,M,8 - 14 days,B,unavailable,unavailable,3
202104,unavailable,HBA,AKL,V,A,AU,unavailable,unavailable,25 - 34 years,F,less than 7 days,V,unavailable,unavailable,3
202104,unavailable,MEL,AKL,V,A,XX,unavailable,unavailable,35 - 44 years,M,8 - 14 days,N,unavailable,unavailable,3
202104,unavailable,SIN,AKL,V,A,PL,unavailable,unavailable,35 - 44 years,M,28+ days,B,unavailable,unavailable,3
202104,unavailable,NRT,AKL,V,A,JP,unavailable,unavailable,35 - 44 years,F,28+ days,V,unavailable,unavailable,3
202104,unavailable,SYD,AKL,V,A,AU,unavailable,unavailable,12 - 18 years,M,less than 7 days,O,unavailable,unavailable,3
202104,unavailable,SYD,AKL,V,A,AU,unavailable,unavailable,01 - 11 years,M,15 to 27 days,H,unavailable,unavailable,3
202104,unavailable,IUE,AKL,V,A,NU,unavailable,unavailable,12 - 18 years,F,28+ days,E,unavailable,unavailable,3
202104,unavailable,RAR,AKL,V,A,CK,unavailable,unavailable,45 - 54 years,M,28+ days,V,unavailable,unavailable,3
202104,unavailable,BNE,CHC,V,A,AU,unavailable,unavailable,35 - 44 years,F,less than 7 days,B,unavailable,unavailable,3
202104,unavailable,PER,AKL,V,A,AU,unavailable,unavailable,01 - 11 years,F,less than 7 days,V,unavailable,unavailable,3
202104,unavailable,NAN,AKL,V,A,FJ,unavailable,unavailable,25 - 34 years,F,28+ days,O,unavailable,unavailable,3
202104,unavailable,RAR,AKL,V,A,CK,unavailable,unavailable,65 - 74 years,F,15 to 27 days,O,unavailable,unavailable,3
202104,unavailable,KUL,AKL,V,A,PK,unavailable,unavailable,01 - 11 years,F,28+ days,V,unavailable,unavailable,3
202104,unavailable,BNE,AKL,V,A,AU,unavailable,unavailable,55 - 64 years,F,28+ days,B,unavailable,unavailable,3
202104,unavailable,MEL,CHC,V,A,AU,unavailable,unavailable,Less than 1 year,F,8 - 14 days,V,unavailable,unavailable,3
202104,unavailable,MEL,CHC,V,A,AU,unavailable,unavailable,25 - 34 years,F,15 to 27 days,E,unavailable,unavailable,3
202104,unavailable,KUL,AKL,V,A,SA,unavailable,unavailable,25 - 34 years,F,28+ days,E,unavailable,unavailable,3
202104,unavailable,RAR,AKL,V,A,CK,unavailable,unavailable,25 - 34 years,F,15 to 27 days,H,unavailable,unavailable,3
202104,unavailable,MEL,AKL,V,A,AU,unavailable,unavailable,01 - 11 years,F,less than 7 days,N,unavailable,unavailable,3
202104,unavailable,KUL,AKL,V,A,RU,unavailable,unavailable,25 - 34 years,M,less than 7 days,N,unavailable,unavailable,3
202104,unavailable,MEL,AKL,V,A,AU,unavailable,unavailable,65 - 74 years,M,28+ days,N,unavailable,unavailable,3
202104,unavailable,KUL,AKL,V,A,GB,unavailable,unavailable,35 - 44 years,F,15 to 27 days,V,unavailable,unavailable,3
202104,unavailable,IUE,AKL,V,A,NU,unavailable,unavailable,75+,F,28+ days,V,unavailable,unavailable,3
202104,unavailable,SYD,CHC,V,A,XX,unavailable,unavailable,65 - 74 years,M,28+ days,N,unavailable,unavailable,3
202104,unavailable,KUL,AKL,V,A,EG,unavailable,unavailable,55 - 64 years,F,28+ days,V,unavailable,unavailable,3
202104,unavailable,OOL,AKL,V,A,AU,unavailable,unavailable,35 - 44 years,M,28+ days,V,unavailable,unavailable,3
202104,unavailable,ZZS,AKL,V,A,XX,unavailable,unavailable,45 - 54 years,M,less than 7 days,N,unavailable,unavailable,3
202104,unavailable,PER,AKL,V,A,AU,unavailable,unavailable,65 - 74 years,M,28+ days,H,unavailable,unavailable,3
202104,unavailable,BNE,CHC,V,A,AU,unavailable,unavailable,75+,M,8 - 14 days,V,unavailable,unavailable,3
202104,unavailable,RAR,AKL,V,A,CK,unavailable,unavailable,75+,M,28+ days,V,unavailable,unavailable,3
202104,unavailable,BNE,AKL,V,A,XX,unavailable,unavailable,65 - 74 years,F,15 to 27 days,N,unavailable,unavailable,3
202104,unavailable,SIN,AKL,V,A,MY,unavailable,unavailable,25 - 34 years,F,28+ days,V,unavailable,unavailable,3
202104,unavailable,ZZS,NSN,V,A,SB,unavailable,unavailable,25 - 34 years,M,28+ days,B,unavailable,unavailable,3
202104,unavailable,SIN,AKL,V,A,GB,unavailable,unavailable,01 - 11 years,F,28+ days,V,unavailable,unavailable,3
202104,unavailable,OOL,CHC,V,A,AU,unavailable,unavailable,25 - 34 years,F,28+ days,H,unavailable,unavailable,3
202104,unavailable,MEL,AKL,V,A,XX,unavailable,unavailable,45 - 54 years,M,less than 7 days,N,unavailable,unavailable,3
202104,unavailable,OOL,AKL,V,A,AU,unavailable,unavailable,45 - 54 years,M,8 - 14 days,H,unavailable,unavailable,3
202104,unavailable,MEL,CHC,V,A,AU,unavailable,unavailable,65 - 74 years,F,28+ days,N,unavailable,unavailable,3
202104,unavailable,SYD,WLG,V,A,AU,unavailable,unavailable,55 - 64 years,M,less than 7 days,N,unavailable,unavailable,3
202104,unavailable,SYD,CHC,V,A,AU,unavailable,unavailable,25 - 34 years,F,15 to 27 days,H,unavailable,unavailable,3
202104,unavailable,LAX,AKL,V,A,US,unavailable,unavailable,45 - 54 years,F,28+ days,B,unavailable,unavailable,3
202104,unavailable,RAR,AKL,V,A,CK,unavailable,unavailable,65 - 74 years,M,15 to 27 days,O,unavailable,unavailable,3
202104,unavailable,HKG,AKL,V,A,HK,unavailable,unavailable,65 - 74 years,F,15 to 27 days,O,unavailable,unavailable,3
202104,unavailable,SYD,AKL,V,A,AU,unavailable,unavailable,01 - 11 years,F,8 - 14 days,H,unavailable,unavailable,3
202104,unavailable,BNE,AKL,V,A,AU,unavailable,unavailable,19 - 24 years,M,less than 7 days,B,unavailable,unavailable,3
202104,unavailable,SYD,ZQN,V,A,AU,unavailable,unavailable,12 - 18 years,M,less than 7 days,H,unavailable,unavailable,3
202104,unavailable,SYD,ZQN,V,A,AU,unavailable,unavailable,75+,F,8 - 14 days,V,unavailable,unavailable,3
202104,unavailable,SIN,AKL,V,A,GB,unavailable,unavailable,19 - 24 years,M,28+ days,B,unavailable,unavailable,3
202104,unavailable,CAN,AKL,V,A,CN,unavailable,unavailable,25 - 34 years,F,28+ days,V,unavailable,unavailable,3
202104,unavailable,SYD,CHC,V,A,AU,unavailable,unavailable,35 - 44 years,F,8 - 14 days,H,unavailable,unavailable,3
202104,unavailable,SYD,WLG,V,A,AU,unavailable,unavailable,35 - 44 years,M,28+ days,V,unavailable,unavailable,3
202104,unavailable,SYD,CHC,V,A,AU,unavailable,unavailable,55 - 64 years,F,8 - 14 days,N,unavailable,unavailable,3
202104,unavailable,SYD,WLG,V,A,AU,unavailable,unavailable,25 - 34 years,F,8 - 14 days,N,unavailable,unavailable,3
202104,unavailable,RAR,AKL,V,A,CK,unavailable,unavailable,45 - 54 years,F,less than 7 days,H,unavailable,unavailable,3
202104,unavailable,SYD,AKL,V,A,AU,unavailable,unavailable,19 - 24 years,M,28+ days,B,unavailable,unavailable,3
202104,unavailable,BNE,AKL,V,A,GB,unavailable,unavailable,01 - 11 years,M,28+ days,V,unavailable,unavailable,3
202104,unavailable,SYD,WLG,V,A,AU,unavailable,unavailable,45 - 54 years,M,8 - 14 days,B,unavailable,unavailable,3
202104,unavailable,SYD,AKL,V,A,AU,unavailable,unavailable,75+,M,less than 7 days,B,unavailable,unavailable,3
202104,unavailable,SYD,AKL,V,A,XX,unavailable,unavailable,65 - 74 years,F,8 - 14 days,N,unavailable,unavailable,3
202104,unavailable,MEL,AKL,V,A,AU,unavailable,unavailable,01 - 11 years,M,28+ days,O,unavailable,unavailable,3
202104,unavailable,MEL,AKL,V,A,XX,unavailable,unavailable,35 - 44 years,F,8 - 14 days,N,unavailable,unavailable,3
202104,unavailable,MEL,AKL,V,A,AU,unavailable,unavailable,55 - 64 years,M,15 to 27 days,N,unavailable,unavailable,3
202104,unavailable,MEL,ZQN,V,A,AU,unavailable,unavailable,55 - 64 years,F,less than 7 days,N,unavailable,unavailable,3
202104,unavailable,SIN,AKL,V,A,DE,unavailable,unavailable,35 - 44 years,F,28+ days,V,unavailable,unavailable,3
202104,unavailable,BNE,AKL,V,A,AU,unavailable,unavailable,65 - 74 years,F,28+ days,E,unavailable,unavailable,3
202104,unavailable,MEL,WLG,V,A,AU,unavailable,unavailable,19 - 24 years,M,less than 7 days,O,unavailable,unavailable,3
202104,unavailable,KUL,AKL,V,A,GB,unavailable,unavailable,19 - 24 years,M,28+ days,V,unavailable,unavailable,3
202104,unavailable,MEL,ZQN,V,A,AU,unavailable,unavailable,19 - 24 years,F,less than 7 days,V,unavailable,unavailable,3
202104,unavailable,SYD,AKL,V,A,AU,unavailable,unavailable,75+,M,8 - 14 days,H,unavailable,unavailable,3
202104,unavailable,MEL,AKL,V,A,AU,unavailable,unavailable,35 - 44 years,M,less than 7 days,E,unavailable,unavailable,3
202104,unavailable,BNE,AKL,V,A,XX,unavailable,unavailable,19 - 24 years,F,15 to 27 days,N,unavailable,unavailable,3
202104,unavailable,SYD,CHC,V,A,AU,unavailable,unavailable,25 - 34 years,M,28+ days,H,unavailable,unavailable,3
202104,unavailable,BNE,AKL,V,A,XX,unavailable,unavailable,12 - 18 years,M,15 to 27 days,N,unavailable,unavailable,3
202104,unavailable,BNE,CHC,V,A,AU,unavailable,unavailable,19 - 24 years,F,28+ days,N,unavailable,unavailable,3
202104,unavailable,MEL,AKL,V,A,AU,unavailable,unavailable,45 - 54 years,F,15 to 27 days,N,unavailable,unavailable,3
202104,unavailable,NRT,AKL,V,A,JP,unavailable,unavailable,19 - 24 years,F,28+ days,V,unavailable,unavailable,3
202104,unavailable,BNE,AKL,V,A,ZA,unavailable,unavailable,55 - 64 years,M,28+ days,V,unavailable,unavailable,3
202104,unavailable,SYD,AKL,V,A,AU,unavailable,unavailable,45 - 54 years,F,15 to 27 days,O,unavailable,unavailable,3
202104,unavailable,RAR,AKL,V,A,CK,unavailable,unavailable,65 - 74 years,F,less than 7 days,V,unavailable,unavailable,3
202104,unavailable,BNE,AKL,V,A,AU,unavailable,unavailable,55 - 64 years,M,28+ days,O,unavailable,unavailable,3
202104,unavailable,IUE,AKL,V,A,NU,unavailable,unavailable,35 - 44 years,M,28+ days,V,unavailable,unavailable,3
202104,unavailable,MEL,AKL,V,A,AU,unavailable,unavailable,25 - 34 years,M,8 - 14 days,O,unavailable,unavailable,3
202104,unavailable,BNE,WLG,V,A,AU,unavailable,unavailable,12 - 18 years,F,less than 7 days,V,unavailable,unavailable,3
202104,unavailable,SYD,CHC,V,A,AU,unavailable,unavailable,12 - 18 years,M,less than 7 days,N,unavailable,unavailable,3
202104,unavailable,SYD,AKL,V,A,AU,unavailable,unavailable,35 - 44 years,F,less than 7 days,E,unavailable,unavailable,3
202104,unavailable,BNE,WLG,V,A,AU,unavailable,unavailable,19 - 24 years,M,28+ days,V,unavailable,unavailable,3
202104,unavailable,LAX,AKL,V,A,US,unavailable,unavailable,25 - 34 years,F,28+ days,H,unavailable,unavailable,3
202104,unavailable,RAR,AKL,V,A,CK,unavailable,unavailable,45 - 54 years,F,8 - 14 days,H,unavailable,unavailable,3
202104,unavailable,BNE,AKL,V,A,AU,unavailable,unavailable,01 - 11 years,M,8 - 14 days,H,unavailable,unavailable,3
202104,unavailable,BNE,WLG,V,A,AU,unavailable,unavailable,25 - 34 years,M,28+ days,V,unavailable,unavailable,3
202104,unavailable,KUL,AKL,V,A,NP,unavailable,unavailable,01 - 11 years,F,28+ days,V,unavailable,unavailable,3
202104,unavailable,OOL,CHC,V,A,AU,unavailable,unavailable,55 - 64 years,F,less than 7 days,V,unavailable,unavailable,3
202104,unavailable,MEL,AKL,V,A,AU,unavailable,unavailable,25 - 34 years,M,28+ days,O,unavailable,unavailable,3
202104,unavailable,SIN,AKL,V,A,NZ,unavailable,unavailable,35 - 44 years,M,28+ days,B,unavailable,unavailable,3
202104,unavailable,NRT,AKL,V,A,JP,unavailable,unavailable,45 - 54 years,M,28+ days,N,unavailable,unavailable,3
202104,unavailable,MEL,AKL,V,A,AU,unavailable,unavailable,25 - 34 years,F,8 - 14 days,O,unavailable,unavailable,3
202104,unavailable,BNE,ZQN,V,A,AU,unavailable,unavailable,19 - 24 years,F,less than 7 days,H,unavailable,unavailable,3
202104,unavailable,MEL,CHC,V,A,AU,unavailable,unavailable,25 - 34 years,F,less than 7 days,B,unavailable,unavailable,3
202104,unavailable,MEL,ZQN,V,A,AU,unavailable,unavailable,25 - 34 years,F,28+ days,H,unavailable,unavailable,3
202104,unavailable,BNE,CHC,V,A,AU,unavailable,unavailable,01 - 11 years,M,28+ days,V,unavailable,unavailable,3
202104,unavailable,LAX,AKL,V,A,US,unavailable,unavailable,12 - 18 years,F,28+ days,V,unavailable,unavailable,3
202104,unavailable,RAR,AKL,V,A,CK,unavailable,unavailable,35 - 44 years,F,8 - 14 days,H,unavailable,unavailable,3
202104,unavailable,SYD,AKL,V,A,AU,unavailable,unavailable,19 - 24 years,M,8 - 14 days,B,unavailable,unavailable,3
202104,unavailable,SYD,WLG,V,A,AU,unavailable,unavailable,25 - 34 years,M,8 - 14 days,H,unavailable,unavailable,3
202104,unavailable,SIN,AKL,V,A,GB,unavailable,unavailable,35 - 44 years,F,28+ days,N,unavailable,unavailable,3
202104,unavailable,BNE,AKL,V,A,AU,unavailable,unavailable,19 - 24 years,F,8 - 14 days,H,unavailable,unavailable,3
202104,unavailable,MEL,CHC,V,A,AU,unavailable,unavailable,55 - 64 years,F,less than 7 days,H,unavailable,unavailable,3
202104,unavailable,SYD,AKL,V,A,AU,unavailable,unavailable,01 - 11 years,M,less than 7 days,E,unavailable,unavailable,3
202104,unavailable,MEL,ZQN,V,A,AU,unavailable,unavailable,35 - 44 years,M,15 to 27 days,H,unavailable,unavailable,3
202104,unavailable,SEL,AKL,V,A,XX,unavailable,unavailable,01 - 11 years,M,28+ days,V,unavailable,unavailable,3
202104,unavailable,LAX,AKL,V,A,CA,unavailable,unavailable,35 - 44 years,F,28+ days,B,unavailable,unavailable,3
202104,unavailable,BNE,CHC,V,A,AU,unavailable,unavailable,65 - 74 years,M,less than 7 days,B,unavailable,unavailable,3
202104,unavailable,BNE,AKL,V,A,XX,unavailable,unavailable,12 - 18 years,M,8 - 14 days,N,unavailable,unavailable,3
202104,unavailable,OOL,AKL,V,A,AU,unavailable,unavailable,45 - 54 years,F,less than 7 days,N,unavailable,unavailable,3
202104,unavailable,SYD,AKL,V,A,AU,unavailable,unavailable,35 - 44 years,M,less than 7 days,C,unavailable,unavailable,3
202104,unavailable,BNE,CHC,V,A,XX,unavailable,unavailable,01 - 11 years,F,less than 7 days,N,unavailable,unavailable,3
202104,unavailable,MEL,ZQN,V,A,AU,unavailable,unavailable,35 - 44 years,F,8 - 14 days,H,unavailable,unavailable,3
202104,unavailable,KUL,AKL,V,A,IN,unavailable,unavailable,65 - 74 years,M,28+ days,V,unavailable,unavailable,3
202104,unavailable,ZZS,TRG,V,A,XX,unavailable,unavailable,25 - 34 years,M,less than 7 days,N,unavailable,unavailable,3
202104,unavailable,NLK,NPE,V,A,XX,unavailable,unavailable,45 - 54 years,M,28+ days,N,unavailable,unavailable,3
202104,unavailable,SYD,CHC,V,A,NZ,unavailable,unavailable,65 - 74 years,M,8 - 14 days,V,unavailable,unavailable,3
202104,unavailable,SYD,AKL,V,A,AU,unavailable,unavailable,25 - 34 years,F,15 to 27 days,O,unavailable,unavailable,3
202104,unavailable,APW,AKL,V,A,WS,unavailable,unavailable,55 - 64 years,M,15 to 27 days,N,unavailable,unavailable,3
202104,unavailable,SYD,AKL,V,A,AU,unavailable,unavailable,12 - 18 years,F,15 to 27 days,O,unavailable,unavailable,3
202104,unavailable,SYD,AKL,V,A,AU,unavailable,unavailable,35 - 44 years,M,8 - 14 days,E,unavailable,unavailable,3
202104,unavailable,SYD,AKL,V,A,AU,unavailable,unavailable,35 - 44 years,M,8 - 14 days,O,unavailable,unavailable,3
202104,unavailable,SYD,WLG,V,A,AU,unavailable,unavailable,Less than 1 year,M,8 - 14 days,V,unavailable,unavailable,3
202104,unavailable,SYD,WLG,V,A,AU,unavailable,unavailable,19 - 24 years,M,15 to 27 days,V,unavailable,unavailable,3
202104,unavailable,OOL,AKL,V,A,AU,unavailable,unavailable,01 - 11 years,F,15 to 27 days,N,unavailable,unavailable,3
202104,unavailable,SYD,WLG,V,A,AU,unavailable,unavailable,55 - 64 years,M,15 to 27 days,H,unavailable,unavailable,3
202104,unavailable,BNE,AKL,V,A,AU,unavailable,unavailable,35 - 44 years,M,15 to 27 days,O,unavailable,unavailable,3
202104,unavailable,SIN,NPL,V,A,UA,unavailable,unavailable,45 - 54 years,M,28+ days,O,unavailable,unavailable,3
202104,unavailable,RAR,AKL,V,A,CK,unavailable,unavailable,25 - 34 years,F,less than 7 days,H,unavailable,unavailable,3
202104,unavailable,SIN,AKL,V,A,PH,unavailable,unavailable,25 - 34 years,F,28+ days,O,unavailable,unavailable,3
202104,unavailable,SYD,ZQN,V,A,AU,unavailable,unavailable,75+,F,28+ days,H,unavailable,unavailable,3
202104,unavailable,BNE,ZQN,V,A,AU,unavailable,unavailable,35 - 44 years,M,15 to 27 days,V,unavailable,unavailable,3
202104,unavailable,BNE,AKL,V,A,GB,unavailable,unavailable,65 - 74 years,F,28+ days,V,unavailable,unavailable,3
202104,unavailable,HKG,AKL,V,A,HK,unavailable,unavailable,35 - 44 years,F,28+ days,V,unavailable,unavailable,3
202104,unavailable,BNE,AKL,V,A,AU,unavailable,unavailable,35 - 44 years,M,15 to 27 days,H,unavailable,unavailable,3
202104,unavailable,SYD,WLG,V,A,AU,unavailable,unavailable,19 - 24 years,F,28+ days,V,unavailable,unavailable,3
202104,unavailable,BNE,AKL,V,A,AU,unavailable,unavailable,45 - 54 years,M,28+ days,H,unavailable,unavailable,3
202104,unavailable,SIN,CHC,V,A,HK,unavailable,unavailable,65 - 74 years,M,28+ days,V,unavailable,unavailable,3
202104,unavailable,MEL,WLG,V,A,AU,unavailable,unavailable,75+,M,28+ days,V,unavailable,unavailable,3
202104,unavailable,MEL,AKL,V,A,AU,unavailable,unavailable,01 - 11 years,F,8 - 14 days,H,unavailable,unavailable,3
202104,unavailable,SYD,ZQN,V,A,AU,unavailable,unavailable,35 - 44 years,F,less than 7 days,B,unavailable,unavailable,3
202104,unavailable,MEL,ZQN,V,A,AU,unavailable,unavailable,25 - 34 years,F,8 - 14 days,N,unavailable,unavailable,3
202104,unavailable,LAX,AKL,V,A,US,unavailable,unavailable,25 - 34 years,M,28+ days,O,unavailable,unavailable,3
202104,unavailable,OOL,AKL,V,A,AU,unavailable,unavailable,Less than 1 year,F,15 to 27 days,V,unavailable,unavailable,3
202104,unavailable,MEL,CHC,V,A,AU,unavailable,unavailable,45 - 54 years,M,28+ days,H,unavailable,unavailable,3
202104,unavailable,BNE,ZQN,V,A,AU,unavailable,unavailable,01 - 11 years,M,15 to 27 days,H,unavailable,unavailable,3
202104,unavailable,LAX,AKL,V,A,US,unavailable,unavailable,55 - 64 years,F,28+ days,N,unavailable,unavailable,3
202104,unavailable,MEL,ZQN,V,A,AU,unavailable,unavailable,45 - 54 years,M,less than 7 days,B,unavailable,unavailable,3
202104,unavailable,RAR,AKL,V,A,CK,unavailable,unavailable,55 - 64 years,M,28+ days,B,unavailable,unavailable,3
202104,unavailable,SIN,AKL,V,A,PH,unavailable,unavailable,45 - 54 years,F,28+ days,N,unavailable,unavailable,3
202104,unavailable,BNE,CHC,V,A,AU,unavailable,unavailable,65 - 74 years,M,less than 7 days,E,unavailable,unavailable,3
202104,unavailable,SYD,AKL,V,A,AU,unavailable,unavailable,01 - 11 years,M,less than 7 days,H,unavailable,unavailable,3
202104,unavailable,LAX,AKL,V,A,US,unavailable,unavailable,Less than 1 year,M,28+ days,V,unavailable,unavailable,3
202104,unavailable,SYD,CHC,V,A,AU,unavailable,unavailable,12 - 18 years,F,8 - 14 days,V,unavailable,unavailable,3
202104,unavailable,SIN,AKL,V,A,PH,unavailable,unavailable,45 - 54 years,F,28+ days,V,unavailable,unavailable,3
202104,unavailable,BNE,AKL,V,A,AU,unavailable,unavailable,65 - 74 years,F,15 to 27 days,H,unavailable,unavailable,3
202104,unavailable,BNE,AKL,V,A,AU,unavailable,unavailable,45 - 54 years,F,15 to 27 days,O,unavailable,unavailable,3
202104,unavailable,BNE,AKL,V,A,AU,unavailable,unavailable,25 - 34 years,F,less than 7 days,B,unavailable,unavailable,3
202104,unavailable,MEL,AKL,V,A,AU,unavailable,unavailable,19 - 24 years,M,less than 7 days,N,unavailable,unavailable,3
202104,unavailable,KUL,AKL,V,A,GB,unavailable,unavailable,45 - 54 years,M,15 to 27 days,V,unavailable,unavailable,3
202104,unavailable,LAX,AKL,V,A,US,unavailable,unavailable,55 - 64 years,M,28+ days,N,unavailable,unavailable,3
202104,unavailable,BNE,AKL,V,A,GB,unavailable,unavailable,19 - 24 years,F,28+ days,V,unavailable,unavailable,3
202104,unavailable,SIN,NPL,V,A,PH,unavailable,unavailable,35 - 44 years,M,28+ days,O,unavailable,unavailable,3
202104,unavailable,HKG,AKL,V,A,HK,unavailable,unavailable,65 - 74 years,M,15 to 27 days,O,unavailable,unavailable,3
202104,unavailable,MEL,AKL,V,A,AU,unavailable,unavailable,45 - 54 years,F,8 - 14 days,O,unavailable,unavailable,3
202104,unavailable,BNE,ZQN,V,A,AU,unavailable,unavailable,25 - 34 years,F,less than 7 days,V,unavailable,unavailable,3
202104,unavailable,MEL,CHC,V,A,AU,unavailable,unavailable,45 - 54 years,M,less than 7 days,H,unavailable,unavailable,3
202104,unavailable,LAX,AKL,V,A,US,unavailable,unavailable,35 - 44 years,F,28+ days,O,unavailable,unavailable,3
202104,unavailable,APW,AKL,V,A,XX,unavailable,unavailable,25 - 34 years,M,less than 7 days,N,unavailable,unavailable,3
202104,unavailable,SYD,AKL,V,A,XX,unavailable,unavailable,35 - 44 years,F,28+ days,N,unavailable,unavailable,3
202104,unavailable,BNE,AKL,V,A,AU,unavailable,unavailable,12 - 18 years,M,28+ days,O,unavailable,unavailable,3
202104,unavailable,MEL,ZQN,V,A,AU,unavailable,unavailable,45 - 54 years,F,8 - 14 days,H,unavailable,unavailable,3
202104,unavailable,LAX,AKL,V,A,CA,unavailable,unavailable,25 - 34 years,F,28+ days,B,unavailable,unavailable,3
202104,unavailable,MEL,ZQN,V,A,AU,unavailable,unavailable,75+,F,8 - 14 days,V,unavailable,unavailable,3
202104,unavailable,MEL,ZQN,V,A,AU,unavailable,unavailable,75+,F,15 to 27 days,V,unavailable,unavailable,3
202104,unavailable,OOL,AKL,V,A,AU,unavailable,unavailable,75+,M,15 to 27 days,N,unavailable,unavailable,3
202104,unavailable,OOL,AKL,V,A,AU,unavailable,unavailable,25 - 34 years,M,28+ days,H,unavailable,unavailable,3
202104,unavailable,OOL,CHC,V,A,AU,unavailable,unavailable,65 - 74 years,F,8 - 14 days,V,unavailable,unavailable,3
202104,unavailable,SYD,AKL,V,A,AU,unavailable,unavailable,19 - 24 years,F,8 - 14 days,E,unavailable,unavailable,3
202104,unavailable,SYD,AKL,V,A,AU,unavailable,unavailable,25 - 34 years,F,28+ days,O,unavailable,unavailable,3
202104,unavailable,BNE,AKL,V,A,SB,unavailable,unavailable,25 - 34 years,M,28+ days,V,unavailable,unavailable,3
202104,unavailable,BNE,CHC,V,A,AU,unavailable,unavailable,19 - 24 years,F,28+ days,O,unavailable,unavailable,3
202104,unavailable,APW,AKL,V,A,NZ,unavailable,unavailable,65 - 74 years,F,28+ days,N,unavailable,unavailable,3
202104,unavailable,OOL,AKL,V,A,AU,unavailable,unavailable,45 - 54 years,M,15 to 27 days,N,unavailable,unavailable,3
202104,unavailable,SYD,ZQN,V,A,AU,unavailable,unavailable,75+,F,15 to 27 days,V,unavailable,unavailable,3
202104,unavailable,RAR,AKL,V,A,CK,unavailable,unavailable,55 - 64 years,F,28+ days,N,unavailable,unavailable,3
202104,unavailable,SHA,AKL,V,A,CN,unavailable,unavailable,19 - 24 years,M,28+ days,O,unavailable,unavailable,3
202104,unavailable,BNE,AKL,V,A,AU,unavailable,unavailable,Less than 1 year,M,less than 7 days,O,unavailable,unavailable,3
202104,unavailable,SYD,AKL,V,A,XX,unavailable,unavailable,01 - 11 years,F,15 to 27 days,N,unavailable,unavailable,3
202104,unavailable,HBA,AKL,V,A,AU,unavailable,unavailable,45 - 54 years,F,15 to 27 days,V,unavailable,unavailable,3
202104,unavailable,BNE,AKL,V,A,AU,unavailable,unavailable,65 - 74 years,F,less than 7 days,O,unavailable,unavailable,3
202104,unavailable,SYD,CHC,V,A,AU,unavailable,unavailable,12 - 18 years,F,28+ days,H,unavailable,unavailable,3
202104,unavailable,BNE,AKL,V,A,IT,unavailable,unavailable,35 - 44 years,M,28+ days,B,unavailable,unavailable,3
202104,unavailable,SYD,AKL,V,A,CN,unavailable,unavailable,45 - 54 years,M,15 to 27 days,V,unavailable,unavailable,3
202104,unavailable,KUL,AKL,V,A,AE,unavailable,unavailable,45 - 54 years,M,15 to 27 days,N,unavailable,unavailable,3
202104,unavailable,BNE,AKL,V,A,XX,unavailable,unavailable,25 - 34 years,M,15 to 27 days,V,unavailable,unavailable,3
202104,unavailable,BNE,AKL,V,A,DE,unavailable,unavailable,25 - 34 years,F,28+ days,B,unavailable,unavailable,3
202104,unavailable,MEL,AKL,V,A,AU,unavailable,unavailable,12 - 18 years,M,15 to 27 days,H,unavailable,unavailable,3
202104,unavailable,OOL,AKL,V,A,AU,unavailable,unavailable,55 - 64 years,F,8 - 14 days,N,unavailable,unavailable,3
202104,unavailable,MEL,AKL,V,A,AU,unavailable,unavailable,12 - 18 years,M,28+ days,H,unavailable,unavailable,3
202104,unavailable,SYD,AKL,V,A,SG,unavailable,unavailable,35 - 44 years,F,less than 7 days,V,unavailable,unavailable,3
202104,unavailable,MEL,ZQN,V,A,AU,unavailable,unavailable,65 - 74 years,M,8 - 14 days,O,unavailable,unavailable,3
202104,unavailable,MEL,CHC,V,A,AU,unavailable,unavailable,45 - 54 years,M,less than 7 days,O,unavailable,unavailable,3
202104,unavailable,SIN,AKL,V,A,DK,unavailable,unavailable,45 - 54 years,F,28+ days,V,unavailable,unavailable,3
202104,unavailable,SYD,CHC,V,A,AU,unavailable,unavailable,12 - 18 years,M,8 - 14 days,V,unavailable,unavailable,3
202104,unavailable,RAR,AKL,V,A,CK,unavailable,unavailable,45 - 54 years,M,15 to 27 days,B,unavailable,unavailable,3
202104,unavailable,LAX,AKL,V,A,US,unavailable,unavailable,75+,M,28+ days,B,unavailable,unavailable,3
202104,unavailable,KUL,AKL,V,A,RU,unavailable,unavailable,55 - 64 years,M,28+ days,B,unavailable,unavailable,3
202104,unavailable,KUL,AKL,V,A,CH,unavailable,unavailable,45 - 54 years,M,28+ days,B,unavailable,unavailable,3
202104,unavailable,BNE,AKL,V,A,US,unavailable,unavailable,65 - 74 years,F,15 to 27 days,V,unavailable,unavailable,3
202104,unavailable,BNE,AKL,V,A,NF,unavailable,unavailable,55 - 64 years,M,8 - 14 days,V,unavailable,unavailable,3
202104,unavailable,SIN,CHC,V,A,ID,unavailable,unavailable,19 - 24 years,M,28+ days,H,unavailable,unavailable,3
202104,unavailable,BNE,CHC,V,A,NZ,unavailable,unavailable,19 - 24 years,F,28+ days,E,unavailable,unavailable,3
202104,unavailable,IUE,AKL,V,A,NU,unavailable,unavailable,35 - 44 years,F,28+ days,H,unavailable,unavailable,3
202104,unavailable,SHA,AKL,V,A,CN,unavailable,unavailable,45 - 54 years,M,28+ days,E,unavailable,unavailable,3
202104,unavailable,MEL,AKL,V,A,XX,unavailable,unavailable,19 - 24 years,M,8 - 14 days,H,unavailable,unavailable,3
202104,unavailable,SYD,AKL,V,A,AU,unavailable,unavailable,65 - 74 years,M,28+ days,B,unavailable,unavailable,3
202104,unavailable,BNE,AKL,V,A,GB,unavailable,unavailable,45 - 54 years,M,28+ days,O,unavailable,unavailable,3
202104,unavailable,SYD,ZQN,V,A,AU,unavailable,unavailable,35 - 44 years,M,28+ days,H,unavailable,unavailable,3
202104,unavailable,MEL,ZQN,V,A,AU,unavailable,unavailable,19 - 24 years,M,28+ days,H,unavailable,unavailable,3
202104,unavailable,ZZS,TRG,V,A,CN,unavailable,unavailable,45 - 54 years,M,less than 7 days,N,unavailable,unavailable,3
202104,unavailable,BNE,CHC,V,A,AU,unavailable,unavailable,45 - 54 years,F,28+ days,O,unavailable,unavailable,3
202104,unavailable,RAR,AKL,V,A,CK,unavailable,unavailable,25 - 34 years,F,28+ days,B,unavailable,unavailable,3
202104,unavailable,MEL,WLG,V,A,XX,unavailable,unavailable,12 - 18 years,F,28+ days,N,unavailable,unavailable,3
202104,unavailable,BNE,AKL,V,A,ZA,unavailable,unavailable,35 - 44 years,F,28+ days,B,unavailable,unavailable,3
202104,unavailable,BNE,WLG,V,A,AU,unavailable,unavailable,Less than 1 year,F,8 - 14 days,V,unavailable,unavailable,3
202104,unavailable,TBU,AKL,V,A,XX,unavailable,unavailable,75+,M,28+ days,H,unavailable,unavailable,3
202104,unavailable,ZZS,CHC,V,A,PH,unavailable,unavailable,35 - 44 years,M,less than 7 days,O,unavailable,unavailable,3
202104,unavailable,SEL,AKL,V,A,GB,unavailable,unavailable,35 - 44 years,F,15 to 27 days,B,unavailable,unavailable,3
202104,unavailable,BNE,CHC,V,A,NZ,unavailable,unavailable,25 - 34 years,F,less than 7 days,V,unavailable,unavailable,3
202104,unavailable,BNE,AKL,V,A,AU,unavailable,unavailable,65 - 74 years,M,28+ days,N,unavailable,unavailable,3
202104,unavailable,SYD,ZQN,V,A,AU,unavailable,unavailable,55 - 64 years,F,less than 7 days,O,unavailable,unavailable,3
202104,unavailable,KUL,AKL,V,A,IE,unavailable,unavailable,25 - 34 years,M,28+ days,V,unavailable,unavailable,3
202104,unavailable,LAX,AKL,V,A,US,unavailable,unavailable,35 - 44 years,M,15 to 27 days,B,unavailable,unavailable,3
202104,unavailable,RAR,AKL,V,A,CK,unavailable,unavailable,65 - 74 years,M,less than 7 days,O,unavailable,unavailable,3
202104,unavailable,SIN,AKL,V,A,MM,unavailable,unavailable,45 - 54 years,M,28+ days,V,unavailable,unavailable,3
202104,unavailable,BNE,CHC,V,A,AU,unavailable,unavailable,35 - 44 years,F,15 to 27 days,H,unavailable,unavailable,3
202104,unavailable,NRT,AKL,V,A,JP,unavailable,unavailable,25 - 34 years,M,28+ days,N,unavailable,unavailable,3
202104,unavailable,SIN,AKL,V,A,IE,unavailable,unavailable,25 - 34 years,M,28+ days,N,unavailable,unavailable,3
202104,unavailable,BNE,AKL,V,A,NZ,unavailable,unavailable,25 - 34 years,F,28+ days,V,unavailable,unavailable,3
202104,unavailable,KUL,AKL,V,A,ET,unavailable,unavailable,35 - 44 years,M,28+ days,N,unavailable,unavailable,3
202104,unavailable,HBA,AKL,V,A,AU,unavailable,unavailable,75+,M,less than 7 days,V,unavailable,unavailable,3
202104,unavailable,KUL,AKL,V,A,RU,unavailable,unavailable,55 - 64 years,M,8 - 14 days,O,unavailable,unavailable,3
202104,unavailable,KUL,AKL,V,A,FR,unavailable,unavailable,12 - 18 years,F,28+ days,V,unavailable,unavailable,3
202104,unavailable,BNE,AKL,V,A,BR,unavailable,unavailable,35 - 44 years,M,28+ days,O,unavailable,unavailable,3
202104,unavailable,SIN,AKL,V,A,ID,unavailable,unavailable,35 - 44 years,M,28+ days,V,unavailable,unavailable,3
202104,unavailable,LAX,AKL,V,A,US,unavailable,unavailable,12 - 18 years,F,28+ days,H,unavailable,unavailable,3
202104,unavailable,RAR,AKL,V,A,CK,unavailable,unavailable,19 - 24 years,F,8 - 14 days,H,unavailable,unavailable,3
202104,unavailable,OOL,AKL,V,A,XX,unavailable,unavailable,01 - 11 years,M,28+ days,N,unavailable,unavailable,3
202104,unavailable,SYD,ZQN,V,A,AU,unavailable,unavailable,75+,M,less than 7 days,V,unavailable,unavailable,3
202104,unavailable,SYD,WLG,V,A,XX,unavailable,unavailable,55 - 64 years,F,less than 7 days,N,unavailable,unavailable,3
202104,unavailable,SIN,AKL,V,A,FR,unavailable,unavailable,25 - 34 years,M,28+ days,B,unavailable,unavailable,3
202104,unavailable,BNE,AKL,V,A,AU,unavailable,unavailable,12 - 18 years,M,8 - 14 days,N,unavailable,unavailable,3
202104,unavailable,MEL,ZQN,V,A,AU,unavailable,unavailable,55 - 64 years,M,less than 7 days,N,unavailable,unavailable,3
202104,unavailable,SYD,AKL,V,A,AU,unavailable,unavailable,25 - 34 years,F,28+ days,E,unavailable,unavailable,3
202104,unavailable,HBA,AKL,V,A,AU,unavailable,unavailable,45 - 54 years,M,less than 7 days,O,unavailable,unavailable,3
202104,unavailable,VLI,AKL,V,A,VU,unavailable,unavailable,45 - 54 years,F,28+ days,V,unavailable,unavailable,3
202104,unavailable,LAX,AKL,V,A,US,unavailable,unavailable,12 - 18 years,M,28+ days,N,unavailable,unavailable,3
202104,unavailable,SIN,AKL,V,A,PL,unavailable,unavailable,45 - 54 years,M,28+ days,B,unavailable,unavailable,3
202104,unavailable,KUL,AKL,V,A,FR,unavailable,unavailable,25 - 34 years,M,28+ days,B,unavailable,unavailable,3
202104,unavailable,SIN,CHC,V,A,ID,unavailable,unavailable,35 - 44 years,M,28+ days,B,unavailable,unavailable,3
202104,unavailable,HKG,AKL,V,A,HK,unavailable,unavailable,65 - 74 years,F,28+ days,N,unavailable,unavailable,3
202104,unavailable,KUL,AKL,V,A,JO,unavailable,unavailable,01 - 11 years,F,28+ days,N,unavailable,unavailable,3
202104,unavailable,MEL,WLG,V,A,AU,unavailable,unavailable,35 - 44 years,F,less than 7 days,B,unavailable,unavailable,3
202104,unavailable,BNE,AKL,V,A,AU,unavailable,unavailable,Less than 1 year,F,28+ days,N,unavailable,unavailable,3
202104,unavailable,MEL,AKL,V,A,AU,unavailable,unavailable,75+,M,less than 7 days,O,unavailable,unavailable,3
202104,unavailable,KUL,AKL,V,A,AE,unavailable,unavailable,25 - 34 years,M,15 to 27 days,V,unavailable,unavailable,3
202104,unavailable,SYD,AKL,V,A,WS,unavailable,unavailable,19 - 24 years,M,less than 7 days,V,unavailable,unavailable,3
202104,unavailable,PER,AKL,V,A,GB,unavailable,unavailable,25 - 34 years,F,28+ days,N,unavailable,unavailable,3
202104,unavailable,KUL,AKL,V,A,IQ,unavailable,unavailable,01 - 11 years,F,28+ days,O,unavailable,unavailable,3
202104,unavailable,LAX,AKL,V,A,AG,unavailable,unavailable,45 - 54 years,M,28+ days,N,unavailable,unavailable,3
202104,unavailable,NRT,AKL,V,A,GB,unavailable,unavailable,01 - 11 years,F,28+ days,O,unavailable,unavailable,3
202104,unavailable,SYD,ZQN,V,A,AU,unavailable,unavailable,75+,M,15 to 27 days,H,unavailable,unavailable,3
202104,unavailable,KUL,AKL,V,A,XX,unavailable,unavailable,35 - 44 years,M,15 to 27 days,N,unavailable,unavailable,3
202104,unavailable,SYD,ZQN,V,A,AU,unavailable,unavailable,Less than 1 year,M,less than 7 days,H,unavailable,unavailable,3
202104,unavailable,SHA,AKL,V,A,CN,unavailable,unavailable,35 - 44 years,M,28+ days,V,unavailable,unavailable,3
202104,unavailable,BNE,AKL,V,A,AU,unavailable,unavailable,01 - 11 years,F,28+ days,O,unavailable,unavailable,3
202104,unavailable,APW,AKL,V,A,WS,unavailable,unavailable,25 - 34 years,F,28+ days,O,unavailable,unavailable,3
202104,unavailable,SIN,AKL,V,A,DE,unavailable,unavailable,25 - 34 years,F,28+ days,B,unavailable,unavailable,3
202104,unavailable,OOL,AKL,V,A,AU,unavailable,unavailable,55 - 64 years,F,less than 7 days,B,unavailable,unavailable,3
202104,unavailable,BNE,CHC,V,A,AU,unavailable,unavailable,19 - 24 years,M,8 - 14 days,N,unavailable,unavailable,3
202104,unavailable,BNE,CHC,V,A,AU,unavailable,unavailable,Less than 1 year,F,less than 7 days,V,unavailable,unavailable,3
202104,unavailable,KUL,AKL,V,A,IR,unavailable,unavailable,45 - 54 years,F,28+ days,V,unavailable,unavailable,3
202104,unavailable,SEL,AKL,V,A,KR,unavailable,unavailable,Less than 1 year,M,28+ days,V,unavailable,unavailable,3
202104,unavailable,SHA,AKL,V,A,CN,unavailable,unavailable,35 - 44 years,F,28+ days,V,unavailable,unavailable,3
202104,unavailable,MEL,CHC,V,A,AU,unavailable,unavailable,75+,F,8 - 14 days,B,unavailable,unavailable,3
202104,unavailable,SYD,AKL,V,A,XX,unavailable,unavailable,19 - 24 years,M,less than 7 days,N,unavailable,unavailable,3
202104,unavailable,MEL,CHC,V,A,AU,unavailable,unavailable,35 - 44 years,F,8 - 14 days,N,unavailable,unavailable,3
202104,unavailable,MEL,AKL,V,A,XX,unavailable,unavailable,12 - 18 years,M,less than 7 days,N,unavailable,unavailable,3
202104,unavailable,SIN,CHC,V,A,CH,unavailable,unavailable,Less than 1 year,M,28+ days,V,unavailable,unavailable,3
202104,unavailable,KUL,AKL,V,A,BD,unavailable,unavailable,19 - 24 years,F,28+ days,N,unavailable,unavailable,3
202104,unavailable,KUL,AKL,V,A,DE,unavailable,unavailable,45 - 54 years,F,28+ days,E,unavailable,unavailable,3
202104,unavailable,SYD,CHC,V,A,AU,unavailable,unavailable,12 - 18 years,M,less than 7 days,H,unavailable,unavailable,3
202104,unavailable,SIN,NPL,V,A,PH,unavailable,unavailable,35 - 44 years,M,28+ days,B,unavailable,unavailable,3
202104,unavailable,OOL,CHC,V,A,AU,unavailable,unavailable,35 - 44 years,F,less than 7 days,H,unavailable,unavailable,3
202104,unavailable,LAX,AKL,V,A,NZ,unavailable,unavailable,25 - 34 years,M,15 to 27 days,O,unavailable,unavailable,3
202104,unavailable,SIN,AKL,V,A,QA,unavailable,unavailable,55 - 64 years,F,28+ days,V,unavailable,unavailable,3
202104,unavailable,OOL,AKL,V,A,AU,unavailable,unavailable,55 - 64 years,M,15 to 27 days,B,unavailable,unavailable,3
202104,unavailable,BNE,CHC,V,A,AU,unavailable,unavailable,45 - 54 years,F,8 - 14 days,O,unavailable,unavailable,3
202104,unavailable,SIN,AKL,V,A,ES,unavailable,unavailable,45 - 54 years,M,28+ days,V,unavailable,unavailable,3
202104,unavailable,SIN,AKL,V,A,CH,unavailable,unavailable,01 - 11 years,M,28+ days,B,unavailable,unavailable,3
202104,unavailable,SIN,AKL,V,A,PA,unavailable,unavailable,01 - 11 years,M,28+ days,V,unavailable,unavailable,3
202104,unavailable,KUL,AKL,V,A,AE,unavailable,unavailable,45 - 54 years,F,28+ days,V,unavailable,unavailable,3
202104,unavailable,SYD,AKL,V,A,AU,unavailable,unavailable,01 - 11 years,F,28+ days,E,unavailable,unavailable,3
202104,unavailable,BNE,CHC,V,A,AU,unavailable,unavailable,19 - 24 years,M,less than 7 days,E,unavailable,unavailable,3
202104,unavailable,KUL,AKL,V,A,CH,unavailable,unavailable,35 - 44 years,F,15 to 27 days,V,unavailable,unavailable,3
202104,unavailable,BNE,AKL,V,A,GB,unavailable,unavailable,25 - 34 years,F,28+ days,E,unavailable,unavailable,3
202104,unavailable,SYD,ZQN,V,A,AU,unavailable,unavailable,65 - 74 years,F,8 - 14 days,N,unavailable,unavailable,3
202104,unavailable,MEL,AKL,V,A,AU,unavailable,unavailable,35 - 44 years,F,28+ days,O,unavailable,unavailable,3
202104,unavailable,BNE,AKL,V,A,GB,unavailable,unavailable,65 - 74 years,M,15 to 27 days,V,unavailable,unavailable,3
202104,unavailable,OOL,AKL,V,A,AU,unavailable,unavailable,25 - 34 years,F,less than 7 days,E,unavailable,unavailable,3
202104,unavailable,SYD,AKL,V,A,AU,unavailable,unavailable,19 - 24 years,F,15 to 27 days,O,unavailable,unavailable,3
202104,unavailable,MEL,ZQN,V,A,AU,unavailable,unavailable,01 - 11 years,M,less than 7 days,N,unavailable,unavailable,3
202104,unavailable,SYD,WLG,V,A,XX,unavailable,unavailable,65 - 74 years,F,8 - 14 days,N,unavailable,unavailable,3
202104,unavailable,HBA,AKL,V,A,AU,unavailable,unavailable,45 - 54 years,M,less than 7 days,H,unavailable,unavailable,3
202104,unavailable,SIN,AKL,V,A,DE,unavailable,unavailable,25 - 34 years,F,28+ days,V,unavailable,unavailable,3
202104,unavailable,SIN,AKL,V,A,TH,unavailable,unavailable,25 - 34 years,F,28+ days,O,unavailable,unavailable,3
202104,unavailable,MEL,AKL,V,A,AU,unavailable,unavailable,55 - 64 years,F,less than 7 days,O,unavailable,unavailable,3
202104,unavailable,SYD,AKL,V,A,AU,unavailable,unavailable,35 - 44 years,F,15 to 27 days,O,unavailable,unavailable,3
202104,unavailable,RAR,AKL,V,A,CK,unavailable,unavailable,45 - 54 years,F,less than 7 days,B,unavailable,unavailable,3
202104,unavailable,BNE,ZQN,V,A,AU,unavailable,unavailable,75+,F,28+ days,V,unavailable,unavailable,3
202104,unavailable,LAX,AKL,V,A,US,unavailable,unavailable,19 - 24 years,F,28+ days,H,unavailable,unavailable,3
202104,unavailable,OOL,AKL,V,A,BS,unavailable,unavailable,25 - 34 years,M,8 - 14 days,V,unavailable,unavailable,3
202104,unavailable,KUL,AKL,V,A,UA,unavailable,unavailable,55 - 64 years,M,15 to 27 days,E,unavailable,unavailable,3
202104,unavailable,TBU,AKL,V,A,XX,unavailable,unavailable,45 - 54 years,M,less than 7 days,N,unavailable,unavailable,3
202104,unavailable,ZZS,NPL,V,A,PH,unavailable,unavailable,35 - 44 years,M,8 - 14 days,B,unavailable,unavailable,3
202104,unavailable,BNE,AKL,V,A,AU,unavailable,unavailable,75+,F,less than 7 days,N,unavailable,unavailable,3
202104,unavailable,SYD,AKL,V,A,AU,unavailable,unavailable,75+,F,8 - 14 days,O,unavailable,unavailable,3
202104,unavailable,SIN,CHC,V,A,TW,unavailable,unavailable,35 - 44 years,F,28+ days,B,unavailable,unavailable,3
202104,unavailable,SYD,CHC,V,A,AU,unavailable,unavailable,45 - 54 years,F,8 - 14 days,N,unavailable,unavailable,3
202104,unavailable,SIN,AKL,V,A,CH,unavailable,unavailable,35 - 44 years,M,28+ days,B,unavailable,unavailable,3
202104,unavailable,BNE,AKL,V,A,XX,unavailable,unavailable,19 - 24 years,M,less than 7 days,N,unavailable,unavailable,3
202104,unavailable,BNE,AKL,V,A,ZA,unavailable,unavailable,55 - 64 years,M,8 - 14 days,V,unavailable,unavailable,3
202104,unavailable,MEL,CHC,V,A,AU,unavailable,unavailable,19 - 24 years,F,8 - 14 days,H,unavailable,unavailable,3
202104,unavailable,SYD,CHC,V,A,AU,unavailable,unavailable,35 - 44 years,M,28+ days,N,unavailable,unavailable,3
202104,unavailable,BNE,AKL,V,A,AU,unavailable,unavailable,75+,M,28+ days,H,unavailable,unavailable,3
202104,unavailable,RAR,AKL,V,A,CK,unavailable,unavailable,01 - 11 years,F,less than 7 days,O,unavailable,unavailable,3
202104,unavailable,BNE,AKL,V,A,AU,unavailable,unavailable,45 - 54 years,M,15 to 27 days,E,unavailable,unavailable,3
202104,unavailable,MEL,AKL,V,A,GB,unavailable,unavailable,25 - 34 years,M,less than 7 days,V,unavailable,unavailable,3
202104,unavailable,LAX,AKL,V,A,MX,unavailable,unavailable,19 - 24 years,F,28+ days,V,unavailable,unavailable,3
202104,unavailable,SIN,AKL,V,A,DE,unavailable,unavailable,35 - 44 years,M,28+ days,V,unavailable,unavailable,3
202104,unavailable,SYD,AKL,V,A,AU,unavailable,unavailable,01 - 11 years,M,28+ days,H,unavailable,unavailable,3
202104,unavailable,SIN,CHC,V,A,IT,unavailable,unavailable,25 - 34 years,M,28+ days,B,unavailable,unavailable,3
202104,unavailable,SYD,AKL,V,A,XX,unavailable,unavailable,55 - 64 years,F,28+ days,V,unavailable,unavailable,3
202104,unavailable,SIN,AKL,V,A,NL,unavailable,unavailable,25 - 34 years,F,28+ days,N,unavailable,unavailable,3
202104,unavailable,KUL,AKL,V,A,BD,unavailable,unavailable,65 - 74 years,F,28+ days,N,unavailable,unavailable,3
202104,unavailable,SYD,ZQN,V,A,AU,unavailable,unavailable,19 - 24 years,M,8 - 14 days,V,unavailable,unavailable,3
202104,unavailable,MEL,AKL,V,A,AU,unavailable,unavailable,12 - 18 years,M,15 to 27 days,O,unavailable,unavailable,3
202104,unavailable,SIN,AKL,V,A,AU,unavailable,unavailable,35 - 44 years,F,15 to 27 days,V,unavailable,unavailable,3
202104,unavailable,RAR,AKL,V,A,CK,unavailable,unavailable,35 - 44 years,F,8 - 14 days,N,unavailable,unavailable,3
202104,unavailable,SYD,CHC,V,A,AU,unavailable,unavailable,45 - 54 years,F,less than 7 days,B,unavailable,unavailable,3
202104,unavailable,SYD,AKL,V,A,AU,unavailable,unavailable,Less than 1 year,F,15 to 27 days,N,unavailable,unavailable,3
202104,unavailable,SYD,CHC,V,A,AU,unavailable,unavailable,25 - 34 years,M,8 - 14 days,N,unavailable,unavailable,3
202104,unavailable,BNE,AKL,V,A,UA,unavailable,unavailable,35 - 44 years,F,28+ days,N,unavailable,unavailable,3
202104,unavailable,KUL,AKL,V,A,NP,unavailable,unavailable,55 - 64 years,M,28+ days,H,unavailable,unavailable,3
202104,unavailable,IUE,AKL,V,A,NU,unavailable,unavailable,55 - 64 years,M,28+ days,B,unavailable,unavailable,3
202104,unavailable,BNE,AKL,V,A,AU,unavailable,unavailable,75+,M,8 - 14 days,B,unavailable,unavailable,3
202104,unavailable,RAR,AKL,V,A,CK,unavailable,unavailable,35 - 44 years,F,15 to 27 days,O,unavailable,unavailable,3
202104,unavailable,PER,AKL,V,A,AU,unavailable,unavailable,01 - 11 years,F,28+ days,N,unavailable,unavailable,3
202104,unavailable,KUL,AKL,V,A,DE,unavailable,unavailable,55 - 64 years,F,28+ days,V,unavailable,unavailable,3
202104,unavailable,SIN,NPL,V,A,PH,unavailable,unavailable,19 - 24 years,M,28+ days,O,unavailable,unavailable,3
202104,unavailable,RAR,AKL,V,A,CK,unavailable,unavailable,Less than 1 year,F,15 to 27 days,V,unavailable,unavailable,3
202104,unavailable,BNE,AKL,V,A,QA,unavailable,unavailable,25 - 34 years,M,28+ days,V,unavailable,unavailable,3
202104,unavailable,BNE,CHC,V,A,AU,unavailable,unavailable,35 - 44 years,M,8 - 14 days,E,unavailable,unavailable,3
202104,unavailable,RAR,AKL,V,A,CK,unavailable,unavailable,55 - 64 years,F,28+ days,H,unavailable,unavailable,3
202104,unavailable,LAX,AKL,V,A,CA,unavailable,unavailable,65 - 74 years,F,28+ days,V,unavailable,unavailable,3
202104,unavailable,KUL,AKL,V,A,NL,unavailable,unavailable,25 - 34 years,M,28+ days,B,unavailable,unavailable,3
202104,unavailable,MEL,ZQN,V,A,AU,unavailable,unavailable,35 - 44 years,M,15 to 27 days,N,unavailable,unavailable,3
202104,unavailable,OOL,CHC,V,A,AU,unavailable,unavailable,45 - 54 years,M,less than 7 days,H,unavailable,unavailable,3
202104,unavailable,SYD,ZQN,V,A,AU,unavailable,unavailable,65 - 74 years,F,less than 7 days,N,unavailable,unavailable,3
202104,unavailable,BNE,AKL,V,A,GB,unavailable,unavailable,25 - 34 years,F,less than 7 days,B,unavailable,unavailable,3
202104,unavailable,RAR,AKL,V,A,CK,unavailable,unavailable,75+,F,8 - 14 days,O,unavailable,unavailable,3
202104,unavailable,BNE,CHC,V,A,XX,unavailable,unavailable,45 - 54 years,M,less than 7 days,N,unavailable,unavailable,3
202104,unavailable,BNE,AKL,V,A,BR,unavailable,unavailable,19 - 24 years,F,15 to 27 days,O,unavailable,unavailable,3
202104,unavailable,SIN,CHC,V,A,PH,unavailable,unavailable,01 - 11 years,M,28+ days,V,unavailable,unavailable,3
202104,unavailable,SYD,AKL,V,A,AU,unavailable,unavailable,55 - 64 years,M,8 - 14 days,O,unavailable,unavailable,3
202104,unavailable,LAX,AKL,V,A,LC,unavailable,unavailable,45 - 54 years,M,28+ days,V,unavailable,unavailable,3
202104,unavailable,MEL,CHC,V,A,AU,unavailable,unavailable,35 - 44 years,F,less than 7 days,O,unavailable,unavailable,3
202104,unavailable,BNE,CHC,V,A,AU,unavailable,unavailable,12 - 18 years,M,8 - 14 days,E,unavailable,unavailable,3
202104,unavailable,SIN,AKL,V,A,FI,unavailable,unavailable,45 - 54 years,M,28+ days,V,unavailable,unavailable,3
202104,unavailable,BNE,AKL,V,A,AU,unavailable,unavailable,01 - 11 years,M,15 to 27 days,H,unavailable,unavailable,3
202104,unavailable,MEL,AKL,V,A,AU,unavailable,unavailable,25 - 34 years,M,15 to 27 days,O,unavailable,unavailable,3
202104,unavailable,KUL,AKL,V,A,IT,unavailable,unavailable,45 - 54 years,M,28+ days,N,unavailable,unavailable,3
202104,unavailable,KUL,AKL,V,A,BE,unavailable,unavailable,25 - 34 years,F,28+ days,V,unavailable,unavailable,3
202104,unavailable,NRT,AKL,V,A,JP,unavailable,unavailable,55 - 64 years,M,28+ days,V,unavailable,unavailable,3
202104,unavailable,BNE,ZQN,V,A,AU,unavailable,unavailable,25 - 34 years,M,less than 7 days,N,unavailable,unavailable,3
202104,unavailable,BNE,AKL,V,A,QA,unavailable,unavailable,35 - 44 years,M,28+ days,V,unavailable,unavailable,3
202104,unavailable,SIN,AKL,V,A,ID,unavailable,unavailable,35 - 44 years,M,28+ days,E,unavailable,unavailable,3
202104,unavailable,OOL,AKL,V,A,AU,unavailable,unavailable,19 - 24 years,F,8 - 14 days,N,unavailable,unavailable,3
202104,unavailable,APW,AKL,V,A,XX,unavailable,unavailable,01 - 11 years,F,28+ days,N,unavailable,unavailable,3
202104,unavailable,HBA,AKL,V,A,XX,unavailable,unavailable,25 - 34 years,M,less than 7 days,N,unavailable,unavailable,3
202104,unavailable,RAR,AKL,V,A,CK,unavailable,unavailable,65 - 74 years,F,15 to 27 days,H,unavailable,unavailable,3
202104,unavailable,HBA,AKL,V,A,AU,unavailable,unavailable,25 - 34 years,F,15 to 27 days,H,unavailable,unavailable,3
202104,unavailable,BNE,AKL,V,A,XX,unavailable,unavailable,65 - 74 years,F,28+ days,N,unavailable,unavailable,3
202104,unavailable,OOL,CHC,V,A,AU,unavailable,unavailable,65 - 74 years,M,28+ days,V,unavailable,unavailable,3
202104,unavailable,KUL,AKL,V,A,IL,unavailable,unavailable,35 - 44 years,M,28+ days,V,unavailable,unavailable,3
202104,unavailable,MEL,WLG,V,A,AU,unavailable,unavailable,25 - 34 years,F,15 to 27 days,H,unavailable,unavailable,3
202104,unavailable,MEL,WLG,V,A,AU,unavailable,unavailable,01 - 11 years,F,8 - 14 days,E,unavailable,unavailable,3
202104,unavailable,BNE,AKL,V,A,VI,unavailable,unavailable,25 - 34 years,M,28+ days,N,unavailable,unavailable,3
202104,unavailable,BNE,CHC,V,A,AU,unavailable,unavailable,45 - 54 years,F,28+ days,E,unavailable,unavailable,3
202104,unavailable,KUL,AKL,V,A,US,unavailable,unavailable,45 - 54 years,M,28+ days,V,unavailable,unavailable,3
202104,unavailable,KUL,AKL,V,A,UA,unavailable,unavailable,35 - 44 years,M,15 to 27 days,O,unavailable,unavailable,3
202104,unavailable,SHA,AKL,V,A,CN,unavailable,unavailable,55 - 64 years,F,15 to 27 days,V,unavailable,unavailable,3
202104,unavailable,SYD,ZQN,V,A,AU,unavailable,unavailable,65 - 74 years,M,15 to 27 days,N,unavailable,unavailable,3
202104,unavailable,BNE,AKL,V,A,AD,unavailable,unavailable,25 - 34 years,F,28+ days,O,unavailable,unavailable,3
202104,unavailable,MEL,WLG,V,A,AU,unavailable,unavailable,25 - 34 years,F,28+ days,N,unavailable,unavailable,3
202104,unavailable,KUL,AKL,V,A,AU,unavailable,unavailable,55 - 64 years,F,15 to 27 days,V,unavailable,unavailable,3
202104,unavailable,SYD,CHC,V,A,AU,unavailable,unavailable,55 - 64 years,M,15 to 27 days,B,unavailable,unavailable,3
202104,unavailable,SYD,CHC,V,A,AU,unavailable,unavailable,25 - 34 years,F,less than 7 days,E,unavailable,unavailable,3
202104,unavailable,LAX,AKL,V,A,AU,unavailable,unavailable,25 - 34 years,M,15 to 27 days,N,unavailable,unavailable,3
202104,unavailable,BNE,WLG,V,A,AU,unavailable,unavailable,55 - 64 years,M,15 to 27 days,N,unavailable,unavailable,3
202104,unavailable,SYD,AKL,V,A,AU,unavailable,unavailable,75+,M,28+ days,N,unavailable,unavailable,3
202104,unavailable,NAN,AKL,V,A,FJ,unavailable,unavailable,01 - 11 years,F,28+ days,N,unavailable,unavailable,3
202104,unavailable,KUL,AKL,V,A,US,unavailable,unavailable,Less than 1 year,M,28+ days,V,unavailable,unavailable,3
202104,unavailable,SEL,AKL,V,A,CA,unavailable,unavailable,45 - 54 years,M,28+ days,H,unavailable,unavailable,3
202104,unavailable,PER,AKL,V,A,NZ,unavailable,unavailable,65 - 74 years,M,28+ days,V,unavailable,unavailable,3
202104,unavailable,LAX,AKL,V,A,PA,unavailable,unavailable,25 - 34 years,M,28+ days,V,unavailable,unavailable,3
202104,unavailable,MEL,CHC,V,A,AU,unavailable,unavailable,45 - 54 years,M,8 - 14 days,E,unavailable,unavailable,3
202104,unavailable,SIN,AKL,V,A,PH,unavailable,unavailable,35 - 44 years,M,28+ days,E,unavailable,unavailable,3
202104,unavailable,SIN,AKL,V,A,RU,unavailable,unavailable,25 - 34 years,F,28+ days,N,unavailable,unavailable,3
202104,unavailable,KUL,AKL,V,A,JO,unavailable,unavailable,Less than 1 year,M,28+ days,N,unavailable,unavailable,3
202104,unavailable,SIN,AKL,V,A,GB,unavailable,unavailable,25 - 34 years,F,28+ days,O,unavailable,unavailable,3
202104,unavailable,MEL,AKL,V,A,AU,unavailable,unavailable,19 - 24 years,M,15 to 27 days,N,unavailable,unavailable,3
202104,unavailable,APW,AKL,V,A,WS,unavailable,unavailable,25 - 34 years,M,28+ days,O,unavailable,unavailable,3
202104,unavailable,BNE,AKL,V,A,AU,unavailable,unavailable,35 - 44 years,F,28+ days,B,unavailable,unavailable,3
202104,unavailable,MEL,ZQN,V,A,AU,unavailable,unavailable,12 - 18 years,M,less than 7 days,H,unavailable,unavailable,3
202104,unavailable,BNE,ZQN,V,A,AU,unavailable,unavailable,65 - 74 years,M,less than 7 days,N,unavailable,unavailable,3
202104,unavailable,OOL,CHC,V,A,AU,unavailable,unavailable,75+,F,8 - 14 days,V,unavailable,unavailable,3
202104,unavailable,SYD,ZQN,V,A,AU,unavailable,unavailable,45 - 54 years,F,15 to 27 days,B,unavailable,unavailable,3
202104,unavailable,MEL,AKL,V,A,AU,unavailable,unavailable,01 - 11 years,M,28+ days,H,unavailable,unavailable,3
202104,unavailable,SIN,AKL,V,A,BE,unavailable,unavailable,35 - 44 years,F,28+ days,O,unavailable,unavailable,3
202104,unavailable,TPE,AKL,V,A,TW,unavailable,unavailable,19 - 24 years,F,28+ days,H,unavailable,unavailable,3
202104,unavailable,TBU,AKL,V,A,TO,unavailable,unavailable,75+,F,28+ days,N,unavailable,unavailable,3
202104,unavailable,MEL,ZQN,V,A,AU,unavailable,unavailable,19 - 24 years,M,8 - 14 days,N,unavailable,unavailable,3
202104,unavailable,MEL,WLG,V,A,AU,unavailable,unavailable,12 - 18 years,F,less than 7 days,N,unavailable,unavailable,3
202104,unavailable,NAN,AKL,V,A,US,unavailable,unavailable,25 - 34 years,M,28+ days,V,unavailable,unavailable,3
202104,unavailable,KUL,AKL,V,A,SC,unavailable,unavailable,35 - 44 years,M,28+ days,N,unavailable,unavailable,3
202104,unavailable,MEL,CHC,V,A,AU,unavailable,unavailable,65 - 74 years,F,15 to 27 days,N,unavailable,unavailable,3
202104,unavailable,MEL,ZQN,V,A,AU,unavailable,unavailable,75+,M,15 to 27 days,V,unavailable,unavailable,3
202104,unavailable,MEL,WLG,V,A,AU,unavailable,unavailable,55 - 64 years,F,less than 7 days,N,unavailable,unavailable,3
202104,unavailable,SYD,AKL,V,A,SG,unavailable,unavailable,35 - 44 years,M,less than 7 days,V,unavailable,unavailable,3
202104,unavailable,KUL,AKL,V,A,AE,unavailable,unavailable,65 - 74 years,M,28+ days,N,unavailable,unavailable,3
202104,unavailable,LAX,AKL,V,A,GB,unavailable,unavailable,45 - 54 years,F,15 to 27 days,E,unavailable,unavailable,3
202104,unavailable,OOL,CHC,V,A,AU,unavailable,unavailable,65 - 74 years,M,less than 7 days,V,unavailable,unavailable,3
202104,unavailable,SIN,AKL,V,A,AT,unavailable,unavailable,25 - 34 years,F,28+ days,V,unavailable,unavailable,3
202104,unavailable,SYD,WLG,V,A,AU,unavailable,unavailable,55 - 64 years,F,8 - 14 days,N,unavailable,unavailable,3
202104,unavailable,RAR,AKL,V,A,CK,unavailable,unavailable,35 - 44 years,M,8 - 14 days,V,unavailable,unavailable,3
202104,unavailable,SIN,CHC,V,A,SG,unavailable,unavailable,35 - 44 years,F,28+ days,V,unavailable,unavailable,3
202104,unavailable,ZZS,OPX,V,A,XX,unavailable,unavailable,35 - 44 years,F,15 to 27 days,N,unavailable,unavailable,3
202104,unavailable,BNE,AKL,V,A,ZA,unavailable,unavailable,45 - 54 years,F,28+ days,O,unavailable,unavailable,3
202104,unavailable,SYD,CHC,V,A,AU,unavailable,unavailable,Less than 1 year,F,less than 7 days,V,unavailable,unavailable,3
202104,unavailable,MEL,WLG,V,A,AU,unavailable,unavailable,25 - 34 years,M,8 - 14 days,N,unavailable,unavailable,3
202104,unavailable,KUL,AKL,V,A,IL,unavailable,unavailable,25 - 34 years,F,15 to 27 days,O,unavailable,unavailable,3
202104,unavailable,LAX,AKL,V,A,CL,unavailable,unavailable,35 - 44 years,F,28+ days,V,unavailable,unavailable,3
202104,unavailable,APW,AKL,V,A,XX,unavailable,unavailable,55 - 64 years,M,28+ days,N,unavailable,unavailable,3
202104,unavailable,SYD,CHC,V,A,AU,unavailable,unavailable,01 - 11 years,F,15 to 27 days,E,unavailable,unavailable,3
202104,unavailable,IUE,AKL,V,A,NZ,unavailable,unavailable,01 - 11 years,M,28+ days,V,unavailable,unavailable,3
202104,unavailable,RAR,AKL,V,A,CK,unavailable,unavailable,75+,M,28+ days,N,unavailable,unavailable,3
202104,unavailable,PER,AKL,V,A,VN,unavailable,unavailable,55 - 64 years,F,28+ days,V,unavailable,unavailable,3
202104,unavailable,BNE,AKL,V,A,PG,unavailable,unavailable,45 - 54 years,M,28+ days,N,unavailable,unavailable,3
202104,unavailable,BNE,AKL,V,A,GB,unavailable,unavailable,45 - 54 years,F,28+ days,B,unavailable,unavailable,3
202104,unavailable,SHA,AKL,V,A,CN,unavailable,unavailable,19 - 24 years,F,15 to 27 days,N,unavailable,unavailable,3
202104,unavailable,KUL,AKL,V,A,MA,unavailable,unavailable,25 - 34 years,M,28+ days,V,unavailable,unavailable,3
202104,unavailable,OOL,AKL,V,A,XX,unavailable,unavailable,45 - 54 years,F,15 to 27 days,V,unavailable,unavailable,3
202104,unavailable,HKG,AKL,V,A,TW,unavailable,unavailable,35 - 44 years,F,28+ days,O,unavailable,unavailable,3
202104,unavailable,KUL,AKL,V,A,AT,unavailable,unavailable,25 - 34 years,F,28+ days,V,unavailable,unavailable,3
202104,unavailable,KUL,AKL,V,A,SO,unavailable,unavailable,35 - 44 years,M,15 to 27 days,V,unavailable,unavailable,3
202104,unavailable,SIN,AKL,V,A,IE,unavailable,unavailable,35 - 44 years,M,28+ days,N,unavailable,unavailable,3
202104,unavailable,MEL,CHC,V,A,US,unavailable,unavailable,45 - 54 years,M,8 - 14 days,H,unavailable,unavailable,3
202104,unavailable,SIN,AKL,V,A,NL,unavailable,unavailable,45 - 54 years,M,28+ days,B,unavailable,unavailable,3
202104,unavailable,BNE,AKL,V,A,XX,unavailable,unavailable,25 - 34 years,M,28+ days,V,unavailable,unavailable,3
202104,unavailable,SYD,AKL,V,A,GB,unavailable,unavailable,25 - 34 years,M,28+ days,V,unavailable,unavailable,3
202104,unavailable,MEL,CHC,V,A,AU,unavailable,unavailable,65 - 74 years,F,8 - 14 days,H,unavailable,unavailable,3
202104,unavailable,RAR,AKL,V,A,CK,unavailable,unavailable,35 - 44 years,M,8 - 14 days,N,unavailable,unavailable,3
202104,unavailable,HKG,AKL,V,A,AU,unavailable,unavailable,45 - 54 years,M,15 to 27 days,B,unavailable,unavailable,3
202104,unavailable,SYD,WLG,V,A,AU,unavailable,unavailable,55 - 64 years,F,less than 7 days,E,unavailable,unavailable,3
202104,unavailable,OOL,AKL,V,A,AU,unavailable,unavailable,12 - 18 years,M,15 to 27 days,N,unavailable,unavailable,3
202104,unavailable,BNE,AKL,V,A,AU,unavailable,unavailable,01 - 11 years,M,8 - 14 days,B,unavailable,unavailable,3
202104,unavailable,BNE,CHC,V,A,AU,unavailable,unavailable,25 - 34 years,M,28+ days,B,unavailable,unavailable,3
202104,unavailable,NRT,AKL,V,A,JP,unavailable,unavailable,01 - 11 years,M,28+ days,N,unavailable,unavailable,3
202104,unavailable,KUL,AKL,V,A,GB,unavailable,unavailable,45 - 54 years,M,15 to 27 days,H,unavailable,unavailable,3
202104,unavailable,MEL,WLG,V,A,AU,unavailable,unavailable,19 - 24 years,M,28+ days,N,unavailable,unavailable,3
202104,unavailable,SYD,WLG,V,A,AU,unavailable,unavailable,35 - 44 years,F,less than 7 days,E,unavailable,unavailable,3
202104,unavailable,BNE,CHC,V,A,AU,unavailable,unavailable,45 - 54 years,F,15 to 27 days,N,unavailable,unavailable,3
202104,unavailable,BNE,AKL,V,A,ZA,unavailable,unavailable,45 - 54 years,M,28+ days,N,unavailable,unavailable,3
202104,unavailable,KUL,AKL,V,A,IL,unavailable,unavailable,35 - 44 years,F,28+ days,N,unavailable,unavailable,3
202104,unavailable,SYD,ZQN,V,A,AU,unavailable,unavailable,01 - 11 years,F,less than 7 days,N,unavailable,unavailable,3
202104,unavailable,SYD,ZQN,V,A,US,unavailable,unavailable,65 - 74 years,M,less than 7 days,H,unavailable,unavailable,3
202104,unavailable,SYD,ZQN,V,A,AU,unavailable,unavailable,25 - 34 years,F,28+ days,N,unavailable,unavailable,3
202104,unavailable,BNE,AKL,V,A,NF,unavailable,unavailable,12 - 18 years,M,8 - 14 days,V,unavailable,unavailable,3
202104,unavailable,BNE,AKL,V,A,GB,unavailable,unavailable,19 - 24 years,M,28+ days,E,unavailable,unavailable,3
202104,unavailable,SYD,AKL,V,A,AU,unavailable,unavailable,19 - 24 years,F,28+ days,O,unavailable,unavailable,3
202104,unavailable,KUL,AKL,V,A,AU,unavailable,unavailable,25 - 34 years,M,15 to 27 days,V,unavailable,unavailable,3
202104,unavailable,MEL,ZQN,V,A,AU,unavailable,unavailable,01 - 11 years,M,15 to 27 days,V,unavailable,unavailable,3
202104,unavailable,ZZS,DUD,V,A,XX,unavailable,unavailable,25 - 34 years,M,less than 7 days,N,unavailable,unavailable,3
202104,unavailable,SYD,ZQN,V,A,CN,unavailable,unavailable,55 - 64 years,M,15 to 27 days,V,unavailable,unavailable,3
202104,unavailable,SEL,AKL,V,A,KR,unavailable,unavailable,55 - 64 years,F,28+ days,V,unavailable,unavailable,3
202104,unavailable,MEL,ZQN,V,A,AU,unavailable,unavailable,19 - 24 years,M,15 to 27 days,H,unavailable,unavailable,3
202104,unavailable,MEL,WLG,V,A,AU,unavailable,unavailable,55 - 64 years,F,15 to 27 days,B,unavailable,unavailable,3
202104,unavailable,SIN,AKL,V,A,VN,unavailable,unavailable,25 - 34 years,M,28+ days,V,unavailable,unavailable,3
202104,unavailable,SYD,AKL,V,A,AU,unavailable,unavailable,12 - 18 years,M,less than 7 days,E,unavailable,unavailable,3
202104,unavailable,MEL,WLG,V,A,AU,unavailable,unavailable,65 - 74 years,M,less than 7 days,E,unavailable,unavailable,3
202104,unavailable,SIN,AKL,V,A,KH,unavailable,unavailable,45 - 54 years,M,28+ days,H,unavailable,unavailable,3
202104,unavailable,MEL,WLG,V,A,AU,unavailable,unavailable,35 - 44 years,M,less than 7 days,N,unavailable,unavailable,3
202104,unavailable,KUL,AKL,V,A,PL,unavailable,unavailable,25 - 34 years,F,28+ days,V,unavailable,unavailable,3
202104,unavailable,BNE,AKL,V,A,PG,unavailable,unavailable,55 - 64 years,F,28+ days,V,unavailable,unavailable,3
202104,unavailable,MEL,WLG,V,A,AU,unavailable,unavailable,45 - 54 years,M,28+ days,B,unavailable,unavailable,3
202104,unavailable,HKG,AKL,V,A,HK,unavailable,unavailable,Less than 1 year,F,28+ days,V,unavailable,unavailable,3
202104,unavailable,SYD,CHC,V,A,SG,unavailable,unavailable,45 - 54 years,F,28+ days,H,unavailable,unavailable,3
202104,unavailable,BNE,AKL,V,A,US,unavailable,unavailable,25 - 34 years,M,15 to 27 days,O,unavailable,unavailable,3
202104,unavailable,NAN,AKL,V,A,FJ,unavailable,unavailable,12 - 18 years,F,28+ days,O,unavailable,unavailable,3
202104,unavailable,BNE,AKL,V,A,AU,unavailable,unavailable,19 - 24 years,M,8 - 14 days,N,unavailable,unavailable,3
202104,unavailable,OOL,CHC,V,A,AU,unavailable,unavailable,55 - 64 years,F,28+ days,N,unavailable,unavailable,3
202104,unavailable,SYD,CHC,V,A,AU,unavailable,unavailable,Less than 1 year,M,8 - 14 days,N,unavailable,unavailable,3
202104,unavailable,MEL,AKL,V,A,FJ,unavailable,unavailable,55 - 64 years,F,8 - 14 days,V,unavailable,unavailable,3
202104,unavailable,MEL,CHC,V,A,AU,unavailable,unavailable,55 - 64 years,M,8 - 14 days,E,unavailable,unavailable,3
202104,unavailable,SYD,ZQN,V,A,AU,unavailable,unavailable,12 - 18 years,M,8 - 14 days,H,unavailable,unavailable,3
202104,unavailable,BNE,AKL,V,A,NO,unavailable,unavailable,01 - 11 years,F,less than 7 days,H,unavailable,unavailable,3
202104,unavailable,MEL,ZQN,V,A,AU,unavailable,unavailable,65 - 74 years,M,8 - 14 days,H,unavailable,unavailable,3
202104,unavailable,MEL,CHC,V,A,AU,unavailable,unavailable,55 - 64 years,M,28+ days,N,unavailable,unavailable,3
202104,unavailable,MEL,AKL,V,A,AU,unavailable,unavailable,75+,M,less than 7 days,B,unavailable,unavailable,3
202104,unavailable,SYD,WLG,V,A,AU,unavailable,unavailable,25 - 34 years,M,less than 7 days,C,unavailable,unavailable,3
202104,unavailable,KUL,AKL,V,A,XX,unavailable,unavailable,25 - 34 years,M,28+ days,N,unavailable,unavailable,3
202104,unavailable,SYD,WLG,V,A,IT,unavailable,unavailable,25 - 34 years,M,8 - 14 days,N,unavailable,unavailable,3
202104,unavailable,MEL,AKL,V,A,XX,unavailable,unavailable,35 - 44 years,F,15 to 27 days,N,unavailable,unavailable,3
202104,unavailable,KUL,AKL,V,A,AU,unavailable,unavailable,35 - 44 years,F,15 to 27 days,O,unavailable,unavailable,3
202104,unavailable,SYD,WLG,V,A,NZ,unavailable,unavailable,25 - 34 years,F,8 - 14 days,N,unavailable,unavailable,3
202104,unavailable,SIN,AKL,V,A,GB,unavailable,unavailable,25 - 34 years,F,15 to 27 days,B,unavailable,unavailable,3
202104,unavailable,SIN,AKL,V,A,FR,unavailable,unavailable,45 - 54 years,M,28+ days,B,unavailable,unavailable,3
202104,unavailable,BNE,ZQN,V,A,AU,unavailable,unavailable,35 - 44 years,F,less than 7 days,B,unavailable,unavailable,3
202104,unavailable,KUL,AKL,V,A,IN,unavailable,unavailable,45 - 54 years,M,28+ days,N,unavailable,unavailable,3
202104,unavailable,BNE,CHC,V,A,AU,unavailable,unavailable,55 - 64 years,F,less than 7 days,H,unavailable,unavailable,3
202104,unavailable,SYD,ZQN,V,A,AU,unavailable,unavailable,65 - 74 years,M,less than 7 days,B,unavailable,unavailable,3
202104,unavailable,LAX,AKL,V,A,MX,unavailable,unavailable,25 - 34 years,M,28+ days,O,unavailable,unavailable,3
202104,unavailable,BNE,WLG,V,A,XX,unavailable,unavailable,65 - 74 years,F,28+ days,N,unavailable,unavailable,3
202104,unavailable,OOL,AKL,V,A,AU,unavailable,unavailable,12 - 18 years,F,8 - 14 days,H,unavailable,unavailable,3
202104,unavailable,OOL,AKL,V,A,AU,unavailable,unavailable,45 - 54 years,M,8 - 14 days,N,unavailable,unavailable,3
202104,unavailable,BNE,AKL,V,A,ZA,unavailable,unavailable,25 - 34 years,F,28+ days,N,unavailable,unavailable,3
202104,unavailable,SHA,AKL,V,A,CN,unavailable,unavailable,25 - 34 years,F,28+ days,V,unavailable,unavailable,3
202104,unavailable,MEL,CHC,V,A,NZ,unavailable,unavailable,25 - 34 years,F,less than 7 days,V,unavailable,unavailable,3
202104,unavailable,SIN,AKL,V,A,SE,unavailable,unavailable,45 - 54 years,M,28+ days,V,unavailable,unavailable,3
202104,unavailable,SYD,AKL,V,A,AU,unavailable,unavailable,Less than 1 year,F,15 to 27 days,H,unavailable,unavailable,3
202104,unavailable,SYD,AKL,V,A,NZ,unavailable,unavailable,19 - 24 years,M,less than 7 days,B,unavailable,unavailable,3
202104,unavailable,PER,AKL,V,A,AU,unavailable,unavailable,Less than 1 year,F,8 - 14 days,V,unavailable,unavailable,3
202104,unavailable,BNE,CHC,V,A,AU,unavailable,unavailable,75+,M,28+ days,B,unavailable,unavailable,3
202104,unavailable,OOL,CHC,V,A,AU,unavailable,unavailable,55 - 64 years,F,28+ days,V,unavailable,unavailable,3
202104,unavailable,KUL,AKL,V,A,RU,unavailable,unavailable,19 - 24 years,M,less than 7 days,O,unavailable,unavailable,3
202104,unavailable,MEL,AKL,V,A,GB,unavailable,unavailable,25 - 34 years,F,less than 7 days,B,unavailable,unavailable,3
202104,unavailable,BNE,AKL,V,A,IE,unavailable,unavailable,25 - 34 years,M,28+ days,V,unavailable,unavailable,3
202104,unavailable,BNE,CHC,V,A,GB,unavailable,unavailable,75+,M,8 - 14 days,N,unavailable,unavailable,3
202104,unavailable,BNE,AKL,V,A,AU,unavailable,unavailable,19 - 24 years,M,28+ days,O,unavailable,unavailable,3
202104,unavailable,LAX,AKL,V,A,AU,unavailable,unavailable,45 - 54 years,F,28+ days,V,unavailable,unavailable,3
202104,unavailable,SYD,CHC,V,A,AU,unavailable,unavailable,Less than 1 year,M,15 to 27 days,H,unavailable,unavailable,3
202104,unavailable,SYD,AKL,V,A,XX,unavailable,unavailable,12 - 18 years,M,28+ days,N,unavailable,unavailable,3
202104,unavailable,KUL,AKL,V,A,BD,unavailable,unavailable,55 - 64 years,M,28+ days,V,unavailable,unavailable,3
202104,unavailable,LAX,AKL,V,A,US,unavailable,unavailable,45 - 54 years,M,28+ days,N,unavailable,unavailable,3
202104,unavailable,KUL,AKL,V,A,AE,unavailable,unavailable,12 - 18 years,F,28+ days,V,unavailable,unavailable,3
202104,unavailable,SIN,AKL,V,A,FR,unavailable,unavailable,25 - 34 years,M,less than 7 days,O,unavailable,unavailable,3
202104,unavailable,HBA,AKL,V,A,AU,unavailable,unavailable,75+,F,28+ days,V,unavailable,unavailable,3
202104,unavailable,LAX,AKL,V,A,GB,unavailable,unavailable,25 - 34 years,M,28+ days,V,unavailable,unavailable,3
202104,unavailable,NRT,AKL,V,A,US,unavailable,unavailable,55 - 64 years,M,28+ days,N,unavailable,unavailable,3
202104,unavailable,BNE,CHC,V,A,XX,unavailable,unavailable,45 - 54 years,F,less than 7 days,N,unavailable,unavailable,3
202104,unavailable,SYD,AKL,V,A,XX,unavailable,unavailable,01 - 11 years,F,28+ days,N,unavailable,unavailable,3
202104,unavailable,HBA,AKL,V,A,AU,unavailable,unavailable,65 - 74 years,M,15 to 27 days,V,unavailable,unavailable,3
202104,unavailable,LAX,AKL,V,A,US,unavailable,unavailable,25 - 34 years,M,15 to 27 days,O,unavailable,unavailable,3
202104,unavailable,MEL,CHC,V,A,GB,unavailable,unavailable,45 - 54 years,M,less than 7 days,H,unavailable,unavailable,3
202104,unavailable,LAX,AKL,V,A,US,unavailable,unavailable,Less than 1 year,F,28+ days,B,unavailable,unavailable,3
202104,unavailable,KUL,AKL,V,A,PF,unavailable,unavailable,25 - 34 years,M,28+ days,N,unavailable,unavailable,3
202104,unavailable,MEL,AKL,V,A,AU,unavailable,unavailable,55 - 64 years,F,28+ days,B,unavailable,unavailable,3
202104,unavailable,BNE,WLG,V,A,AU,unavailable,unavailable,12 - 18 years,F,28+ days,V,unavailable,unavailable,3
202104,unavailable,BNE,CHC,V,A,AU,unavailable,unavailable,55 - 64 years,F,15 to 27 days,N,unavailable,unavailable,3
202104,unavailable,LAX,AKL,V,A,GU,unavailable,unavailable,25 - 34 years,M,28+ days,H,unavailable,unavailable,3
202104,unavailable,PER,AKL,V,A,AU,unavailable,unavailable,01 - 11 years,M,less than 7 days,N,unavailable,unavailable,3
202104,unavailable,BNE,AKL,V,A,AU,unavailable,unavailable,19 - 24 years,M,15 to 27 days,E,unavailable,unavailable,3
202104,unavailable,SYD,AKL,V,A,AU,unavailable,unavailable,Less than 1 year,M,less than 7 days,H,unavailable,unavailable,3
202104,unavailable,NRT,AKL,V,A,GU,unavailable,unavailable,55 - 64 years,F,28+ days,N,unavailable,unavailable,3
202104,unavailable,BNE,AKL,V,A,ZA,unavailable,unavailable,75+,F,28+ days,V,unavailable,unavailable,3
202104,unavailable,LAX,AKL,V,A,AU,unavailable,unavailable,25 - 34 years,M,15 to 27 days,O,unavailable,unavailable,3
202104,unavailable,SYD,AKL,V,A,GB,unavailable,unavailable,55 - 64 years,F,less than 7 days,V,unavailable,unavailable,3
202104,unavailable,MEL,AKL,V,A,AU,unavailable,unavailable,45 - 54 years,F,less than 7 days,C,unavailable,unavailable,3
202104,unavailable,BNE,CHC,V,A,AU,unavailable,unavailable,19 - 24 years,F,less than 7 days,H,unavailable,unavailable,3
202104,unavailable,LAX,AKL,V,A,MX,unavailable,unavailable,25 - 34 years,F,28+ days,V,unavailable,unavailable,3
202104,unavailable,PER,AKL,V,A,XX,unavailable,unavailable,55 - 64 years,M,28+ days,N,unavailable,unavailable,3
202104,unavailable,BNE,AKL,V,A,AU,unavailable,unavailable,55 - 64 years,M,8 - 14 days,C,unavailable,unavailable,3
202104,unavailable,SYD,AKL,V,A,XX,unavailable,unavailable,65 - 74 years,M,28+ days,V,unavailable,unavailable,3
202104,unavailable,SYD,AKL,V,A,XX,unavailable,unavailable,12 - 18 years,M,15 to 27 days,N,unavailable,unavailable,3
202104,unavailable,MEL,WLG,V,A,AU,unavailable,unavailable,35 - 44 years,F,less than 7 days,H,unavailable,unavailable,3
202104,unavailable,CAN,AKL,V,A,CN,unavailable,unavailable,55 - 64 years,M,28+ days,H,unavailable,unavailable,3
202104,unavailable,MEL,WLG,V,A,AU,unavailable,unavailable,35 - 44 years,M,28+ days,N,unavailable,unavailable,3
202104,unavailable,BNE,AKL,V,A,CA,unavailable,unavailable,45 - 54 years,M,28+ days,V,unavailable,unavailable,3
202104,unavailable,SIN,AKL,V,A,IT,unavailable,unavailable,55 - 64 years,F,28+ days,N,unavailable,unavailable,3
202104,unavailable,SYD,AKL,V,A,XX,unavailable,unavailable,65 - 74 years,F,28+ days,N,unavailable,unavailable,3
202104,unavailable,KUL,AKL,V,A,IN,unavailable,unavailable,01 - 11 years,F,28+ days,O,unavailable,unavailable,3
202104,unavailable,KUL,AKL,V,A,RU,unavailable,unavailable,35 - 44 years,M,15 to 27 days,O,unavailable,unavailable,3
202104,unavailable,SIN,AKL,V,A,AT,unavailable,unavailable,45 - 54 years,M,15 to 27 days,V,unavailable,unavailable,3
202104,unavailable,TBU,AKL,V,A,TO,unavailable,unavailable,55 - 64 years,M,28+ days,N,unavailable,unavailable,3
202104,unavailable,SIN,CHC,V,A,TH,unavailable,unavailable,35 - 44 years,M,28+ days,V,unavailable,unavailable,3
202104,unavailable,OOL,CHC,V,A,AU,unavailable,unavailable,19 - 24 years,F,less than 7 days,N,unavailable,unavailable,3
202104,unavailable,MEL,CHC,V,A,AU,unavailable,unavailable,65 - 74 years,M,less than 7 days,B,unavailable,unavailable,3
202104,unavailable,MEL,WLG,V,A,GB,unavailable,unavailable,25 - 34 years,F,28+ days,N,unavailable,unavailable,3
202104,unavailable,SIN,AKL,V,A,AU,unavailable,unavailable,25 - 34 years,F,28+ days,V,unavailable,unavailable,3
202104,unavailable,SYD,CHC,V,A,AU,unavailable,unavailable,35 - 44 years,M,15 to 27 days,N,unavailable,unavailable,3
202104,unavailable,BNE,AKL,V,A,GB,unavailable,unavailable,01 - 11 years,F,15 to 27 days,V,unavailable,unavailable,3
202104,unavailable,NAN,AKL,V,A,FJ,unavailable,unavailable,25 - 34 years,F,28+ days,N,unavailable,unavailable,3
202104,unavailable,KUL,AKL,V,A,RU,unavailable,unavailable,55 - 64 years,M,less than 7 days,O,unavailable,unavailable,3
202104,unavailable,SEL,AKL,V,A,KR,unavailable,unavailable,25 - 34 years,F,28+ days,B,unavailable,unavailable,3
202104,unavailable,SIN,CHC,V,A,MM,unavailable,unavailable,12 - 18 years,F,28+ days,V,unavailable,unavailable,3
202104,unavailable,MEL,CHC,V,A,AU,unavailable,unavailable,45 - 54 years,F,15 to 27 days,E,unavailable,unavailable,3
202104,unavailable,SIN,CHC,V,A,CH,unavailable,unavailable,35 - 44 years,M,28+ days,V,unavailable,unavailable,3
202104,unavailable,SYD,ZQN,V,A,AU,unavailable,unavailable,35 - 44 years,M,less than 7 days,C,unavailable,unavailable,3
202104,unavailable,SIN,CHC,V,A,MY,unavailable,unavailable,65 - 74 years,F,28+ days,N,unavailable,unavailable,3
202104,unavailable,MEL,WLG,V,A,AU,unavailable,unavailable,45 - 54 years,F,28+ days,N,unavailable,unavailable,3
202104,unavailable,MEL,ZQN,V,A,AU,unavailable,unavailable,55 - 64 years,M,8 - 14 days,B,unavailable,unavailable,3
202104,unavailable,OOL,AKL,V,A,AU,unavailable,unavailable,45 - 54 years,M,28+ days,N,unavailable,unavailable,3
202104,unavailable,KUL,AKL,V,A,GB,unavailable,unavailable,25 - 34 years,F,28+ days,H,unavailable,unavailable,3
202104,unavailable,CAN,AKL,V,A,CN,unavailable,unavailable,25 - 34 years,F,28+ days,E,unavailable,unavailable,3
202104,unavailable,MEL,CHC,V,A,AU,unavailable,unavailable,55 - 64 years,M,less than 7 days,H,unavailable,unavailable,3
202104,unavailable,SYD,AKL,V,A,AU,unavailable,unavailable,19 - 24 years,M,less than 7 days,E,unavailable,unavailable,3
202104,unavailable,MEL,AKL,V,A,XX,unavailable,unavailable,25 - 34 years,F,8 - 14 days,N,unavailable,unavailable,3
202104,unavailable,SYD,WLG,V,A,AU,unavailable,unavailable,45 - 54 years,F,15 to 27 days,N,unavailable,unavailable,3
202104,unavailable,MEL,CHC,V,A,AU,unavailable,unavailable,65 - 74 years,F,28+ days,B,unavailable,unavailable,3
202104,unavailable,MEL,AKL,V,A,AU,unavailable,unavailable,55 - 64 years,M,8 - 14 days,O,unavailable,unavailable,3
202104,unavailable,SYD,WLG,V,A,AU,unavailable,unavailable,55 - 64 years,F,8 - 14 days,O,unavailable,unavailable,3
202104,unavailable,SEL,AKL,V,A,AT,unavailable,unavailable,25 - 34 years,F,28+ days,V,unavailable,unavailable,3
202104,unavailable,OOL,AKL,V,A,AU,unavailable,unavailable,25 - 34 years,M,28+ days,B,unavailable,unavailable,3
202104,unavailable,MEL,AKL,V,A,XX,unavailable,unavailable,35 - 44 years,M,28+ days,N,unavailable,unavailable,3
202104,unavailable,SIN,CHC,V,A,MY,unavailable,unavailable,01 - 11 years,F,28+ days,V,unavailable,unavailable,3
202104,unavailable,SIN,AKL,V,A,PH,unavailable,unavailable,25 - 34 years,M,8 - 14 days,O,unavailable,unavailable,3
202104,unavailable,KUL,AKL,V,A,AF,unavailable,unavailable,01 - 11 years,F,28+ days,N,unavailable,unavailable,3
202104,unavailable,KUL,AKL,V,A,GB,unavailable,unavailable,45 - 54 years,F,15 to 27 days,B,unavailable,unavailable,3
202104,unavailable,ZZS,GIS,V,A,XX,unavailable,unavailable,35 - 44 years,M,less than 7 days,N,unavailable,unavailable,3
202104,unavailable,MEL,AKL,V,A,AU,unavailable,unavailable,75+,M,28+ days,H,unavailable,unavailable,3
202104,unavailable,MEL,WLG,V,A,AU,unavailable,unavailable,55 - 64 years,M,8 - 14 days,B,unavailable,unavailable,3
202104,unavailable,SEL,AKL,V,A,US,unavailable,unavailable,25 - 34 years,M,15 to 27 days,O,unavailable,unavailable,3
202104,unavailable,KUL,AKL,V,A,AE,unavailable,unavailable,35 - 44 years,M,15 to 27 days,V,unavailable,unavailable,3
202104,unavailable,BNE,AKL,V,A,AU,unavailable,unavailable,65 - 74 years,M,28+ days,O,unavailable,unavailable,3
202104,unavailable,BNE,CHC,V,A,AU,unavailable,unavailable,35 - 44 years,M,8 - 14 days,N,unavailable,unavailable,3
202104,unavailable,MEL,AKL,V,A,AU,unavailable,unavailable,45 - 54 years,F,15 to 27 days,O,unavailable,unavailable,3
202104,unavailable,HKG,AKL,V,A,HK,unavailable,unavailable,55 - 64 years,F,28+ days,V,unavailable,unavailable,3
202104,unavailable,MEL,AKL,V,A,AU,unavailable,unavailable,Less than 1 year,F,8 - 14 days,H,unavailable,unavailable,3
202104,unavailable,OOL,AKL,V,A,AU,unavailable,unavailable,Less than 1 year,F,less than 7 days,V,unavailable,unavailable,3
202104,unavailable,KUL,AKL,V,A,TR,unavailable,unavailable,01 - 11 years,M,28+ days,N,unavailable,unavailable,3
202104,unavailable,KUL,AKL,V,A,XX,unavailable,unavailable,45 - 54 years,F,28+ days,N,unavailable,unavailable,3
202104,unavailable,KUL,AKL,V,A,AE,unavailable,unavailable,65 - 74 years,M,28+ days,V,unavailable,unavailable,3
202104,unavailable,PER,AKL,V,A,AU,unavailable,unavailable,55 - 64 years,M,28+ days,B,unavailable,unavailable,3
202104,unavailable,APW,AKL,V,A,WS,unavailable,unavailable,19 - 24 years,M,15 to 27 days,N,unavailable,unavailable,3
202104,unavailable,SIN,AKL,V,A,XX,unavailable,unavailable,35 - 44 years,M,28+ days,V,unavailable,unavailable,3
202104,unavailable,SIN,AKL,V,A,US,unavailable,unavailable,25 - 34 years,M,28+ days,B,unavailable,unavailable,3
202104,unavailable,SYD,WLG,V,A,AU,unavailable,unavailable,55 - 64 years,F,less than 7 days,N,unavailable,unavailable,3
202104,unavailable,SYD,AKL,V,A,TW,unavailable,unavailable,55 - 64 years,M,less than 7 days,N,unavailable,unavailable,3
202104,unavailable,OOL,AKL,V,A,XX,unavailable,unavailable,01 - 11 years,M,8 - 14 days,N,unavailable,unavailable,3
202104,unavailable,KUL,AKL,V,A,EG,unavailable,unavailable,65 - 74 years,F,28+ days,N,unavailable,unavailable,3
202104,unavailable,APW,AKL,V,A,TK,unavailable,unavailable,25 - 34 years,M,28+ days,N,unavailable,unavailable,3
202104,unavailable,SYD,AKL,V,A,US,unavailable,unavailable,01 - 11 years,M,28+ days,H,unavailable,unavailable,3
202104,unavailable,OOL,CHC,V,A,AU,unavailable,unavailable,01 - 11 years,F,28+ days,V,unavailable,unavailable,3
202104,unavailable,CAN,AKL,V,A,CN,unavailable,unavailable,Less than 1 year,M,28+ days,N,unavailable,unavailable,3
202104,unavailable,MEL,AKL,V,A,AU,unavailable,unavailable,01 - 11 years,F,28+ days,O,unavailable,unavailable,3
202104,unavailable,BNE,CHC,V,A,AU,unavailable,unavailable,55 - 64 years,F,less than 7 days,C,unavailable,unavailable,3
202104,unavailable,SYD,ZQN,V,A,AU,unavailable,unavailable,65 - 74 years,M,less than 7 days,N,unavailable,unavailable,3
202104,unavailable,HBA,AKL,V,A,AU,unavailable,unavailable,55 - 64 years,M,28+ days,V,unavailable,unavailable,3
202104,unavailable,BNE,AKL,V,A,AU,unavailable,unavailable,45 - 54 years,F,8 - 14 days,C,unavailable,unavailable,3
202104,unavailable,VLI,AKL,V,A,VU,unavailable,unavailable,19 - 24 years,F,28+ days,O,unavailable,unavailable,3
202104,unavailable,MEL,AKL,V,A,XX,unavailable,unavailable,19 - 24 years,M,28+ days,N,unavailable,unavailable,3
202104,unavailable,SIN,AKL,V,A,GB,unavailable,unavailable,55 - 64 years,F,28+ days,N,unavailable,unavailable,3
202104,unavailable,SIN,AKL,V,A,CH,unavailable,unavailable,Less than 1 year,M,28+ days,V,unavailable,unavailable,3
202104,unavailable,HBA,AKL,V,A,AU,unavailable,unavailable,55 - 64 years,M,less than 7 days,V,unavailable,unavailable,3
202104,unavailable,RAR,AKL,V,A,CK,unavailable,unavailable,35 - 44 years,M,8 - 14 days,B,unavailable,unavailable,3
202104,unavailable,TBU,AKL,V,A,TO,unavailable,unavailable,25 - 34 years,F,less than 7 days,O,unavailable,unavailable,3
202104,unavailable,MEL,AKL,V,A,NZ,unavailable,unavailable,25 - 34 years,F,8 - 14 days,V,unavailable,unavailable,3
202104,unavailable,SIN,AKL,V,A,GB,unavailable,unavailable,75+,M,28+ days,V,unavailable,unavailable,3
202104,unavailable,BNE,WLG,V,A,AU,unavailable,unavailable,35 - 44 years,M,less than 7 days,B,unavailable,unavailable,3
202104,unavailable,HBA,AKL,V,A,AU,unavailable,unavailable,01 - 11 years,M,8 - 14 days,E,unavailable,unavailable,3
202104,unavailable,KUL,AKL,V,A,IL,unavailable,unavailable,01 - 11 years,F,28+ days,O,unavailable,unavailable,3
202104,unavailable,BNE,AKL,V,A,ZA,unavailable,unavailable,12 - 18 years,M,28+ days,V,unavailable,unavailable,3
202104,unavailable,BNE,AKL,V,A,UA,unavailable,unavailable,35 - 44 years,F,28+ days,V,unavailable,unavailable,3
202104,unavailable,NAN,AKL,V,A,FJ,unavailable,unavailable,55 - 64 years,F,15 to 27 days,V,unavailable,unavailable,3
202104,unavailable,MEL,AKL,V,A,AU,unavailable,unavailable,45 - 54 years,F,less than 7 days,E,unavailable,unavailable,3
202104,unavailable,MEL,CHC,V,A,US,unavailable,unavailable,25 - 34 years,F,less than 7 days,V,unavailable,unavailable,3
202104,unavailable,LAX,AKL,V,A,US,unavailable,unavailable,55 - 64 years,F,15 to 27 days,O,unavailable,unavailable,3
202104,unavailable,SIN,AKL,V,A,SG,unavailable,unavailable,45 - 54 years,F,15 to 27 days,V,unavailable,unavailable,3
202104,unavailable,KUL,AKL,V,A,EG,unavailable,unavailable,25 - 34 years,M,28+ days,O,unavailable,unavailable,3
202104,unavailable,RAR,AKL,V,A,CK,unavailable,unavailable,19 - 24 years,M,less than 7 days,H,unavailable,unavailable,3
202104,unavailable,SEL,AKL,V,A,KR,unavailable,unavailable,25 - 34 years,F,28+ days,V,unavailable,unavailable,3
202104,unavailable,KUL,AKL,V,A,DE,unavailable,unavailable,55 - 64 years,M,15 to 27 days,B,unavailable,unavailable,3
202104,unavailable,SYD,ZQN,V,A,AU,unavailable,unavailable,55 - 64 years,F,8 - 14 days,O,unavailable,unavailable,3
202104,unavailable,SIN,AKL,V,A,NA,unavailable,unavailable,Less than 1 year,M,28+ days,V,unavailable,unavailable,3
202104,unavailable,HBA,AKL,V,A,AU,unavailable,unavailable,65 - 74 years,M,less than 7 days,V,unavailable,unavailable,3
202104,unavailable,APW,AKL,V,A,WS,unavailable,unavailable,45 - 54 years,M,15 to 27 days,V,unavailable,unavailable,3
202104,unavailable,BNE,AKL,V,A,AU,unavailable,unavailable,75+,F,8 - 14 days,O,unavailable,unavailable,3
202104,unavailable,ZZS,CHC,V,A,PH,unavailable,unavailable,45 - 54 years,M,less than 7 days,B,unavailable,unavailable,3
202104,unavailable,SIN,AKL,V,A,JP,unavailable,unavailable,19 - 24 years,M,28+ days,O,unavailable,unavailable,3
202104,unavailable,BNE,AKL,V,A,QA,unavailable,unavailable,45 - 54 years,M,28+ days,N,unavailable,unavailable,3
202104,unavailable,MEL,CHC,V,A,AU,unavailable,unavailable,25 - 34 years,M,8 - 14 days,E,unavailable,unavailable,3
202104,unavailable,MEL,WLG,V,A,AU,unavailable,unavailable,25 - 34 years,F,28+ days,B,unavailable,unavailable,3
202104,unavailable,SYD,AKL,V,A,AU,unavailable,unavailable,65 - 74 years,F,15 to 27 days,N,unavailable,unavailable,3
202104,unavailable,RAR,AKL,V,A,CK,unavailable,unavailable,75+,F,15 to 27 days,E,unavailable,unavailable,3
202104,unavailable,SYD,CHC,V,A,AU,unavailable,unavailable,19 - 24 years,F,15 to 27 days,V,unavailable,unavailable,3
202104,unavailable,PER,AKL,V,A,AU,unavailable,unavailable,75+,F,28+ days,B,unavailable,unavailable,3
202104,unavailable,MEL,WLG,V,A,AU,unavailable,unavailable,35 - 44 years,F,28+ days,B,unavailable,unavailable,3
202104,unavailable,OOL,AKL,V,A,XX,unavailable,unavailable,55 - 64 years,F,less than 7 days,N,unavailable,unavailable,3
202104,unavailable,BNE,AKL,V,A,MX,unavailable,unavailable,35 - 44 years,M,28+ days,N,unavailable,unavailable,3
202104,unavailable,SIN,AKL,V,A,SG,unavailable,unavailable,25 - 34 years,M,28+ days,N,unavailable,unavailable,3
202104,unavailable,SIN,AKL,V,A,ID,unavailable,unavailable,55 - 64 years,F,28+ days,V,unavailable,unavailable,3
202104,unavailable,RAR,AKL,V,A,CK,unavailable,unavailable,Less than 1 year,F,15 to 27 days,N,unavailable,unavailable,3
202104,unavailable,CAN,AKL,V,A,CN,unavailable,unavailable,19 - 24 years,M,28+ days,E,unavailable,unavailable,3
202104,unavailable,PER,AKL,V,A,AU,unavailable,unavailable,25 - 34 years,F,less than 7 days,H,unavailable,unavailable,3
202104,unavailable,BNE,ZQN,V,A,AU,unavailable,unavailable,55 - 64 years,F,15 to 27 days,V,unavailable,unavailable,3
202104,unavailable,SYD,WLG,V,A,AU,unavailable,unavailable,45 - 54 years,M,28+ days,N,unavailable,unavailable,3
202104,unavailable,BNE,CHC,V,A,NZ,unavailable,unavailable,55 - 64 years,M,15 to 27 days,V,unavailable,unavailable,3
202104,unavailable,KUL,AKL,V,A,GB,unavailable,unavailable,12 - 18 years,M,28+ days,B,unavailable,unavailable,3
202104,unavailable,BNE,CHC,V,A,AU,unavailable,unavailable,35 - 44 years,F,8 - 14 days,B,unavailable,unavailable,3
202104,unavailable,MEL,AKL,V,A,AU,unavailable,unavailable,75+,F,8 - 14 days,B,unavailable,unavailable,3
202104,unavailable,SIN,AKL,V,A,BE,unavailable,unavailable,01 - 11 years,M,28+ days,O,unavailable,unavailable,3
202104,unavailable,SYD,WLG,V,A,XX,unavailable,unavailable,35 - 44 years,M,8 - 14 days,N,unavailable,unavailable,3
202104,unavailable,SYD,WLG,V,A,AU,unavailable,unavailable,19 - 24 years,M,28+ days,O,unavailable,unavailable,3
202104,unavailable,SIN,AKL,V,A,GB,unavailable,unavailable,01 - 11 years,M,28+ days,E,unavailable,unavailable,3
202104,unavailable,BNE,AKL,V,A,US,unavailable,unavailable,55 - 64 years,M,28+ days,O,unavailable,unavailable,3
202104,unavailable,SIN,AKL,V,A,AG,unavailable,unavailable,25 - 34 years,M,28+ days,N,unavailable,unavailable,3
202104,unavailable,LAX,AKL,V,A,CA,unavailable,unavailable,45 - 54 years,M,28+ days,N,unavailable,unavailable,3
202104,unavailable,MEL,AKL,V,A,XX,unavailable,unavailable,19 - 24 years,M,8 - 14 days,N,unavailable,unavailable,3
202104,unavailable,KUL,AKL,V,A,GB,unavailable,unavailable,45 - 54 years,F,28+ days,H,unavailable,unavailable,3
202104,unavailable,BNE,AKL,V,A,AU,unavailable,unavailable,75+,F,less than 7 days,B,unavailable,unavailable,3
202104,unavailable,RAR,AKL,V,A,CK,unavailable,unavailable,35 - 44 years,M,8 - 14 days,H,unavailable,unavailable,3
202104,unavailable,MEL,CHC,V,A,AU,unavailable,unavailable,19 - 24 years,F,28+ days,H,unavailable,unavailable,3
202104,unavailable,SYD,WLG,V,A,HK,unavailable,unavailable,45 - 54 years,M,8 - 14 days,B,unavailable,unavailable,3
202104,unavailable,SYD,ZQN,V,A,AU,unavailable,unavailable,55 - 64 years,F,28+ days,O,unavailable,unavailable,3
202104,unavailable,SHA,AKL,V,A,CN,unavailable,unavailable,25 - 34 years,F,28+ days,N,unavailable,unavailable,3
202104,unavailable,PER,AKL,V,A,AU,unavailable,unavailable,45 - 54 years,F,28+ days,O,unavailable,unavailable,3
202104,unavailable,KUL,AKL,V,A,GB,unavailable,unavailable,65 - 74 years,M,28+ days,O,unavailable,unavailable,3
202104,unavailable,SIN,AKL,V,A,AU,unavailable,unavailable,45 - 54 years,M,28+ days,H,unavailable,unavailable,3
202104,unavailable,MEL,WLG,V,A,AU,unavailable,unavailable,65 - 74 years,M,less than 7 days,B,unavailable,unavailable,3
202104,unavailable,MEL,ZQN,V,A,AU,unavailable,unavailable,65 - 74 years,F,15 to 27 days,H,unavailable,unavailable,3
202104,unavailable,LAX,AKL,V,A,MX,unavailable,unavailable,19 - 24 years,M,28+ days,N,unavailable,unavailable,3
202104,unavailable,KUL,AKL,V,A,AU,unavailable,unavailable,35 - 44 years,M,15 to 27 days,V,unavailable,unavailable,3
202104,unavailable,MEL,CHC,V,A,XX,unavailable,unavailable,35 - 44 years,M,8 - 14 days,N,unavailable,unavailable,3
202104,unavailable,CAN,AKL,V,A,CN,unavailable,unavailable,55 - 64 years,F,28+ days,E,unavailable,unavailable,3
202104,unavailable,MEL,WLG,V,A,AU,unavailable,unavailable,25 - 34 years,F,less than 7 days,N,unavailable,unavailable,3
202104,unavailable,SYD,AKL,V,A,AU,unavailable,unavailable,19 - 24 years,F,28+ days,E,unavailable,unavailable,3
202104,unavailable,SIN,AKL,V,A,DE,unavailable,unavailable,35 - 44 years,F,28+ days,B,unavailable,unavailable,3
202104,unavailable,ZZS,TRG,V,A,IN,unavailable,unavailable,25 - 34 years,M,less than 7 days,O,unavailable,unavailable,3
202104,unavailable,SIN,AKL,V,A,SE,unavailable,unavailable,35 - 44 years,M,28+ days,B,unavailable,unavailable,3
202104,unavailable,BNE,CHC,V,A,AU,unavailable,unavailable,65 - 74 years,M,28+ days,N,unavailable,unavailable,3
202104,unavailable,SIN,AKL,V,A,IT,unavailable,unavailable,25 - 34 years,F,28+ days,V,unavailable,unavailable,3
202104,unavailable,MEL,WLG,V,A,AU,unavailable,unavailable,75+,F,less than 7 days,V,unavailable,unavailable,3
202104,unavailable,CAN,AKL,V,A,CN,unavailable,unavailable,55 - 64 years,M,28+ days,E,unavailable,unavailable,3
202104,unavailable,MEL,AKL,V,A,XX,unavailable,unavailable,25 - 34 years,F,8 - 14 days,H,unavailable,unavailable,3
202104,unavailable,SIN,AKL,V,A,LV,unavailable,unavailable,25 - 34 years,M,28+ days,N,unavailable,unavailable,3
202104,unavailable,KUL,AKL,V,A,NZ,unavailable,unavailable,45 - 54 years,M,28+ days,B,unavailable,unavailable,3
202104,unavailable,BNE,CHC,V,A,AU,unavailable,unavailable,01 - 11 years,M,8 - 14 days,H,unavailable,unavailable,3
202104,unavailable,KUL,AKL,V,A,IN,unavailable,unavailable,55 - 64 years,M,15 to 27 days,V,unavailable,unavailable,3
202104,unavailable,SIN,AKL,V,A,KR,unavailable,unavailable,45 - 54 years,M,28+ days,B,unavailable,unavailable,3
202104,unavailable,MEL,AKL,V,A,NZ,unavailable,unavailable,25 - 34 years,F,15 to 27 days,V,unavailable,unavailable,3
202104,unavailable,SYD,AKL,V,A,AU,unavailable,unavailable,75+,F,less than 7 days,O,unavailable,unavailable,3
202104,unavailable,KUL,AKL,V,A,SE,unavailable,unavailable,25 - 34 years,F,28+ days,V,unavailable,unavailable,3
202104,unavailable,SYD,WLG,V,A,AU,unavailable,unavailable,65 - 74 years,F,15 to 27 days,H,unavailable,unavailable,3
202104,unavailable,SIN,AKL,V,A,HK,unavailable,unavailable,25 - 34 years,M,15 to 27 days,V,unavailable,unavailable,3
202104,unavailable,MEL,AKL,V,A,AU,unavailable,unavailable,45 - 54 years,M,15 to 27 days,C,unavailable,unavailable,3
202104,unavailable,SYD,WLG,V,A,AU,unavailable,unavailable,75+,M,28+ days,N,unavailable,unavailable,3
202104,unavailable,BNE,WLG,V,A,AU,unavailable,unavailable,35 - 44 years,F,less than 7 days,H,unavailable,unavailable,3
202104,unavailable,PER,AKL,V,A,AU,unavailable,unavailable,65 - 74 years,M,8 - 14 days,N,unavailable,unavailable,3
202104,unavailable,SIN,CHC,V,A,SG,unavailable,unavailable,45 - 54 years,M,28+ days,V,unavailable,unavailable,3
202104,unavailable,KUL,AKL,V,A,IN,unavailable,unavailable,55 - 64 years,F,28+ days,E,unavailable,unavailable,3
202104,unavailable,SIN,AKL,V,A,US,unavailable,unavailable,19 - 24 years,F,28+ days,V,unavailable,unavailable,3
202104,unavailable,KUL,AKL,V,A,AE,unavailable,unavailable,19 - 24 years,M,28+ days,V,unavailable,unavailable,3
202104,unavailable,IUE,AKL,V,A,NU,unavailable,unavailable,01 - 11 years,M,28+ days,N,unavailable,unavailable,3
202104,unavailable,MEL,ZQN,V,A,AU,unavailable,unavailable,45 - 54 years,M,15 to 27 days,N,unavailable,unavailable,3
202104,unavailable,PER,AKL,V,A,AU,unavailable,unavailable,25 - 34 years,M,8 - 14 days,N,unavailable,unavailable,3
202104,unavailable,NAN,AKL,V,A,FJ,unavailable,unavailable,55 - 64 years,M,28+ days,N,unavailable,unavailable,3
202104,unavailable,RAR,AKL,V,A,AU,unavailable,unavailable,45 - 54 years,F,less than 7 days,V,unavailable,unavailable,3
202104,unavailable,MEL,AKL,V,A,AU,unavailable,unavailable,55 - 64 years,M,28+ days,O,unavailable,unavailable,3
202104,unavailable,SYD,ZQN,V,A,AU,unavailable,unavailable,45 - 54 years,M,8 - 14 days,N,unavailable,unavailable,3
202104,unavailable,SIN,AKL,V,A,MN,unavailable,unavailable,35 - 44 years,F,28+ days,O,unavailable,unavailable,3
202104,unavailable,SYD,CHC,V,A,AU,unavailable,unavailable,35 - 44 years,F,8 - 14 days,B,unavailable,unavailable,3
202104,unavailable,KUL,AKL,V,A,IT,unavailable,unavailable,65 - 74 years,M,28+ days,B,unavailable,unavailable,3
202104,unavailable,BNE,AKL,V,A,ES,unavailable,unavailable,35 - 44 years,M,28+ days,N,unavailable,unavailable,3
202104,unavailable,SYD,WLG,V,A,AU,unavailable,unavailable,01 - 11 years,M,28+ days,H,unavailable,unavailable,3
202104,unavailable,BNE,WLG,V,A,AU,unavailable,unavailable,45 - 54 years,M,less than 7 days,N,unavailable,unavailable,3
202104,unavailable,SIN,AKL,V,A,ID,unavailable,unavailable,25 - 34 years,M,28+ days,H,unavailable,unavailable,3
202104,unavailable,SYD,ZQN,V,A,AU,unavailable,unavailable,01 - 11 years,F,28+ days,N,unavailable,unavailable,3
202104,unavailable,LAX,AKL,V,A,US,unavailable,unavailable,55 - 64 years,F,28+ days,B,unavailable,unavailable,3
202104,unavailable,SYD,AKL,V,A,AU,unavailable,unavailable,01 - 11 years,F,28+ days,H,unavailable,unavailable,3
202104,unavailable,RAR,AKL,V,A,CK,unavailable,unavailable,01 - 11 years,M,8 - 14 days,H,unavailable,unavailable,3
202104,unavailable,SYD,WLG,V,A,AU,unavailable,unavailable,19 - 24 years,F,less than 7 days,O,unavailable,unavailable,3
202104,unavailable,SYD,ZQN,V,A,AU,unavailable,unavailable,19 - 24 years,F,less than 7 days,V,unavailable,unavailable,3
202104,unavailable,KUL,AKL,V,A,KW,unavailable,unavailable,35 - 44 years,M,28+ days,V,unavailable,unavailable,3
202104,unavailable,PER,AKL,V,A,NZ,unavailable,unavailable,35 - 44 years,M,28+ days,V,unavailable,unavailable,3
202104,unavailable,KUL,AKL,V,A,AT,unavailable,unavailable,65 - 74 years,F,28+ days,N,unavailable,unavailable,3
202104,unavailable,MEL,AKL,V,A,AU,unavailable,unavailable,75+,M,8 - 14 days,H,unavailable,unavailable,3
202104,unavailable,OOL,CHC,V,A,AU,unavailable,unavailable,25 - 34 years,M,8 - 14 days,E,unavailable,unavailable,3
202104,unavailable,KUL,AKL,V,A,IL,unavailable,unavailable,45 - 54 years,M,28+ days,B,unavailable,unavailable,3
202104,unavailable,RAR,AKL,V,A,CK,unavailable,unavailable,45 - 54 years,M,less than 7 days,N,unavailable,unavailable,3
202104,unavailable,SIN,CHC,V,A,CH,unavailable,unavailable,35 - 44 years,F,28+ days,V,unavailable,unavailable,3
202104,unavailable,KUL,AKL,V,A,IN,unavailable,unavailable,65 - 74 years,F,28+ days,V,unavailable,unavailable,3
202104,unavailable,MEL,ZQN,V,A,AU,unavailable,unavailable,19 - 24 years,M,15 to 27 days,V,unavailable,unavailable,3
202104,unavailable,HKG,AKL,V,A,HK,unavailable,unavailable,65 - 74 years,F,15 to 27 days,V,unavailable,unavailable,3
202104,unavailable,BNE,AKL,V,A,US,unavailable,unavailable,25 - 34 years,M,less than 7 days,V,unavailable,unavailable,3
202104,unavailable,OOL,AKL,V,A,AU,unavailable,unavailable,45 - 54 years,M,28+ days,H,unavailable,unavailable,3
202104,unavailable,OOL,AKL,V,A,AU,unavailable,unavailable,25 - 34 years,M,8 - 14 days,N,unavailable,unavailable,3
202104,unavailable,OOL,CHC,V,A,AU,unavailable,unavailable,65 - 74 years,F,less than 7 days,V,unavailable,unavailable,3
202104,unavailable,BNE,AKL,V,A,HR,unavailable,unavailable,55 - 64 years,M,28+ days,N,unavailable,unavailable,3
202104,unavailable,BNE,CHC,V,A,AU,unavailable,unavailable,25 - 34 years,F,less than 7 days,O,unavailable,unavailable,3
202104,unavailable,KUL,AKL,V,A,MY,unavailable,unavailable,45 - 54 years,M,28+ days,V,unavailable,unavailable,3
202104,unavailable,SYD,ZQN,V,A,XX,unavailable,unavailable,55 - 64 years,M,less than 7 days,H,unavailable,unavailable,3
202104,unavailable,OOL,CHC,V,A,AU,unavailable,unavailable,45 - 54 years,M,15 to 27 days,V,unavailable,unavailable,3
202104,unavailable,SIN,AKL,V,A,XX,unavailable,unavailable,01 - 11 years,F,28+ days,V,unavailable,unavailable,3
202104,unavailable,SEL,AKL,V,A,KR,unavailable,unavailable,35 - 44 years,M,28+ days,O,unavailable,unavailable,3
202104,unavailable,SYD,AKL,V,A,AU,unavailable,unavailable,75+,F,15 to 27 days,H,unavailable,unavailable,3
202104,unavailable,TPE,AKL,V,A,TW,unavailable,unavailable,55 - 64 years,M,28+ days,V,unavailable,unavailable,3
202104,unavailable,RAR,AKL,V,A,CK,unavailable,unavailable,01 - 11 years,F,8 - 14 days,E,unavailable,unavailable,3
202104,unavailable,MEL,AKL,V,A,NZ,unavailable,unavailable,55 - 64 years,F,28+ days,N,unavailable,unavailable,3
202104,unavailable,RAR,AKL,V,A,CK,unavailable,unavailable,55 - 64 years,M,less than 7 days,O,unavailable,unavailable,3
202104,unavailable,NRT,AKL,V,A,JP,unavailable,unavailable,19 - 24 years,F,28+ days,O,unavailable,unavailable,3
202104,unavailable,NRT,AKL,V,A,GB,unavailable,unavailable,45 - 54 years,F,28+ days,B,unavailable,unavailable,3
202104,unavailable,OOL,AKL,V,A,XX,unavailable,unavailable,35 - 44 years,F,less than 7 days,N,unavailable,unavailable,3
202104,unavailable,BNE,WLG,V,A,AU,unavailable,unavailable,25 - 34 years,M,less than 7 days,B,unavailable,unavailable,3
202104,unavailable,MEL,WLG,V,A,AU,unavailable,unavailable,55 - 64 years,M,15 to 27 days,H,unavailable,unavailable,3
202104,unavailable,MEL,CHC,V,A,AU,unavailable,unavailable,Less than 1 year,F,15 to 27 days,E,unavailable,unavailable,3
202104,unavailable,SYD,ZQN,V,A,AU,unavailable,unavailable,35 - 44 years,M,8 - 14 days,B,unavailable,unavailable,3
202104,unavailable,PER,AKL,V,A,AU,unavailable,unavailable,35 - 44 years,M,28+ days,B,unavailable,unavailable,3
202104,unavailable,SYD,WLG,V,A,AU,unavailable,unavailable,75+,M,15 to 27 days,N,unavailable,unavailable,3
202104,unavailable,RAR,AKL,V,A,CK,unavailable,unavailable,19 - 24 years,F,8 - 14 days,E,unavailable,unavailable,3
202104,unavailable,MEL,AKL,V,A,AU,unavailable,unavailable,55 - 64 years,M,15 to 27 days,C,unavailable,unavailable,3
202104,unavailable,BNE,AKL,V,A,GB,unavailable,unavailable,19 - 24 years,M,28+ days,B,unavailable,unavailable,3
202104,unavailable,BNE,CHC,V,A,AU,unavailable,unavailable,65 - 74 years,F,less than 7 days,B,unavailable,unavailable,3
202104,unavailable,MEL,AKL,V,A,LK,unavailable,unavailable,55 - 64 years,F,28+ days,H,unavailable,unavailable,3
202104,unavailable,KUL,AKL,V,A,SA,unavailable,unavailable,45 - 54 years,M,28+ days,V,unavailable,unavailable,3
202104,unavailable,MEL,AKL,V,A,AU,unavailable,unavailable,19 - 24 years,F,8 - 14 days,B,unavailable,unavailable,3
202104,unavailable,CAN,AKL,V,A,CN,unavailable,unavailable,01 - 11 years,F,28+ days,N,unavailable,unavailable,3
202104,unavailable,KUL,AKL,V,A,ET,unavailable,unavailable,25 - 34 years,M,28+ days,N,unavailable,unavailable,3
202104,unavailable,OOL,AKL,V,A,AU,unavailable,unavailable,75+,F,28+ days,N,unavailable,unavailable,3
202104,unavailable,TBU,AKL,V,A,TO,unavailable,unavailable,01 - 11 years,M,28+ days,N,unavailable,unavailable,3
202104,unavailable,BNE,AKL,V,A,AU,unavailable,unavailable,01 - 11 years,M,28+ days,N,unavailable,unavailable,3
202104,unavailable,SYD,AKL,V,A,DE,unavailable,unavailable,35 - 44 years,M,less than 7 days,E,unavailable,unavailable,3
202104,unavailable,SYD,WLG,V,A,AU,unavailable,unavailable,19 - 24 years,M,28+ days,B,unavailable,unavailable,3
202104,unavailable,BNE,WLG,V,A,HK,unavailable,unavailable,55 - 64 years,M,15 to 27 days,V,unavailable,unavailable,3
202104,unavailable,PER,AKL,V,A,AU,unavailable,unavailable,01 - 11 years,M,less than 7 days,V,unavailable,unavailable,3
202104,unavailable,SIN,AKL,V,A,UG,unavailable,unavailable,45 - 54 years,F,28+ days,V,unavailable,unavailable,3
202104,unavailable,PER,AKL,V,A,AU,unavailable,unavailable,55 - 64 years,M,15 to 27 days,B,unavailable,unavailable,3
202104,unavailable,SIN,AKL,V,A,US,unavailable,unavailable,55 - 64 years,M,15 to 27 days,H,unavailable,unavailable,3
202104,unavailable,OOL,AKL,V,A,GB,unavailable,unavailable,25 - 34 years,F,15 to 27 days,H,unavailable,unavailable,3
202104,unavailable,SIN,AKL,V,A,KH,unavailable,unavailable,35 - 44 years,F,15 to 27 days,O,unavailable,unavailable,3
202104,unavailable,BNE,WLG,V,A,AU,unavailable,unavailable,01 - 11 years,F,28+ days,H,unavailable,unavailable,3
202104,unavailable,BNE,AKL,V,A,AU,unavailable,unavailable,65 - 74 years,F,8 - 14 days,B,unavailable,unavailable,3
202104,unavailable,BNE,AKL,V,A,AU,unavailable,unavailable,01 - 11 years,M,15 to 27 days,O,unavailable,unavailable,3
202104,unavailable,SYD,WLG,V,A,GB,unavailable,unavailable,45 - 54 years,F,8 - 14 days,V,unavailable,unavailable,3
202104,unavailable,SYD,AKL,V,A,AU,unavailable,unavailable,35 - 44 years,F,8 - 14 days,E,unavailable,unavailable,3
202104,unavailable,IUE,AKL,V,A,NU,unavailable,unavailable,55 - 64 years,M,15 to 27 days,O,unavailable,unavailable,3
202104,unavailable,KUL,AKL,V,A,GB,unavailable,unavailable,35 - 44 years,M,28+ days,O,unavailable,unavailable,3
202104,unavailable,BNE,CHC,V,A,AU,unavailable,unavailable,75+,M,8 - 14 days,H,unavailable,unavailable,3
202104,unavailable,ZZS,OPX,V,A,XX,unavailable,unavailable,35 - 44 years,M,15 to 27 days,N,unavailable,unavailable,3
202104,unavailable,MEL,ZQN,V,A,XX,unavailable,unavailable,45 - 54 years,F,15 to 27 days,V,unavailable,unavailable,3
202104,unavailable,SHA,AKL,V,A,CN,unavailable,unavailable,35 - 44 years,M,28+ days,B,unavailable,unavailable,3
202104,unavailable,KUL,AKL,V,A,OM,unavailable,unavailable,55 - 64 years,M,28+ days,V,unavailable,unavailable,3
202104,unavailable,MEL,WLG,V,A,AU,unavailable,unavailable,35 - 44 years,M,8 - 14 days,O,unavailable,unavailable,3
202104,unavailable,SIN,AKL,V,A,DE,unavailable,unavailable,25 - 34 years,M,28+ days,V,unavailable,unavailable,3
202104,unavailable,KUL,AKL,V,A,FR,unavailable,unavailable,25 - 34 years,M,28+ days,V,unavailable,unavailable,3
202104,unavailable,SIN,CHC,V,A,KR,unavailable,unavailable,55 - 64 years,M,28+ days,N,unavailable,unavailable,3
202104,unavailable,SIN,AKL,V,A,GB,unavailable,unavailable,55 - 64 years,M,15 to 27 days,V,unavailable,unavailable,3
202104,unavailable,SYD,AKL,V,A,NZ,unavailable,unavailable,01 - 11 years,F,28+ days,N,unavailable,unavailable,3
202104,unavailable,SIN,AKL,V,A,FI,unavailable,unavailable,45 - 54 years,M,28+ days,B,unavailable,unavailable,3
202104,unavailable,ZZS,TIU,V,A,PH,unavailable,unavailable,35 - 44 years,M,8 - 14 days,B,unavailable,unavailable,3
202104,unavailable,MEL,AKL,V,A,XX,unavailable,unavailable,45 - 54 years,F,15 to 27 days,N,unavailable,unavailable,3
202104,unavailable,RAR,AKL,V,A,AU,unavailable,unavailable,45 - 54 years,F,15 to 27 days,O,unavailable,unavailable,3
202104,unavailable,MEL,CHC,V,A,AU,unavailable,unavailable,25 - 34 years,M,15 to 27 days,E,unavailable,unavailable,3
202104,unavailable,SEL,AKL,V,A,KR,unavailable,unavailable,25 - 34 years,F,28+ days,N,unavailable,unavailable,3
202104,unavailable,BNE,AKL,V,A,GB,unavailable,unavailable,35 - 44 years,M,15 to 27 days,V,unavailable,unavailable,3
202104,unavailable,RAR,AKL,V,A,CK,unavailable,unavailable,35 - 44 years,M,15 to 27 days,B,unavailable,unavailable,3
202104,unavailable,SIN,AKL,V,A,CR,unavailable,unavailable,25 - 34 years,M,28+ days,N,unavailable,unavailable,3
202104,unavailable,BNE,CHC,V,A,AU,unavailable,unavailable,45 - 54 years,M,28+ days,H,unavailable,unavailable,3
202104,unavailable,SEL,AKL,V,A,KR,unavailable,unavailable,45 - 54 years,M,28+ days,N,unavailable,unavailable,3
202104,unavailable,BNE,ZQN,V,A,AU,unavailable,unavailable,75+,M,15 to 27 days,V,unavailable,unavailable,3
202104,unavailable,SYD,AKL,V,A,XX,unavailable,unavailable,19 - 24 years,M,8 - 14 days,V,unavailable,unavailable,3
202104,unavailable,BNE,AKL,V,A,NG,unavailable,unavailable,35 - 44 years,F,28+ days,N,unavailable,unavailable,3
202104,unavailable,SIN,AKL,V,A,PL,unavailable,unavailable,25 - 34 years,M,28+ days,B,unavailable,unavailable,3
202104,unavailable,SYD,AKL,V,A,NC,unavailable,unavailable,25 - 34 years,M,28+ days,H,unavailable,unavailable,3
202104,unavailable,SIN,CHC,V,A,MM,unavailable,unavailable,45 - 54 years,M,28+ days,V,unavailable,unavailable,3
202104,unavailable,NAN,AKL,V,A,XX,unavailable,unavailable,55 - 64 years,F,28+ days,N,unavailable,unavailable,3
202104,unavailable,KUL,AKL,V,A,GB,unavailable,unavailable,01 - 11 years,M,28+ days,O,unavailable,unavailable,3
202104,unavailable,MEL,ZQN,V,A,AU,unavailable,unavailable,01 - 11 years,M,less than 7 days,B,unavailable,unavailable,3
202104,unavailable,BNE,CHC,V,A,AU,unavailable,unavailable,45 - 54 years,M,15 to 27 days,N,unavailable,unavailable,3
202104,unavailable,NAN,AKL,V,A,FJ,unavailable,unavailable,01 - 11 years,F,15 to 27 days,O,unavailable,unavailable,3
202104,unavailable,SIN,AKL,V,A,PH,unavailable,unavailable,19 - 24 years,M,8 - 14 days,O,unavailable,unavailable,3
202104,unavailable,SYD,ZQN,V,A,AU,unavailable,unavailable,55 - 64 years,F,28+ days,N,unavailable,unavailable,3
202104,unavailable,BNE,AKL,V,A,ZA,unavailable,unavailable,12 - 18 years,F,28+ days,N,unavailable,unavailable,3
202104,unavailable,SYD,AKL,V,A,CK,unavailable,unavailable,25 - 34 years,F,15 to 27 days,V,unavailable,unavailable,3
202104,unavailable,HBA,AKL,V,A,NZ,unavailable,unavailable,25 - 34 years,M,less than 7 days,N,unavailable,unavailable,3
202104,unavailable,BNE,AKL,V,A,FR,unavailable,unavailable,45 - 54 years,F,28+ days,V,unavailable,unavailable,3
202104,unavailable,OOL,AKL,V,A,NZ,unavailable,unavailable,55 - 64 years,F,28+ days,N,unavailable,unavailable,3
202104,unavailable,SIN,CHC,V,A,ID,unavailable,unavailable,45 - 54 years,F,28+ days,H,unavailable,unavailable,3
202104,unavailable,LAX,AKL,V,A,GB,unavailable,unavailable,45 - 54 years,F,28+ days,V,unavailable,unavailable,3
202104,unavailable,SIN,CHC,V,A,ES,unavailable,unavailable,55 - 64 years,M,28+ days,V,unavailable,unavailable,3
202104,unavailable,MEL,ZQN,V,A,AU,unavailable,unavailable,19 - 24 years,M,28+ days,V,unavailable,unavailable,3
202104,unavailable,LAX,AKL,V,A,BM,unavailable,unavailable,35 - 44 years,M,28+ days,N,unavailable,unavailable,3
202104,unavailable,PER,AKL,V,A,AU,unavailable,unavailable,45 - 54 years,M,8 - 14 days,B,unavailable,unavailable,3
202104,unavailable,SIN,AKL,V,A,VE,unavailable,unavailable,25 - 34 years,F,28+ days,V,unavailable,unavailable,3
202104,unavailable,RAR,AKL,V,A,CK,unavailable,unavailable,12 - 18 years,M,15 to 27 days,N,unavailable,unavailable,3
202104,unavailable,KUL,AKL,V,A,SA,unavailable,unavailable,35 - 44 years,F,28+ days,E,unavailable,unavailable,3
202104,unavailable,NAN,AKL,V,A,FJ,unavailable,unavailable,01 - 11 years,M,15 to 27 days,H,unavailable,unavailable,3
202104,unavailable,SYD,WLG,V,A,AU,unavailable,unavailable,35 - 44 years,M,8 - 14 days,B,unavailable,unavailable,3
202104,unavailable,HBA,AKL,V,A,AU,unavailable,unavailable,19 - 24 years,F,8 - 14 days,V,unavailable,unavailable,3
202104,unavailable,MEL,CHC,V,A,AU,unavailable,unavailable,55 - 64 years,F,8 - 14 days,E,unavailable,unavailable,3
202104,unavailable,HBA,AKL,V,A,AU,unavailable,unavailable,55 - 64 years,F,less than 7 days,H,unavailable,unavailable,3
202104,unavailable,BNE,CHC,V,A,AU,unavailable,unavailable,55 - 64 years,F,less than 7 days,O,unavailable,unavailable,3
202104,unavailable,SYD,AKL,V,A,DE,unavailable,unavailable,35 - 44 years,M,less than 7 days,V,unavailable,unavailable,3
202104,unavailable,CAN,AKL,V,A,CN,unavailable,unavailable,45 - 54 years,F,28+ days,B,unavailable,unavailable,3
202104,unavailable,KUL,AKL,V,A,RU,unavailable,unavailable,35 - 44 years,M,less than 7 days,O,unavailable,unavailable,3
202104,unavailable,SIN,AKL,V,A,NZ,unavailable,unavailable,25 - 34 years,F,28+ days,H,unavailable,unavailable,3
202104,unavailable,SYD,AKL,V,A,XX,unavailable,unavailable,Less than 1 year,M,15 to 27 days,N,unavailable,unavailable,3
202104,unavailable,RAR,AKL,V,A,CK,unavailable,unavailable,65 - 74 years,M,8 - 14 days,O,unavailable,unavailable,3
202104,unavailable,BNE,AKL,V,A,ZA,unavailable,unavailable,19 - 24 years,M,28+ days,N,unavailable,unavailable,3
202104,unavailable,RAR,AKL,V,A,CK,unavailable,unavailable,35 - 44 years,F,less than 7 days,O,unavailable,unavailable,3
202104,unavailable,MEL,AKL,V,A,AU,unavailable,unavailable,65 - 74 years,M,28+ days,O,unavailable,unavailable,3
202104,unavailable,MEL,CHC,V,A,XX,unavailable,unavailable,65 - 74 years,F,8 - 14 days,N,unavailable,unavailable,3
202104,unavailable,SYD,AKL,V,A,US,unavailable,unavailable,55 - 64 years,M,less than 7 days,B,unavailable,unavailable,3
202104,unavailable,RAR,AKL,V,A,CK,unavailable,unavailable,45 - 54 years,F,28+ days,O,unavailable,unavailable,3
202104,unavailable,SYD,AKL,V,A,CA,unavailable,unavailable,25 - 34 years,M,8 - 14 days,V,unavailable,unavailable,3
202104,unavailable,MEL,ZQN,V,A,AU,unavailable,unavailable,19 - 24 years,M,less than 7 days,N,unavailable,unavailable,3
202104,unavailable,LAX,AKL,V,A,XX,unavailable,unavailable,25 - 34 years,M,28+ days,N,unavailable,unavailable,3
202104,unavailable,KUL,AKL,V,A,PL,unavailable,unavailable,55 - 64 years,M,28+ days,N,unavailable,unavailable,3
202104,unavailable,OOL,CHC,V,A,AU,unavailable,unavailable,19 - 24 years,F,8 - 14 days,V,unavailable,unavailable,3
202104,unavailable,SIN,AKL,V,A,CH,unavailable,unavailable,55 - 64 years,M,28+ days,V,unavailable,unavailable,3
202104,unavailable,SYD,CHC,V,A,AU,unavailable,unavailable,45 - 54 years,F,less than 7 days,E,unavailable,unavailable,3
202104,unavailable,SIN,AKL,V,A,NO,unavailable,unavailable,35 - 44 years,F,15 to 27 days,V,unavailable,unavailable,3
202104,unavailable,KUL,AKL,V,A,SE,unavailable,unavailable,25 - 34 years,M,28+ days,O,unavailable,unavailable,3
202104,unavailable,CAN,AKL,V,A,CN,unavailable,unavailable,35 - 44 years,M,28+ days,H,unavailable,unavailable,3
202104,unavailable,SIN,AKL,V,A,KH,unavailable,unavailable,19 - 24 years,F,28+ days,V,unavailable,unavailable,3
202104,unavailable,BNE,CHC,V,A,AU,unavailable,unavailable,55 - 64 years,M,28+ days,B,unavailable,unavailable,3
202104,unavailable,OOL,AKL,V,A,AU,unavailable,unavailable,55 - 64 years,M,less than 7 days,O,unavailable,unavailable,3
202104,unavailable,SHA,AKL,V,A,CN,unavailable,unavailable,65 - 74 years,M,28+ days,H,unavailable,unavailable,3
202104,unavailable,KUL,AKL,V,A,FR,unavailable,unavailable,35 - 44 years,M,28+ days,N,unavailable,unavailable,3
202104,unavailable,BNE,AKL,V,A,ZA,unavailable,unavailable,25 - 34 years,M,28+ days,B,unavailable,unavailable,3
202104,unavailable,MEL,AKL,V,A,AU,unavailable,unavailable,45 - 54 years,F,28+ days,O,unavailable,unavailable,3
202104,unavailable,KUL,AKL,V,A,FR,unavailable,unavailable,19 - 24 years,M,28+ days,V,unavailable,unavailable,3
202104,unavailable,MEL,CHC,V,A,XX,unavailable,unavailable,55 - 64 years,F,less than 7 days,N,unavailable,unavailable,3
202104,unavailable,SIN,AKL,V,A,TH,unavailable,unavailable,25 - 34 years,F,28+ days,B,unavailable,unavailable,3
202104,unavailable,KUL,AKL,V,A,ES,unavailable,unavailable,19 - 24 years,F,28+ days,V,unavailable,unavailable,3
202104,unavailable,OOL,AKL,V,A,AU,unavailable,unavailable,12 - 18 years,M,28+ days,N,unavailable,unavailable,3
202104,unavailable,LAX,AKL,V,A,FI,unavailable,unavailable,45 - 54 years,M,28+ days,V,unavailable,unavailable,3
202104,unavailable,LAX,AKL,V,A,SG,unavailable,unavailable,25 - 34 years,M,15 to 27 days,O,unavailable,unavailable,3
202104,unavailable,SYD,CHC,V,A,AU,unavailable,unavailable,01 - 11 years,F,less than 7 days,E,unavailable,unavailable,3
202104,unavailable,SYD,AKL,V,A,AU,unavailable,unavailable,12 - 18 years,M,less than 7 days,H,unavailable,unavailable,3
202104,unavailable,BNE,AKL,V,A,AU,unavailable,unavailable,01 - 11 years,M,8 - 14 days,N,unavailable,unavailable,3
202104,unavailable,PER,AKL,V,A,AU,unavailable,unavailable,35 - 44 years,M,28+ days,N,unavailable,unavailable,3
202104,unavailable,BNE,AKL,V,A,AE,unavailable,unavailable,55 - 64 years,M,28+ days,V,unavailable,unavailable,3
202104,unavailable,MEL,WLG,V,A,AU,unavailable,unavailable,25 - 34 years,F,28+ days,H,unavailable,unavailable,3
202104,unavailable,SYD,AKL,V,A,GB,unavailable,unavailable,35 - 44 years,M,8 - 14 days,B,unavailable,unavailable,3
202104,unavailable,SHA,AKL,V,A,CN,unavailable,unavailable,55 - 64 years,M,28+ days,O,unavailable,unavailable,3
202104,unavailable,SYD,WLG,V,A,XX,unavailable,unavailable,45 - 54 years,M,less than 7 days,N,unavailable,unavailable,3
202104,unavailable,HBA,AKL,V,A,AU,unavailable,unavailable,01 - 11 years,F,28+ days,E,unavailable,unavailable,3
202104,unavailable,BNE,WLG,V,A,AU,unavailable,unavailable,45 - 54 years,M,less than 7 days,B,unavailable,unavailable,3
202104,unavailable,BNE,CHC,V,A,XX,unavailable,unavailable,35 - 44 years,M,8 - 14 days,N,unavailable,unavailable,3
202104,unavailable,OOL,AKL,V,A,YE,unavailable,unavailable,12 - 18 years,M,28+ days,N,unavailable,unavailable,3
202104,unavailable,SIN,AKL,V,A,PH,unavailable,unavailable,19 - 24 years,F,28+ days,N,unavailable,unavailable,3
202104,unavailable,APW,AKL,V,A,WS,unavailable,unavailable,45 - 54 years,M,15 to 27 days,N,unavailable,unavailable,3
202104,unavailable,SYD,AKL,V,A,XX,unavailable,unavailable,12 - 18 years,F,15 to 27 days,N,unavailable,unavailable,3
202104,unavailable,OOL,AKL,V,A,AU,unavailable,unavailable,25 - 34 years,M,8 - 14 days,O,unavailable,unavailable,3
202104,unavailable,SIN,AKL,V,A,ES,unavailable,unavailable,35 - 44 years,M,28+ days,V,unavailable,unavailable,3
202104,unavailable,BNE,CHC,V,A,AU,unavailable,unavailable,55 - 64 years,F,15 to 27 days,B,unavailable,unavailable,3
202104,unavailable,OOL,AKL,V,A,NZ,unavailable,unavailable,25 - 34 years,F,15 to 27 days,V,unavailable,unavailable,3
202104,unavailable,BNE,CHC,V,A,AU,unavailable,unavailable,12 - 18 years,M,28+ days,N,unavailable,unavailable,3
202104,unavailable,KUL,AKL,V,A,AE,unavailable,unavailable,45 - 54 years,M,15 to 27 days,B,unavailable,unavailable,3
202104,unavailable,SYD,AKL,V,A,GB,unavailable,unavailable,45 - 54 years,M,8 - 14 days,O,unavailable,unavailable,3
202104,unavailable,MEL,AKL,V,A,AU,unavailable,unavailable,45 - 54 years,F,8 - 14 days,E,unavailable,unavailable,3
202104,unavailable,BNE,CHC,V,A,AU,unavailable,unavailable,01 - 11 years,M,less than 7 days,N,unavailable,unavailable,3
202104,unavailable,LAX,AKL,V,A,CA,unavailable,unavailable,35 - 44 years,M,28+ days,B,unavailable,unavailable,3
202104,unavailable,SYD,AKL,V,A,AU,unavailable,unavailable,12 - 18 years,F,less than 7 days,N,unavailable,unavailable,3
202104,unavailable,SYD,CHC,V,A,AU,unavailable,unavailable,19 - 24 years,F,28+ days,O,unavailable,unavailable,3
202104,unavailable,BNE,AKL,V,A,AU,unavailable,unavailable,35 - 44 years,M,28+ days,H,unavailable,unavailable,3
202104,unavailable,IUE,AKL,V,A,NZ,unavailable,unavailable,01 - 11 years,F,28+ days,V,unavailable,unavailable,3
202104,unavailable,SIN,AKL,V,A,LK,unavailable,unavailable,25 - 34 years,F,28+ days,V,unavailable,unavailable,3
202104,unavailable,SYD,AKL,V,A,AU,unavailable,unavailable,25 - 34 years,F,28+ days,B,unavailable,unavailable,3
202104,unavailable,TPE,AKL,V,A,TW,unavailable,unavailable,Less than 1 year,M,28+ days,N,unavailable,unavailable,3
202104,unavailable,OOL,AKL,V,A,AU,unavailable,unavailable,19 - 24 years,M,15 to 27 days,N,unavailable,unavailable,3
202104,unavailable,SYD,AKL,V,A,CA,unavailable,unavailable,35 - 44 years,M,28+ days,V,unavailable,unavailable,3
202104,unavailable,BNE,AKL,V,A,GB,unavailable,unavailable,65 - 74 years,F,28+ days,O,unavailable,unavailable,3
202104,unavailable,SYD,ZQN,V,A,AU,unavailable,unavailable,35 - 44 years,M,15 to 27 days,H,unavailable,unavailable,3
202104,unavailable,APW,AKL,V,A,WS,unavailable,unavailable,25 - 34 years,M,15 to 27 days,V,unavailable,unavailable,3
202104,unavailable,SIN,AKL,V,A,PL,unavailable,unavailable,25 - 34 years,F,28+ days,B,unavailable,unavailable,3
202104,unavailable,BNE,AKL,V,A,AU,unavailable,unavailable,01 - 11 years,F,less than 7 days,C,unavailable,unavailable,3
202104,unavailable,IUE,AKL,V,A,NU,unavailable,unavailable,45 - 54 years,M,8 - 14 days,H,unavailable,unavailable,3
202104,unavailable,BNE,CHC,V,A,AU,unavailable,unavailable,55 - 64 years,M,28+ days,O,unavailable,unavailable,3
202104,unavailable,SYD,ZQN,V,A,AU,unavailable,unavailable,75+,M,15 to 27 days,B,unavailable,unavailable,3
202104,unavailable,SYD,WLG,V,A,AU,unavailable,unavailable,35 - 44 years,F,15 to 27 days,B,unavailable,unavailable,3
202104,unavailable,OOL,CHC,V,A,AU,unavailable,unavailable,19 - 24 years,F,28+ days,V,unavailable,unavailable,3
202104,unavailable,SYD,CHC,V,A,AU,unavailable,unavailable,25 - 34 years,M,28+ days,B,unavailable,unavailable,3
202104,unavailable,SYD,ZQN,V,A,AU,unavailable,unavailable,45 - 54 years,F,less than 7 days,C,unavailable,unavailable,3
202104,unavailable,SIN,AKL,V,A,CN,unavailable,unavailable,55 - 64 years,M,28+ days,N,unavailable,unavailable,3
202104,unavailable,MEL,WLG,V,A,AU,unavailable,unavailable,19 - 24 years,M,15 to 27 days,H,unavailable,unavailable,3
202104,unavailable,SIN,AKL,V,A,TW,unavailable,unavailable,65 - 74 years,M,28+ days,V,unavailable,unavailable,3
202104,unavailable,BNE,CHC,V,A,AU,unavailable,unavailable,55 - 64 years,F,28+ days,O,unavailable,unavailable,3
202104,unavailable,SYD,WLG,V,A,AU,unavailable,unavailable,12 - 18 years,F,15 to 27 days,O,unavailable,unavailable,3
202104,unavailable,BNE,ZQN,V,A,AU,unavailable,unavailable,75+,M,8 - 14 days,V,unavailable,unavailable,3
202104,unavailable,MEL,WLG,V,A,AU,unavailable,unavailable,55 - 64 years,F,less than 7 days,E,unavailable,unavailable,3
202104,unavailable,SIN,AKL,V,A,JP,unavailable,unavailable,45 - 54 years,M,15 to 27 days,B,unavailable,unavailable,3
202104,unavailable,MEL,CHC,V,A,SG,unavailable,unavailable,55 - 64 years,M,8 - 14 days,V,unavailable,unavailable,3
202104,unavailable,SHA,AKL,V,A,CN,unavailable,unavailable,25 - 34 years,F,15 to 27 days,O,unavailable,unavailable,3
202104,unavailable,SEL,AKL,V,A,KR,unavailable,unavailable,55 - 64 years,F,28+ days,N,unavailable,unavailable,3
202104,unavailable,BNE,ZQN,V,A,AU,unavailable,unavailable,45 - 54 years,M,28+ days,H,unavailable,unavailable,3
202104,unavailable,BNE,AKL,V,A,GB,unavailable,unavailable,25 - 34 years,M,28+ days,H,unavailable,unavailable,3
202104,unavailable,KUL,AKL,V,A,IN,unavailable,unavailable,35 - 44 years,F,28+ days,O,unavailable,unavailable,3
202104,unavailable,VLI,AKL,V,A,VU,unavailable,unavailable,12 - 18 years,F,28+ days,O,unavailable,unavailable,3
202104,unavailable,ZZS,CHC,V,A,PH,unavailable,unavailable,45 - 54 years,M,less than 7 days,H,unavailable,unavailable,3
202104,unavailable,ZZS,AKL,V,A,XX,unavailable,unavailable,45 - 54 years,M,8 - 14 days,N,unavailable,unavailable,3
202104,unavailable,OOL,AKL,V,A,AU,unavailable,unavailable,12 - 18 years,M,less than 7 days,N,unavailable,unavailable,3
202104,unavailable,KUL,AKL,V,A,JO,unavailable,unavailable,35 - 44 years,F,28+ days,O,unavailable,unavailable,3
202104,unavailable,BNE,AKL,V,A,XX,unavailable,unavailable,Less than 1 year,M,8 - 14 days,N,unavailable,unavailable,3
202104,unavailable,KUL,AKL,V,A,AE,unavailable,unavailable,55 - 64 years,F,28+ days,V,unavailable,unavailable,3
202104,unavailable,SIN,CHC,V,A,MY,unavailable,unavailable,45 - 54 years,F,28+ days,N,unavailable,unavailable,3
202104,unavailable,BNE,CHC,V,A,AU,unavailable,unavailable,65 - 74 years,M,8 - 14 days,O,unavailable,unavailable,3
202104,unavailable,SIN,AKL,V,A,XX,unavailable,unavailable,Less than 1 year,F,28+ days,V,unavailable,unavailable,3
202104,unavailable,RAR,AKL,V,A,XX,unavailable,unavailable,55 - 64 years,F,28+ days,N,unavailable,unavailable,3
202104,unavailable,KUL,AKL,V,A,IN,unavailable,unavailable,25 - 34 years,F,28+ days,E,unavailable,unavailable,3
202104,unavailable,SIN,AKL,V,A,SA,unavailable,unavailable,25 - 34 years,F,28+ days,E,unavailable,unavailable,3
202104,unavailable,SIN,AKL,V,A,MY,unavailable,unavailable,25 - 34 years,M,15 to 27 days,O,unavailable,unavailable,3
202104,unavailable,KUL,AKL,V,A,BD,unavailable,unavailable,25 - 34 years,F,28+ days,V,unavailable,unavailable,3
202104,unavailable,SYD,AKL,V,A,NZ,unavailable,unavailable,35 - 44 years,M,less than 7 days,N,unavailable,unavailable,3
202104,unavailable,RAR,AKL,V,A,HK,unavailable,unavailable,35 - 44 years,M,8 - 14 days,V,unavailable,unavailable,3
202104,unavailable,LAX,AKL,V,A,CA,unavailable,unavailable,55 - 64 years,F,15 to 27 days,O,unavailable,unavailable,3
202104,unavailable,HBA,AKL,V,A,AU,unavailable,unavailable,35 - 44 years,F,15 to 27 days,V,unavailable,unavailable,3
202104,unavailable,BNE,AKL,V,A,OM,unavailable,unavailable,35 - 44 years,F,15 to 27 days,H,unavailable,unavailable,3
202104,unavailable,PER,AKL,V,A,AU,unavailable,unavailable,19 - 24 years,F,8 - 14 days,H,unavailable,unavailable,3
202104,unavailable,SUV,AKL,V,A,XX,unavailable,unavailable,35 - 44 years,M,less than 7 days,N,unavailable,unavailable,3
202104,unavailable,KUL,AKL,V,A,XX,unavailable,unavailable,25 - 34 years,F,28+ days,N,unavailable,unavailable,3
202104,unavailable,VLI,AKL,V,A,VU,unavailable,unavailable,45 - 54 years,F,28+ days,N,unavailable,unavailable,3
202104,unavailable,SYD,AKL,V,A,AU,unavailable,unavailable,55 - 64 years,F,28+ days,C,unavailable,unavailable,3
202104,unavailable,KUL,AKL,V,A,PK,unavailable,unavailable,19 - 24 years,M,28+ days,N,unavailable,unavailable,3
202104,unavailable,NAN,AKL,V,A,FJ,unavailable,unavailable,Less than 1 year,F,28+ days,V,unavailable,unavailable,3
202104,unavailable,MEL,AKL,V,A,AU,unavailable,unavailable,12 - 18 years,F,28+ days,E,unavailable,unavailable,3
202104,unavailable,KUL,AKL,V,A,IE,unavailable,unavailable,19 - 24 years,M,28+ days,N,unavailable,unavailable,3
202104,unavailable,MEL,AKL,V,A,FJ,unavailable,unavailable,65 - 74 years,M,less than 7 days,O,unavailable,unavailable,3
202104,unavailable,OOL,AKL,V,A,AU,unavailable,unavailable,Less than 1 year,M,28+ days,V,unavailable,unavailable,3
202104,unavailable,BNE,ZQN,V,A,AU,unavailable,unavailable,25 - 34 years,F,8 - 14 days,H,unavailable,unavailable,3
202104,unavailable,MEL,ZQN,V,A,AU,unavailable,unavailable,19 - 24 years,F,8 - 14 days,N,unavailable,unavailable,3
202104,unavailable,PER,AKL,V,A,AU,unavailable,unavailable,Less than 1 year,F,28+ days,H,unavailable,unavailable,3
202104,unavailable,HKG,AKL,V,A,HK,unavailable,unavailable,65 - 74 years,F,28+ days,V,unavailable,unavailable,3
202104,unavailable,SIN,AKL,V,A,NZ,unavailable,unavailable,25 - 34 years,F,28+ days,V,unavailable,unavailable,3
202104,unavailable,MEL,AKL,V,A,AU,unavailable,unavailable,01 - 11 years,M,15 to 27 days,O,unavailable,unavailable,3
202104,unavailable,HKG,AKL,V,A,HK,unavailable,unavailable,45 - 54 years,F,15 to 27 days,O,unavailable,unavailable,3
202104,unavailable,KUL,AKL,V,A,GB,unavailable,unavailable,45 - 54 years,F,28+ days,B,unavailable,unavailable,3
202104,unavailable,BNE,AKL,V,A,GB,unavailable,unavailable,25 - 34 years,M,less than 7 days,H,unavailable,unavailable,3
202104,unavailable,SIN,AKL,V,A,PH,unavailable,unavailable,25 - 34 years,M,28+ days,N,unavailable,unavailable,3
202104,unavailable,CAN,AKL,V,A,CN,unavailable,unavailable,12 - 18 years,M,28+ days,N,unavailable,unavailable,3
202104,unavailable,CAN,AKL,V,A,CN,unavailable,unavailable,35 - 44 years,F,28+ days,V,unavailable,unavailable,3
202104,unavailable,PER,AKL,V,A,XX,unavailable,unavailable,Less than 1 year,M,15 to 27 days,N,unavailable,unavailable,3
202104,unavailable,HBA,AKL,V,A,AU,unavailable,unavailable,75+,M,8 - 14 days,H,unavailable,unavailable,3
202104,unavailable,MEL,ZQN,V,A,AU,unavailable,unavailable,Less than 1 year,M,28+ days,V,unavailable,unavailable,3
202104,unavailable,PER,AKL,V,A,AU,unavailable,unavailable,45 - 54 years,F,15 to 27 days,N,unavailable,unavailable,3
202104,unavailable,MEL,AKL,V,A,GB,unavailable,unavailable,75+,M,less than 7 days,V,unavailable,unavailable,3
202104,unavailable,SIN,AKL,V,A,XX,unavailable,unavailable,25 - 34 years,M,8 - 14 days,O,unavailable,unavailable,3
202104,unavailable,SYD,WLG,V,A,AU,unavailable,unavailable,35 - 44 years,M,15 to 27 days,O,unavailable,unavailable,3
202104,unavailable,BNE,AKL,V,A,VN,unavailable,unavailable,45 - 54 years,M,28+ days,V,unavailable,unavailable,3
202104,unavailable,SIN,AKL,V,A,PA,unavailable,unavailable,25 - 34 years,F,28+ days,V,unavailable,unavailable,3
202104,unavailable,MEL,AKL,V,A,XX,unavailable,unavailable,35 - 44 years,F,less than 7 days,N,unavailable,unavailable,3
202104,unavailable,BNE,WLG,V,A,NZ,unavailable,unavailable,19 - 24 years,F,less than 7 days,V,unavailable,unavailable,3
202104,unavailable,SIN,AKL,V,A,PH,unavailable,unavailable,35 - 44 years,M,8 - 14 days,O,unavailable,unavailable,3
202104,unavailable,HKG,AKL,V,A,CN,unavailable,unavailable,45 - 54 years,F,28+ days,H,unavailable,unavailable,3
202104,unavailable,SIN,AKL,V,A,ID,unavailable,unavailable,35 - 44 years,M,15 to 27 days,V,unavailable,unavailable,3
202104,unavailable,KUL,AKL,V,A,NZ,unavailable,unavailable,45 - 54 years,M,28+ days,V,unavailable,unavailable,3
202104,unavailable,KUL,AKL,V,A,LU,unavailable,unavailable,45 - 54 years,M,15 to 27 days,N,unavailable,unavailable,3
202104,unavailable,SYD,CHC,V,A,XX,unavailable,unavailable,01 - 11 years,F,15 to 27 days,N,unavailable,unavailable,3
202104,unavailable,SIN,AKL,V,A,TH,unavailable,unavailable,55 - 64 years,F,15 to 27 days,V,unavailable,unavailable,3
202104,unavailable,BNE,ZQN,V,A,AU,unavailable,unavailable,55 - 64 years,F,less than 7 days,V,unavailable,unavailable,3
202104,unavailable,MEL,AKL,V,A,US,unavailable,unavailable,55 - 64 years,F,28+ days,V,unavailable,unavailable,3
202104,unavailable,APW,AKL,V,A,WS,unavailable,unavailable,65 - 74 years,F,28+ days,V,unavailable,unavailable,3
202104,unavailable,LAX,AKL,V,A,US,unavailable,unavailable,01 - 11 years,F,28+ days,N,unavailable,unavailable,3
202104,unavailable,SHA,AKL,V,A,CN,unavailable,unavailable,55 - 64 years,F,28+ days,O,unavailable,unavailable,3
202104,unavailable,APW,AKL,V,A,XX,unavailable,unavailable,25 - 34 years,M,28+ days,O,unavailable,unavailable,3
202104,unavailable,SIN,AKL,V,A,LV,unavailable,unavailable,25 - 34 years,M,28+ days,H,unavailable,unavailable,3
202104,unavailable,SYD,AKL,V,A,EC,unavailable,unavailable,35 - 44 years,M,less than 7 days,V,unavailable,unavailable,3
202104,unavailable,SYD,AKL,V,A,AU,unavailable,unavailable,45 - 54 years,F,15 to 27 days,B,unavailable,unavailable,3
202104,unavailable,MEL,AKL,V,A,XX,unavailable,unavailable,35 - 44 years,M,15 to 27 days,N,unavailable,unavailable,3
202104,unavailable,SIN,AKL,V,A,NO,unavailable,unavailable,25 - 34 years,F,28+ days,V,unavailable,unavailable,3
202104,unavailable,SIN,AKL,V,A,ZA,unavailable,unavailable,25 - 34 years,M,28+ days,B,unavailable,unavailable,3
202104,unavailable,SIN,AKL,V,A,KR,unavailable,unavailable,35 - 44 years,M,28+ days,V,unavailable,unavailable,3
202104,unavailable,SYD,AKL,V,A,AU,unavailable,unavailable,45 - 54 years,M,8 - 14 days,N,unavailable,unavailable,3
202104,unavailable,SYD,CHC,V,A,XX,unavailable,unavailable,35 - 44 years,M,less than 7 days,V,unavailable,unavailable,3
202104,unavailable,SYD,AKL,V,A,XX,unavailable,unavailable,12 - 18 years,F,28+ days,N,unavailable,unavailable,3
202104,unavailable,BNE,WLG,V,A,AU,unavailable,unavailable,19 - 24 years,M,15 to 27 days,N,unavailable,unavailable,3
202104,unavailable,NAN,AKL,V,A,TV,unavailable,unavailable,55 - 64 years,F,28+ days,N,unavailable,unavailable,3
202104,unavailable,BNE,ZQN,V,A,AU,unavailable,unavailable,19 - 24 years,F,8 - 14 days,H,unavailable,unavailable,3
202104,unavailable,RAR,AKL,V,A,CK,unavailable,unavailable,45 - 54 years,M,8 - 14 days,H,unavailable,unavailable,3
202104,unavailable,SYD,AKL,V,A,SG,unavailable,unavailable,45 - 54 years,F,less than 7 days,B,unavailable,unavailable,3
202104,unavailable,BNE,WLG,V,A,AU,unavailable,unavailable,65 - 74 years,M,8 - 14 days,H,unavailable,unavailable,3
202104,unavailable,SYD,CHC,V,A,AU,unavailable,unavailable,65 - 74 years,M,8 - 14 days,B,unavailable,unavailable,3
202104,unavailable,KUL,AKL,V,A,AE,unavailable,unavailable,55 - 64 years,F,28+ days,O,unavailable,unavailable,3
202104,unavailable,PER,AKL,V,A,AU,unavailable,unavailable,65 - 74 years,M,less than 7 days,N,unavailable,unavailable,3
202104,unavailable,BNE,ZQN,V,A,AU,unavailable,unavailable,55 - 64 years,M,28+ days,H,unavailable,unavailable,3
202104,unavailable,BNE,AKL,V,A,BR,unavailable,unavailable,55 - 64 years,F,28+ days,V,unavailable,unavailable,3
202104,unavailable,SEL,AKL,V,A,KR,unavailable,unavailable,65 - 74 years,F,28+ days,O,unavailable,unavailable,3
202104,unavailable,SYD,AKL,V,A,XX,unavailable,unavailable,45 - 54 years,F,8 - 14 days,O,unavailable,unavailable,3
202104,unavailable,SYD,ZQN,V,A,AU,unavailable,unavailable,55 - 64 years,M,15 to 27 days,B,unavailable,unavailable,3
202104,unavailable,SIN,AKL,V,A,AU,unavailable,unavailable,01 - 11 years,F,15 to 27 days,V,unavailable,unavailable,3
202104,unavailable,SEL,AKL,V,A,AT,unavailable,unavailable,25 - 34 years,M,28+ days,V,unavailable,unavailable,3
202104,unavailable,RAR,AKL,V,A,CK,unavailable,unavailable,19 - 24 years,M,less than 7 days,V,unavailable,unavailable,3
202104,unavailable,MEL,AKL,V,A,XX,unavailable,unavailable,01 - 11 years,F,8 - 14 days,N,unavailable,unavailable,3
202104,unavailable,BNE,AKL,V,A,AU,unavailable,unavailable,35 - 44 years,F,28+ days,O,unavailable,unavailable,3
202104,unavailable,NRT,AKL,V,A,NZ,unavailable,unavailable,25 - 34 years,F,28+ days,H,unavailable,unavailable,3
